{"type": "FeatureCollection", "features": [{"type": "Feature", "id": "cours_d_eau.94260", "geometry": {"type": "MultiLineString", "coordinates": [[[2.22174858, 50.52356215], [2.22191728, 50.52321493], [2.2224149, 50.52208347], [2.22232932, 50.52197253], [2.22308551, 50.52114518], [2.22373013, 50.52070311], [2.22439101, 50.52011931], [2.22479386, 50.51974214], [2.2252928, 50.51943289], [2.22587103, 50.51900295], [2.2259841, 50.51897494], [2.22641436, 50.51882772], [2.22772226, 50.51828026], [2.22809375, 50.51820089], [2.22827204, 50.51814276], [2.22839125, 50.51808067], [2.22853173, 50.51800884], [2.2289554, 50.51764794], [2.22903217, 50.51759905], [2.22916264, 50.51744547], [2.2289973, 50.51721016], [2.22888336, 50.51702005], [2.2287118, 50.51673174], [2.22850304, 50.5164818], [2.22822434, 50.5162027], [2.22781897, 50.51583035], [2.22778445, 50.51578615], [2.22761355, 50.51563877], [2.22738797, 50.51547669], [2.22697692, 50.51519945], [2.22684322, 50.51510527], [2.22667448, 50.51500099], [2.22658261, 50.51493309], [2.22615494, 50.51463869], [2.22590984, 50.51446481], [2.22559055, 50.51426355], [2.22547053, 50.51419547], [2.22525762, 50.51403436], [2.22480299, 50.51357193], [2.22475592, 50.51352047], [2.22455992, 50.51335857], [2.22440652, 50.51326426], [2.22433994, 50.51320011], [2.22411685, 50.51306048], [2.22364577, 50.51275323], [2.22347038, 50.51262467], [2.2234122, 50.51256326], [2.22283876, 50.51204802], [2.22275581, 50.51194965], [2.22271649, 50.51185246], [2.22269165, 50.51172933], [2.22269814, 50.51158216], [2.22279421, 50.51128655], [2.22279619, 50.5111582], [2.22275349, 50.51100623], [2.22260697, 50.51074051], [2.22245929, 50.51045862], [2.22242371, 50.51039287], [2.22227788, 50.51017383], [2.22210308, 50.51000757], [2.22201104, 50.50995134], [2.22146825, 50.5097325], [2.2207366, 50.50943886], [2.22069452, 50.50942872], [2.22018919, 50.50924601], [2.22006617, 50.50919138], [2.21941141, 50.50893232], [2.21874887, 50.50863103], [2.21863853, 50.50857557], [2.21841672, 50.50844671], [2.21839032, 50.5084241], [2.21830646, 50.50838587], [2.21812237, 50.5082752], [2.21762233, 50.50802519], [2.21754827, 50.50799061], [2.21722823, 50.50784228], [2.21669169, 50.50758665], [2.21634424, 50.50739146], [2.2161988, 50.50733039], [2.21614975, 50.50731662], [2.21605989, 50.50730169], [2.21559392, 50.50721526], [2.21486903, 50.50703383], [2.21483974, 50.50701659], [2.21479954, 50.50697684], [2.21479313, 50.5069364], [2.21483247, 50.50676071], [2.21483215, 50.5066907], [2.21469548, 50.50660904], [2.21465326, 50.50660878], [2.21453278, 50.50657211], [2.21421246, 50.50653327], [2.21399694, 50.50645381], [2.21386941, 50.50641799], [2.21351487, 50.506317], [2.21318684, 50.50623143], [2.21245128, 50.50610378], [2.21234899, 50.50607441], [2.21223409, 50.50604136], [2.21163398, 50.50598278], [2.21104555, 50.50589735], [2.21092091, 50.50585706], [2.21027517, 50.50556749], [2.20999169, 50.50542386], [2.20985253, 50.5054122], [2.20980621, 50.50540382], [2.20966286, 50.50539034], [2.20946014, 50.50530288], [2.20920481, 50.50524918], [2.20908589, 50.50520354], [2.20877569, 50.50496907], [2.20876874, 50.50496364], [2.20860394, 50.50479203], [2.20852596, 50.50473857], [2.20844909, 50.50470397], [2.20840134, 50.50469738], [2.20835818, 50.50466749], [2.20823754, 50.50455182], [2.20804203, 50.50445362], [2.20773377, 50.50436548], [2.20745672, 50.50426137], [2.20733244, 50.50419864], [2.20679895, 50.50384424], [2.20677592, 50.50378754], [2.20677505, 50.50366366], [2.2066986, 50.50360303], [2.20640875, 50.50350782], [2.20618155, 50.5034561], [2.20555004, 50.50324918], [2.20543047, 50.50315595], [2.20539477, 50.50309917], [2.20537376, 50.50300389], [2.2053337, 50.50295606], [2.20530168, 50.50293341], [2.20515879, 50.5028912], [2.20507358, 50.50285026], [2.20494512, 50.50269594], [2.20470174, 50.50251036], [2.20423573, 50.50225243], [2.20326555, 50.5017471], [2.20282886, 50.50150462], [2.20266243, 50.50143802], [2.20253751, 50.50141657], [2.20240082, 50.50142736], [2.20235572, 50.50143156], [2.20219601, 50.50147361], [2.2021133, 50.50145333], [2.20205351, 50.50140717], [2.20204883, 50.50125813], [2.20196673, 50.50119925], [2.20173996, 50.50112149], [2.20161568, 50.50105965], [2.2015108, 50.50092792], [2.20150114, 50.50091618], [2.20145632, 50.50090243], [2.20135768, 50.50090987], [2.20117231, 50.50097331], [2.20109483, 50.5009773], [2.20101107, 50.50093457], [2.20094469, 50.50086053], [2.20089644, 50.50079649], [2.20088107, 50.50061237], [2.20079651, 50.50053104], [2.20067405, 50.50044317], [2.20056516, 50.50038771], [2.20054455, 50.50035616], [2.20061474, 50.50027852], [2.20061417, 50.50022556], [2.20057709, 50.50016787], [2.20046311, 50.50007826], [2.20028088, 50.5000322], [2.20018641, 50.4999544], [2.20010372, 50.49975548], [2.19972253, 50.49929971], [2.19952344, 50.49898604], [2.19938423, 50.49880202], [2.19882719, 50.49816557], [2.19864889, 50.49796155], [2.19850691, 50.49777481], [2.19841517, 50.49761444], [2.19828354, 50.49748432], [2.19808616, 50.49733045], [2.19787718, 50.49719714], [2.19782603, 50.49713936], [2.19774285, 50.49697185], [2.19736744, 50.49668576], [2.19731574, 50.49666299], [2.19731301, 50.49665758], [2.19729111, 50.49661884], [2.1972418, 50.4963573], [2.19722695, 50.49631771], [2.19689299, 50.49537391], [2.19674104, 50.49484241], [2.19664611, 50.49453031], [2.19658724, 50.49442759], [2.19642163, 50.49431162], [2.19605694, 50.4940606], [2.1957764, 50.49391605], [2.1951004, 50.49386138], [2.19467941, 50.49369976], [2.19415583, 50.49353029], [2.19408463, 50.49349482], [2.19399631, 50.49347359], [2.19387169, 50.49343508], [2.19372289, 50.49341257], [2.19349302, 50.49335542], [2.19336804, 50.49333934], [2.19329391, 50.49331103], [2.1931557, 50.49324191], [2.19297027, 50.49322185], [2.19283569, 50.49319045], [2.19258912, 50.49320949], [2.19251156, 50.49321975], [2.19186101, 50.493334], [2.191711, 50.49338688], [2.19133004, 50.49344992], [2.19108916, 50.4934654], [2.19016466, 50.49346385], [2.1900941, 50.49347595], [2.18988524, 50.49351318], [2.18950408, 50.49367586], [2.18919944, 50.49380582], [2.1887858, 50.49388838], [2.18870947, 50.49390943], [2.18816549, 50.49413297], [2.18778766, 50.49426334], [2.18761893, 50.49434213], [2.18753529, 50.49438018], [2.18721805, 50.49450556], [2.18688712, 50.49460662], [2.18674508, 50.49468827], [2.18663215, 50.49479704], [2.18647201, 50.4948669], [2.18643481, 50.49490436], [2.18641995, 50.49495363], [2.18616525, 50.49521408], [2.18600115, 50.49552807], [2.18584879, 50.49563838], [2.18554821, 50.49577734], [2.18536956, 50.49585964], [2.18523381, 50.49590004], [2.18492977, 50.49599139], [2.18474057, 50.49602965], [2.18457614, 50.49610307], [2.18449271, 50.49612765], [2.18411512, 50.49624186], [2.18393465, 50.49634929], [2.18381581, 50.49647507], [2.18363914, 50.49660856], [2.18347759, 50.49667751], [2.18343402, 50.49684777], [2.1835015, 50.49702595], [2.18356113, 50.49708021], [2.1836566, 50.4970943], [2.18405821, 50.49706194], [2.18428444, 50.49708318], [2.18440262, 50.49717193], [2.18451714, 50.49722654], [2.18476648, 50.4972982], [2.1848542, 50.49735623], [2.18506786, 50.49745907], [2.18523954, 50.4974593], [2.18528996, 50.49747489], [2.18531926, 50.49749035], [2.18533667, 50.49754522], [2.18532467, 50.49776506], [2.18534933, 50.49789359], [2.18538703, 50.49791179], [2.18546711, 50.4979204], [2.18550502, 50.49792603], [2.18590901, 50.49792061], [2.18597635, 50.49793362], [2.18603699, 50.49801301], [2.18608055, 50.49845225], [2.18604575, 50.49860283], [2.18595789, 50.49890117], [2.18589456, 50.49907579], [2.18583574, 50.4992316], [2.18559661, 50.49974617], [2.1855491, 50.5000735], [2.18561968, 50.50040879], [2.18571437, 50.50064549], [2.18580523, 50.50077086], [2.18588241, 50.50095898], [2.18590677, 50.50101928], [2.18601384, 50.50144817], [2.18602824, 50.50168883], [2.1861076, 50.5020906], [2.18616786, 50.5022813], [2.18627413, 50.50249833], [2.18628596, 50.50263754], [2.18624073, 50.50273598], [2.18617662, 50.50278404], [2.18598926, 50.50288154], [2.18574707, 50.5029751], [2.18529458, 50.50319205], [2.18514137, 50.50326644], [2.18477446, 50.50341304], [2.18447072, 50.50348285], [2.18362828, 50.50361643], [2.18343802, 50.50363223], [2.1832903, 50.50362767], [2.18309811, 50.5035887], [2.18271883, 50.50345604], [2.18213434, 50.50321969], [2.18179083, 50.50313842], [2.18168244, 50.5031395], [2.18154127, 50.5031655], [2.18149609, 50.50317418], [2.18144072, 50.50320343], [2.18095434, 50.50333935], [2.18073978, 50.50337743], [2.18066087, 50.50338319], [2.18059289, 50.50340877], [2.18043345, 50.50351992], [2.18024323, 50.5036192], [2.18009885, 50.50375558], [2.17994438, 50.50399333], [2.17993966, 50.50402382], [2.17994892, 50.50414686], [2.17997519, 50.50417576], [2.18037829, 50.50448722], [2.18053864, 50.50466691], [2.18054102, 50.50478003], [2.18051091, 50.50498718], [2.18049035, 50.50512618], [2.18049127, 50.50524288], [2.1805409, 50.50539312], [2.1805155, 50.50548361], [2.18041358, 50.50551884], [2.18019456, 50.50557125], [2.18007867, 50.5056001], [2.17985163, 50.50562643], [2.17979923, 50.50564583], [2.17971918, 50.5057216], [2.17968303, 50.5057806], [2.17967484, 50.50593764], [2.17970342, 50.50608414], [2.17965862, 50.50615566], [2.17954416, 50.50618272], [2.17926406, 50.50618266], [2.17917179, 50.50623052], [2.17912879, 50.50627781], [2.17905806, 50.50629979], [2.17902296, 50.50629417], [2.17898367, 50.50628673], [2.17873348, 50.50617825], [2.17831279, 50.50634062], [2.17811565, 50.50643177], [2.17754264, 50.50652581], [2.17738847, 50.50657146], [2.17713418, 50.50671429], [2.17701667, 50.50684187], [2.17704218, 50.50691745], [2.17706863, 50.50710792], [2.17711905, 50.50720969], [2.17714084, 50.50742617], [2.17735712, 50.50762867], [2.17742095, 50.50777093], [2.17747759, 50.50783683], [2.17780642, 50.5079566], [2.17784118, 50.50798287], [2.17802052, 50.5081205], [2.17803909, 50.50818974], [2.17802889, 50.50829739], [2.17797991, 50.50836618], [2.17787497, 50.50841396], [2.17777729, 50.50844742], [2.17774612, 50.50854595], [2.17777873, 50.50861798], [2.17793706, 50.50874919], [2.17808413, 50.5089665], [2.17807851, 50.50905174], [2.17803462, 50.50915377], [2.17802412, 50.5091932], [2.17800222, 50.50924153], [2.17799823, 50.50939949], [2.17817004, 50.50956759], [2.17819462, 50.50961353], [2.1781965, 50.50967099], [2.17813856, 50.50977114], [2.17813073, 50.50981956], [2.1781706, 50.50996435], [2.17811399, 50.51006899], [2.17812522, 50.51015704], [2.17816059, 50.51023267], [2.17828974, 50.51034035], [2.17824579, 50.51044598], [2.17824331, 50.51051149], [2.17826903, 50.5105745], [2.17832296, 50.5106341], [2.1784454, 50.51072198], [2.17864236, 50.51081574], [2.17914621, 50.51090795], [2.17925118, 50.51094545], [2.17931508, 50.51099794], [2.17935537, 50.51111669], [2.17940387, 50.51176869], [2.1793935, 50.51180004], [2.17937421, 50.51186095], [2.17916898, 50.51201578], [2.17907139, 50.51221621], [2.17903848, 50.51233537], [2.17907358, 50.51242716], [2.1791981, 50.51256084], [2.1792598, 50.51266178], [2.17928639, 50.51275801], [2.17926349, 50.51286737], [2.17922795, 50.51288867], [2.17902514, 50.51289451], [2.17895879, 50.51290574], [2.17890188, 50.51294217], [2.17887554, 50.51300393], [2.17887692, 50.5130919], [2.17893272, 50.51329604], [2.17907971, 50.51351873], [2.17914447, 50.5136915], [2.17915839, 50.51378764], [2.17910536, 50.51393181], [2.17889704, 50.51418894], [2.17887262, 50.5142184], [2.17879613, 50.51441986], [2.17882802, 50.51462294], [2.17892486, 50.51481388], [2.17893129, 50.51485073], [2.17893767, 50.51489116], [2.17889462, 50.51494114], [2.17871848, 50.51503782], [2.17842374, 50.51515525], [2.17839045, 50.51521068], [2.17839619, 50.51529061], [2.17856469, 50.5154901], [2.17856441, 50.51559333], [2.17852444, 50.51562717], [2.17840831, 50.51566949], [2.17815462, 50.51568665], [2.17810937, 50.51569892], [2.17805099, 50.51573893], [2.17800787, 50.5157934], [2.17786986, 50.51605459], [2.1778065, 50.51622741], [2.17781285, 50.51626964], [2.17782555, 50.5163541], [2.17776948, 50.51642554], [2.17772842, 50.5165258], [2.17771593, 50.51677346], [2.17780687, 50.51689435], [2.17789364, 50.51701251], [2.17796779, 50.51721318], [2.17804463, 50.51742194], [2.17806074, 50.51755669], [2.17804988, 50.51761765], [2.17802098, 50.51766324], [2.17798044, 50.51773209], [2.17782531, 50.51783429], [2.17776454, 50.51793442], [2.17774492, 50.51801507], [2.17774906, 50.51810666], [2.17776954, 50.51814539], [2.17790463, 50.51823605], [2.17811606, 50.51830747], [2.17821246, 50.51835299], [2.17826647, 50.51840811], [2.17828876, 50.51850879], [2.17823666, 50.51859551], [2.17766379, 50.51910336], [2.17758051, 50.51911627], [2.17738344, 50.51911406], [2.17718688, 50.51908044], [2.17711027, 50.51902966], [2.17701664, 50.51890068], [2.17695519, 50.51887065], [2.17682272, 50.51887785], [2.17673654, 50.51889613], [2.1762945, 50.51906553], [2.17622106, 50.51907941], [2.17613811, 50.51907257], [2.17607825, 50.51903088], [2.17595534, 50.51888465], [2.17590784, 50.51886189], [2.17554523, 50.5187374], [2.17545368, 50.51873949], [2.17520504, 50.51887696], [2.17513015, 50.51897969], [2.17511464, 50.51906666], [2.17512098, 50.51928123], [2.17515037, 50.51937837], [2.17526036, 50.51953978], [2.17541427, 50.51968442], [2.17542914, 50.51972222], [2.17538945, 50.51973811], [2.17532321, 50.51974216], [2.17517691, 50.5197349], [2.17502285, 50.51968541], [2.17488609, 50.51961089], [2.1748272, 50.51959614], [2.17445505, 50.51970945], [2.17414302, 50.51976302], [2.17401265, 50.51981421], [2.17397494, 50.51988128], [2.17398, 50.52008777], [2.17403095, 50.52015723], [2.1740764, 50.52039091], [2.17410723, 50.52057154], [2.17414535, 50.52065079], [2.17422058, 50.52069976], [2.17440551, 50.52075575], [2.17442792, 50.52076308], [2.17447367, 50.52080647], [2.17447094, 50.52088724], [2.17446591, 50.52102185], [2.17439607, 50.52115962], [2.17436048, 50.52118361], [2.17430346, 50.52122632], [2.17416194, 50.52127026], [2.17403633, 50.52128827], [2.17376744, 50.52128648], [2.17365905, 50.52128486], [2.17335639, 50.52136721], [2.17298309, 50.52137819], [2.17293355, 50.52139401], [2.17290023, 50.52145124], [2.17291066, 50.52158775], [2.17311561, 50.52196791], [2.17335797, 50.52221368], [2.1737049, 50.52252298], [2.17376693, 50.52260418], [2.17383558, 50.52271056], [2.17404707, 50.52295074], [2.17410985, 50.52298616], [2.17423173, 50.52302378], [2.17464042, 50.52308754], [2.17479898, 50.52312091], [2.1749499, 50.52319103], [2.17514527, 50.52321208], [2.17521927, 50.52325028], [2.17527711, 50.52332965], [2.1753012, 50.52340611], [2.17529536, 50.52350481], [2.17522869, 50.5237925], [2.17523849, 50.52388233], [2.1752806, 50.52397596], [2.17547855, 50.52418373], [2.17567071, 50.52431517], [2.17577385, 50.52446575], [2.1760962, 50.52464383], [2.1768279, 50.52544937], [2.17724402, 50.52592159], [2.17733827, 50.52609994], [2.1773874, 50.52619542], [2.17739992, 50.52646299], [2.17732811, 50.52663486], [2.17723768, 50.52674017], [2.17709965, 50.52682812], [2.17689674, 50.52692282], [2.1767957, 50.52698767], [2.17665701, 50.52711601], [2.17653193, 50.52727316], [2.17645484, 50.52750961], [2.17640202, 50.52755325], [2.17628299, 50.52759913], [2.1761574, 50.52761535], [2.17568414, 50.52762207], [2.17553934, 50.52760765], [2.17532623, 50.52755058], [2.17509656, 50.52747365], [2.17504036, 50.52746609], [2.17496143, 50.52747005], [2.17493266, 50.52750756], [2.1749322, 50.52753539], [2.17495516, 50.52759478], [2.17500959, 50.52762476], [2.17518748, 50.5276825], [2.17526694, 50.5277315], [2.17537061, 50.52810829], [2.1753748, 50.52819628], [2.17531338, 50.52833501], [2.17518668, 50.52850471], [2.17509948, 50.52867019], [2.1750698, 50.52876244], [2.17508851, 50.52882361], [2.17511462, 50.52886327], [2.17518415, 50.5289167], [2.1755585, 50.52901703], [2.17559899, 50.52903794], [2.17562666, 50.52906865], [2.17567246, 50.52919551], [2.1756955, 50.52925042], [2.17577068, 50.52938915], [2.17591667, 50.52950322], [2.17608699, 50.52950795], [2.17617517, 50.52954085], [2.17625957, 50.52963207], [2.17625991, 50.5296976], [2.17621441, 50.52981039], [2.17609975, 50.5299326], [2.1757337, 50.53018509], [2.17567958, 50.53022243], [2.175572, 50.53034199], [2.17545081, 50.53043274], [2.17530851, 50.53052335], [2.17510502, 50.53065215], [2.17503886, 50.53073609], [2.17501653, 50.53089571], [2.17497274, 50.53098967], [2.17490169, 50.53102869], [2.17477306, 50.53105745], [2.17473004, 50.53110474], [2.17468936, 50.53118077], [2.17462925, 50.53123961], [2.17456112, 50.53127237], [2.1742985, 50.53139987], [2.17409549, 50.53141288], [2.17384567, 50.53136095], [2.17365136, 50.53135965], [2.17356085, 50.53138239], [2.17349094, 50.53143757], [2.17349139, 50.53149592], [2.1735525, 50.53163366], [2.17356386, 50.53171363], [2.17354133, 50.53197109], [2.17361008, 50.53207208], [2.17370733, 50.53215351], [2.17387476, 50.53224888], [2.17397011, 50.53253136], [2.17397818, 50.53264003], [2.17400103, 50.53296422], [2.17405002, 50.53332538], [2.17405355, 50.53345376], [2.17398948, 50.53366786], [2.17371819, 50.53432221], [2.17354873, 50.53452214], [2.17353562, 50.53454808], [2.17351814, 50.53458387], [2.17347904, 50.53464913], [2.17342913, 50.5346865], [2.17323365, 50.53475521], [2.17307639, 50.53481161], [2.17287309, 50.53492784], [2.17246293, 50.53511898], [2.17236754, 50.53518117], [2.17233, 50.53523747], [2.17236395, 50.535314], [2.17226553, 50.53547491], [2.17227374, 50.53557549], [2.1723256, 50.53567637], [2.17243229, 50.535783], [2.17262855, 50.53592434], [2.17267411, 50.53598029], [2.17273894, 50.53606331], [2.1727984, 50.53630157], [2.17277028, 50.53638396], [2.17253098, 50.53654752], [2.1723007, 50.53659086], [2.17219273, 50.53664759], [2.17197353, 50.53687322], [2.17186461, 50.53707266], [2.17178971, 50.53717358], [2.17163496, 50.53724885], [2.17155002, 50.53727521], [2.17146932, 50.5373007], [2.1712042, 50.53732047], [2.17090466, 50.5373786], [2.17077913, 50.53738943], [2.17072848, 50.5373864], [2.17065281, 50.53736255], [2.17039468, 50.53721541], [2.17012758, 50.53709963], [2.16976541, 50.53702629], [2.16967812, 50.53702481], [2.16941412, 50.53706254], [2.16921985, 50.53714202], [2.16904508, 50.53723509], [2.16874043, 50.53743142], [2.168679, 50.53748397], [2.16860673, 50.53759568], [2.16848808, 50.5377017], [2.16807543, 50.53787037], [2.16780855, 50.53799694], [2.16773292, 50.53805657], [2.16769867, 50.53816854], [2.16771499, 50.5383742], [2.16765218, 50.53842494], [2.16759429, 50.53843353], [2.16755918, 50.53842701], [2.16741358, 50.53837397], [2.16719762, 50.53831687], [2.16704428, 50.53830596], [2.16657986, 50.53836836], [2.1662489, 50.53836703], [2.16620934, 50.53837395], [2.16610129, 50.53843516], [2.16603941, 50.53851463], [2.16605968, 50.53856593], [2.16624396, 50.53866501], [2.16631026, 50.53874354], [2.16630151, 50.53884671], [2.16625475, 50.53903399], [2.16625067, 50.53927991], [2.16623024, 50.53932285], [2.16614746, 50.53938872], [2.16603845, 50.53942209], [2.16575594, 50.53947136], [2.1656404, 50.53955854], [2.16535983, 50.53983042], [2.16495591, 50.54032048], [2.16481678, 50.54055561], [2.16465608, 50.5409028], [2.16458297, 50.5409795], [2.1643759, 50.54115044], [2.16424613, 50.54133088], [2.16422186, 50.54152011], [2.16412918, 50.54175735], [2.16407626, 50.54189073], [2.16387351, 50.54230944], [2.16356299, 50.54319507], [2.16342643, 50.54352895], [2.16320653, 50.54387753], [2.16315321, 50.54394987], [2.16310351, 50.54397377], [2.16289822, 50.54403611], [2.16276328, 50.54410342], [2.16257318, 50.54426909], [2.16254278, 50.54431825], [2.16251967, 50.5443522], [2.16251221, 50.54437728], [2.16249866, 50.54443015], [2.16251135, 50.54451371], [2.16261267, 50.54468943], [2.16271911, 50.54498007], [2.16285837, 50.5452458], [2.16289557, 50.54538069], [2.16288797, 50.5455835], [2.16286445, 50.54564258], [2.16275097, 50.54577466], [2.16267971, 50.54590881], [2.16267464, 50.54604432], [2.16270824, 50.54631023], [2.1627666, 50.54644347], [2.16282443, 50.54652374], [2.16301808, 50.54665341], [2.16330573, 50.54680615], [2.16483027, 50.5477203], [2.16488887, 50.54783918], [2.16473045, 50.54813252], [2.16454062, 50.54845078], [2.16444921, 50.54861084], [2.16435011, 50.54872506], [2.16430862, 50.54876338], [2.16426312, 50.5487882], [2.16413237, 50.54885733], [2.16398017, 50.54894517], [2.16376919, 50.54909454], [2.16369691, 50.54912098], [2.16361513, 50.54912491], [2.16352246, 50.54910634], [2.16342991, 50.54908058], [2.16310596, 50.54899222], [2.16270536, 50.54893835], [2.16244349, 50.54892851], [2.16225384, 50.54889671], [2.16202628, 50.54885747], [2.16196173, 50.54884177], [2.16192508, 50.54884332], [2.16191796, 50.54876339], [2.16186444, 50.54867775], [2.1617591, 50.54857472], [2.16160421, 50.54848571], [2.16151726, 50.54846178], [2.16140025, 50.54846727], [2.16127415, 50.5485104], [2.16113658, 50.54865039], [2.16083164, 50.54919585], [2.16077473, 50.54931395], [2.16067262, 50.54952329], [2.16064511, 50.54965236], [2.16064659, 50.54973226], [2.16070504, 50.54986011], [2.1615942, 50.55077718], [2.16178488, 50.55108544], [2.16190051, 50.55133306], [2.1619054, 50.55137797], [2.16194285, 50.55141323], [2.16202625, 50.55148112], [2.16224191, 50.55164324], [2.16243796, 50.55188422], [2.16251429, 50.55203822], [2.16262286, 50.55220232], [2.16267814, 50.55226642], [2.16283651, 50.55240123], [2.1632681, 50.55288076], [2.16336922, 50.55306904], [2.16339453, 50.55324155], [2.16350122, 50.55351872], [2.16380972, 50.55394536], [2.16397816, 50.55415294], [2.16404067, 50.55420632], [2.16412405, 50.55427599], [2.16423714, 50.55450744], [2.16425551, 50.55458924], [2.16427644, 50.55468632], [2.16426246, 50.55493396], [2.16418819, 50.55499449], [2.16397375, 50.55509627], [2.16391603, 50.55517846], [2.16386491, 50.55537199], [2.1638344, 50.55542743], [2.16382563, 50.55561586], [2.16365903, 50.55563628], [2.16352607, 50.5556677], [2.16345079, 50.55570399], [2.16343034, 50.55574783], [2.16345692, 50.55584405], [2.16365747, 50.55598453], [2.16375465, 50.55607136], [2.16381046, 50.55618932], [2.1637934, 50.55628345], [2.16367752, 50.55630421], [2.16364925, 50.5563094], [2.16353551, 50.55628619], [2.16326231, 50.55627807], [2.16289541, 50.55622712], [2.16274274, 50.5562575], [2.16264312, 50.55631697], [2.16254838, 50.55642224], [2.16248024, 50.55653757], [2.16247086, 50.55659316], [2.16247876, 50.55662642], [2.16252579, 50.5566788], [2.16264027, 50.5567424], [2.16268552, 50.55681721], [2.16268504, 50.55684593], [2.16252418, 50.55711411], [2.16246989, 50.55724389], [2.16239419, 50.55730532], [2.16225287, 50.55733039], [2.16175463, 50.5572974], [2.16170135, 50.55728178], [2.16161759, 50.55723544], [2.16131265, 50.55684832], [2.16126611, 50.55676632], [2.16113692, 50.55665594], [2.16084038, 50.55652648], [2.16043975, 50.55638644], [2.16031018, 50.55638287], [2.16013627, 50.55641939], [2.15984617, 50.55657898], [2.15974267, 50.55661778], [2.15947251, 50.55668057], [2.15937663, 50.55668441], [2.15931204, 50.5566714], [2.15927857, 50.55665053], [2.15924732, 50.55658121], [2.15924129, 50.55635228], [2.15922087, 50.55630906], [2.15916817, 50.55625934], [2.15902708, 50.55618657], [2.15891502, 50.55614722], [2.15856669, 50.55608202], [2.15836325, 50.55603038], [2.15818293, 50.55594478], [2.15782447, 50.55572692], [2.15765938, 50.55565759], [2.15760061, 50.55563295], [2.15740517, 50.55560918], [2.15723042, 50.55561159], [2.15713156, 50.55562528], [2.15696735, 50.55567173], [2.15676022, 50.55575649], [2.15664102, 50.55580684], [2.15649809, 50.55584446], [2.15636711, 50.55584088], [2.1562422, 50.5558122], [2.15610515, 50.55575113], [2.15601433, 50.55570564], [2.15587317, 50.55563736], [2.15575503, 50.55570836], [2.1556446, 50.55582429], [2.1556053, 50.5559829], [2.15558491, 50.55610662], [2.15558157, 50.55613801], [2.15555918, 50.55629673], [2.15554369, 50.55646358], [2.15552555, 50.55662143], [2.15551559, 50.55671112], [2.15551042, 50.55676673], [2.15548835, 50.55690661], [2.15544636, 50.55705801], [2.15539064, 50.55718778], [2.15534922, 50.55722071], [2.1552921, 50.55726609], [2.15518958, 50.55733002], [2.15509767, 50.55743351], [2.15502138, 50.55752904], [2.15495032, 50.55764972], [2.15491687, 50.55771143], [2.15488926, 50.5577615], [2.15472968, 50.5579507], [2.1546971, 50.55804473], [2.15466742, 50.55821776], [2.1546476, 50.55839085], [2.15463947, 50.5585398], [2.15463506, 50.55863401], [2.1547213, 50.55870102], [2.15484419, 50.55876648], [2.15491947, 50.55881457], [2.15497336, 50.55887777], [2.15496894, 50.5588894], [2.15495104, 50.55894852], [2.15492162, 50.55902192], [2.15486866, 50.5591553], [2.15479839, 50.55922842], [2.15475203, 50.5593035], [2.1547945, 50.5593756], [2.15483134, 50.55944766], [2.15480768, 50.55951392], [2.15475574, 50.55958627], [2.15470516, 50.55966132], [2.15465196, 50.55972468], [2.15460012, 50.55979075], [2.15455433, 50.55983262], [2.1544444, 50.55983367], [2.15433681, 50.55986345], [2.15427132, 50.5599034], [2.1542392, 50.55997049], [2.15424761, 50.56005672], [2.15425677, 50.56018244], [2.15424226, 50.56029095], [2.15418556, 50.56039468], [2.15407127, 50.56048815], [2.15392156, 50.56059214], [2.1538631, 50.56063303], [2.1537989, 50.56068016], [2.15369922, 50.56074231], [2.15359361, 50.56082148], [2.15353412, 50.56092339], [2.15350621, 50.56099142], [2.15347474, 50.56101903], [2.15341893, 50.56106981], [2.15329555, 50.56111654], [2.15319436, 50.56118496], [2.15311549, 50.5612661], [2.15303659, 50.56134904], [2.152947, 50.56139779], [2.15290859, 50.56141907], [2.15289296, 50.56142704], [2.15276364, 50.56149168], [2.15265006, 50.56154207], [2.15254919, 50.56159074], [2.15245164, 50.56160982], [2.15236183, 50.56158767], [2.1523339, 50.56157311], [2.15225849, 50.56153221], [2.15205391, 50.56146439], [2.15198676, 50.56143521], [2.15194455, 50.56143133], [2.15189107, 50.56142737], [2.15177463, 50.56148043], [2.1516915, 50.56156333], [2.15165377, 50.5616286], [2.15165498, 50.56172375], [2.15171866, 50.5617915], [2.15175541, 50.56186805], [2.15174801, 50.56197301], [2.15170965, 50.56207507], [2.15167879, 50.56223373], [2.15165352, 50.56231165], [2.15159274, 50.56240638], [2.15153274, 50.56245443], [2.15139721, 50.56255314], [2.15130359, 50.5625893], [2.15121051, 50.56259405], [2.15106831, 50.56258679], [2.15095005, 50.56258059], [2.15088357, 50.5625954], [2.15086183, 50.56263115], [2.15087964, 50.56266089], [2.15094047, 50.56273042], [2.15101687, 50.56279557], [2.15109641, 50.56284189], [2.15120206, 50.56292788], [2.15127145, 50.56299119], [2.15131499, 50.56308304], [2.1512971, 50.56314126], [2.15123041, 50.56316863], [2.15113741, 50.56316799], [2.15103581, 50.56317627], [2.15094533, 50.5631936], [2.15089694, 50.56322199], [2.15085672, 50.56326749], [2.15084466, 50.56331408], [2.15087997, 50.56339242], [2.15095453, 50.56348358], [2.15103125, 50.56352988], [2.15108745, 50.56354014], [2.15113381, 50.56354854], [2.15132968, 50.56354898], [2.15137885, 50.56355739], [2.15139991, 50.56356203], [2.15154709, 50.56369228], [2.15159113, 50.56375452], [2.15159403, 50.56383352], [2.15147066, 50.56396283], [2.15147101, 50.56402566], [2.15149337, 50.56403658], [2.15159114, 50.56408841], [2.15189791, 50.5642808], [2.15192579, 50.56429894], [2.15204261, 50.56439129], [2.15209085, 50.56445535], [2.15212085, 50.56451479], [2.15211588, 50.56455874], [2.1520632, 50.56459069], [2.15190209, 50.56461831], [2.1518675, 50.56466385], [2.15188483, 50.56472231], [2.15201301, 50.56480936], [2.15222169, 50.56488618], [2.1523564, 50.56492031], [2.15234831, 50.56498219], [2.15223631, 50.56510529], [2.15214832, 50.56514238], [2.15195047, 50.56517514], [2.1518822, 50.56521237], [2.15185911, 50.56524452], [2.15185901, 50.56533428], [2.15186834, 50.56536576], [2.1518804, 50.56540264], [2.15187832, 50.56552649], [2.15187691, 50.56560995], [2.15183617, 50.56585292], [2.15182682, 50.56590581], [2.15183911, 50.56592923], [2.15189176, 50.56598255], [2.1519289, 50.56603665], [2.15193372, 50.56608516], [2.15180578, 50.5661507], [2.15168747, 50.56623067], [2.15173039, 50.56635932], [2.15182471, 50.56644882], [2.15200974, 50.56659101], [2.15208346, 50.56664895], [2.15214453, 50.56670412], [2.15222611, 50.56679713], [2.15223761, 50.56686722], [2.15220365, 50.56695944], [2.15216651, 50.56707228], [2.15217547, 50.56720967], [2.15228995, 50.56744112], [2.15232663, 50.56752215], [2.15259315, 50.56776363], [2.15268903, 50.56784416], [2.1527075, 50.56791879], [2.15269486, 50.56808385], [2.15282876, 50.5683334], [2.15286884, 50.56838034], [2.15293835, 50.56843736], [2.1529948, 50.56843236], [2.15312534, 50.5683803], [2.15335332, 50.56823196], [2.15353396, 50.56813357], [2.15362012, 50.56812249], [2.15377192, 50.56814596], [2.15384875, 50.56818688], [2.15391581, 50.56822144], [2.15405025, 50.5683561], [2.15404146, 50.56837578], [2.15403415, 50.56839189], [2.15427994, 50.56852551], [2.15431315, 50.56856164], [2.15443604, 50.5686289], [2.15446256, 50.56864433], [2.15478614, 50.56909712], [2.15488311, 50.56928088], [2.15486522, 50.5693391], [2.15477825, 50.56939865], [2.15456035, 50.56945012], [2.1543631, 50.56953045], [2.15425445, 50.56962216], [2.15420383, 50.569699], [2.15429128, 50.56986206], [2.15423604, 50.56996221], [2.15416113, 50.57005863], [2.15413863, 50.57022363], [2.15415237, 50.57041221], [2.15420207, 50.57064143], [2.15425452, 50.57070731], [2.15435732, 50.57079597], [2.15443536, 50.57084856], [2.15456968, 50.57090692], [2.15462226, 50.57096472], [2.15480782, 50.57107729], [2.15494705, 50.57134661], [2.1550585, 50.57175935], [2.15522683, 50.57197501], [2.15553579, 50.57220869], [2.15598538, 50.57246127], [2.15601813, 50.57252522], [2.15609734, 50.57267655], [2.15609576, 50.57310647], [2.15634916, 50.57337656], [2.15649712, 50.57354631], [2.1565821, 50.57360612], [2.15672696, 50.57370853], [2.15698025, 50.57381707], [2.15737511, 50.57388886], [2.15757233, 50.57397906], [2.15782602, 50.57397989], [2.1581074, 50.57392615], [2.15824745, 50.57398005], [2.15824657, 50.57428522], [2.15872529, 50.57448324], [2.15911789, 50.5751115], [2.15928514, 50.57530919], [2.15967981, 50.57556139], [2.16024076, 50.57615398], [2.16057874, 50.57617243], [2.16074719, 50.57629833], [2.16083069, 50.57653136], [2.16116871, 50.57680112], [2.16125132, 50.577088], [2.16136398, 50.57717851], [2.16173068, 50.5772501], [2.16184304, 50.57735857], [2.16139093, 50.57759067], [2.16141904, 50.57768062], [2.16158779, 50.57778857], [2.16175634, 50.57782471], [2.16234865, 50.57780717], [2.16248869, 50.57786197], [2.16248734, 50.57811238], [2.16251587, 50.57834593], [2.16268352, 50.57843592], [2.16310638, 50.57843698], [2.16333154, 50.57854441], [2.16330182, 50.57897504], [2.16341391, 50.57910055], [2.16406057, 50.57946034], [2.16431434, 50.57971247], [2.16439557, 50.5798288], [2.16441776, 50.57993576], [2.16443318, 50.58002562], [2.16443514, 50.58007769], [2.16445237, 50.58031296], [2.16449349, 50.58038325], [2.16451648, 50.58044174], [2.16452737, 50.58046515], [2.16452422, 50.58048488], [2.16451562, 50.58049379], [2.1643391, 50.58068199], [2.16416112, 50.58087376], [2.16413945, 50.58090503], [2.16410908, 50.5809515], [2.16410734, 50.58097123], [2.16410532, 50.58100802], [2.16411321, 50.58104218], [2.16413681, 50.58114914], [2.16414027, 50.58119494], [2.1641466, 50.58132333], [2.16414754, 50.58135116], [2.16417134, 50.58153083], [2.16427878, 50.58176671], [2.16427403, 50.5817981], [2.16425013, 50.58196398], [2.16391181, 50.5819635], [2.16384939, 50.58198731], [2.16370889, 50.5820438], [2.16368619, 50.58205263], [2.16393773, 50.582609], [2.16405021, 50.58262682], [2.16419642, 50.5824815], [2.16424576, 50.58239657], [2.16428645, 50.58232324], [2.16434765, 50.58228775], [2.16443516, 50.58228116], [2.1644858, 50.58228779], [2.1645122, 50.5823113], [2.16453693, 50.58235006], [2.16456443, 50.58239153], [2.16458919, 50.5824285], [2.16461092, 50.58256328], [2.16462536, 50.5826271], [2.16461318, 50.58268177], [2.16457504, 50.58277127], [2.16455595, 50.58281691], [2.16452814, 50.58287866], [2.16438894, 50.58302671], [2.16437315, 50.58304366], [2.16435882, 50.58305792], [2.16436997, 50.58306518], [2.16442994, 50.58310418], [2.1644425, 50.58311234], [2.16446085, 50.58311067], [2.1648617, 50.58308106], [2.16492239, 50.58307698], [2.16497839, 50.58318506], [2.16475448, 50.58334062], [2.16473164, 50.58335752], [2.164696, 50.58338151], [2.16470704, 50.58339595], [2.1647802, 50.58348979], [2.16494936, 50.58349003], [2.16510684, 50.58334479], [2.16513279, 50.58330996], [2.16519989, 50.58325925], [2.16521688, 50.58325488], [2.16528908, 50.58323652], [2.16537226, 50.58323618], [2.16542533, 50.58326615], [2.16553259, 50.58334406], [2.16556422, 50.58339185], [2.16559308, 50.58343692], [2.16559701, 50.5834549], [2.1656062, 50.58349535], [2.16559743, 50.58351414], [2.16558436, 50.58353738], [2.16557418, 50.58355616], [2.16551689, 50.58361053], [2.16548279, 50.58362646], [2.16543449, 50.58364857], [2.1653944, 50.583686], [2.16539125, 50.58370572], [2.16538816, 50.58372186], [2.16538632, 50.58374787], [2.16538459, 50.58376761], [2.16544047, 50.58388287], [2.16554064, 50.58404779], [2.16565091, 50.58419932], [2.16565367, 50.58420293], [2.16567414, 50.58432872], [2.16566327, 50.58438879], [2.16563397, 50.58454027], [2.16563532, 50.58454387], [2.16564578, 50.58459331], [2.16572711, 50.58470425], [2.16578729, 50.58481595], [2.16581818, 50.58490861], [2.16582359, 50.58492211], [2.16581828, 50.58498759], [2.16579103, 50.58501523], [2.16576953, 50.58503663], [2.16574117, 50.58504631], [2.16572699, 50.5850516], [2.16570714, 50.58505865], [2.16562959, 50.58505902], [2.16553668, 50.58505122], [2.16552541, 50.58505024], [2.16552117, 50.58505111], [2.16549004, 50.58505808], [2.16542331, 50.58508636], [2.16541338, 50.58508988], [2.16540905, 50.58509613], [2.16537181, 50.58513178], [2.16537169, 50.58513896], [2.16536826, 50.58517574], [2.16541778, 50.58524967], [2.16546667, 50.58527693], [2.16555328, 50.58532508], [2.1655628, 50.58534579], [2.1655778, 50.5853764], [2.16558114, 50.58543028], [2.16555588, 50.58550819], [2.16552315, 50.58561119], [2.16552973, 50.58572433], [2.16552932, 50.58574945], [2.1655271, 50.58579791], [2.16552517, 50.58582931], [2.16533493, 50.58616371], [2.16534292, 50.58619248], [2.16538178, 50.58631391], [2.16538977, 50.58634269], [2.16542045, 50.58636264], [2.16564366, 50.58650505], [2.16613332, 50.58664747], [2.16619647, 50.58666494], [2.1662624, 50.58668513], [2.16630412, 50.58671952], [2.16638638, 50.58677482], [2.16662284, 50.58696848], [2.16704554, 50.58732406], [2.16706914, 50.58734576], [2.16717464, 50.58744519], [2.16718159, 50.58745152], [2.16725179, 50.58755431], [2.16728842, 50.58764072], [2.16729078, 50.58766856], [2.16730185, 50.58776647], [2.16730177, 50.58777096], [2.16732168, 50.58793085], [2.16739948, 50.58808575], [2.16752925, 50.58825177], [2.16758175, 50.58831674], [2.16777029, 50.58851008], [2.16789841, 50.58860608], [2.16792349, 50.5886242], [2.16795578, 50.58863249], [2.16802168, 50.58865448], [2.16822539, 50.58869803], [2.16843616, 50.58874073], [2.16852345, 50.58874849], [2.1685375, 50.58875128], [2.16855301, 50.58875138], [2.16881947, 50.58875137], [2.16910232, 50.58869852], [2.1691164, 50.58869951], [2.16949649, 50.58873437], [2.17000211, 50.58902227], [2.17123891, 50.5900286], [2.17154842, 50.59015453], [2.17188702, 50.5902268], [2.17233621, 50.59060406], [2.17267452, 50.59069428], [2.17292763, 50.59082072], [2.17301158, 50.59094604], [2.17298289, 50.59123306], [2.17309473, 50.59137651], [2.17351757, 50.59155704], [2.17357361, 50.59166422], [2.17402377, 50.59189878], [2.17461314, 50.59267099], [2.17500686, 50.59299403], [2.17525906, 50.59326317], [2.17565297, 50.59331785], [2.17621754, 50.593283], [2.17683705, 50.59333738], [2.17703474, 50.59331984], [2.17728818, 50.59342743], [2.17728783, 50.59353513], [2.17717468, 50.59364298], [2.17737038, 50.59409125], [2.17776376, 50.59452288], [2.17810088, 50.59477462], [2.17874831, 50.59484712], [2.17894649, 50.59497229], [2.1789728, 50.59500209], [2.17917081, 50.59522419], [2.17942379, 50.59518816], [2.17956979, 50.59522772], [2.1801566, 50.59538688], [2.18057887, 50.59569213], [2.18122661, 50.59574667], [2.18145158, 50.59587291], [2.18147972, 50.59596285], [2.18097113, 50.59619554], [2.18097078, 50.59630324], [2.18122367, 50.59644672], [2.18130794, 50.59655408], [2.18172997, 50.59678843], [2.18201213, 50.5970398], [2.1820678, 50.59734443], [2.18249019, 50.59747107], [2.18265906, 50.59757899], [2.18265871, 50.59768669], [2.18240398, 50.59782951], [2.18282608, 50.5979741], [2.18316354, 50.59820699], [2.18333276, 50.5982072], [2.18344531, 50.59813614], [2.18344594, 50.59801049], [2.18364428, 50.5978673], [2.18371207, 50.59794762], [2.18389738, 50.59817232], [2.1841779, 50.59835188], [2.18440351, 50.59835246], [2.1846568, 50.59829848], [2.18474223, 50.59833495], [2.18474218, 50.5984247], [2.18451619, 50.59862156], [2.1845993, 50.59880072], [2.18502258, 50.5988735], [2.18519063, 50.59894551], [2.18541608, 50.59930421], [2.1853587, 50.59953808], [2.18510334, 50.59980656], [2.18510412, 50.59993222], [2.18527184, 50.60011192], [2.18527175, 50.60029143], [2.18493227, 50.60070295], [2.18484693, 50.60100845], [2.18495303, 50.60124878], [2.18495849, 50.60125959], [2.18529558, 50.60160465], [2.18538022, 50.60169047], [2.18560493, 50.60183465], [2.18584053, 50.6020902], [2.18588626, 50.60213986], [2.18630575, 50.60314514], [2.1864283, 50.60332814], [2.18638879, 50.60341673], [2.18637126, 50.60345431], [2.18636943, 50.60348033], [2.18637311, 50.60351446], [2.18637952, 50.60355399], [2.18640422, 50.60359633], [2.18645728, 50.60362899], [2.18653312, 50.60364834], [2.18662295, 50.60367495], [2.186672, 50.60369412], [2.18670397, 50.60372305], [2.18672433, 50.60377165], [2.18674893, 50.60382028], [2.18680028, 50.60387178], [2.18690222, 50.60393437], [2.18699013, 50.60399239], [2.18708628, 50.60406392], [2.18719091, 50.60413461], [2.18726638, 50.60417729], [2.18733474, 50.60422351], [2.18737047, 50.60428119], [2.18739924, 50.60433343], [2.18746045, 50.60438589], [2.18752725, 50.60444107], [2.18759276, 50.60448907], [2.18766849, 50.60451559], [2.18775381, 50.60455923], [2.18780797, 50.60461164], [2.18785072, 50.60467116], [2.187902, 50.60472714], [2.1879676, 50.60476975], [2.1880502, 50.60480709], [2.18814979, 50.60484095], [2.18824507, 50.60487927], [2.1883135, 50.604921], [2.1883536, 50.60497063], [2.18837667, 50.60502643], [2.18839393, 50.60509295], [2.18843792, 50.60516415], [2.18849776, 50.6052139], [2.18857324, 50.60525568], [2.1886443, 50.6053091], [2.1886998, 50.605366], [2.18874986, 50.60541031], [2.188813, 50.60543047], [2.18888916, 50.60543007], [2.18904014, 50.60542567], [2.18959525, 50.60607281], [2.19001629, 50.60698833], [2.19026892, 50.60724038], [2.19035206, 50.60741953], [2.19035196, 50.60768878], [2.19009578, 50.60853166], [2.18970026, 50.60865653], [2.18969964, 50.60878218], [2.19009448, 50.60896246], [2.19045935, 50.6093391], [2.19091055, 50.60969835], [2.19130522, 50.60962733], [2.19144511, 50.60969914], [2.19136066, 50.60995079], [2.19152872, 50.61011254], [2.1917262, 50.61011203], [2.19189548, 50.61002249], [2.19217814, 50.60998753], [2.19234624, 50.61005953], [2.19243071, 50.61050793], [2.19257115, 50.6106336], [2.19316208, 50.61081335], [2.19369652, 50.61117314], [2.1938378, 50.61133471], [2.19383719, 50.61146035], [2.19369522, 50.61169368], [2.19380771, 50.61189096], [2.19425721, 50.61244764], [2.19459507, 50.61275319], [2.1949318, 50.61312963], [2.19524062, 50.61339909], [2.19591763, 50.61357939], [2.19628348, 50.61372357], [2.19650828, 50.61386772], [2.19687472, 50.6139751], [2.19729726, 50.61419144], [2.19932547, 50.61500062], [2.19994552, 50.61521643], [2.20022647, 50.6153789], [2.20050801, 50.61550456], [2.20149454, 50.61573888], [2.20174845, 50.61573872], [2.20181788, 50.61571942], [2.20214371, 50.61563177], [2.20220012, 50.61572188], [2.20197383, 50.61593672], [2.20202909, 50.61609862], [2.20245113, 50.61626019], [2.20312732, 50.6166738], [2.20323901, 50.61692491], [2.20346441, 50.61712201], [2.20385938, 50.61712275], [2.20419794, 50.61712313], [2.20453535, 50.6171953], [2.20470518, 50.61733909], [2.20468883, 50.61748079], [2.20467581, 50.6175902], [2.20487215, 50.61775211], [2.20526715, 50.61775194], [2.20571855, 50.61775304], [2.20611382, 50.61782468], [2.20693085, 50.61816646], [2.20794201, 50.61854358], [2.20794482, 50.6185445], [2.20828338, 50.61854486], [2.20843498, 50.61850365], [2.20853983, 50.6184747], [2.20866592, 50.6184405], [2.20927087, 50.61827652], [2.2093175, 50.61827144], [2.20969406, 50.61827742], [2.21005944, 50.61836681], [2.21017256, 50.61843933], [2.21028486, 50.61865454], [2.21045386, 50.61876242], [2.2106505, 50.61881662], [2.21093265, 50.61881662], [2.21124384, 50.61858346], [2.21146955, 50.61849424], [2.21175112, 50.61853014], [2.2119489, 50.61869204], [2.21211677, 50.61869221], [2.21237237, 50.61849549], [2.21290843, 50.61840645], [2.21324558, 50.61840679], [2.2145705, 50.61856955], [2.21502192, 50.61856971], [2.21518085, 50.61860034], [2.21586722, 50.61873212], [2.2165156, 50.61894802], [2.21724808, 50.6192892], [2.21795181, 50.61975674], [2.21809291, 50.61993623], [2.2180921, 50.62016957], [2.21823235, 50.62031316], [2.21848688, 50.62045656], [2.21902055, 50.62124702], [2.21930131, 50.62133674], [2.21964021, 50.62149862], [2.21986806, 50.62154314], [2.2200059, 50.62157003], [2.2204914, 50.62155782], [2.22071156, 50.62155292], [2.22076743, 50.62158917], [2.22065406, 50.62180386], [2.22076665, 50.62191226], [2.22099296, 50.62196574], [2.22124576, 50.62194848], [2.22164182, 50.62160812], [2.22181082, 50.62153648], [2.22288303, 50.62162667], [2.2229959, 50.62171712], [2.22310773, 50.62205797], [2.22322006, 50.62218342], [2.22347292, 50.62234476], [2.22386738, 50.62238133], [2.22395262, 50.62243481], [2.2239233, 50.62259708], [2.22398005, 50.62266833], [2.22440272, 50.62270508], [2.22465589, 50.62293821], [2.22471267, 50.62318986], [2.22504967, 50.62347647], [2.22549992, 50.62410482], [2.22561149, 50.62446362], [2.22575263, 50.62464309], [2.22614689, 50.6248771], [2.22645657, 50.62529008], [2.22662562, 50.62539793], [2.2276409, 50.62543477], [2.22817697, 50.62525592], [2.22845914, 50.62525587], [2.22890952, 50.62532778], [2.22925155, 50.6254735], [2.22933285, 50.62550811], [2.22967118, 50.62552636], [2.23048883, 50.6252936], [2.2307146, 50.62538385], [2.23091067, 50.62593971], [2.23107947, 50.62606551], [2.23172828, 50.62626338], [2.23201046, 50.62626333], [2.23229205, 50.62621033], [2.23316603, 50.62635394], [2.23381558, 50.62631936], [2.23483012, 50.62649883], [2.23494189, 50.62657132], [2.2352243, 50.62702], [2.23553306, 50.62712781], [2.23592817, 50.62721729], [2.23629424, 50.62736135], [2.23643543, 50.62754081], [2.23637821, 50.62768496], [2.23615224, 50.62779216], [2.23558846, 50.62784523], [2.23541946, 50.62791689], [2.23547512, 50.62806083], [2.23632042, 50.62833078], [2.23680014, 50.62833104], [2.23702623, 50.62840243], [2.23727915, 50.62856464], [2.23733515, 50.62877948], [2.23699643, 50.62915613], [2.23705187, 50.62940776], [2.23719307, 50.62958723], [2.23758721, 50.629928], [2.2377275, 50.62998181], [2.23789682, 50.62998195], [2.23843403, 50.62982101], [2.23879948, 50.62982146], [2.23905406, 50.62987507], [2.23944783, 50.63005519], [2.23978652, 50.63014521], [2.24015262, 50.63028925], [2.24097019, 50.63034362], [2.24142248, 50.63020009], [2.24204333, 50.6302003], [2.24246657, 50.63011134], [2.24266383, 50.63012959], [2.24300248, 50.63012986], [2.24336901, 50.6300585], [2.24384746, 50.63023822], [2.24429905, 50.63032803], [2.2450319, 50.630293], [2.2457937, 50.63049058], [2.2460188, 50.6307235], [2.24618818, 50.63081338], [2.24686494, 50.63084979], [2.24700637, 50.63092155], [2.24700503, 50.63101129], [2.24663855, 50.6311733], [2.24649765, 50.63144169], [2.24652479, 50.63151365], [2.24720175, 50.63181931], [2.24782134, 50.63199897], [2.24830131, 50.63226843], [2.24858232, 50.63253757], [2.24886353, 50.63269902], [2.24914608, 50.63277163], [2.2493439, 50.63275398], [2.25041616, 50.63219775], [2.25072719, 50.63225258], [2.25100875, 50.63248582], [2.25106129, 50.63255883], [2.25117743, 50.63271928], [2.25131822, 50.63302437], [2.25131704, 50.63329271], [2.25120456, 50.63345447], [2.25179531, 50.63386728], [2.25195387, 50.63392747], [2.25207733, 50.63397578], [2.2522757, 50.63392133], [2.2526988, 50.63365284], [2.25303739, 50.63356334], [2.25346072, 50.63356409], [2.25407971, 50.63397705], [2.25458779, 50.63406716], [2.25529227, 50.63442589], [2.25585608, 50.63465992], [2.25678644, 50.63510884], [2.25780157, 50.63536082], [2.25850627, 50.63561183], [2.25904162, 50.63586362], [2.25936457, 50.63606927], [2.25943586, 50.63611547], [2.25966157, 50.63659965], [2.25975401, 50.63664687], [2.25978205, 50.6366596], [2.25986191, 50.63669867], [2.25994311, 50.63674313], [2.25994355, 50.63690467], [2.25980181, 50.63713807], [2.26016715, 50.63753243], [2.2605338, 50.63783796], [2.26066296, 50.6378836], [2.26084489, 50.63789186], [2.26115492, 50.63773037], [2.26126824, 50.6376054], [2.26132441, 50.6373365], [2.2614934, 50.63726481], [2.26171894, 50.6372823], [2.2623113, 50.63749852], [2.26255968, 50.6374982], [2.26257238, 50.63749828], [2.26267823, 50.63749801], [2.2639199, 50.6373196], [2.2643153, 50.6373022], [2.26532995, 50.63730283], [2.26586611, 50.63721356], [2.26654444, 50.63705243], [2.26702336, 50.63701667], [2.2680112, 50.63701712], [2.26848986, 50.63699929], [2.26942135, 50.63709004], [2.27088744, 50.63719827], [2.2716495, 50.63719826], [2.27184929, 50.63704507], [2.27207331, 50.63687586], [2.27243921, 50.63675057], [2.27283434, 50.63675109], [2.27377343, 50.63690197], [2.27392994, 50.63691186], [2.27403408, 50.63693132], [2.27422549, 50.63696744], [2.27437911, 50.6369809], [2.27443295, 50.63696596], [2.27454654, 50.63691816], [2.27466014, 50.63686946], [2.2747805, 50.63684145], [2.27514506, 50.6369064], [2.27528865, 50.63693147], [2.27590958, 50.6369315], [2.27678452, 50.63693211], [2.27796892, 50.63660964], [2.27856162, 50.63661039], [2.27923783, 50.63659278], [2.27960475, 50.63659222], [2.27991623, 50.63652133], [2.28014177, 50.63653879], [2.28062017, 50.63653887], [2.28158023, 50.63650764], [2.28169318, 50.6365038], [2.28172563, 50.63650399], [2.28206009, 50.63650413], [2.28214476, 50.63650372], [2.28221961, 50.63649967], [2.28322093, 50.63644532], [2.28378019, 50.63641534], [2.28423177, 50.63641525], [2.28589619, 50.63627227], [2.28744793, 50.63591412], [2.28792759, 50.63582444], [2.28838576, 50.63575796], [2.28916913, 50.63564578], [2.28956411, 50.6355565], [2.29072098, 50.63537734], [2.29145463, 50.63528819], [2.29207105, 50.63530607], [2.29207529, 50.63530609], [2.29235893, 50.63530591], [2.29249722, 50.6353067], [2.29272326, 50.63528824], [2.29306158, 50.63541402], [2.29356661, 50.63552639], [2.29362568, 50.63554018], [2.29365937, 50.63555294], [2.29433172, 50.63580895], [2.29517762, 50.63616825], [2.29579728, 50.63625792], [2.29655865, 50.6362048], [2.29695378, 50.63620524], [2.29723592, 50.63631274], [2.29723557, 50.63643838], [2.29743346, 50.6366172], [2.29822281, 50.63658218], [2.29946482, 50.63667176], [2.30029285, 50.63700041], [2.30050759, 50.63708508], [2.30129819, 50.63726454], [2.30186167, 50.63733681], [2.30321553, 50.63760558], [2.30389308, 50.63769553], [2.3039797, 50.63765653], [2.30409048, 50.637606], [2.3042316, 50.63760589], [2.30437257, 50.63782117], [2.30454166, 50.63783917], [2.30482283, 50.63801934], [2.30496404, 50.63821667], [2.30516105, 50.63835957], [2.30561247, 50.63827056], [2.30659959, 50.63832454], [2.30750295, 50.63841484], [2.30761511, 50.63846841], [2.30761571, 50.63862996], [2.30786917, 50.63877317], [2.30809447, 50.63880942], [2.30854568, 50.63904258], [2.30933635, 50.63922199], [2.31009719, 50.63931237], [2.31010285, 50.63931151], [2.31099582, 50.6392348], [2.31114135, 50.63922214], [2.31118369, 50.63922238], [2.31156473, 50.6392227], [2.31210082, 50.63913323], [2.31238247, 50.63897145], [2.31215783, 50.63857712], [2.31224222, 50.63828951], [2.31269417, 50.63805688], [2.31334316, 50.63796713], [2.3139914, 50.63793123], [2.31438673, 50.63802136], [2.31486655, 50.63802132], [2.31537367, 50.63798553], [2.31585368, 50.63807522], [2.317405, 50.63825518], [2.31853297, 50.63843458], [2.31974556, 50.63872213], [2.3211558, 50.63890126], [2.32237008, 50.63917085], [2.32269326, 50.63917082], [2.32270737, 50.6391709], [2.32290547, 50.63902749], [2.32296145, 50.63906279], [2.32296283, 50.6390646], [2.32310298, 50.63924216], [2.3232713, 50.63931846], [2.32349712, 50.639422], [2.32406252, 50.63956508], [2.32434477, 50.63956572], [2.3248804, 50.6394044], [2.3255004, 50.63947598], [2.32558892, 50.63950518], [2.32586705, 50.63960182], [2.32623485, 50.63985241], [2.32679066, 50.64008068], [2.32741948, 50.64033717], [2.32772922, 50.64049859], [2.32774158, 50.64052379], [2.32778563, 50.64060659], [2.32758823, 50.64080386], [2.32758796, 50.6409295], [2.32792659, 50.64125262], [2.32792651, 50.64157481], [2.3278133, 50.64180843], [2.32781383, 50.64240075], [2.32772862, 50.64265157], [2.32774097, 50.64267766], [2.32777112, 50.64274514], [2.32778481, 50.64277662], [2.32778904, 50.64277664], [2.32802882, 50.64278781], [2.32811486, 50.64279187], [2.32817975, 50.64279491], [2.32854388, 50.64279509], [2.32871606, 50.64279512], [2.32873013, 50.64279879], [2.32884408, 50.64282632], [2.32899321, 50.64286213], [2.32908323, 50.64288505], [2.32917716, 50.64293223], [2.32930753, 50.64299845], [2.329365, 50.64302837], [2.32937892, 50.64304281], [2.32956277, 50.64322598], [2.32961036, 50.64325585], [2.32990145, 50.6434414], [2.33005308, 50.64350145], [2.33012608, 50.64353056], [2.33091713, 50.64369188], [2.33162254, 50.64392543], [2.33207419, 50.64392516], [2.33210806, 50.64392535], [2.33218568, 50.64392576], [2.33230259, 50.64394344], [2.33237724, 50.64395551], [2.33241245, 50.64396109], [2.3324334, 50.64397735], [2.33261361, 50.64411742], [2.33334291, 50.64467866], [2.33363708, 50.64474036], [2.33392928, 50.64473744], [2.33408883, 50.64473291], [2.33422296, 50.64472915], [2.33427521, 50.64472763], [2.33439528, 50.6447202], [2.33440799, 50.64471937], [2.33450847, 50.64469927], [2.33457393, 50.64465833], [2.33457832, 50.64464669], [2.33458268, 50.64463774], [2.33459143, 50.64461625], [2.33458379, 50.64455339], [2.33452141, 50.64446779], [2.33451586, 50.64446059], [2.33451183, 50.64444531], [2.3345053, 50.64440578], [2.33453596, 50.64432877], [2.33459434, 50.64429049], [2.33464805, 50.6442845], [2.33470884, 50.64427675], [2.33485717, 50.64426677], [2.33488543, 50.64426423], [2.33509057, 50.64422764], [2.33534219, 50.64419847], [2.33554993, 50.64417804], [2.33558818, 50.64416748], [2.33562075, 50.64415958], [2.33569037, 50.64412495], [2.3358836, 50.64402816], [2.33603284, 50.64394909], [2.336178, 50.64385832], [2.33637698, 50.64375349], [2.33663219, 50.643666], [2.33684337, 50.64359893], [2.33703636, 50.64352008], [2.33722935, 50.64344124], [2.33737571, 50.64336664], [2.33749496, 50.64331343], [2.33756895, 50.64326805], [2.33772357, 50.64310195], [2.3377533, 50.64298813], [2.33776817, 50.64293078], [2.33781525, 50.64267885], [2.33788476, 50.6425446], [2.3381953, 50.64211368], [2.33850581, 50.64189816], [2.33912148, 50.64144463], [2.33974712, 50.64098308], [2.34053699, 50.64048112], [2.34104806, 50.64025229], [2.34211693, 50.63978141], [2.3424554, 50.63969167], [2.34304766, 50.63962031], [2.3439504, 50.63944021], [2.34408798, 50.63938799], [2.34423265, 50.63933311], [2.34547408, 50.63915299], [2.3462919, 50.63909986], [2.34685662, 50.63886591], [2.34742087, 50.63877644], [2.34792821, 50.63872256], [2.34826691, 50.63872255], [2.34914097, 50.63890213], [2.35001647, 50.63918852], [2.35055209, 50.63945787], [2.35214649, 50.64013928], [2.35227282, 50.64019289], [2.35261178, 50.64028261], [2.35371143, 50.6403727], [2.35438911, 50.64046238], [2.3551223, 50.64051555], [2.35633601, 50.64051556], [2.35661782, 50.64055112], [2.3568427, 50.64062319], [2.35780263, 50.64137663], [2.35808542, 50.64155578], [2.35862134, 50.64180715], [2.35943904, 50.64198637], [2.3598914, 50.64203985], [2.36217655, 50.64191341], [2.36268322, 50.64191332], [2.36403765, 50.64194898], [2.36527962, 50.64194905], [2.36646379, 50.64205651], [2.3668872, 50.64205598], [2.36745241, 50.64200232], [2.3682978, 50.64200213], [2.36869108, 50.64204093], [2.36939871, 50.64210914], [2.37055459, 50.64210962], [2.37094955, 50.64212688], [2.37120426, 50.64207343], [2.37168293, 50.64205521], [2.37233215, 50.6420549], [2.37284097, 50.64210863], [2.37326297, 50.64210806], [2.37340454, 50.64207288], [2.37371504, 50.64207265], [2.37419406, 50.64225276], [2.37433595, 50.64230553], [2.37464244, 50.64240041], [2.37470005, 50.64242134], [2.37506978, 50.64253807], [2.37543561, 50.64262786], [2.37636718, 50.64273575], [2.37667805, 50.64293295], [2.37701663, 50.6430585], [2.37851247, 50.64341689], [2.37946274, 50.64372588], [2.37978186, 50.64382888], [2.3802904, 50.64379283], [2.3809953, 50.64397135], [2.38147547, 50.64406169], [2.38178082, 50.64390795], [2.3821515, 50.64372044], [2.38240555, 50.64371991], [2.38257553, 50.64389934], [2.38268774, 50.64418619], [2.38280117, 50.64425854], [2.38308271, 50.6442043], [2.38333734, 50.64404223], [2.38367527, 50.64364814], [2.38378747, 50.64336062], [2.38394173, 50.64321151], [2.38395924, 50.64316493], [2.38399574, 50.64306549], [2.38401799, 50.64297766], [2.38401735, 50.64291483], [2.38400821, 50.64285466], [2.38397375, 50.64278718], [2.38389207, 50.64265754], [2.38380777, 50.64251174], [2.38378992, 50.64247126], [2.38377488, 50.6424317], [2.38375877, 50.64236431], [2.38375799, 50.64231316], [2.38377125, 50.64226745], [2.38379144, 50.64223255], [2.3838298, 50.6422112], [2.3839021, 50.64218554], [2.38397719, 50.64216168], [2.38406935, 50.64212714], [2.38419847, 50.64207124], [2.3843391, 50.64199745], [2.38443303, 50.6419333], [2.38449438, 50.64187975], [2.38456157, 50.64180919], [2.38463633, 50.64169738], [2.38469844, 50.64158102], [2.38474301, 50.64151483], [2.38479318, 50.64145136], [2.38485288, 50.64141665], [2.38491946, 50.64139634], [2.38499706, 50.64139852], [2.38506898, 50.64140337], [2.38513093, 50.64141534], [2.38519573, 50.64142463], [2.38525485, 50.64143749], [2.3853182, 50.64145037], [2.38540986, 50.6414571], [2.38551002, 50.64146029], [2.3855918, 50.64146698], [2.38566227, 50.64147451], [2.38574126, 50.64147849], [2.38580052, 50.64147968], [2.38586268, 50.6414746], [2.38593757, 50.6414669], [2.38600679, 50.64146185], [2.38606056, 50.64145045], [2.38611863, 50.64143369], [2.38620512, 50.64140091], [2.38636674, 50.64134068], [2.38653547, 50.6412769], [2.38668859, 50.64121932], [2.38682878, 50.64118142], [2.38696756, 50.64114262], [2.38708355, 50.64112076], [2.38719953, 50.64110069], [2.38731109, 50.64109496], [2.38742396, 50.64109731], [2.38751849, 50.64109957], [2.38762292, 50.64110009], [2.38775278, 50.64109893], [2.38783037, 50.64110111], [2.38791924, 50.64110514], [2.38800391, 50.64110555], [2.38811124, 50.6410998], [2.38823136, 50.64108693], [2.38833179, 50.64106858], [2.38848166, 50.64104598], [2.38864718, 50.64101359], [2.38872926, 50.64099515], [2.38880416, 50.64098655], [2.38888603, 50.64098515], [2.38900889, 50.64097948], [2.38907242, 50.6409771], [2.3891206, 50.64096118], [2.38926217, 50.64092508], [2.38936996, 50.64088164], [2.38965104, 50.64074661], [2.38973761, 50.64070665], [2.38983401, 50.64067122], [2.39030949, 50.64056587], [2.39041981, 50.64054577], [2.39057673, 50.6405241], [2.39083088, 50.64051458], [2.39105821, 50.64050492], [2.39118257, 50.64049117], [2.39131691, 50.6404694], [2.39142298, 50.64045107], [2.39151203, 50.64043894], [2.39159968, 50.64042681], [2.39167442, 50.64043166], [2.39178165, 50.64043398], [2.39187048, 50.6404407], [2.39193114, 50.64044279], [2.39201576, 50.64044769], [2.39209041, 50.64045972], [2.39222288, 50.64047563], [2.39248646, 50.64050295], [2.39279929, 50.64054217], [2.39285284, 50.64054871], [2.39292184, 50.64056161], [2.3930358, 50.64059089], [2.39328219, 50.64063966], [2.39347783, 50.64068369], [2.39365652, 50.64072854], [2.39382396, 50.64077064], [2.39397032, 50.64080456], [2.39402106, 50.64081019], [2.39444461, 50.640797], [2.39445277, 50.64082217], [2.39448044, 50.64086897], [2.39455892, 50.64091423], [2.39459267, 50.64092426], [2.39461927, 50.64094234], [2.39465694, 50.64097842], [2.39470295, 50.64102531], [2.39483121, 50.64115607], [2.39496233, 50.64128414], [2.39504896, 50.64135636], [2.39511767, 50.64139349], [2.39519348, 50.64142707], [2.39527647, 50.64144991], [2.39535812, 50.64146735], [2.39542293, 50.64147575], [2.39549775, 50.64147432], [2.39556693, 50.64147196], [2.39563474, 50.64146691], [2.39570392, 50.64146455], [2.39580139, 50.64145695], [2.39596389, 50.64144069], [2.39633267, 50.64140569], [2.39684416, 50.64135612], [2.39727796, 50.64131246], [2.39735139, 50.64130833], [2.39770863, 50.6412939], [2.39778778, 50.64128442], [2.39807209, 50.64123105], [2.39843029, 50.64113586], [2.39876592, 50.64103967], [2.39986622, 50.64120115], [2.40057184, 50.64155904], [2.40105207, 50.64188175], [2.40108834, 50.64191782], [2.40178729, 50.64259965], [2.40246493, 50.64293946], [2.40277232, 50.64308183], [2.40305689, 50.64324474], [2.40326078, 50.64330854], [2.40333951, 50.64333405], [2.4035371, 50.6433341], [2.40396087, 50.64342319], [2.40455653, 50.64365579], [2.4046942, 50.6437103], [2.40517421, 50.6438176], [2.40539767, 50.64389764], [2.40551454, 50.64392064], [2.40563978, 50.64395265], [2.40573827, 50.64397825], [2.40586201, 50.64401743], [2.40596919, 50.64402512], [2.4061751, 50.64403777], [2.40628947, 50.64403383], [2.40647156, 50.64403201], [2.40692356, 50.64412122], [2.40729052, 50.64412118], [2.40796736, 50.64417466], [2.40853228, 50.64426351], [2.40929373, 50.64444303], [2.40991484, 50.64467573], [2.410292, 50.64476906], [2.41029481, 50.64476997], [2.41058873, 50.64498047], [2.41075003, 50.64506739], [2.41088097, 50.64509493], [2.41101613, 50.64512339], [2.41122824, 50.64520966], [2.41299257, 50.64592967], [2.41318996, 50.64594766], [2.41341595, 50.64605462], [2.41375407, 50.64610827], [2.41398554, 50.64610847], [2.41482233, 50.64612587], [2.41482656, 50.64612589], [2.41581422, 50.64603542], [2.41612359, 50.64589149], [2.41620825, 50.64589368], [2.41625621, 50.6458957], [2.41668816, 50.64589145], [2.41747858, 50.64589067], [2.41917128, 50.64597937], [2.4196794, 50.64597905], [2.42075148, 50.64603252], [2.4212596, 50.64603219], [2.42317815, 50.64612009], [2.42365767, 50.64602988], [2.42495466, 50.64567064], [2.42560355, 50.64558031], [2.4267323, 50.6454904], [2.42913012, 50.64563157], [2.42980821, 50.64570289], [2.43090852, 50.64588114], [2.43336321, 50.64623878], [2.43624219, 50.64664855], [2.43912121, 50.64705915], [2.44200028, 50.64746968], [2.44310067, 50.64764782], [2.44363646, 50.64782702], [2.44541677, 50.64881138], [2.44714004, 50.64972547], [2.44934205, 50.65036883], [2.44979852, 50.65044893], [2.44985065, 50.65045814], [2.45191076, 50.65052827], [2.45271629, 50.65057221], [2.45349626, 50.65062949], [2.45407484, 50.6506446], [2.45411436, 50.65064477], [2.45441927, 50.65064431], [2.45468622, 50.65062844], [2.45472586, 50.65061784], [2.45488439, 50.65057815], [2.45510694, 50.65049208], [2.45548276, 50.6503304], [2.45565867, 50.6502495], [2.45626172, 50.64995958], [2.45783517, 50.64921531], [2.45808485, 50.64909884], [2.45890313, 50.64874344], [2.46010648, 50.64828111], [2.46016175, 50.64826071], [2.46046081, 50.64814535], [2.4623982, 50.64741068], [2.4651503, 50.64637616], [2.46529058, 50.64632561], [2.465676, 50.64618368], [2.4659612, 50.64604221], [2.46615776, 50.64587524], [2.46630475, 50.64572331], [2.46646781, 50.64552029], [2.46653941, 50.64542368], [2.46673415, 50.64516157], [2.46732592, 50.6443268], [2.46780762, 50.64375451], [2.4684178, 50.64317738], [2.47029007, 50.64136089], [2.4721194, 50.63958906], [2.47212796, 50.63958102], [2.47280209, 50.63895119], [2.47325757, 50.63858159], [2.47349456, 50.63845605], [2.47386493, 50.63826108], [2.47433684, 50.63807282], [2.47861806, 50.63634356], [2.47921073, 50.63607322], [2.48070476, 50.63529152], [2.48278982, 50.63425381], [2.48487336, 50.63321694], [2.48500218, 50.63317709], [2.48529222, 50.63310201], [2.48607304, 50.63291589], [2.48642359, 50.63285631], [2.48673359, 50.63276067], [2.48685811, 50.63272708], [2.48712851, 50.63264025], [2.48757856, 50.63250928], [2.48758846, 50.63250663], [2.48759271, 50.63250575], [2.48846658, 50.63232448], [2.48906962, 50.63227312], [2.49252826, 50.63197858], [2.49453075, 50.63181534], [2.49519244, 50.63182341], [2.49567198, 50.63184511], [2.49579893, 50.63184921], [2.49793142, 50.6319485], [2.49818952, 50.63196121], [2.49991297, 50.63204534], [2.50030884, 50.63210886], [2.50064969, 50.63217126], [2.50132953, 50.63234181], [2.50342386, 50.6328788], [2.50440295, 50.63318336], [2.50644548, 50.63382958], [2.50678309, 50.63393592], [2.50721496, 50.63407225], [2.50808848, 50.63435572], [2.50893685, 50.63461395], [2.50920271, 50.63469936], [2.50957977, 50.63481393], [2.51137081, 50.63535946], [2.51421741, 50.63634525], [2.51422022, 50.63634616], [2.51488537, 50.63658748], [2.51641395, 50.63714357], [2.51650958, 50.63717805], [2.51753341, 50.6375437], [2.51758681, 50.63756634], [2.51832046, 50.6378788], [2.51962192, 50.63843397], [2.52039193, 50.63878336], [2.52122907, 50.63919762], [2.52171464, 50.63948308], [2.52280929, 50.64012716], [2.52301408, 50.64025987], [2.52329736, 50.64044852], [2.52338719, 50.64050092], [2.52415047, 50.64097051], [2.52455891, 50.6412081], [2.52497168, 50.64143494], [2.52532689, 50.64163014], [2.52611735, 50.64191585], [2.52704856, 50.6420935], [2.52848784, 50.64227128], [2.52895625, 50.64228742], [2.52899576, 50.64228847], [2.53015306, 50.64228657], [2.53080121, 50.64224953], [2.53098925, 50.64221345], [2.53128049, 50.64215891], [2.53198585, 50.64188875], [2.53268921, 50.64152884], [2.53330821, 50.6411336], [2.53356176, 50.64088148], [2.53481339, 50.63922502], [2.53482481, 50.6392116], [2.53496345, 50.6388702], [2.53504564, 50.63822435], [2.5350439, 50.63764999], [2.53517929, 50.63628639], [2.53517909, 50.63615626], [2.53517797, 50.63581972], [2.53528878, 50.63528167], [2.53535115, 50.63509882], [2.53574567, 50.6339426], [2.53584575, 50.63364861], [2.5362022, 50.63294455], [2.53626202, 50.63288465], [2.53632895, 50.63281849], [2.53663142, 50.63245795], [2.53679214, 50.63232034], [2.53700121, 50.63214163], [2.53709924, 50.63206931], [2.53794026, 50.63145051], [2.53922511, 50.63059194], [2.53966954, 50.63028756], [2.54009693, 50.62999478], [2.54055243, 50.62971377], [2.54086342, 50.62949595], [2.54112054, 50.62930664], [2.54137609, 50.62913348], [2.54200135, 50.62880104], [2.54274056, 50.62850491], [2.54369804, 50.6280992], [2.5440392, 50.62797481], [2.5451977, 50.62749264], [2.5471549, 50.62667953], [2.54729227, 50.62662259], [2.54733478, 50.626603], [2.54777827, 50.62639372], [2.54812832, 50.62621909], [2.54840138, 50.62613483], [2.54868853, 50.62605241], [2.54896135, 50.62599417], [2.54967546, 50.62596984], [2.55046576, 50.62594578], [2.55053633, 50.62594245], [2.55087787, 50.62593112], [2.55128007, 50.62591911], [2.55162159, 50.62590868], [2.55201252, 50.62589483], [2.5527492, 50.62587146], [2.5536554, 50.62582357], [2.55414942, 50.62579842], [2.55444423, 50.62580486], [2.55513392, 50.62582977], [2.55530139, 50.62587794], [2.55581222, 50.62602605], [2.55662137, 50.62642382], [2.55810624, 50.62715426], [2.5583563, 50.6272772], [2.55885915, 50.62753386], [2.56053209, 50.62838519], [2.56107285, 50.62866532], [2.56149707, 50.62888041], [2.56352556, 50.62990616], [2.56374331, 50.63001551], [2.56384023, 50.63006611], [2.56389223, 50.63008963], [2.56418033, 50.63022256], [2.56477199, 50.63049477], [2.56616905, 50.6308012], [2.56744077, 50.63108115], [2.56976599, 50.63158821], [2.57024203, 50.63169217], [2.57327145, 50.63236224], [2.57405018, 50.63254709], [2.57420651, 50.63258263], [2.57476425, 50.6327048], [2.58046013, 50.63395008], [2.58111086, 50.63409318], [2.58184611, 50.6342545], [2.58267574, 50.63443499], [2.58306731, 50.63452066], [2.58391243, 50.63470747], [2.58504629, 50.63495896], [2.58617654, 50.63513594], [2.58662796, 50.6351527], [2.58778369, 50.63515026], [2.58781176, 50.6351683], [2.58913824, 50.63516552], [2.58916631, 50.63518356], [2.59019085, 50.63517528], [2.59085939, 50.63521607], [2.5911967, 50.63520911], [2.59149849, 50.63523343], [2.59253835, 50.63524941], [2.6005116, 50.63537404], [2.60548238, 50.63545096], [2.60609474, 50.63546009], [2.61099075, 50.63553655], [2.61431502, 50.63558102], [2.61533091, 50.63559674], [2.62183118, 50.63570286], [2.62309966, 50.63572018], [2.62351292, 50.63574656], [2.62399091, 50.63579737], [2.62410644, 50.63582195], [2.62642686, 50.63632254], [2.63402261, 50.63793362], [2.63439307, 50.63802804], [2.63464087, 50.63810595], [2.63487963, 50.6382628], [2.6352882, 50.63855118], [2.63602511, 50.63909988], [2.63698661, 50.63981705], [2.63769408, 50.63975629], [2.64017763, 50.63939647], [2.64023556, 50.63938676], [2.64030479, 50.6393744], [2.64089531, 50.63928726], [2.64095606, 50.63927846], [2.64101257, 50.63926965], [2.64164548, 50.63917456], [2.64401855, 50.6388628], [2.64617466, 50.63849473], [2.6485303, 50.63824566], [2.64874214, 50.63822292], [2.64953779, 50.63805825], [2.65110601, 50.63780061], [2.65147574, 50.63779986], [2.65267483, 50.63786065], [2.65472149, 50.63800277], [2.65816034, 50.63803562], [2.65952056, 50.63806179], [2.660964, 50.63809177], [2.66159839, 50.63818863], [2.66572886, 50.63884058], [2.6672826, 50.63926654], [2.66869554, 50.63964903], [2.67123972, 50.64033874], [2.67194702, 50.64051561], [2.67229949, 50.64056769], [2.67311151, 50.64070175], [2.67883789, 50.6414481], [2.68032697, 50.64164309], [2.68124526, 50.64171455], [2.68203849, 50.64170133], [2.68286599, 50.64162537], [2.68366008, 50.64147573], [2.6848559, 50.64117813], [2.68712537, 50.6404776], [2.68830657, 50.64025352], [2.6891169, 50.64021068], [2.69022751, 50.64021705], [2.6904743, 50.64024638], [2.69083795, 50.64032088], [2.69121695, 50.64042143], [2.69143952, 50.64048929], [2.69156055, 50.64054344], [2.69188423, 50.64069142], [2.69241141, 50.64102567], [2.69272056, 50.64124272], [2.69324838, 50.6417053], [2.69353458, 50.6419851], [2.69393513, 50.64225801], [2.69436987, 50.64248164], [2.69481637, 50.64262722], [2.69545494, 50.64275174], [2.69594442, 50.64279242], [2.69645653, 50.64282598], [2.69668937, 50.64283104], [2.69702663, 50.64283814], [2.69776639, 50.64280136], [2.6980969, 50.64275819], [2.69858708, 50.6426822], [2.69887972, 50.64259945], [2.69918798, 50.64250148], [2.69950529, 50.64230392], [2.69981161, 50.64205787], [2.70016185, 50.64178231], [2.70073841, 50.64141845], [2.70125253, 50.64111277], [2.70155823, 50.64096722], [2.70218469, 50.64075335], [2.70272893, 50.64060119], [2.70303278, 50.64052833], [2.70347785, 50.64044055], [2.70394682, 50.64036628], [2.70425183, 50.6403365], [2.70454412, 50.64030848], [2.70504963, 50.64026122], [2.70537862, 50.64023238], [2.70573046, 50.64015783], [2.70596383, 50.64007044], [2.70614638, 50.63998472], [2.70634177, 50.63987569], [2.70654258, 50.63980527], [2.70761026, 50.63942818], [2.70833082, 50.63928449], [2.70998044, 50.63905772], [2.71085286, 50.6390077], [2.71132804, 50.63907701], [2.71180437, 50.63919209], [2.71227896, 50.63936639], [2.7130987, 50.6396447], [2.7141243, 50.63995757], [2.71527416, 50.64025995], [2.71557007, 50.64033871], [2.71612381, 50.64049613], [2.71661835, 50.64063905], [2.71685231, 50.64069433], [2.71832935, 50.64104409], [2.71952706, 50.64137975], [2.72036542, 50.64162215], [2.72091633, 50.64178492], [2.72169582, 50.64195718], [2.72205236, 50.64205131], [2.72475814, 50.6427672], [2.72534744, 50.64288158], [2.7257269, 50.64291652], [2.72811746, 50.64269742], [2.73164518, 50.64227613], [2.73223384, 50.64225047], [2.7322846, 50.64225956], [2.7329938, 50.64238852], [2.73389854, 50.64263725], [2.73438192, 50.64277021], [2.73486234, 50.64292918], [2.73540193, 50.64310892], [2.73584854, 50.64325704], [2.73647586, 50.64339478], [2.73679753, 50.6434179], [2.73723395, 50.6433578], [2.73795435, 50.64323817], [2.73814639, 50.64321883], [2.73854178, 50.64317749], [2.73949076, 50.6430691], [2.74000221, 50.64296248], [2.74034326, 50.64278551], [2.74055034, 50.64258582], [2.74100139, 50.64215061], [2.74116819, 50.64209801], [2.7413053, 50.64205612], [2.74187015, 50.64199178], [2.74225686, 50.64198989], [2.7427247, 50.64212907], [2.74329452, 50.64219665], [2.74398127, 50.64230576], [2.74416177, 50.64233485], [2.74534763, 50.642541], [2.74648841, 50.64273359], [2.74689858, 50.64283853], [2.74737822, 50.64287899], [2.74783529, 50.64291941], [2.74866629, 50.64297224], [2.74955509, 50.64303955], [2.75050265, 50.64321197], [2.75108485, 50.64334954], [2.75134683, 50.64345507], [2.75140525, 50.64362928], [2.75146365, 50.64380529], [2.75146721, 50.64422709], [2.75156073, 50.64443727], [2.75173223, 50.64457671], [2.75201918, 50.64477203], [2.75224731, 50.64487748], [2.75263627, 50.64499492], [2.75298864, 50.64509164], [2.7536057, 50.64532171], [2.75387008, 50.64551787], [2.75402003, 50.64573444], [2.75410324, 50.64603614], [2.75422074, 50.64654162], [2.7544872, 50.64717931], [2.75489193, 50.64783073], [2.75545913, 50.64874272], [2.75582914, 50.6492819], [2.75598937, 50.64942131], [2.75620623, 50.64952673], [2.75638798, 50.64959619], [2.75666279, 50.64968647], [2.75723371, 50.64983835], [2.7575999, 50.65000599], [2.75781811, 50.65012487], [2.75818411, 50.65033289], [2.75856243, 50.65061989], [2.75876489, 50.65078631], [2.75880286, 50.65081689], [2.75896311, 50.65095541], [2.75913696, 50.65120074], [2.75935706, 50.65151615], [2.75941586, 50.65161947], [2.75947187, 50.65171291], [2.75954262, 50.6519715], [2.75957804, 50.65223899], [2.75958076, 50.65255489], [2.75964137, 50.65286999], [2.75968952, 50.65313033], [2.75973638, 50.65336824], [2.75974887, 50.65341403], [2.7599419, 50.65408027], [2.7600752, 50.65454359], [2.76014124, 50.65490268], [2.76021243, 50.65536678], [2.76032962, 50.65565776], [2.76046949, 50.65592994], [2.76076001, 50.65628587], [2.76110252, 50.65669485], [2.76155034, 50.65722428], [2.76222402, 50.65805836], [2.76243256, 50.65844015], [2.76266365, 50.65883186], [2.76288511, 50.6591715], [2.76311252, 50.65944564], [2.76327695, 50.65960479], [2.76349241, 50.65972007], [2.76372072, 50.65980665], [2.76484893, 50.66006904], [2.76523237, 50.66019091], [2.76558034, 50.66034951], [2.76583241, 50.66048729], [2.76596347, 50.66053958], [2.7663073, 50.66067932], [2.7665931, 50.66085216], [2.7669631, 50.66113464], [2.76741005, 50.66156892], [2.76773206, 50.6618513], [2.76825501, 50.66234046], [2.76856811, 50.66271885], [2.7686327, 50.66279704], [2.76950272, 50.66365297], [2.76993331, 50.66396875], [2.77011776, 50.66408037], [2.77048395, 50.66427937], [2.77077007, 50.66439028], [2.77184029, 50.66470454], [2.7730558, 50.66505316], [2.77342253, 50.66513639], [2.77372317, 50.66516027], [2.77399145, 50.66515717], [2.77418644, 50.66512701], [2.77447346, 50.66503959], [2.77501387, 50.66480456], [2.77543238, 50.66467609], [2.7758662, 50.6645979], [2.77606826, 50.66456237], [2.77660225, 50.66450051], [2.77712053, 50.66447632], [2.77754271, 50.66447349], [2.77787735, 50.66447139], [2.77883034, 50.66448386], [2.78124298, 50.66456531], [2.78223111, 50.6646155], [2.78240875, 50.66467594], [2.7829551, 50.6650197], [2.78320187, 50.66509192], [2.78342482, 50.66512372], [2.78414078, 50.66510163], [2.78452785, 50.66505564], [2.78478231, 50.6649816], [2.7850721, 50.66490223], [2.78544671, 50.66479878], [2.78593284, 50.66469911], [2.7864147, 50.66460751], [2.78752104, 50.66442006], [2.7885581, 50.66425132], [2.78904136, 50.66416151], [2.78926461, 50.66412151], [2.78955864, 50.66403675], [2.78994899, 50.66388037], [2.7904541, 50.66362547], [2.79095345, 50.66339927], [2.79146109, 50.66321436], [2.79176648, 50.66311347], [2.79270101, 50.66280543], [2.79289202, 50.66270614], [2.79305071, 50.6625709], [2.79325043, 50.66241329], [2.79360251, 50.66228555], [2.79380728, 50.66227332], [2.79399935, 50.66226108], [2.79411792, 50.66226666], [2.79440165, 50.66228149], [2.79480789, 50.66237369], [2.79540489, 50.66242673], [2.79627276, 50.66253315], [2.79687386, 50.66262028], [2.79798423, 50.66281324], [2.79854439, 50.66290389], [2.79905947, 50.66296843], [2.79913002, 50.66297752], [2.79982831, 50.66312672], [2.800298, 50.66324593], [2.80060538, 50.66334873], [2.8009846, 50.66349651], [2.80127213, 50.66362081], [2.80182172, 50.66388731], [2.80224305, 50.66409797], [2.80288557, 50.66443372], [2.80517087, 50.6656811], [2.80569924, 50.6659691], [2.80644038, 50.66637318], [2.80667986, 50.66651713], [2.80679819, 50.66658821], [2.80689113, 50.66665566], [2.80738201, 50.66715088], [2.80757179, 50.66737103], [2.80771183, 50.66767367], [2.80780445, 50.66782278], [2.80789705, 50.66797727], [2.80803508, 50.66806902], [2.80817297, 50.66819756], [2.8084294, 50.66834333], [2.80878719, 50.66857182], [2.80899409, 50.66874802], [2.80908698, 50.66882713], [2.80920777, 50.66899692], [2.80922464, 50.66901669], [2.80932304, 50.66913261], [2.80938757, 50.66924667], [2.80948882, 50.66935541], [2.80989187, 50.66956781], [2.81106866, 50.67017623], [2.81303902, 50.67155669], [2.81339252, 50.67181208], [2.81662767, 50.67414379], [2.81734219, 50.67454508], [2.81779882, 50.6748015], [2.81932436, 50.67548842], [2.81976568, 50.67568738], [2.82258006, 50.67654842], [2.82508945, 50.67701144], [2.82733163, 50.67716264], [2.82817881, 50.67722035], [2.83054314, 50.67716975], [2.83177329, 50.67715527], [2.83215609, 50.67713425], [2.83361219, 50.67712185], [2.83408387, 50.67712876], [2.83442848, 50.67712653], [2.83512601, 50.67716694], [2.83685984, 50.67730653], [2.83823458, 50.67756318], [2.83845195, 50.67760384], [2.84068129, 50.67825821], [2.84360644, 50.67953888], [2.84660425, 50.68112378], [2.84702724, 50.68136479], [2.84725142, 50.6814916], [2.84752778, 50.68164718], [2.84768006, 50.68173351], [2.8483218, 50.68203312], [2.84853056, 50.68212491], [2.84878023, 50.68223469], [2.85133995, 50.68352729], [2.85193358, 50.68387169], [2.8539486, 50.68503974], [2.85475599, 50.68572358], [2.85487435, 50.68582422], [2.85576712, 50.68678813], [2.85648854, 50.6874198], [2.85752984, 50.68833002], [2.85803032, 50.68868236], [2.85914573, 50.68988429], [2.85979784, 50.69057868], [2.85998649, 50.6908113], [2.86036521, 50.69127387], [2.86068682, 50.69144562], [2.86095202, 50.6915868], [2.86219707, 50.69244336], [2.86358808, 50.69314842], [2.86543977, 50.69382794], [2.86760888, 50.69469172], [2.8693325, 50.69522118], [2.87059221, 50.69541543], [2.87109511, 50.69543839], [2.8726265, 50.69546868], [2.87333865, 50.69542903], [2.87444809, 50.69527401], [2.87559877, 50.69500597], [2.8765232, 50.69481575], [2.87659953, 50.69479788], [2.87677764, 50.69475678], [2.87996216, 50.6941147], [2.88024468, 50.69413113], [2.88046956, 50.69402277], [2.88047663, 50.69402098], [2.88278049, 50.69356373], [2.88461346, 50.69328727], [2.88633339, 50.69301067], [2.88684197, 50.69300844], [2.8873481, 50.69284469], [2.88971659, 50.69249326], [2.89141065, 50.69239604], [2.89299137, 50.69244228], [2.89446168, 50.69259698], [2.895905, 50.69282433], [2.89624514, 50.69298434], [2.89632991, 50.69298352], [2.89683972, 50.69307098], [2.89793013, 50.69317867], [2.89810386, 50.69319586], [2.89856431, 50.6932429], [2.89939912, 50.6933028], [2.899498, 50.69331006], [2.89976077, 50.69330938], [2.8998639, 50.69330856], [2.90053223, 50.69325436], [2.90087554, 50.69324835], [2.90123718, 50.69325582], [2.90212717, 50.69327447], [2.90256931, 50.69329815], [2.90281228, 50.6933109], [2.9028829, 50.69331544], [2.90422057, 50.69341788], [2.90440414, 50.69346469], [2.90515112, 50.6936546], [2.90618741, 50.69400984], [2.90726293, 50.69454995], [2.90753099, 50.69474667], [2.90792463, 50.69503591], [2.90858734, 50.69574619], [2.91012218, 50.697813], [2.91053384, 50.69831581], [2.91059857, 50.69846122], [2.91088616, 50.69881947], [2.91117109, 50.69908708], [2.91182583, 50.69956852], [2.91233822, 50.69985244], [2.91293398, 50.70013732], [2.91401276, 50.70054456], [2.91498298, 50.7008243], [2.91596874, 50.70110943], [2.91866189, 50.70194036], [2.91965329, 50.70225866], [2.91996548, 50.7023109], [2.92134528, 50.70274968], [2.92180429, 50.70288996], [2.9223156, 50.70301949], [2.92285933, 50.7031993], [2.92319969, 50.70331168], [2.92343551, 50.70341412], [2.92374193, 50.70354801], [2.92388733, 50.70364411], [2.92400729, 50.70374379], [2.9242231, 50.70399787], [2.92440074, 50.70426448], [2.92458535, 50.70459302], [2.9246741, 50.70477703], [2.92480228, 50.70504541], [2.92491772, 50.70533352], [2.92515473, 50.70654416], [2.92525189, 50.70677125], [2.9252533, 50.70677573], [2.9255887, 50.70739778], [2.92591316, 50.70777306], [2.92621523, 50.70800744], [2.92640727, 50.70810537], [2.92663467, 50.70818626], [2.92718697, 50.70835618], [2.92794122, 50.70861864], [2.92841295, 50.70880466], [2.92866425, 50.70898157], [2.92886034, 50.70922038], [2.92919035, 50.70969794], [2.92957255, 50.71025181], [2.92990111, 50.71076706], [2.92992505, 50.7108263], [2.93000111, 50.71100939], [2.93000769, 50.71135845], [2.92994034, 50.71201974], [2.92991586, 50.71234636], [2.93002095, 50.71299428], [2.93029043, 50.71434131], [2.93075242, 50.7165059], [2.93106278, 50.71795793], [2.9310412, 50.71926081], [2.93095433, 50.71973544], [2.93082052, 50.72041464], [2.93073544, 50.7206102], [2.93028591, 50.72165442], [2.92985511, 50.72243304], [2.92939156, 50.72336419], [2.92933999, 50.7238496], [2.92943665, 50.7244688], [2.92973378, 50.72528551], [2.9315776, 50.72807087], [2.93196716, 50.7285323], [2.93265645, 50.7289876], [2.93355797, 50.72932637], [2.93398757, 50.72946388], [2.93419531, 50.72952501], [2.93432391, 50.72956276], [2.93466024, 50.72967241], [2.93577109, 50.72996192], [2.93679161, 50.73013203], [2.93747016, 50.73018442], [2.93837213, 50.73019833], [2.93870013, 50.73019939], [2.9399993, 50.73027091], [2.94082055, 50.7304032], [2.94154137, 50.73058211], [2.94309737, 50.7310916], [2.94334751, 50.73117785], [2.94384773, 50.73142214], [2.94428705, 50.73175524], [2.94439113, 50.73224521], [2.9441517, 50.73268926], [2.94318755, 50.73384902], [2.94311112, 50.73392346], [2.94270771, 50.7343154], [2.94192643, 50.7350221], [2.94157408, 50.73526869], [2.94149625, 50.73532249], [2.94097853, 50.73551337], [2.94059076, 50.73581288], [2.94040089, 50.73615376], [2.93989934, 50.73699607], [2.93955075, 50.737624], [2.93936942, 50.73790118], [2.93931403, 50.73810304], [2.93926853, 50.73831029], [2.93927103, 50.73857948], [2.93916313, 50.73893924], [2.9390603, 50.73978264], [2.93907308, 50.74089438], [2.9393135, 50.74204122], [2.93975058, 50.74311548], [2.94018381, 50.74388466], [2.94047176, 50.74433164], [2.94107476, 50.74506411], [2.94121873, 50.74529657], [2.94185684, 50.74625426], [2.94235438, 50.74648958], [2.94316995, 50.74687489], [2.94438125, 50.74751429], [2.94526472, 50.74792654], [2.94559691, 50.74807114], [2.94642812, 50.74843221], [2.94750243, 50.74896295], [2.94794472, 50.74933461], [2.94826446, 50.74922976], [2.94987218, 50.74959023], [2.95033881, 50.74968732], [2.95076303, 50.74975927], [2.95120282, 50.74983391], [2.95200037, 50.74996612], [2.95374823, 50.75023956], [2.95796809, 50.75087363], [2.96004412, 50.75118566], [2.96241575, 50.75154172], [2.96320348, 50.75164514], [2.9637225, 50.75172515], [2.96581415, 50.75204876], [2.96723405, 50.75228782], [2.96753528, 50.75233904], [2.96891978, 50.75265433], [2.96963254, 50.75283217], [2.97094626, 50.7532847], [2.97228405, 50.75375338], [2.97452269, 50.75457845], [2.97604156, 50.75513864], [2.97757035, 50.7557051], [2.97914446, 50.75626168], [2.98021509, 50.75664947], [2.98063231, 50.75680027], [2.98110328, 50.75699505], [2.98204239, 50.75738281], [2.98314702, 50.75774097], [2.98334928, 50.75781367], [2.98455152, 50.75824541], [2.98586552, 50.75869509], [2.98587825, 50.75869868], [2.98744262, 50.75934847], [2.98813712, 50.75961233], [2.98846104, 50.75973618], [2.98979917, 50.76016698], [2.9898798, 50.76019121], [2.99093504, 50.76056814], [2.99225198, 50.76105903], [2.99234817, 50.76109852], [2.99316721, 50.76142875], [2.99358593, 50.76157234], [2.99533441, 50.76204706], [2.99562299, 50.76216731], [2.9963586, 50.7624715], [2.99646894, 50.76251098], [2.99669387, 50.76259084], [2.99687353, 50.76265455], [2.99719466, 50.76276851], [2.99819059, 50.76316063], [2.9994426, 50.76363977], [3.00057014, 50.76412249], [3.00073566, 50.76424362], [3.00166233, 50.76457739], [3.0034025, 50.76510943], [3.00408867, 50.76529424], [3.00457113, 50.7655311], [3.00487815, 50.76572579], [3.00547665, 50.76610709], [3.00603411, 50.76640585], [3.00665949, 50.76667499], [3.00867575, 50.76761877], [3.00977517, 50.76813281], [3.01254859, 50.76943088], [3.01282455, 50.76963991], [3.01456384, 50.77098827], [3.01486247, 50.77125562], [3.01494173, 50.77133277], [3.01571871, 50.77192934], [3.01636264, 50.7723061], [3.017233, 50.77276806], [3.01784577, 50.77300126], [3.01849672, 50.77315997], [3.01875993, 50.77321556], [3.01904578, 50.77327563], [3.0195722, 50.77338412], [3.02003636, 50.77348005], [3.02020193, 50.77351232], [3.02129862, 50.77367185], [3.02266132, 50.77379453], [3.02369289, 50.77385086], [3.02467774, 50.77386323], [3.02617336, 50.77379563], [3.02804538, 50.77372435], [3.02955237, 50.77374284], [3.03097026, 50.77383132], [3.03217311, 50.77398714], [3.03339724, 50.77420394], [3.03520166, 50.77459195], [3.03849647, 50.775394], [3.0396429, 50.7757014], [3.03995286, 50.77577846], [3.04079494, 50.77592174], [3.04115868, 50.77599879], [3.04298457, 50.77653113], [3.04328323, 50.77662164], [3.0447808, 50.77707601], [3.04685294, 50.7775445], [3.04884153, 50.77790891], [3.04901562, 50.77794025], [3.04915857, 50.77796711], [3.04982387, 50.77815616], [3.05064913, 50.7783909], [3.05112622, 50.77857554], [3.05259976, 50.77893741], [3.05344768, 50.77916943], [3.05607753, 50.77960253], [3.05722822, 50.77973928], [3.05882317, 50.77977981], [3.05884016, 50.7797807], [3.0595775, 50.77981265], [3.0608341, 50.77975014], [3.06216136, 50.7796131], [3.06263963, 50.77956441], [3.063302, 50.77961881], [3.06455117, 50.77929068], [3.06581882, 50.77903789], [3.06603102, 50.77897587], [3.06679208, 50.77875654], [3.06773273, 50.77844469], [3.07008489, 50.77757756], [3.07097736, 50.77724957], [3.07257411, 50.77663135], [3.07409163, 50.77604187], [3.07504772, 50.77570842], [3.07596284, 50.77543062], [3.07683417, 50.77520488], [3.07771405, 50.77503027], [3.07861233, 50.77485385], [3.07891081, 50.77479534], [3.08026899, 50.77463656], [3.08148291, 50.77452989], [3.08276491, 50.77452008], [3.08455362, 50.77458706], [3.08622504, 50.77474473], [3.08710967, 50.77488049], [3.08757959, 50.77495284], [3.08894851, 50.77528116], [3.08941284, 50.7753849], [3.08968747, 50.77544572], [3.09071091, 50.77564416], [3.09100988, 50.77586018], [3.09191188, 50.77619239], [3.09247982, 50.77645755], [3.09399957, 50.77718407], [3.09699692, 50.7787304], [3.09809871, 50.77914316], [3.09869266, 50.77964604], [3.0991644, 50.77989509], [3.09973097, 50.78014228], [3.09978762, 50.78016646], [3.10120569, 50.78089207], [3.10201178, 50.78130324], [3.10210528, 50.78135161], [3.10254594, 50.78160427], [3.10310702, 50.78192232], [3.10385196, 50.78217741], [3.10438202, 50.78253855], [3.10568893, 50.78350825], [3.10670973, 50.78435256], [3.10724313, 50.78492992], [3.10765288, 50.78526961], [3.10824395, 50.78567195], [3.10918529, 50.78638622], [3.11042822, 50.78713699], [3.11127408, 50.78753192], [3.11301382, 50.7882553], [3.11400246, 50.78855138], [3.11492878, 50.78882867], [3.11518655, 50.78889662], [3.11532535, 50.78893328], [3.11660849, 50.78926136], [3.11985794, 50.78967728], [3.12206548, 50.79002595], [3.12215611, 50.79004021], [3.12248889, 50.7901009], [3.12333299, 50.79029745], [3.12416151, 50.79048235], [3.12443484, 50.79054309], [3.12498165, 50.7907166], [3.12507373, 50.79074612], [3.12509073, 50.79075149], [3.12519131, 50.79078368], [3.12542222, 50.79085702], [3.12641238, 50.79114852], [3.12721972, 50.79134418], [3.12821102, 50.79151902], [3.12922654, 50.79175125], [3.12968124, 50.79187459], [3.12980164, 50.79190677], [3.13127514, 50.79242381], [3.13283257, 50.793087], [3.13525141, 50.79400852], [3.13667384, 50.79444481], [3.1379513, 50.79465963], [3.13902584, 50.79469522], [3.14083638, 50.79469408], [3.14419488, 50.79444261], [3.14432082, 50.79442811], [3.1454699, 50.79429758], [3.14719927, 50.79413405], [3.14791252, 50.79406591], [3.14931917, 50.79391709], [3.15039079, 50.79392836], [3.15079566, 50.79393236], [3.15245498, 50.79402006], [3.15287552, 50.79405633], [3.15351417, 50.79412822], [3.15365295, 50.7941442], [3.15645016, 50.79460188], [3.16006037, 50.7956246], [3.16272303, 50.79602131], [3.16370181, 50.79619678], [3.1650129, 50.79625785], [3.16801031, 50.79640368], [3.17025998, 50.79646433], [3.17195918, 50.79658761], [3.17502084, 50.79768781], [3.17530586, 50.79782019], [3.17731284, 50.79848846], [3.17809715, 50.7988866], [3.17930585, 50.79919261], [3.18036968, 50.79936513], [3.18165797, 50.79935608], [3.18356791, 50.79938738], [3.18413768, 50.79956329], [3.18478032, 50.79991763], [3.18535409, 50.80040665], [3.1860672, 50.80067116], [3.18792566, 50.80092766], [3.19026951, 50.80149473], [3.19140773, 50.80184558], [3.19276538, 50.80255318], [3.19356209, 50.80281662], [3.19420114, 50.80294661], [3.1957677, 50.80347441], [3.19648143, 50.80387254], [3.19705502, 50.80427268], [3.19806473, 50.80539527], [3.19858171, 50.8057955], [3.20000326, 50.80614403], [3.20163367, 50.80631276], [3.20284288, 50.8066625], [3.204633, 50.8070983], [3.2059075, 50.80713478], [3.21171628, 50.80659122], [3.21242281, 50.80658643], [3.21313455, 50.80680592], [3.21420589, 50.8073451], [3.21505924, 50.80756344], [3.21633576, 50.80773349], [3.21826181, 50.80780998], [3.21861741, 50.80785242], [3.21961257, 50.80811445], [3.22463665, 50.81130668], [3.22556475, 50.81174821], [3.22755288, 50.81204785], [3.22834993, 50.81231196], [3.22956703, 50.81307413], [3.23021403, 50.81365252], [3.23115362, 50.81472202], [3.23166066, 50.81534552], [3.231879, 50.81570309], [3.23188083, 50.81579281], [3.23253339, 50.81664033], [3.23298979, 50.81763266], [3.23321773, 50.81852762], [3.23358321, 50.81915227], [3.23408687, 50.81964208], [3.23530624, 50.82052979], [3.23566788, 50.82093104], [3.23633392, 50.82250432], [3.23653215, 50.82279015], [3.23746903, 50.82322529], [3.24614623, 50.82615746], [3.24978214, 50.82724478], [3.26329868, 50.83102185], [3.2717897, 50.83383687], [3.27658233, 50.83714762], [3.28080619, 50.83872345], [3.28514268, 50.84012753], [3.29391395, 50.84796079], [3.29551662, 50.84866575], [3.29779133, 50.84893756], [3.30119971, 50.84919851], [3.30371547, 50.85018286], [3.32054284, 50.86341022], [3.32102786, 50.86498791], [3.32323262, 50.87315762], [3.32554391, 50.87514947], [3.35177909, 50.89246398], [3.35315567, 50.89317148], [3.35345297, 50.89329264], [3.35457738, 50.89403672], [3.35498832, 50.89417909], [3.36629111, 50.89833938], [3.36922056, 50.89874251], [3.37169648, 50.89900429], [3.37461466, 50.89883948], [3.37752746, 50.89852929], [3.3813549, 50.89892314], [3.39768107, 50.90603084], [3.3997129, 50.90658143], [3.40196921, 50.90698773], [3.4051236, 50.9073866], [3.40853111, 50.90906288], [3.41352126, 50.9112927], [3.42163634, 50.91249992], [3.42436005, 50.91375465], [3.42916595, 50.91768886]]]}, "geometry_name": "geometrie", "properties": {"cleabs": "COURDEAU0000002000824043", "code_hydrographique": "01C0000002000824043", "toponyme": "la Lys", "statut_du_toponyme": "Valid\u00e9", "importance": "5", "date_creation": "2017-01-24T15:06:18.918Z", "date_modification": "2026-03-20T19:05:11.309Z", "date_d_apparition": null, "date_de_confirmation": null, "sources": null, "identifiants_sources": null, "statut": "Valid\u00e9", "influence_de_la_maree": null, "caractere_permanent": null, "commentaire_sur_l_objet_hydro": "Graphe unitaire"}}, {"type": "Feature", "id": "cours_d_eau.22385", "geometry": {"type": "MultiLineString", "coordinates": [[[3.03684508, 50.63882467], [3.03684503, 50.63875737], [3.03729382, 50.6388039], [3.03780049, 50.63885669], [3.03810946, 50.63874801], [3.03922951, 50.63818498], [3.03934088, 50.63804136], [3.04046095, 50.63753216], [3.04063029, 50.63753121], [3.04254046, 50.6368925], [3.04349557, 50.63661845], [3.04462456, 50.63670151], [3.04898011, 50.63748332], [3.04932029, 50.63757113], [3.04991603, 50.63780153], [3.05004872, 50.63784007], [3.05076439, 50.63804978], [3.05099308, 50.63811789], [3.05136007, 50.63820568], [3.05218459, 50.63857777], [3.05267053, 50.63904153], [3.05275829, 50.63929187], [3.05276585, 50.63977647], [3.05247129, 50.64284577], [3.04906851, 50.64562824], [3.04844375, 50.64613732]]]}, "geometry_name": "geometrie", "properties": {"cleabs": "COURDEAU0000002000824036", "code_hydrographique": "01C0000002000824036", "toponyme": "Canal de la De\u00fble", "statut_du_toponyme": "Valid\u00e9", "importance": "5", "date_creation": "2017-01-24T15:06:18.918Z", "date_modification": "2024-09-20T06:17:19.300Z", "date_d_apparition": null, "date_de_confirmation": null, "sources": null, "identifiants_sources": null, "statut": "Valid\u00e9", "influence_de_la_maree": null, "caractere_permanent": null, "commentaire_sur_l_objet_hydro": "Graphe unitaire"}}, {"type": "Feature", "id": "cours_d_eau.38024", "geometry": {"type": "MultiLineString", "coordinates": [[[3.01959368, 50.62575395], [3.02057837, 50.62558777], [3.02086054, 50.62558593], [3.0220189, 50.62575893], [3.02298117, 50.62593286], [3.02445285, 50.62628348], [3.0256424, 50.62668978], [3.02683342, 50.62714991], [3.02705916, 50.62716601], [3.0272596, 50.62734456], [3.02779873, 50.62764688], [3.02887986, 50.6283224], [3.02959268, 50.6288562], [3.0304199, 50.62955151], [3.03207727, 50.63099506], [3.03261643, 50.63124351], [3.03266866, 50.63128657], [3.03321501, 50.63174232], [3.03338728, 50.63192087], [3.03341846, 50.63213624], [3.03504638, 50.6335977], [3.03521719, 50.63370445], [3.03642035, 50.63499011], [3.03639663, 50.63536614], [3.03668779, 50.6360104], [3.03666553, 50.63644117], [3.03672203, 50.63652282], [3.03692545, 50.63681712], [3.03693439, 50.63746236], [3.03685869, 50.63814442], [3.03684503, 50.63875737]]]}, "geometry_name": "geometrie", "properties": {"cleabs": "COURDEAU0000002000824052", "code_hydrographique": "01C0000002000824052", "toponyme": "Port de Lille", "statut_du_toponyme": "Collect\u00e9", "importance": "5", "date_creation": "2017-01-24T15:06:18.918Z", "date_modification": "2024-09-20T06:17:19.300Z", "date_d_apparition": null, "date_de_confirmation": null, "sources": null, "identifiants_sources": null, "statut": "Valid\u00e9", "influence_de_la_maree": null, "caractere_permanent": null, "commentaire_sur_l_objet_hydro": "Graphe unitaire"}}, {"type": "Feature", "id": "cours_d_eau.143475", "geometry": {"type": "MultiLineString", "coordinates": [[[2.95203673, 50.72380748], [2.9515509, 50.72334428], [2.95143781, 50.72334424], [2.95075895, 50.72369123], [2.94992948, 50.72480445], [2.95001685, 50.72507368]], [[3.01410339, 50.70355444], [3.01373601, 50.70357512], [3.01345486, 50.70373757], [3.01232749, 50.70466284], [3.01213679, 50.70490155], [3.01177378, 50.70555394]], [[3.04844375, 50.64613732], [3.04821669, 50.64632137], [3.04809258, 50.64642283], [3.04773167, 50.64685552], [3.04759509, 50.64719749], [3.04760112, 50.64761029], [3.0478376, 50.64841607], [3.04803711, 50.64892213], [3.04803434, 50.64898316], [3.04791733, 50.64913576]]]}, "geometry_name": "geometrie", "properties": {"cleabs": "COURDEAU0000002491710782", "code_hydrographique": "01C0000002491710782", "toponyme": "Canal de la De\u00fble", "statut_du_toponyme": "Valid\u00e9", "importance": "4", "date_creation": "2025-08-21T14:52:15.758Z", "date_modification": "2026-04-27T18:05:13.683Z", "date_d_apparition": null, "date_de_confirmation": null, "sources": null, "identifiants_sources": null, "statut": "Valid\u00e9", "influence_de_la_maree": null, "caractere_permanent": null, "commentaire_sur_l_objet_hydro": null}}, {"type": "Feature", "id": "cours_d_eau.76434", "geometry": {"type": "MultiLineString", "coordinates": [[[3.04351171, 50.63895892], [3.04367827, 50.63899566], [3.0442146, 50.63907893], [3.04451238, 50.63910036], [3.04465915, 50.639103], [3.04477628, 50.63910296], [3.04494987, 50.63910649], [3.04508111, 50.63910554], [3.04542965, 50.63907939], [3.04568505, 50.63904699], [3.04581204, 50.63902989], [3.04594468, 50.6390083], [3.04605333, 50.6389939], [3.04614786, 50.63897592], [3.0462565, 50.63895075], [3.04636232, 50.63893007], [3.04642582, 50.63891748], [3.04647802, 50.6389067], [3.04658666, 50.63888601], [3.04672918, 50.63886532], [3.04677856, 50.63885633], [3.04693802, 50.63885268], [3.04703541, 50.63886341], [3.04710035, 50.6388939], [3.04715684, 50.63894234], [3.04718653, 50.63899617], [3.04720777, 50.63907514], [3.04721658, 50.63943948], [3.0472096, 50.63952205], [3.04719472, 50.6402014], [3.04719621, 50.64028755], [3.04721745, 50.64036472], [3.0472514, 50.64044548], [3.04726416, 50.64051188], [3.04730092, 50.64057738], [3.04733061, 50.6406348], [3.04738006, 50.64069671], [3.04755099, 50.64087433], [3.04768659, 50.64100081], [3.04778829, 50.64109949], [3.04788717, 50.64119099], [3.04802418, 50.64131568], [3.04815269, 50.64140178], [3.04826853, 50.64152199], [3.04838018, 50.64168527], [3.04838306, 50.64174989], [3.04838736, 50.64181899], [3.04836766, 50.64186925], [3.04827314, 50.64191685], [3.04807703, 50.64196987], [3.04719653, 50.64212905], [3.04654606, 50.64227827], [3.04631327, 50.64236182], [3.04588158, 50.64253607], [3.04569115, 50.64264653], [3.04512277, 50.64307121]], [[3.04512277, 50.64307121], [3.04505084, 50.6431197], [3.04453607, 50.64352552], [3.0444867, 50.64355515], [3.04442743, 50.64357042], [3.04436392, 50.64357045], [3.04429194, 50.6435615], [3.04421006, 50.6435355], [3.04413946, 50.64349963], [3.04409568, 50.64346465], [3.04348261, 50.6428286], [3.04310838, 50.6425595], [3.04297987, 50.6424716], [3.04273843, 50.64234425], [3.04246029, 50.64221243], [3.04219913, 50.64212188], [3.04210173, 50.64209499], [3.04202691, 50.64207168], [3.04191821, 50.64203672], [3.04178975, 50.64200176], [3.04133946, 50.64189063], [3.04124347, 50.64186913], [3.04110232, 50.64183597], [3.04097246, 50.64180819], [3.04087647, 50.64178669], [3.04077625, 50.64176159], [3.04070144, 50.64174187], [3.04062521, 50.64171946], [3.04056026, 50.64168538], [3.0405433, 50.64165308], [3.04054326, 50.64160641], [3.0405517, 50.64157141], [3.04059259, 50.64152204], [3.04063913, 50.64147895], [3.04071529, 50.6414197], [3.04079568, 50.64135595], [3.04089863, 50.64127156], [3.04100583, 50.64119614], [3.04110175, 50.64113778], [3.04123292, 50.6410471], [3.0412978, 50.64099592], [3.04135562, 50.64094744], [3.04140356, 50.64089538], [3.04144726, 50.64083344], [3.04150224, 50.64076881], [3.04156287, 50.64070417], [3.04159389, 50.64067096], [3.04185614, 50.64038011], [3.04189844, 50.64032715], [3.04194073, 50.64027418], [3.04201111, 50.64005788], [3.04204907, 50.63988826], [3.04206033, 50.63984787], [3.04207154, 50.63975453], [3.0420785, 50.63963607], [3.04214983, 50.63887863], [3.04217235, 50.63880593], [3.04221183, 50.63876015], [3.04226261, 50.63873949], [3.04233316, 50.63872331], [3.0424009, 50.63872508], [3.0424757, 50.63873224], [3.04351171, 50.63895892]], [[3.04512277, 50.64307121], [3.04578055, 50.64318674], [3.04586531, 50.64327196], [3.04585549, 50.64333299], [3.04438438, 50.64436016], [3.04420233, 50.64437818], [3.04283083, 50.64311779], [3.04267415, 50.64308913], [3.0417569, 50.64322046], [3.04163545, 50.64312986], [3.04164194, 50.64244962], [3.04127498, 50.64242103], [3.0397928, 50.64203383], [3.03931288, 50.64192719], [3.03924785, 50.64178272], [3.03978521, 50.64135808], [3.04076684, 50.64059854], [3.04076532, 50.64046483], [3.04033303, 50.63990947], [3.04039648, 50.63984214], [3.04130798, 50.6396462], [3.04146159, 50.63939577], [3.04148888, 50.63826322], [3.04154946, 50.63814564], [3.0418529, 50.63818681], [3.04339985, 50.63851743], [3.04371319, 50.63858463], [3.04375698, 50.63863218], [3.04351171, 50.63895892]]]}, "geometry_name": "geometrie", "properties": {"cleabs": "COURDEAU0000002000824035", "code_hydrographique": "01C0000002000824035", "toponyme": "Citadelle", "statut_du_toponyme": "Collect\u00e9", "importance": "5", "date_creation": "2017-01-24T15:06:18.918Z", "date_modification": "2024-09-20T06:17:19.300Z", "date_d_apparition": null, "date_de_confirmation": null, "sources": null, "identifiants_sources": null, "statut": "Valid\u00e9", "influence_de_la_maree": null, "caractere_permanent": null, "commentaire_sur_l_objet_hydro": "Graphe unitaire"}}, {"type": "Feature", "id": "cours_d_eau.144291", "geometry": {"type": "MultiLineString", "coordinates": [[[3.01177378, 50.70555394], [3.01115074, 50.70609509], [3.01041747, 50.70673226], [3.01010947, 50.70702122], [3.00968135, 50.70733263], [3.00953724, 50.70743853], [3.00946659, 50.70749058], [3.00918825, 50.70776159], [3.00879686, 50.7080685], [3.00834752, 50.70830363], [3.0074785, 50.70877479], [3.00660662, 50.70912031], [3.00635084, 50.70920916], [3.00534187, 50.70955826], [3.00497586, 50.7096498], [3.00438233, 50.70972431], [3.00350898, 50.70990918], [3.00170575, 50.71022328], [3.00105567, 50.71017304], [3.00026568, 50.71026726], [2.99933579, 50.71045121], [2.99857406, 50.71054543], [2.997842, 50.71072847], [2.997223, 50.7109474], [2.9969997, 50.71109187], [2.99643722, 50.71129196], [2.99385506, 50.71261541], [2.99214204, 50.71343187], [2.99067918, 50.71394145], [2.98803188, 50.7145837], [2.98716117, 50.71498292], [2.98614487, 50.71536417], [2.9856148, 50.71556421], [2.98381261, 50.71602252], [2.97995233, 50.71692197], [2.97944628, 50.71703584], [2.97831828, 50.7172887], [2.97690188, 50.71762942], [2.97603677, 50.71783833], [2.97471362, 50.71820417], [2.97350349, 50.71862297], [2.97237955, 50.71907766], [2.97044117, 50.71996645], [2.970403, 50.71998529], [2.96979501, 50.72029202], [2.96926193, 50.72061761], [2.96889715, 50.72076289], [2.96809119, 50.72117006], [2.96721169, 50.7216149], [2.96628556, 50.72201395], [2.96513043, 50.72239679], [2.96440093, 50.72254463], [2.96332646, 50.72276506], [2.96267898, 50.72285819], [2.96236798, 50.72287694], [2.96154811, 50.72288117], [2.96154104, 50.72288117], [2.96095441, 50.72288458], [2.96010499, 50.72270933], [2.95968226, 50.72280072], [2.95917474, 50.72285709], [2.9586362, 50.72282461], [2.95728059, 50.72283133], [2.95674343, 50.72283383], [2.95598146, 50.72289099], [2.95474018, 50.72307719], [2.9538947, 50.72326083], [2.95217809, 50.72380753], [2.95203673, 50.72380748], [2.95181181, 50.7239707], [2.95161522, 50.72407382], [2.95105373, 50.72436881], [2.95057704, 50.7246764], [2.95038175, 50.72489257], [2.95001685, 50.72507368], [2.94993332, 50.72519927], [2.94948491, 50.72548892], [2.94900956, 50.72584944], [2.94814617, 50.72687649], [2.94758705, 50.72756], [2.94655936, 50.72882207], [2.94566618, 50.72984819], [2.94565202, 50.72986703], [2.94519333, 50.73044289], [2.94481403, 50.73080793], [2.94384773, 50.73142214]], [[3.01410339, 50.70355444], [3.01373601, 50.70357512], [3.01345486, 50.70373757], [3.01232749, 50.70466284], [3.01213679, 50.70490155], [3.01177378, 50.70555394]], [[3.01410339, 50.70355444], [3.01410485, 50.70373391], [3.01394522, 50.70386853], [3.01394381, 50.70386942], [3.01282633, 50.704792], [3.01282492, 50.7047929], [3.01254802, 50.70501547], [3.01177378, 50.70555394]], [[3.08107744, 50.38945427], [3.08082926, 50.38968964], [3.08069354, 50.38999496], [3.08058908, 50.39053457], [3.08053728, 50.39063336], [3.08017889, 50.39132665], [3.07987459, 50.39159706], [3.07921488, 50.39447294], [3.07906037, 50.39535282], [3.07923204, 50.39556727], [3.07931802, 50.39576471], [3.07930157, 50.39601968], [3.07929611, 50.39612382], [3.07890153, 50.39795635], [3.07880217, 50.39818713], [3.07863004, 50.39858583], [3.07853374, 50.39897461], [3.07836486, 50.39966417], [3.07836944, 50.39989758], [3.07836108, 50.39993978], [3.07830813, 50.40020913], [3.07829001, 50.40030161], [3.07816047, 50.40100281], [3.07794837, 50.40190157], [3.07767991, 50.40269264], [3.07726952, 50.40344878], [3.07699476, 50.40380894], [3.0764111, 50.4042438], [3.07618952, 50.40447824], [3.07599751, 50.40476653], [3.07572587, 50.40534214], [3.07525311, 50.4057482], [3.07364536, 50.40713165], [3.07309825, 50.40764188], [3.07300847, 50.40772722], [3.07009716, 50.41025778], [3.0696004, 50.41065036], [3.06881876, 50.41127022], [3.06818017, 50.41172212], [3.06717797, 50.41237441], [3.06698436, 50.41257291], [3.0661787, 50.41313442], [3.06406328, 50.41451083], [3.06367441, 50.41474623], [3.06295005, 50.415217], [3.06108725, 50.41650255], [3.06005819, 50.41717185], [3.05950085, 50.41755275], [3.05904869, 50.41776662], [3.05858108, 50.41798857], [3.05731569, 50.41846854], [3.05704464, 50.4185719], [3.0552553, 50.41919213], [3.05422303, 50.41961092], [3.05398284, 50.41968015], [3.05301925, 50.41995885], [3.04997266, 50.42099966], [3.04840641, 50.42145722], [3.0465872, 50.42191664], [3.04400932, 50.42253251], [3.04326893, 50.4226782], [3.04252429, 50.42278528], [3.0425004, 50.42278888], [3.04187801, 50.42289861], [3.04132583, 50.42295895], [3.04062751, 50.42302202], [3.0392547, 50.42306824], [3.03890343, 50.42308451], [3.03867861, 50.42309446], [3.03746479, 50.42342878], [3.03708266, 50.42353392], [3.03648697, 50.42368132], [3.0360121, 50.42379906], [3.03528435, 50.42398868], [3.03479263, 50.42412348], [3.03382468, 50.42447205], [3.03303935, 50.42474247], [3.03273872, 50.42487182], [3.03062019, 50.42576378], [3.02990932, 50.42606288], [3.02826133, 50.42672577], [3.02473758, 50.42807127], [3.02282531, 50.42884904], [3.02047883, 50.42985756], [3.01879828, 50.43055354], [3.01711769, 50.43124859], [3.01543705, 50.43194362], [3.015215, 50.43194994], [3.01484402, 50.4320981], [3.01258995, 50.43300501], [3.01242553, 50.4330544], [3.01187604, 50.43322322], [3.01020924, 50.43353666], [3.00854383, 50.43384918], [3.00687699, 50.43416258], [3.00246947, 50.43513584], [2.99999438, 50.43576873], [2.99791418, 50.43650391], [2.99732805, 50.43683335], [2.99497922, 50.43847514], [2.98676201, 50.44422235], [2.98259576, 50.44710336], [2.9770494, 50.45093818], [2.97533779, 50.45212187], [2.97478078, 50.45259572], [2.9745346, 50.45286048], [2.97379322, 50.45366643], [2.97258592, 50.45538877], [2.97207935, 50.45609961], [2.97152627, 50.45694866], [2.97125465, 50.45737499], [2.96979372, 50.45967623], [2.969294, 50.46053157], [2.96717399, 50.46400762], [2.9671585, 50.46403365], [2.96676149, 50.46468254], [2.96608732, 50.46549293], [2.96516693, 50.46640648], [2.9641918, 50.4671297], [2.96316327, 50.46775146], [2.96204476, 50.46830677], [2.96038183, 50.46898845], [2.95736998, 50.46975493], [2.95621653, 50.46992149], [2.95575515, 50.46998775], [2.95436831, 50.47005008], [2.95294358, 50.47001275], [2.94984686, 50.4696812], [2.9465731, 50.46921395], [2.94512602, 50.4690697], [2.94099576, 50.46865847], [2.93632934, 50.46855024], [2.93328732, 50.46847593], [2.93069123, 50.46834614], [2.92758467, 50.4681747], [2.92646805, 50.46812288], [2.92329399, 50.46796386], [2.92142917, 50.46790794], [2.92043616, 50.46795936], [2.92036161, 50.46796291], [2.91925604, 50.46804118], [2.91674665, 50.46824688], [2.91424005, 50.46845252], [2.91173343, 50.46865811], [2.90982321, 50.46881382], [2.9072701, 50.46903904], [2.90471838, 50.4692633], [2.90414445, 50.46931403], [2.90216523, 50.46948841], [2.89961346, 50.46971347], [2.89726141, 50.46992608], [2.89491216, 50.47013864], [2.89256289, 50.47035026], [2.89021359, 50.47056274], [2.88829474, 50.47074503], [2.8870664, 50.47095217], [2.88524624, 50.4716336], [2.8846996, 50.47203075], [2.88413041, 50.47244582], [2.88326418, 50.47357154], [2.88219967, 50.47586399], [2.88134135, 50.47777423], [2.88120774, 50.47835756], [2.88084838, 50.48279777], [2.88080197, 50.48338388], [2.88078761, 50.48350953], [2.88060625, 50.48523728], [2.88049804, 50.48637087], [2.88039124, 50.48750536], [2.88028302, 50.48863984], [2.88025417, 50.48893693], [2.88005501, 50.49103446], [2.87997271, 50.49191404], [2.87993083, 50.4923664], [2.87975524, 50.49459858], [2.87968746, 50.49587761], [2.87966977, 50.4962142], [2.87967928, 50.49635603], [2.87972036, 50.4968309], [2.87975771, 50.49710112], [2.8797911, 50.49726092], [2.87996324, 50.49825115], [2.88013397, 50.49924227], [2.88030613, 50.50023159], [2.88066616, 50.502116], [2.88100118, 50.50387472], [2.88102481, 50.50400041], [2.88110824, 50.50443134], [2.88138208, 50.50588391], [2.8817422, 50.50776561], [2.88174219, 50.5077683], [2.88193674, 50.50883752], [2.88202568, 50.5093232], [2.88231201, 50.5108781], [2.88259695, 50.51243299], [2.88288331, 50.51398878], [2.88301778, 50.51427344], [2.88334558, 50.51496758], [2.88384032, 50.51591768], [2.88468265, 50.51754668], [2.88542527, 50.519093], [2.88587617, 50.52016333], [2.88591238, 50.5203339], [2.88598063, 50.52066068], [2.88615471, 50.52088344], [2.88631474, 50.52108734], [2.88677376, 50.52169452], [2.88741665, 50.52319136], [2.88754967, 50.52352089], [2.88764208, 50.52375075], [2.88809083, 50.52456256], [2.88874051, 50.52556932], [2.88897832, 50.52627592], [2.88945499, 50.52657524], [2.89040807, 50.52729953], [2.89108806, 50.52800472], [2.89207717, 50.52902342], [2.89428553, 50.53083571], [2.8950067, 50.53141974], [2.89561403, 50.53191032], [2.89624947, 50.53242516], [2.89867917, 50.53426447], [2.9004312, 50.53561672], [2.90178531, 50.53668948], [2.90237303, 50.53719078], [2.90284117, 50.53762377], [2.90420593, 50.53907707], [2.90453202, 50.53942467], [2.90615829, 50.54117704], [2.90701449, 50.54201509], [2.90869225, 50.54342818], [2.9088555, 50.54350729], [2.90928615, 50.54370506], [2.9102137, 50.54408719], [2.91147202, 50.54460957], [2.91185352, 50.54473281], [2.91300244, 50.54500647], [2.91595926, 50.5457077], [2.91614373, 50.54574642], [2.91846722, 50.54616802], [2.91890799, 50.5462446], [2.92017397, 50.54646711], [2.92063587, 50.54654909], [2.92185676, 50.5467931], [2.9232478, 50.54723466], [2.92554414, 50.54800884], [2.92868109, 50.54908773], [2.92921473, 50.54927204], [2.93092547, 50.54986268], [2.93208289, 50.55026273], [2.93337271, 50.55069065], [2.9340134, 50.55090282], [2.93594256, 50.55154287], [2.93787176, 50.5521838], [2.94032905, 50.55304125], [2.94072194, 50.55317876], [2.94412823, 50.55461999], [2.94545609, 50.55523987], [2.9471642, 50.55603762], [2.94751343, 50.55620112], [2.94963845, 50.55718659], [2.95081149, 50.55778302], [2.95207466, 50.55844948], [2.95302929, 50.55913106], [2.95387394, 50.55992659], [2.95461019, 50.56065206], [2.9553577, 50.56141612], [2.95602357, 50.56209758], [2.95661485, 50.56270182], [2.95739618, 50.56352511], [2.95795243, 50.56394355], [2.95917204, 50.56476429], [2.9608354, 50.56580684], [2.96245517, 50.56682153], [2.96301717, 50.56717981], [2.9639609, 50.56778322], [2.96489479, 50.56837944], [2.96665122, 50.56968849], [2.96758235, 50.57030084], [2.96896008, 50.57118345], [2.96944751, 50.5714959], [2.97084233, 50.57219001], [2.9723075, 50.57316324], [2.97377548, 50.57424955], [2.97464054, 50.57486182], [2.97611129, 50.57628376], [2.97714545, 50.57709799], [2.9777498, 50.57780264], [2.9780509, 50.57902868], [2.97827885, 50.57993609], [2.97828025, 50.57994147], [2.97836752, 50.58024215], [2.97843073, 50.58074386], [2.9784389, 50.58140801], [2.97856534, 50.58241143], [2.97856804, 50.58268068], [2.97854395, 50.58298582], [2.97854804, 50.58330892], [2.97849713, 50.58370381], [2.97849985, 50.583921], [2.97850123, 50.58399101], [2.97837253, 50.58497823], [2.97837659, 50.58535517], [2.97796502, 50.58844336], [2.97797321, 50.58905365], [2.97812785, 50.59005707], [2.97842344, 50.5911682], [2.97871224, 50.591687], [2.97934351, 50.59256305], [2.98060337, 50.59408089], [2.98117973, 50.59491294], [2.98203937, 50.59615518], [2.98261433, 50.59708504], [2.9829032, 50.59762177], [2.98304971, 50.59803373], [2.98316799, 50.59851749], [2.98317211, 50.59884058], [2.98324116, 50.59898777], [2.98337502, 50.5992696], [2.98318449, 50.59977305], [2.98319824, 50.60081412], [2.98306411, 50.60131669], [2.98293269, 50.60212529], [2.98293822, 50.60246543], [2.98282676, 50.60262786], [2.98269398, 50.60327491], [2.98275589, 50.60366891], [2.98251031, 50.6042621], [2.9822743, 50.60568096], [2.98230525, 50.60589635], [2.98229536, 50.60594751], [2.98219928, 50.60645277], [2.98211603, 50.6065784], [2.98212016, 50.60686559], [2.98210746, 50.60688892], [2.98198325, 50.6071716], [2.98169631, 50.60893148], [2.98178366, 50.60919983], [2.98180286, 50.61070667], [2.98194804, 50.61095708], [2.98206911, 50.61160237], [2.98250458, 50.61262284], [2.98293734, 50.61335612], [2.98328136, 50.6137672], [2.98370863, 50.6141056], [2.9837396, 50.61430304], [2.9838834, 50.6145355], [2.98448269, 50.6151243], [2.98496779, 50.61554437], [2.98522444, 50.61576607], [2.98548247, 50.61614213], [2.986024, 50.61656938], [2.98659238, 50.61690778], [2.9895287, 50.61936797], [2.99055412, 50.62008062], [2.99100969, 50.62049079], [2.99166139, 50.62070263], [2.99234271, 50.62103922], [2.99325115, 50.62142966], [2.99458281, 50.62192511], [2.9949792, 50.62211987], [2.99625307, 50.62247171], [2.99667629, 50.62248788], [2.99683429, 50.62252647], [2.99702051, 50.62257225], [2.99882766, 50.62301472], [3.00142911, 50.62361061], [3.00168305, 50.62360882], [3.00210912, 50.62380445], [3.00508029, 50.62454206], [3.0055346, 50.62479063], [3.00700612, 50.62514146], [3.00839016, 50.62531368], [3.00952025, 50.62539706], [3.01002958, 50.62550202], [3.01059391, 50.62553428], [3.01090288, 50.62549656], [3.0112429, 50.62554858], [3.01166615, 50.6255647], [3.0126241, 50.62555922], [3.01316022, 50.62557442], [3.01377955, 50.62548102], [3.01448497, 50.62551325], [3.0153879, 50.62550865], [3.01668444, 50.62548335], [3.01753094, 50.62547875], [3.01806704, 50.62544008], [3.01874425, 50.62547229], [3.01913931, 50.62555928], [3.01959368, 50.62575395], [3.01945839, 50.62614975], [3.01948952, 50.62638307], [3.01949799, 50.62640371], [3.01992587, 50.62738544], [3.01996424, 50.62808454], [3.01922365, 50.62842299], [3.01902906, 50.62872545], [3.0192578, 50.62919298], [3.01973062, 50.62958149], [3.020027, 50.62979324], [3.02007216, 50.62982464], [3.02026834, 50.62994666], [3.02083992, 50.63030464], [3.0214948, 50.63074966], [3.02351155, 50.63176069], [3.02402246, 50.63200918], [3.02456304, 50.63234741], [3.02510651, 50.63281037], [3.02599457, 50.63380992], [3.0266228, 50.63438055], [3.02909287, 50.63556909], [3.03068363, 50.63629562], [3.0313922, 50.63657903], [3.03213191, 50.63700511], [3.03267407, 50.63743304], [3.03307511, 50.63784306], [3.03352972, 50.63816332], [3.0338699, 50.63828707], [3.03423828, 50.63837491], [3.03559603, 50.63863658], [3.03624812, 50.63879434], [3.03647533, 50.63881312], [3.03684508, 50.63882467], [3.03690327, 50.63927516], [3.03673837, 50.63956238], [3.03680079, 50.64001107], [3.03671909, 50.64022648], [3.03667011, 50.64078289], [3.03667752, 50.6412675], [3.03670876, 50.64153671], [3.03685735, 50.64209217], [3.03709061, 50.64262875], [3.03752296, 50.64327207], [3.03803996, 50.64387946], [3.03864019, 50.64441413], [3.03906662, 50.64466258], [3.04026118, 50.64533795], [3.04188069, 50.64611817], [3.04196687, 50.64622493], [3.04259241, 50.64656214], [3.04293267, 50.64668587], [3.04324323, 50.64673781], [3.04325452, 50.64674319], [3.04372612, 50.64695033], [3.04449436, 50.64743017], [3.04631458, 50.6483637], [3.0463993, 50.64840675], [3.04693726, 50.64860039], [3.0474202, 50.64883084], [3.04773373, 50.64902635], [3.04791733, 50.64913576], [3.04887205, 50.64970165], [3.04926883, 50.64984329], [3.04975322, 50.65009168], [3.05057807, 50.65060735], [3.05111905, 50.6509625], [3.05183092, 50.65140732], [3.05226048, 50.6518352], [3.05306013, 50.65249445], [3.05343017, 50.65268993], [3.05442903, 50.65349087], [3.05474265, 50.65370432], [3.05525548, 50.6540783], [3.05565687, 50.65452413], [3.05605667, 50.65479138], [3.05637037, 50.65507661], [3.0567153, 50.65550541], [3.05711519, 50.65584354], [3.05771415, 50.65619864], [3.0583163, 50.65685884], [3.05860489, 50.6573783], [3.05884461, 50.65834557], [3.05885377, 50.65893695], [3.0588271, 50.6590626], [3.05889273, 50.65965485], [3.05903701, 50.6598872], [3.05975223, 50.66060029], [3.05990919, 50.660812], [3.05992474, 50.66083263], [3.06021631, 50.66144092], [3.06038883, 50.66167326], [3.06062393, 50.66228158], [3.060627, 50.662479], [3.06101105, 50.66366067], [3.06130121, 50.66425101], [3.0620242, 50.66546661], [3.06231584, 50.66609284], [3.06318771, 50.66775614], [3.06348095, 50.668508], [3.06351233, 50.66875925], [3.06365663, 50.66897365], [3.06372081, 50.66947525], [3.063724, 50.66976241], [3.06370031, 50.67001369], [3.06317615, 50.67091403], [3.0627319, 50.67136474], [3.06228933, 50.67203171], [3.06204287, 50.67257116], [3.06202229, 50.67305575], [3.06174756, 50.67357726], [3.06174919, 50.67375674], [3.06124996, 50.67431605], [3.06114009, 50.67454942], [3.06086376, 50.67492824], [3.06061115, 50.67507284], [3.06019673, 50.67572095], [3.05978536, 50.67656737], [3.05970675, 50.67696225], [3.0593297, 50.67818375], [3.0592721, 50.67844401], [3.05923839, 50.67859927], [3.05906419, 50.67938724], [3.05920855, 50.67963844], [3.0594514, 50.68076721], [3.0594545, 50.68099962], [3.05960346, 50.68155502], [3.05946675, 50.68180724], [3.05952637, 50.68205758], [3.05945078, 50.68263282], [3.05917762, 50.68335174], [3.0589028, 50.68387324], [3.05804388, 50.68497291], [3.05743305, 50.68565788], [3.05681773, 50.68612837], [3.05645348, 50.68629186], [3.0558931, 50.68665375], [3.05544561, 50.6869079], [3.05530592, 50.68705154], [3.05496993, 50.68723295], [3.05474396, 50.68727074], [3.0545492, 50.68743325], [3.05363484, 50.68835523], [3.05354736, 50.68844321], [3.05312667, 50.68869734], [3.05287691, 50.6889496], [3.05254397, 50.68936432], [3.05212479, 50.68972523], [3.05190329, 50.68999543], [3.05159704, 50.6902845], [3.05126102, 50.69046591], [3.05092653, 50.69077294], [3.05031108, 50.69124251], [3.04932975, 50.69173285], [3.04896395, 50.69182453], [3.04828736, 50.69191811], [3.04668288, 50.69228574], [3.04614606, 50.69228953], [3.04561071, 50.69236421], [3.04529991, 50.69236612], [3.04459506, 50.6924597], [3.04360765, 50.69255517], [3.04214138, 50.69270643], [3.04059036, 50.69287654], [3.03935013, 50.69306359], [3.03830909, 50.69324877], [3.03661832, 50.69361719], [3.03592197, 50.69379686], [3.03484564, 50.69407535], [3.03380327, 50.69443368], [3.03209138, 50.69502369], [3.03029185, 50.69562626], [3.02958985, 50.69589922], [3.02815464, 50.69626567], [3.02666144, 50.69654327], [3.0249761, 50.69686039], [3.02421041, 50.69700501], [3.02350689, 50.69716487], [3.02347864, 50.69717116], [3.0228599, 50.69735343], [3.02190356, 50.69771793], [3.02099386, 50.6981524], [3.02067885, 50.69831487], [3.02041755, 50.69849707], [3.02011107, 50.69880401], [3.02000096, 50.69903734], [3.01958, 50.69923751], [3.01904887, 50.69956333], [3.01796267, 50.70047788], [3.01720555, 50.70111599], [3.01626195, 50.70190219], [3.01469111, 50.7032107], [3.01452016, 50.70331032], [3.01410339, 50.70355444]]]}, "geometry_name": "geometrie", "properties": {"cleabs": "COURDEAU0000002000826166", "code_hydrographique": "01C0000002000826166", "toponyme": "Canal de la De\u00fble", "statut_du_toponyme": "Valid\u00e9", "importance": "5", "date_creation": "2017-01-24T15:06:18.918Z", "date_modification": "2026-06-19T18:05:10.935Z", "date_d_apparition": null, "date_de_confirmation": null, "sources": null, "identifiants_sources": null, "statut": "Valid\u00e9", "influence_de_la_maree": null, "caractere_permanent": null, "commentaire_sur_l_objet_hydro": "Graphe unitaire"}}], "totalFeatures": 6, "numberMatched": 6, "numberReturned": 6, "timeStamp": "2026-09-21T10:18:19.667Z", "crs": {"type": "name", "properties": {"name": "urn:ogc:def:crs:EPSG::4326"}}}