<?xml version="1.0" encoding="UTF-8"?>
<osm version="0.6" generator="openstreetmap-cgimap 2.1.0 (621306 spike-08.openstreetmap.org)" copyright="OpenStreetMap and contributors" attribution="http://www.openstreetmap.org/copyright" license="http://opendatacommons.org/licenses/odbl/1-0/">
 <bounds minlat="44.7288700" minlon="2.6759900" maxlat="44.7398900" maxlon="2.6993800"/>
 <node id="379050566" visible="true" version="1" changeset="879459" timestamp="2009-04-21T13:06:48Z" user="petrovsk" uid="90394" lat="44.7197683" lon="2.7150313"/>
 <node id="379050613" visible="true" version="1" changeset="879459" timestamp="2009-04-21T13:06:49Z" user="petrovsk" uid="90394" lat="44.7237486" lon="2.6917092"/>
 <node id="379051277" visible="true" version="1" changeset="879459" timestamp="2009-04-21T13:07:02Z" user="petrovsk" uid="90394" lat="44.7254442" lon="2.6911870"/>
 <node id="379052298" visible="true" version="1" changeset="879459" timestamp="2009-04-21T13:07:17Z" user="petrovsk" uid="90394" lat="44.7284412" lon="2.6993636"/>
 <node id="379052761" visible="true" version="1" changeset="879459" timestamp="2009-04-21T13:07:30Z" user="petrovsk" uid="90394" lat="44.7237151" lon="2.7107293"/>
 <node id="379052771" visible="true" version="1" changeset="879459" timestamp="2009-04-21T13:07:30Z" user="petrovsk" uid="90394" lat="44.7271044" lon="2.7082600"/>
 <node id="379053276" visible="true" version="1" changeset="879459" timestamp="2009-04-21T13:07:45Z" user="petrovsk" uid="90394" lat="44.7133998" lon="2.7215060"/>
 <node id="379053622" visible="true" version="1" changeset="879459" timestamp="2009-04-21T13:07:56Z" user="petrovsk" uid="90394" lat="44.7265387" lon="2.7009793"/>
 <node id="379053678" visible="true" version="1" changeset="879459" timestamp="2009-04-21T13:07:58Z" user="petrovsk" uid="90394" lat="44.7141374" lon="2.7195129"/>
 <node id="379053813" visible="true" version="1" changeset="879459" timestamp="2009-04-21T13:08:02Z" user="petrovsk" uid="90394" lat="44.7223095" lon="2.7106838"/>
 <node id="379053875" visible="true" version="1" changeset="879459" timestamp="2009-04-21T13:08:04Z" user="petrovsk" uid="90394" lat="44.7151567" lon="2.7185902"/>
 <node id="379054124" visible="true" version="1" changeset="879459" timestamp="2009-04-21T13:08:12Z" user="petrovsk" uid="90394" lat="44.7150721" lon="2.7185731"/>
 <node id="379054351" visible="true" version="1" changeset="879459" timestamp="2009-04-21T13:08:18Z" user="petrovsk" uid="90394" lat="44.7301668" lon="2.7001509"/>
 <node id="379055221" visible="true" version="1" changeset="879459" timestamp="2009-04-21T13:08:32Z" user="petrovsk" uid="90394" lat="44.7167988" lon="2.7177718"/>
 <node id="379055284" visible="true" version="1" changeset="879459" timestamp="2009-04-21T13:08:33Z" user="petrovsk" uid="90394" lat="44.7219559" lon="2.6927265"/>
 <node id="379056006" visible="true" version="1" changeset="879459" timestamp="2009-04-21T13:08:43Z" user="petrovsk" uid="90394" lat="44.7300025" lon="2.6926543"/>
 <node id="379056075" visible="true" version="1" changeset="879459" timestamp="2009-04-21T13:08:44Z" user="petrovsk" uid="90394" lat="44.7256773" lon="2.6902731"/>
 <node id="379056155" visible="true" version="1" changeset="879459" timestamp="2009-04-21T13:08:45Z" user="petrovsk" uid="90394" lat="44.7225331" lon="2.7108895"/>
 <node id="379056241" visible="true" version="1" changeset="879459" timestamp="2009-04-21T13:08:47Z" user="petrovsk" uid="90394" lat="44.7143516" lon="2.7191029"/>
 <node id="379056249" visible="true" version="1" changeset="879459" timestamp="2009-04-21T13:08:47Z" user="petrovsk" uid="90394" lat="44.7198374" lon="2.7149359"/>
 <node id="379056495" visible="true" version="1" changeset="879459" timestamp="2009-04-21T13:08:51Z" user="petrovsk" uid="90394" lat="44.7232178" lon="2.7111113"/>
 <node id="379056517" visible="true" version="1" changeset="879459" timestamp="2009-04-21T13:08:51Z" user="petrovsk" uid="90394" lat="44.7133797" lon="2.7218031"/>
 <node id="379056888" visible="true" version="1" changeset="879459" timestamp="2009-04-21T13:08:56Z" user="petrovsk" uid="90394" lat="44.7284839" lon="2.6993599"/>
 <node id="379057717" visible="true" version="1" changeset="879459" timestamp="2009-04-21T13:09:16Z" user="petrovsk" uid="90394" lat="44.7280338" lon="2.7008984"/>
 <node id="379058101" visible="true" version="1" changeset="879459" timestamp="2009-04-21T13:09:27Z" user="petrovsk" uid="90394" lat="44.7215854" lon="2.7129661"/>
 <node id="379058429" visible="true" version="1" changeset="879459" timestamp="2009-04-21T13:09:36Z" user="petrovsk" uid="90394" lat="44.7256607" lon="2.6900996"/>
 <node id="379058855" visible="true" version="1" changeset="879459" timestamp="2009-04-21T13:09:43Z" user="petrovsk" uid="90394" lat="44.7257544" lon="2.7023838"/>
 <node id="379059578" visible="true" version="1" changeset="879459" timestamp="2009-04-21T13:10:00Z" user="petrovsk" uid="90394" lat="44.7220902" lon="2.7111566"/>
 <node id="379059725" visible="true" version="1" changeset="879459" timestamp="2009-04-21T13:10:05Z" user="petrovsk" uid="90394" lat="44.7258366" lon="2.7021264"/>
 <node id="379060217" visible="true" version="2" changeset="124732479" timestamp="2022-08-10T13:35:50Z" user="Yod4z" uid="318821" lat="44.7250627" lon="2.6915394"/>
 <node id="379060452" visible="true" version="1" changeset="879459" timestamp="2009-04-21T13:10:20Z" user="petrovsk" uid="90394" lat="44.7152814" lon="2.7185465"/>
 <node id="379060685" visible="true" version="1" changeset="879459" timestamp="2009-04-21T13:10:26Z" user="petrovsk" uid="90394" lat="44.7194922" lon="2.7154677"/>
 <node id="379060766" visible="true" version="1" changeset="879459" timestamp="2009-04-21T13:10:29Z" user="petrovsk" uid="90394" lat="44.7293256" lon="2.6921434"/>
 <node id="379061110" visible="true" version="1" changeset="879459" timestamp="2009-04-21T13:10:41Z" user="petrovsk" uid="90394" lat="44.7269162" lon="2.7102201"/>
 <node id="379061617" visible="true" version="1" changeset="879459" timestamp="2009-04-21T13:10:57Z" user="petrovsk" uid="90394" lat="44.7288494" lon="2.6998871"/>
 <node id="379061687" visible="true" version="1" changeset="879459" timestamp="2009-04-21T13:11:00Z" user="petrovsk" uid="90394" lat="44.7224783" lon="2.7108583"/>
 <node id="379061739" visible="true" version="1" changeset="879459" timestamp="2009-04-21T13:11:01Z" user="petrovsk" uid="90394" lat="44.7309689" lon="2.7003020"/>
 <node id="379061793" visible="true" version="1" changeset="879459" timestamp="2009-04-21T13:11:03Z" user="petrovsk" uid="90394" lat="44.7141555" lon="2.7193373"/>
 <node id="379062015" visible="true" version="1" changeset="879459" timestamp="2009-04-21T13:11:10Z" user="petrovsk" uid="90394" lat="44.7284868" lon="2.6916014"/>
 <node id="379062483" visible="true" version="1" changeset="879459" timestamp="2009-04-21T13:11:19Z" user="petrovsk" uid="90394" lat="44.7232585" lon="2.7110921"/>
 <node id="379063630" visible="true" version="1" changeset="879459" timestamp="2009-04-21T13:11:52Z" user="petrovsk" uid="90394" lat="44.7142162" lon="2.7191768"/>
 <node id="379063710" visible="true" version="1" changeset="879459" timestamp="2009-04-21T13:11:54Z" user="petrovsk" uid="90394" lat="44.7142754" lon="2.7191264"/>
 <node id="379064055" visible="true" version="1" changeset="879459" timestamp="2009-04-21T13:12:04Z" user="petrovsk" uid="90394" lat="44.7283865" lon="2.6997798"/>
 <node id="379064517" visible="true" version="1" changeset="879459" timestamp="2009-04-21T13:12:20Z" user="petrovsk" uid="90394" lat="44.7275629" lon="2.7009166"/>
 <node id="379065080" visible="true" version="1" changeset="879459" timestamp="2009-04-21T13:12:40Z" user="petrovsk" uid="90394" lat="44.7261191" lon="2.7014646"/>
 <node id="379065409" visible="true" version="1" changeset="879459" timestamp="2009-04-21T13:12:51Z" user="petrovsk" uid="90394" lat="44.7256658" lon="2.7037596"/>
 <node id="379065487" visible="true" version="1" changeset="879459" timestamp="2009-04-21T13:12:53Z" user="petrovsk" uid="90394" lat="44.7272547" lon="2.7091209"/>
 <node id="379066588" visible="true" version="1" changeset="879459" timestamp="2009-04-21T13:13:29Z" user="petrovsk" uid="90394" lat="44.7250729" lon="2.6921520"/>
 <node id="379066603" visible="true" version="1" changeset="879459" timestamp="2009-04-21T13:13:29Z" user="petrovsk" uid="90394" lat="44.7265236" lon="2.7059784"/>
 <node id="379066801" visible="true" version="1" changeset="879459" timestamp="2009-04-21T13:13:36Z" user="petrovsk" uid="90394" lat="44.7235005" lon="2.7107639"/>
 <node id="379066928" visible="true" version="1" changeset="879459" timestamp="2009-04-21T13:13:41Z" user="petrovsk" uid="90394" lat="44.7269640" lon="2.7077656"/>
 <node id="379067089" visible="true" version="1" changeset="879459" timestamp="2009-04-21T13:13:44Z" user="petrovsk" uid="90394" lat="44.7171225" lon="2.7173740"/>
 <node id="379067806" visible="true" version="1" changeset="879459" timestamp="2009-04-21T13:13:59Z" user="petrovsk" uid="90394" lat="44.7293042" lon="2.7003476"/>
 <node id="379068206" visible="true" version="1" changeset="879459" timestamp="2009-04-21T13:14:13Z" user="petrovsk" uid="90394" lat="44.7241877" lon="2.7107066"/>
 <node id="379068387" visible="true" version="1" changeset="879459" timestamp="2009-04-21T13:14:17Z" user="petrovsk" uid="90394" lat="44.7240942" lon="2.7108036"/>
 <node id="379068466" visible="true" version="2" changeset="124732479" timestamp="2022-08-10T13:35:50Z" user="Yod4z" uid="318821" lat="44.7251567" lon="2.6917492"/>
 <node id="379068578" visible="true" version="1" changeset="879459" timestamp="2009-04-21T13:14:23Z" user="petrovsk" uid="90394" lat="44.7214397" lon="2.7132225"/>
 <node id="379068690" visible="true" version="1" changeset="879459" timestamp="2009-04-21T13:14:27Z" user="petrovsk" uid="90394" lat="44.7154160" lon="2.7185816"/>
 <node id="379069173" visible="true" version="1" changeset="879459" timestamp="2009-04-21T13:14:45Z" user="petrovsk" uid="90394" lat="44.7249073" lon="2.7108430"/>
 <node id="379069425" visible="true" version="1" changeset="879459" timestamp="2009-04-21T13:14:53Z" user="petrovsk" uid="90394" lat="44.7313810" lon="2.6993321"/>
 <node id="379070446" visible="true" version="1" changeset="879459" timestamp="2009-04-21T13:15:25Z" user="petrovsk" uid="90394" lat="44.7174023" lon="2.7171710"/>
 <node id="379070535" visible="true" version="1" changeset="879459" timestamp="2009-04-21T13:15:26Z" user="petrovsk" uid="90394" lat="44.7269461" lon="2.7007239"/>
 <node id="379070945" visible="true" version="1" changeset="879459" timestamp="2009-04-21T13:15:41Z" user="petrovsk" uid="90394" lat="44.7247053" lon="2.6913577"/>
 <node id="379071073" visible="true" version="1" changeset="879459" timestamp="2009-04-21T13:15:45Z" user="petrovsk" uid="90394" lat="44.7225902" lon="2.7109635"/>
 <node id="379071120" visible="true" version="1" changeset="879459" timestamp="2009-04-21T13:15:47Z" user="petrovsk" uid="90394" lat="44.7256690" lon="2.6903353"/>
 <node id="379071451" visible="true" version="1" changeset="879459" timestamp="2009-04-21T13:15:59Z" user="petrovsk" uid="90394" lat="44.7296696" lon="2.7006295"/>
 <node id="379071514" visible="true" version="1" changeset="879459" timestamp="2009-04-21T13:16:01Z" user="petrovsk" uid="90394" lat="44.7256973" lon="2.7040896"/>
 <node id="379071880" visible="true" version="1" changeset="879459" timestamp="2009-04-21T13:16:14Z" user="petrovsk" uid="90394" lat="44.7255920" lon="2.6904872"/>
 <node id="379071899" visible="true" version="1" changeset="879459" timestamp="2009-04-21T13:16:15Z" user="petrovsk" uid="90394" lat="44.7272005" lon="2.7097814"/>
 <node id="379072202" visible="true" version="1" changeset="879459" timestamp="2009-04-21T13:16:24Z" user="petrovsk" uid="90394" lat="44.7262523" lon="2.7113811"/>
 <node id="379072269" visible="true" version="1" changeset="879459" timestamp="2009-04-21T13:16:26Z" user="petrovsk" uid="90394" lat="44.7253019" lon="2.6916575"/>
 <node id="379073013" visible="true" version="1" changeset="879459" timestamp="2009-04-21T13:16:51Z" user="petrovsk" uid="90394" lat="44.7297649" lon="2.7000662"/>
 <node id="379074003" visible="true" version="1" changeset="879459" timestamp="2009-04-21T13:17:12Z" user="petrovsk" uid="90394" lat="44.7237020" lon="2.6916450"/>
 <node id="379074393" visible="true" version="1" changeset="879459" timestamp="2009-04-21T13:17:28Z" user="petrovsk" uid="90394" lat="44.7156805" lon="2.7184869"/>
 <node id="379075468" visible="true" version="1" changeset="879459" timestamp="2009-04-21T13:17:57Z" user="petrovsk" uid="90394" lat="44.7162853" lon="2.7182255"/>
 <node id="379075508" visible="true" version="1" changeset="879459" timestamp="2009-04-21T13:17:58Z" user="petrovsk" uid="90394" lat="44.7271759" lon="2.7085715"/>
 <node id="379075804" visible="true" version="1" changeset="879459" timestamp="2009-04-21T13:18:00Z" user="petrovsk" uid="90394" lat="44.7298753" lon="2.6925805"/>
 <node id="379077068" visible="true" version="1" changeset="879459" timestamp="2009-04-21T13:18:17Z" user="petrovsk" uid="90394" lat="44.7172067" lon="2.7172439"/>
 <node id="379077259" visible="true" version="1" changeset="879459" timestamp="2009-04-21T13:18:24Z" user="petrovsk" uid="90394" lat="44.7247386" lon="2.7108938"/>
 <node id="379077328" visible="true" version="1" changeset="879459" timestamp="2009-04-21T13:18:25Z" user="petrovsk" uid="90394" lat="44.7128580" lon="2.7227404"/>
 <node id="379077381" visible="true" version="1" changeset="879459" timestamp="2009-04-21T13:18:26Z" user="petrovsk" uid="90394" lat="44.7166921" lon="2.7177963"/>
 <node id="379077464" visible="true" version="1" changeset="879459" timestamp="2009-04-21T13:18:29Z" user="petrovsk" uid="90394" lat="44.7315794" lon="2.6974524"/>
 <node id="379079235" visible="true" version="1" changeset="879459" timestamp="2009-04-21T13:19:05Z" user="petrovsk" uid="90394" lat="44.7192740" lon="2.7155901"/>
 <node id="379079471" visible="true" version="1" changeset="879459" timestamp="2009-04-21T13:19:12Z" user="petrovsk" uid="90394" lat="44.7255672" lon="2.7042988"/>
 <node id="379079625" visible="true" version="1" changeset="879459" timestamp="2009-04-21T13:19:18Z" user="petrovsk" uid="90394" lat="44.7133955" lon="2.7217108"/>
 <node id="379080370" visible="true" version="1" changeset="879459" timestamp="2009-04-21T13:19:27Z" user="petrovsk" uid="90394" lat="44.7263265" lon="2.7012850"/>
 <node id="379080560" visible="true" version="1" changeset="879459" timestamp="2009-04-21T13:19:32Z" user="petrovsk" uid="90394" lat="44.7256216" lon="2.6904046"/>
 <node id="379080653" visible="true" version="1" changeset="879459" timestamp="2009-04-21T13:19:35Z" user="petrovsk" uid="90394" lat="44.7316018" lon="2.6965297"/>
 <node id="379080952" visible="true" version="1" changeset="879459" timestamp="2009-04-21T13:19:46Z" user="petrovsk" uid="90394" lat="44.7316713" lon="2.6945830"/>
 <node id="379081020" visible="true" version="1" changeset="879459" timestamp="2009-04-21T13:19:48Z" user="petrovsk" uid="90394" lat="44.7202357" lon="2.7144894"/>
 <node id="379081455" visible="true" version="1" changeset="879459" timestamp="2009-04-21T13:20:03Z" user="petrovsk" uid="90394" lat="44.7225987" lon="2.6925438"/>
 <node id="379082459" visible="true" version="1" changeset="879459" timestamp="2009-04-21T13:20:36Z" user="petrovsk" uid="90394" lat="44.7235299" lon="2.7107475"/>
 <node id="379082957" visible="true" version="1" changeset="879459" timestamp="2009-04-21T13:20:52Z" user="petrovsk" uid="90394" lat="44.7265325" lon="2.7105612"/>
 <node id="379083617" visible="true" version="3" changeset="124732479" timestamp="2022-08-10T13:35:50Z" user="Yod4z" uid="318821" lat="44.7224786" lon="2.6927628"/>
 <node id="379083979" visible="true" version="1" changeset="879459" timestamp="2009-04-21T13:21:15Z" user="petrovsk" uid="90394" lat="44.7158852" lon="2.7184796"/>
 <node id="379084094" visible="true" version="1" changeset="879459" timestamp="2009-04-21T13:21:17Z" user="petrovsk" uid="90394" lat="44.7315001" lon="2.6989893"/>
 <node id="379084496" visible="true" version="1" changeset="879459" timestamp="2009-04-21T13:21:27Z" user="petrovsk" uid="90394" lat="44.7196017" lon="2.7153429"/>
 <node id="379084592" visible="true" version="1" changeset="879459" timestamp="2009-04-21T13:21:31Z" user="petrovsk" uid="90394" lat="44.7255830" lon="2.7043440"/>
 <node id="379084925" visible="true" version="1" changeset="879459" timestamp="2009-04-21T13:21:43Z" user="petrovsk" uid="90394" lat="44.7207592" lon="2.7144471"/>
 <node id="379085548" visible="true" version="1" changeset="879459" timestamp="2009-04-21T13:21:56Z" user="petrovsk" uid="90394" lat="44.7297822" lon="2.7000310"/>
 <node id="379085709" visible="true" version="1" changeset="879459" timestamp="2009-04-21T13:21:59Z" user="petrovsk" uid="90394" lat="44.7316584" lon="2.6951964"/>
 <node id="379086341" visible="true" version="1" changeset="879459" timestamp="2009-04-21T13:22:08Z" user="petrovsk" uid="90394" lat="44.7258476" lon="2.6902319"/>
 <node id="379087961" visible="true" version="1" changeset="879459" timestamp="2009-04-21T13:22:55Z" user="petrovsk" uid="90394" lat="44.7223283" lon="2.7106651"/>
 <node id="379088096" visible="true" version="1" changeset="879459" timestamp="2009-04-21T13:22:59Z" user="petrovsk" uid="90394" lat="44.7221481" lon="2.7110023"/>
 <node id="379088141" visible="true" version="1" changeset="879459" timestamp="2009-04-21T13:23:01Z" user="petrovsk" uid="90394" lat="44.7315645" lon="2.6987066"/>
 <node id="379088166" visible="true" version="1" changeset="879459" timestamp="2009-04-21T13:23:02Z" user="petrovsk" uid="90394" lat="44.7181818" lon="2.7165433"/>
 <node id="379088180" visible="true" version="1" changeset="879459" timestamp="2009-04-21T13:23:02Z" user="petrovsk" uid="90394" lat="44.7184114" lon="2.7162835"/>
 <node id="379088410" visible="true" version="1" changeset="879459" timestamp="2009-04-21T13:23:12Z" user="petrovsk" uid="90394" lat="44.7246922" lon="2.6911306"/>
 <node id="379088616" visible="true" version="1" changeset="879459" timestamp="2009-04-21T13:23:21Z" user="petrovsk" uid="90394" lat="44.7270388" lon="2.7007336"/>
 <node id="379088923" visible="true" version="1" changeset="879459" timestamp="2009-04-21T13:23:34Z" user="petrovsk" uid="90394" lat="44.7239714" lon="2.7108930"/>
 <node id="379090372" visible="true" version="1" changeset="879459" timestamp="2009-04-21T13:24:24Z" user="petrovsk" uid="90394" lat="44.7250275" lon="2.6922013"/>
 <node id="379090810" visible="true" version="1" changeset="879459" timestamp="2009-04-21T13:24:38Z" user="petrovsk" uid="90394" lat="44.7240282" lon="2.7108363"/>
 <node id="379090957" visible="true" version="1" changeset="879459" timestamp="2009-04-21T13:24:44Z" user="petrovsk" uid="90394" lat="44.7256644" lon="2.7028038"/>
 <node id="379091381" visible="true" version="1" changeset="879459" timestamp="2009-04-21T13:25:00Z" user="petrovsk" uid="90394" lat="44.7230798" lon="2.7110995"/>
 <node id="379091687" visible="true" version="1" changeset="879459" timestamp="2009-04-21T13:25:12Z" user="petrovsk" uid="90394" lat="44.7242764" lon="2.7107289"/>
 <node id="379091923" visible="true" version="1" changeset="879459" timestamp="2009-04-21T13:25:21Z" user="petrovsk" uid="90394" lat="44.7175836" lon="2.7170061"/>
 <node id="379092087" visible="true" version="1" changeset="879459" timestamp="2009-04-21T13:25:28Z" user="petrovsk" uid="90394" lat="44.7136885" lon="2.7202465"/>
 <node id="379092209" visible="true" version="1" changeset="879459" timestamp="2009-04-21T13:25:33Z" user="petrovsk" uid="90394" lat="44.7254706" lon="2.6910508"/>
 <node id="379092397" visible="true" version="1" changeset="879459" timestamp="2009-04-21T13:25:41Z" user="petrovsk" uid="90394" lat="44.7216828" lon="2.7126717"/>
 <node id="379093364" visible="true" version="1" changeset="879459" timestamp="2009-04-21T13:26:15Z" user="petrovsk" uid="90394" lat="44.7228376" lon="2.7109953"/>
 <node id="379093424" visible="true" version="1" changeset="879459" timestamp="2009-04-21T13:26:16Z" user="petrovsk" uid="90394" lat="44.7316864" lon="2.6944598"/>
 <node id="379094502" visible="true" version="1" changeset="879459" timestamp="2009-04-21T13:26:35Z" user="petrovsk" uid="90394" lat="44.7256763" lon="2.7035354"/>
 <node id="379094906" visible="true" version="1" changeset="879459" timestamp="2009-04-21T13:26:43Z" user="petrovsk" uid="90394" lat="44.7199484" lon="2.7147306"/>
 <node id="379095377" visible="true" version="1" changeset="879459" timestamp="2009-04-21T13:27:03Z" user="petrovsk" uid="90394" lat="44.7222653" lon="2.6927079"/>
 <node id="379095397" visible="true" version="1" changeset="879459" timestamp="2009-04-21T13:27:04Z" user="petrovsk" uid="90394" lat="44.7273187" lon="2.7093353"/>
 <node id="379095812" visible="true" version="2" changeset="124732479" timestamp="2022-08-10T13:35:50Z" user="Yod4z" uid="318821" lat="44.7248449" lon="2.6914832"/>
 <node id="379096036" visible="true" version="1" changeset="879459" timestamp="2009-04-21T13:27:30Z" user="petrovsk" uid="90394" lat="44.7260895" lon="2.7015648"/>
 <node id="379096108" visible="true" version="1" changeset="879459" timestamp="2009-04-21T13:27:33Z" user="petrovsk" uid="90394" lat="44.7256862" lon="2.7041289"/>
 <node id="379096109" visible="true" version="1" changeset="879459" timestamp="2009-04-21T13:27:33Z" user="petrovsk" uid="90394" lat="44.7258935" lon="2.6901267"/>
 <node id="379096748" visible="true" version="1" changeset="879459" timestamp="2009-04-21T13:28:00Z" user="petrovsk" uid="90394" lat="44.7315830" lon="2.6985184"/>
 <node id="379096827" visible="true" version="1" changeset="879459" timestamp="2009-04-21T13:28:03Z" user="petrovsk" uid="90394" lat="44.7256479" lon="2.7030051"/>
 <node id="379096889" visible="true" version="1" changeset="879459" timestamp="2009-04-21T13:28:06Z" user="petrovsk" uid="90394" lat="44.7224520" lon="2.7107943"/>
 <node id="379097163" visible="true" version="1" changeset="879459" timestamp="2009-04-21T13:28:18Z" user="petrovsk" uid="90394" lat="44.7141981" lon="2.7192623"/>
 <node id="379097206" visible="true" version="1" changeset="879459" timestamp="2009-04-21T13:28:18Z" user="petrovsk" uid="90394" lat="44.7254914" lon="2.6907725"/>
 <node id="379097234" visible="true" version="2" changeset="124732479" timestamp="2022-08-10T13:35:50Z" user="Yod4z" uid="318821" lat="44.7251312" lon="2.6916028"/>
 <node id="379097672" visible="true" version="1" changeset="879459" timestamp="2009-04-21T13:28:32Z" user="petrovsk" uid="90394" lat="44.7227561" lon="2.7110130"/>
 <node id="379098077" visible="true" version="1" changeset="879459" timestamp="2009-04-21T13:28:50Z" user="petrovsk" uid="90394" lat="44.7309392" lon="2.7003098"/>
 <node id="379098148" visible="true" version="1" changeset="879459" timestamp="2009-04-21T13:28:54Z" user="petrovsk" uid="90394" lat="44.7280073" lon="2.7009279"/>
 <node id="379098718" visible="true" version="1" changeset="879459" timestamp="2009-04-21T13:29:19Z" user="petrovsk" uid="90394" lat="44.7255179" lon="2.6906151"/>
 <node id="379098843" visible="true" version="1" changeset="879459" timestamp="2009-04-21T13:29:24Z" user="petrovsk" uid="90394" lat="44.7284246" lon="2.6997013"/>
 <node id="379099248" visible="true" version="1" changeset="879459" timestamp="2009-04-21T13:29:41Z" user="petrovsk" uid="90394" lat="44.7247378" lon="2.6911268"/>
 <node id="379099331" visible="true" version="2" changeset="124732479" timestamp="2022-08-10T13:35:50Z" user="Yod4z" uid="318821" lat="44.7250508" lon="2.6921376"/>
 <node id="379099337" visible="true" version="1" changeset="879459" timestamp="2009-04-21T13:29:45Z" user="petrovsk" uid="90394" lat="44.7149812" lon="2.7186084"/>
 <node id="379100197" visible="true" version="1" changeset="879459" timestamp="2009-04-21T13:30:21Z" user="petrovsk" uid="90394" lat="44.7212023" lon="2.7134834"/>
 <node id="379100198" visible="true" version="1" changeset="879459" timestamp="2009-04-21T13:30:21Z" user="petrovsk" uid="90394" lat="44.7215202" lon="2.7131089"/>
 <node id="379100227" visible="true" version="1" changeset="879459" timestamp="2009-04-21T13:30:22Z" user="petrovsk" uid="90394" lat="44.7263880" lon="2.7056306"/>
 <node id="379100269" visible="true" version="1" changeset="879459" timestamp="2009-04-21T13:30:23Z" user="petrovsk" uid="90394" lat="44.7222528" lon="2.7108643"/>
 <node id="379101551" visible="true" version="1" changeset="879459" timestamp="2009-04-21T13:30:53Z" user="petrovsk" uid="90394" lat="44.7271974" lon="2.7097135"/>
 <node id="379101570" visible="true" version="1" changeset="879459" timestamp="2009-04-21T13:30:53Z" user="petrovsk" uid="90394" lat="44.7259732" lon="2.7017986"/>
 <node id="379102338" visible="true" version="1" changeset="879459" timestamp="2009-04-21T13:31:09Z" user="petrovsk" uid="90394" lat="44.7205034" lon="2.7145282"/>
 <node id="379102443" visible="true" version="1" changeset="879459" timestamp="2009-04-21T13:31:11Z" user="petrovsk" uid="90394" lat="44.7232213" lon="2.6920523"/>
 <node id="379103496" visible="true" version="1" changeset="879459" timestamp="2009-04-21T13:31:33Z" user="petrovsk" uid="90394" lat="44.7317123" lon="2.6933141"/>
 <node id="379104015" visible="true" version="1" changeset="879459" timestamp="2009-04-21T13:31:45Z" user="petrovsk" uid="90394" lat="44.7273723" lon="2.6910023"/>
 <node id="379104734" visible="true" version="1" changeset="879459" timestamp="2009-04-21T13:32:00Z" user="petrovsk" uid="90394" lat="44.7200109" lon="2.7146551"/>
 <node id="379105200" visible="true" version="1" changeset="879459" timestamp="2009-04-21T13:32:10Z" user="petrovsk" uid="90394" lat="44.7273164" lon="2.7092942"/>
 <node id="379105567" visible="true" version="1" changeset="879459" timestamp="2009-04-21T13:32:18Z" user="petrovsk" uid="90394" lat="44.7189675" lon="2.7158597"/>
 <node id="379105619" visible="true" version="1" changeset="879459" timestamp="2009-04-21T13:32:19Z" user="petrovsk" uid="90394" lat="44.7236584" lon="2.7107734"/>
 <node id="379106078" visible="true" version="1" changeset="879459" timestamp="2009-04-21T13:32:28Z" user="petrovsk" uid="90394" lat="44.7244642" lon="2.7109320"/>
 <node id="379107791" visible="true" version="1" changeset="879459" timestamp="2009-04-21T13:32:58Z" user="petrovsk" uid="90394" lat="44.7210236" lon="2.7139964"/>
 <node id="379108316" visible="true" version="1" changeset="879459" timestamp="2009-04-21T13:33:18Z" user="petrovsk" uid="90394" lat="44.7246798" lon="2.6913182"/>
 <node id="379108421" visible="true" version="1" changeset="879459" timestamp="2009-04-21T13:33:23Z" user="petrovsk" uid="90394" lat="44.7216572" lon="2.6926112"/>
 <node id="379108862" visible="true" version="1" changeset="879459" timestamp="2009-04-21T13:33:42Z" user="petrovsk" uid="90394" lat="44.7159842" lon="2.7184529"/>
 <node id="379109466" visible="true" version="1" changeset="879459" timestamp="2009-04-21T13:34:10Z" user="petrovsk" uid="90394" lat="44.7134651" lon="2.7208309"/>
 <node id="379112305" visible="true" version="1" changeset="879459" timestamp="2009-04-21T13:35:16Z" user="petrovsk" uid="90394" lat="44.7259224" lon="2.6901285"/>
 <node id="379112572" visible="true" version="1" changeset="879459" timestamp="2009-04-21T13:35:21Z" user="petrovsk" uid="90394" lat="44.7208258" lon="2.7143711"/>
 <node id="379112813" visible="true" version="1" changeset="879459" timestamp="2009-04-21T13:35:25Z" user="petrovsk" uid="90394" lat="44.7147702" lon="2.7187896"/>
 <node id="379113426" visible="true" version="1" changeset="879459" timestamp="2009-04-21T13:35:48Z" user="petrovsk" uid="90394" lat="44.7315924" lon="2.6981196"/>
 <node id="379113522" visible="true" version="1" changeset="879459" timestamp="2009-04-21T13:35:53Z" user="petrovsk" uid="90394" lat="44.7249862" lon="2.7108549"/>
 <node id="379113589" visible="true" version="1" changeset="879459" timestamp="2009-04-21T13:35:56Z" user="petrovsk" uid="90394" lat="44.7290935" lon="2.7001557"/>
 <node id="379113649" visible="true" version="1" changeset="879459" timestamp="2009-04-21T13:35:59Z" user="petrovsk" uid="90394" lat="44.7206178" lon="2.7145164"/>
 <node id="379113801" visible="true" version="1" changeset="879459" timestamp="2009-04-21T13:36:06Z" user="petrovsk" uid="90394" lat="44.7134960" lon="2.7207227"/>
 <node id="379114395" visible="true" version="2" changeset="124732479" timestamp="2022-08-10T13:35:50Z" user="Yod4z" uid="318821" lat="44.7221241" lon="2.6927552"/>
 <node id="379114760" visible="true" version="1" changeset="879459" timestamp="2009-04-21T13:36:37Z" user="petrovsk" uid="90394" lat="44.7300510" lon="2.7000977"/>
 <node id="379114800" visible="true" version="1" changeset="879459" timestamp="2009-04-21T13:36:38Z" user="petrovsk" uid="90394" lat="44.7246857" lon="2.6912463"/>
 <node id="379115263" visible="true" version="1" changeset="879459" timestamp="2009-04-21T13:36:47Z" user="petrovsk" uid="90394" lat="44.7251693" lon="2.6918918"/>
 <node id="513153471" visible="true" version="1" changeset="2674179" timestamp="2009-09-29T09:12:56Z" user="CLCF06" uid="143308" lat="44.7447174" lon="2.6880772"/>
 <node id="513153473" visible="true" version="1" changeset="2674179" timestamp="2009-09-29T09:12:56Z" user="CLCF06" uid="143308" lat="44.7446562" lon="2.6881768"/>
 <node id="513153475" visible="true" version="1" changeset="2674179" timestamp="2009-09-29T09:12:56Z" user="CLCF06" uid="143308" lat="44.7445544" lon="2.6883670"/>
 <node id="513153478" visible="true" version="1" changeset="2674179" timestamp="2009-09-29T09:12:56Z" user="CLCF06" uid="143308" lat="44.7440661" lon="2.6899005"/>
 <node id="513153480" visible="true" version="1" changeset="2674179" timestamp="2009-09-29T09:12:56Z" user="CLCF06" uid="143308" lat="44.7435136" lon="2.6900516"/>
 <node id="513153481" visible="true" version="1" changeset="2674179" timestamp="2009-09-29T09:12:56Z" user="CLCF06" uid="143308" lat="44.7428251" lon="2.6891189"/>
 <node id="513153483" visible="true" version="1" changeset="2674179" timestamp="2009-09-29T09:12:56Z" user="CLCF06" uid="143308" lat="44.7424350" lon="2.6884153"/>
 <node id="513153487" visible="true" version="1" changeset="2674179" timestamp="2009-09-29T09:12:56Z" user="CLCF06" uid="143308" lat="44.7425447" lon="2.6875144"/>
 <node id="513153489" visible="true" version="1" changeset="2674179" timestamp="2009-09-29T09:12:56Z" user="CLCF06" uid="143308" lat="44.7417259" lon="2.6869083"/>
 <node id="513153491" visible="true" version="1" changeset="2674179" timestamp="2009-09-29T09:12:56Z" user="CLCF06" uid="143308" lat="44.7407627" lon="2.6868021"/>
 <node id="513153494" visible="true" version="1" changeset="2674179" timestamp="2009-09-29T09:12:56Z" user="CLCF06" uid="143308" lat="44.7400833" lon="2.6868980"/>
 <node id="513153502" visible="true" version="1" changeset="2674179" timestamp="2009-09-29T09:12:56Z" user="CLCF06" uid="143308" lat="44.7392994" lon="2.6866431"/>
 <node id="513153506" visible="true" version="1" changeset="2674179" timestamp="2009-09-29T09:12:56Z" user="CLCF06" uid="143308" lat="44.7386229" lon="2.6861878"/>
 <node id="513153508" visible="true" version="1" changeset="2674179" timestamp="2009-09-29T09:12:56Z" user="CLCF06" uid="143308" lat="44.7387019" lon="2.6867582"/>
 <node id="513153510" visible="true" version="1" changeset="2674179" timestamp="2009-09-29T09:12:56Z" user="CLCF06" uid="143308" lat="44.7387966" lon="2.6874413"/>
 <node id="513153512" visible="true" version="1" changeset="2674179" timestamp="2009-09-29T09:12:56Z" user="CLCF06" uid="143308" lat="44.7385866" lon="2.6881539"/>
 <node id="513153514" visible="true" version="1" changeset="2674179" timestamp="2009-09-29T09:12:57Z" user="CLCF06" uid="143308" lat="44.7379432" lon="2.6880321"/>
 <node id="513153516" visible="true" version="1" changeset="2674179" timestamp="2009-09-29T09:12:57Z" user="CLCF06" uid="143308" lat="44.7368147" lon="2.6884508"/>
 <node id="513153519" visible="true" version="1" changeset="2674179" timestamp="2009-09-29T09:12:57Z" user="CLCF06" uid="143308" lat="44.7349934" lon="2.6886218"/>
 <node id="513153520" visible="true" version="1" changeset="2674179" timestamp="2009-09-29T09:12:57Z" user="CLCF06" uid="143308" lat="44.7336519" lon="2.6878836"/>
 <node id="513153521" visible="true" version="1" changeset="2674179" timestamp="2009-09-29T09:12:57Z" user="CLCF06" uid="143308" lat="44.7311447" lon="2.6856177"/>
 <node id="513153522" visible="true" version="1" changeset="2674179" timestamp="2009-09-29T09:12:57Z" user="CLCF06" uid="143308" lat="44.7310593" lon="2.6848788"/>
 <node id="513153523" visible="true" version="3" changeset="31167755" timestamp="2015-05-15T10:18:41Z" user="Yod4z" uid="318821" lat="44.7313742" lon="2.6846945"/>
 <node id="513153524" visible="true" version="2" changeset="31167755" timestamp="2015-05-15T10:18:41Z" user="Yod4z" uid="318821" lat="44.7316067" lon="2.6844692"/>
 <node id="513153525" visible="true" version="2" changeset="31167755" timestamp="2015-05-15T10:18:41Z" user="Yod4z" uid="318821" lat="44.7318182" lon="2.6840910"/>
 <node id="513153527" visible="true" version="3" changeset="31167755" timestamp="2015-05-15T10:18:41Z" user="Yod4z" uid="318821" lat="44.7319821" lon="2.6835170"/>
 <node id="513153530" visible="true" version="2" changeset="7739770" timestamp="2011-04-01T23:05:57Z" user="FrViPofm" uid="107257" lat="44.7322425" lon="2.6830672"/>
 <node id="513153532" visible="true" version="4" changeset="187995760" timestamp="2026-08-25T15:16:46Z" user="Yod4z" uid="318821" lat="44.7323087" lon="2.6825175"/>
 <node id="513153534" visible="true" version="3" changeset="31167755" timestamp="2015-05-15T10:18:41Z" user="Yod4z" uid="318821" lat="44.7319802" lon="2.6813444"/>
 <node id="513153537" visible="true" version="2" changeset="31167755" timestamp="2015-05-15T10:18:41Z" user="Yod4z" uid="318821" lat="44.7332664" lon="2.6818674"/>
 <node id="513153539" visible="true" version="3" changeset="92042899" timestamp="2020-10-06T10:54:03Z" user="rvilleglas" uid="3318566" lat="44.7340466" lon="2.6822204"/>
 <node id="513153541" visible="true" version="2" changeset="31167755" timestamp="2015-05-15T10:18:41Z" user="Yod4z" uid="318821" lat="44.7343924" lon="2.6827606"/>
 <node id="513153543" visible="true" version="1" changeset="2674179" timestamp="2009-09-29T09:12:57Z" user="CLCF06" uid="143308" lat="44.7349785" lon="2.6824411"/>
 <node id="513153545" visible="true" version="3" changeset="31167755" timestamp="2015-05-15T10:18:41Z" user="Yod4z" uid="318821" lat="44.7352041" lon="2.6823422"/>
 <node id="513153548" visible="true" version="3" changeset="31167755" timestamp="2015-05-15T10:18:41Z" user="Yod4z" uid="318821" lat="44.7350784" lon="2.6817226"/>
 <node id="513153550" visible="true" version="3" changeset="31167755" timestamp="2015-05-15T10:18:41Z" user="Yod4z" uid="318821" lat="44.7356119" lon="2.6806068"/>
 <node id="513153553" visible="true" version="3" changeset="92042899" timestamp="2020-10-06T10:54:03Z" user="rvilleglas" uid="3318566" lat="44.7354328" lon="2.6795724"/>
 <node id="513153555" visible="true" version="3" changeset="92042899" timestamp="2020-10-06T10:54:03Z" user="rvilleglas" uid="3318566" lat="44.7354890" lon="2.6793015"/>
 <node id="513153557" visible="true" version="2" changeset="31167755" timestamp="2015-05-15T10:18:41Z" user="Yod4z" uid="318821" lat="44.7360253" lon="2.6779070"/>
 <node id="513153616" visible="true" version="4" changeset="92042899" timestamp="2020-10-06T10:54:03Z" user="rvilleglas" uid="3318566" lat="44.7361130" lon="2.6773732"/>
 <node id="513153617" visible="true" version="3" changeset="92042899" timestamp="2020-10-06T10:54:03Z" user="rvilleglas" uid="3318566" lat="44.7361546" lon="2.6773455">
  <tag k="fuel" v="charcoal"/>
 </node>
 <node id="513153618" visible="true" version="1" changeset="2674188" timestamp="2009-09-29T09:13:13Z" user="CLCF06" uid="143308" lat="44.7369382" lon="2.6767129"/>
 <node id="513153619" visible="true" version="1" changeset="2674188" timestamp="2009-09-29T09:13:13Z" user="CLCF06" uid="143308" lat="44.7382394" lon="2.6764775"/>
 <node id="513153620" visible="true" version="1" changeset="2674188" timestamp="2009-09-29T09:13:13Z" user="CLCF06" uid="143308" lat="44.7388899" lon="2.6764206"/>
 <node id="513153621" visible="true" version="1" changeset="2674188" timestamp="2009-09-29T09:13:13Z" user="CLCF06" uid="143308" lat="44.7394270" lon="2.6766320"/>
 <node id="522626822" visible="true" version="2" changeset="7739770" timestamp="2011-04-01T23:06:28Z" user="FrViPofm" uid="107257" lat="44.7264986" lon="2.6760439"/>
 <node id="522626839" visible="true" version="1" changeset="2759016" timestamp="2009-10-06T11:00:08Z" user="CLCF06" uid="143308" lat="44.7206612" lon="2.6703040"/>
 <node id="522626840" visible="true" version="1" changeset="2759016" timestamp="2009-10-06T11:00:08Z" user="CLCF06" uid="143308" lat="44.7209233" lon="2.6702614"/>
 <node id="522626841" visible="true" version="1" changeset="2759016" timestamp="2009-10-06T11:00:08Z" user="CLCF06" uid="143308" lat="44.7216361" lon="2.6702656"/>
 <node id="522626842" visible="true" version="1" changeset="2759016" timestamp="2009-10-06T11:00:08Z" user="CLCF06" uid="143308" lat="44.7221452" lon="2.6699351"/>
 <node id="522626843" visible="true" version="1" changeset="2759016" timestamp="2009-10-06T11:00:09Z" user="CLCF06" uid="143308" lat="44.7228250" lon="2.6697010"/>
 <node id="522626844" visible="true" version="1" changeset="2759016" timestamp="2009-10-06T11:00:09Z" user="CLCF06" uid="143308" lat="44.7234357" lon="2.6696100"/>
 <node id="522626845" visible="true" version="1" changeset="2759016" timestamp="2009-10-06T11:00:09Z" user="CLCF06" uid="143308" lat="44.7239790" lon="2.6695178"/>
 <node id="522626846" visible="true" version="2" changeset="106142915" timestamp="2021-06-10T09:08:17Z" user="JSERIEYE" uid="11361025" lat="44.7243161" lon="2.6691266"/>
 <node id="522626847" visible="true" version="1" changeset="2759016" timestamp="2009-10-06T11:00:09Z" user="CLCF06" uid="143308" lat="44.7247252" lon="2.6685130"/>
 <node id="522626848" visible="true" version="2" changeset="31168142" timestamp="2015-05-15T10:36:43Z" user="Yod4z" uid="318821" lat="44.7248088" lon="2.6684432"/>
 <node id="522626849" visible="true" version="2" changeset="31168142" timestamp="2015-05-15T10:36:43Z" user="Yod4z" uid="318821" lat="44.7249850" lon="2.6683456"/>
 <node id="522626850" visible="true" version="2" changeset="31168142" timestamp="2015-05-15T10:36:43Z" user="Yod4z" uid="318821" lat="44.7251728" lon="2.6682237"/>
 <node id="522626851" visible="true" version="2" changeset="31168142" timestamp="2015-05-15T10:36:43Z" user="Yod4z" uid="318821" lat="44.7253548" lon="2.6682359"/>
 <node id="522626853" visible="true" version="1" changeset="2759016" timestamp="2009-10-06T11:00:09Z" user="CLCF06" uid="143308" lat="44.7255762" lon="2.6689083"/>
 <node id="522626854" visible="true" version="2" changeset="31168142" timestamp="2015-05-15T10:36:43Z" user="Yod4z" uid="318821" lat="44.7256581" lon="2.6692197"/>
 <node id="522626855" visible="true" version="2" changeset="31168142" timestamp="2015-05-15T10:36:43Z" user="Yod4z" uid="318821" lat="44.7257592" lon="2.6696263"/>
 <node id="522626856" visible="true" version="1" changeset="2759016" timestamp="2009-10-06T11:00:09Z" user="CLCF06" uid="143308" lat="44.7255380" lon="2.6703834"/>
 <node id="522626857" visible="true" version="2" changeset="7739770" timestamp="2011-04-01T23:05:57Z" user="FrViPofm" uid="107257" lat="44.7255970" lon="2.6707993"/>
 <node id="522626858" visible="true" version="1" changeset="2759016" timestamp="2009-10-06T11:00:09Z" user="CLCF06" uid="143308" lat="44.7261782" lon="2.6717206"/>
 <node id="522626859" visible="true" version="1" changeset="2759016" timestamp="2009-10-06T11:00:09Z" user="CLCF06" uid="143308" lat="44.7263655" lon="2.6718534"/>
 <node id="522626860" visible="true" version="2" changeset="7739770" timestamp="2011-04-01T23:05:55Z" user="FrViPofm" uid="107257" lat="44.7269230" lon="2.6723027"/>
 <node id="522626861" visible="true" version="2" changeset="7739770" timestamp="2011-04-01T23:05:54Z" user="FrViPofm" uid="107257" lat="44.7273884" lon="2.6730988"/>
 <node id="522626862" visible="true" version="2" changeset="7739770" timestamp="2011-04-01T23:06:09Z" user="FrViPofm" uid="107257" lat="44.7269927" lon="2.6737430"/>
 <node id="522626863" visible="true" version="2" changeset="7739770" timestamp="2011-04-01T23:05:57Z" user="FrViPofm" uid="107257" lat="44.7262733" lon="2.6746741"/>
 <node id="522626864" visible="true" version="2" changeset="7739770" timestamp="2011-04-01T23:05:57Z" user="FrViPofm" uid="107257" lat="44.7264271" lon="2.6749180"/>
 <node id="526847123" visible="true" version="2" changeset="7739770" timestamp="2011-04-01T23:05:57Z" user="FrViPofm" uid="107257" lat="44.7308651" lon="2.6847072"/>
 <node id="526847124" visible="true" version="2" changeset="7739770" timestamp="2011-04-01T23:06:26Z" user="FrViPofm" uid="107257" lat="44.7306260" lon="2.6839507"/>
 <node id="526847126" visible="true" version="2" changeset="7739770" timestamp="2011-04-01T23:05:55Z" user="FrViPofm" uid="107257" lat="44.7307394" lon="2.6835061"/>
 <node id="526847127" visible="true" version="3" changeset="31167755" timestamp="2015-05-15T10:18:41Z" user="Yod4z" uid="318821" lat="44.7306063" lon="2.6819452"/>
 <node id="526847128" visible="true" version="3" changeset="31167755" timestamp="2015-05-15T10:18:41Z" user="Yod4z" uid="318821" lat="44.7304996" lon="2.6815188"/>
 <node id="526847129" visible="true" version="3" changeset="31167755" timestamp="2015-05-15T10:18:41Z" user="Yod4z" uid="318821" lat="44.7297660" lon="2.6810199"/>
 <node id="526847130" visible="true" version="2" changeset="7739770" timestamp="2011-04-01T23:05:56Z" user="FrViPofm" uid="107257" lat="44.7306485" lon="2.6804294"/>
 <node id="526847131" visible="true" version="2" changeset="7739770" timestamp="2011-04-01T23:05:55Z" user="FrViPofm" uid="107257" lat="44.7315317" lon="2.6800064"/>
 <node id="526847132" visible="true" version="3" changeset="92042899" timestamp="2020-10-06T10:54:03Z" user="rvilleglas" uid="3318566" lat="44.7320698" lon="2.6796408"/>
 <node id="526847133" visible="true" version="3" changeset="92042899" timestamp="2020-10-06T10:54:03Z" user="rvilleglas" uid="3318566" lat="44.7329348" lon="2.6790467"/>
 <node id="526847134" visible="true" version="3" changeset="92042899" timestamp="2020-10-06T10:54:03Z" user="rvilleglas" uid="3318566" lat="44.7332502" lon="2.6789609"/>
 <node id="526847136" visible="true" version="4" changeset="92042899" timestamp="2020-10-06T10:54:03Z" user="rvilleglas" uid="3318566" lat="44.7335912" lon="2.6784928"/>
 <node id="526847152" visible="true" version="2" changeset="7739770" timestamp="2011-04-01T23:05:55Z" user="FrViPofm" uid="107257" lat="44.7263657" lon="2.6774472"/>
 <node id="526847153" visible="true" version="2" changeset="7739770" timestamp="2011-04-01T23:05:51Z" user="FrViPofm" uid="107257" lat="44.7264418" lon="2.6770703"/>
 <node id="526847154" visible="true" version="2" changeset="7739770" timestamp="2011-04-01T23:05:57Z" user="FrViPofm" uid="107257" lat="44.7264956" lon="2.6766947"/>
 <node id="526847155" visible="true" version="2" changeset="7739770" timestamp="2011-04-01T23:05:56Z" user="FrViPofm" uid="107257" lat="44.7265550" lon="2.6763392"/>
 <node id="526847156" visible="true" version="1" changeset="2791380" timestamp="2009-10-09T10:00:26Z" user="CLCF06" uid="143308" lat="44.7204565" lon="2.6699748"/>
 <node id="526847157" visible="true" version="2" changeset="31168142" timestamp="2015-05-15T10:36:43Z" user="Yod4z" uid="318821" lat="44.7205747" lon="2.6688800"/>
 <node id="526847158" visible="true" version="2" changeset="31168142" timestamp="2015-05-15T10:36:43Z" user="Yod4z" uid="318821" lat="44.7207424" lon="2.6682738"/>
 <node id="526847159" visible="true" version="2" changeset="31168142" timestamp="2015-05-15T10:36:43Z" user="Yod4z" uid="318821" lat="44.7205175" lon="2.6675388"/>
 <node id="526847160" visible="true" version="2" changeset="31168142" timestamp="2015-05-15T10:36:43Z" user="Yod4z" uid="318821" lat="44.7200106" lon="2.6669702"/>
 <node id="526847161" visible="true" version="2" changeset="31168142" timestamp="2015-05-15T10:36:43Z" user="Yod4z" uid="318821" lat="44.7196446" lon="2.6652268"/>
 <node id="526847162" visible="true" version="2" changeset="31168142" timestamp="2015-05-15T10:36:43Z" user="Yod4z" uid="318821" lat="44.7189052" lon="2.6640412"/>
 <node id="526847163" visible="true" version="2" changeset="31168142" timestamp="2015-05-15T10:36:43Z" user="Yod4z" uid="318821" lat="44.7184249" lon="2.6639179"/>
 <node id="526847164" visible="true" version="1" changeset="2791380" timestamp="2009-10-09T10:00:27Z" user="CLCF06" uid="143308" lat="44.7179322" lon="2.6640389"/>
 <node id="526847165" visible="true" version="2" changeset="20175301" timestamp="2014-01-24T11:18:37Z" user="LGENDRONNEAU" uid="1434102" lat="44.7173192" lon="2.6636334"/>
 <node id="526847167" visible="true" version="3" changeset="106142915" timestamp="2021-06-10T09:08:17Z" user="JSERIEYE" uid="11361025" lat="44.7169795" lon="2.6635692"/>
 <node id="526847168" visible="true" version="3" changeset="106142915" timestamp="2021-06-10T09:08:17Z" user="JSERIEYE" uid="11361025" lat="44.7167256" lon="2.6638773"/>
 <node id="526847169" visible="true" version="4" changeset="106142915" timestamp="2021-06-10T09:08:17Z" user="JSERIEYE" uid="11361025" lat="44.7166818" lon="2.6642224"/>
 <node id="526847170" visible="true" version="4" changeset="106142915" timestamp="2021-06-10T09:08:17Z" user="JSERIEYE" uid="11361025" lat="44.7159111" lon="2.6649741"/>
 <node id="526847171" visible="true" version="2" changeset="106142915" timestamp="2021-06-10T09:08:17Z" user="JSERIEYE" uid="11361025" lat="44.7155252" lon="2.6650402"/>
 <node id="526847172" visible="true" version="2" changeset="31168142" timestamp="2015-05-15T10:36:44Z" user="Yod4z" uid="318821" lat="44.7151199" lon="2.6647654"/>
 <node id="526847173" visible="true" version="2" changeset="31168142" timestamp="2015-05-15T10:36:44Z" user="Yod4z" uid="318821" lat="44.7143918" lon="2.6639125"/>
 <node id="526847174" visible="true" version="2" changeset="31168142" timestamp="2015-05-15T10:36:44Z" user="Yod4z" uid="318821" lat="44.7133778" lon="2.6633814"/>
 <node id="526847175" visible="true" version="2" changeset="31168142" timestamp="2015-05-15T10:36:44Z" user="Yod4z" uid="318821" lat="44.7131986" lon="2.6629523"/>
 <node id="526847176" visible="true" version="2" changeset="31168142" timestamp="2015-05-15T10:36:44Z" user="Yod4z" uid="318821" lat="44.7121198" lon="2.6628718"/>
 <node id="526847177" visible="true" version="1" changeset="2791380" timestamp="2009-10-09T10:00:28Z" user="CLCF06" uid="143308" lat="44.7118130" lon="2.6624826"/>
 <node id="526847178" visible="true" version="2" changeset="31168142" timestamp="2015-05-15T10:36:44Z" user="Yod4z" uid="318821" lat="44.7114908" lon="2.6619438"/>
 <node id="526847179" visible="true" version="2" changeset="31168142" timestamp="2015-05-15T10:36:44Z" user="Yod4z" uid="318821" lat="44.7118301" lon="2.6611606"/>
 <node id="526847181" visible="true" version="1" changeset="2791380" timestamp="2009-10-09T10:00:28Z" user="CLCF06" uid="143308" lat="44.7113983" lon="2.6597534"/>
 <node id="526847182" visible="true" version="2" changeset="31168142" timestamp="2015-05-15T10:36:44Z" user="Yod4z" uid="318821" lat="44.7115289" lon="2.6583442"/>
 <node id="526847183" visible="true" version="2" changeset="31168142" timestamp="2015-05-15T10:36:44Z" user="Yod4z" uid="318821" lat="44.7116128" lon="2.6578400"/>
 <node id="526847184" visible="true" version="2" changeset="31168142" timestamp="2015-05-15T10:36:44Z" user="Yod4z" uid="318821" lat="44.7118262" lon="2.6572606"/>
 <node id="526847185" visible="true" version="2" changeset="31168142" timestamp="2015-05-15T10:36:44Z" user="Yod4z" uid="318821" lat="44.7122227" lon="2.6571158"/>
 <node id="526847186" visible="true" version="2" changeset="31168142" timestamp="2015-05-15T10:36:44Z" user="Yod4z" uid="318821" lat="44.7125925" lon="2.6570407"/>
 <node id="526847187" visible="true" version="2" changeset="31168142" timestamp="2015-05-15T10:36:44Z" user="Yod4z" uid="318821" lat="44.7130652" lon="2.6561609"/>
 <node id="526847188" visible="true" version="3" changeset="31168142" timestamp="2015-05-15T10:36:44Z" user="Yod4z" uid="318821" lat="44.7133244" lon="2.6553831"/>
 <node id="526847189" visible="true" version="2" changeset="8142081" timestamp="2011-05-14T15:31:46Z" user="don-vip" uid="297482" lat="44.7140398" lon="2.6553499"/>
 <node id="526847190" visible="true" version="2" changeset="8142081" timestamp="2011-05-14T15:31:51Z" user="don-vip" uid="297482" lat="44.7149400" lon="2.6553211"/>
 <node id="526847191" visible="true" version="3" changeset="20175301" timestamp="2014-01-24T11:19:55Z" user="LGENDRONNEAU" uid="1434102" lat="44.7181963" lon="2.6537409"/>
 <node id="526847197" visible="true" version="3" changeset="20175301" timestamp="2014-01-24T11:19:55Z" user="LGENDRONNEAU" uid="1434102" lat="44.7185943" lon="2.6535451"/>
 <node id="526847198" visible="true" version="2" changeset="20175301" timestamp="2014-01-24T11:19:55Z" user="LGENDRONNEAU" uid="1434102" lat="44.7187304" lon="2.6537827"/>
 <node id="526847199" visible="true" version="2" changeset="20175301" timestamp="2014-01-24T11:19:55Z" user="LGENDRONNEAU" uid="1434102" lat="44.7193856" lon="2.6536754"/>
 <node id="526847200" visible="true" version="1" changeset="2791380" timestamp="2009-10-09T10:00:28Z" user="CLCF06" uid="143308" lat="44.7198745" lon="2.6533914"/>
 <node id="526847201" visible="true" version="2" changeset="20175301" timestamp="2014-01-24T11:19:55Z" user="LGENDRONNEAU" uid="1434102" lat="44.7201727" lon="2.6534265"/>
 <node id="526847202" visible="true" version="2" changeset="20175301" timestamp="2014-01-24T11:19:55Z" user="LGENDRONNEAU" uid="1434102" lat="44.7203717" lon="2.6533375"/>
 <node id="526847203" visible="true" version="2" changeset="20175301" timestamp="2014-01-24T11:19:55Z" user="LGENDRONNEAU" uid="1434102" lat="44.7204994" lon="2.6531025"/>
 <node id="526847204" visible="true" version="2" changeset="20175301" timestamp="2014-01-24T11:19:55Z" user="LGENDRONNEAU" uid="1434102" lat="44.7209290" lon="2.6525532"/>
 <node id="526847205" visible="true" version="2" changeset="31168142" timestamp="2015-05-15T10:36:44Z" user="Yod4z" uid="318821" lat="44.7219545" lon="2.6525024"/>
 <node id="526847207" visible="true" version="1" changeset="2791380" timestamp="2009-10-09T10:00:29Z" user="CLCF06" uid="143308" lat="44.7231942" lon="2.6507001"/>
 <node id="526847208" visible="true" version="2" changeset="18619457" timestamp="2013-10-30T15:54:35Z" user="InfosReseaux" uid="93222" lat="44.7238979" lon="2.6495757"/>
 <node id="526847212" visible="true" version="2" changeset="18619457" timestamp="2013-10-30T15:54:35Z" user="InfosReseaux" uid="93222" lat="44.7247039" lon="2.6486626"/>
 <node id="526847213" visible="true" version="2" changeset="18619457" timestamp="2013-10-30T15:54:35Z" user="InfosReseaux" uid="93222" lat="44.7248334" lon="2.6484803"/>
 <node id="526847214" visible="true" version="2" changeset="18619457" timestamp="2013-10-30T15:54:35Z" user="InfosReseaux" uid="93222" lat="44.7253938" lon="2.6482699"/>
 <node id="526847215" visible="true" version="2" changeset="18619457" timestamp="2013-10-30T15:54:35Z" user="InfosReseaux" uid="93222" lat="44.7261376" lon="2.6492765"/>
 <node id="526847216" visible="true" version="2" changeset="18619457" timestamp="2013-10-30T15:54:35Z" user="InfosReseaux" uid="93222" lat="44.7261569" lon="2.6493715"/>
 <node id="526847217" visible="true" version="2" changeset="18619457" timestamp="2013-10-30T15:54:35Z" user="InfosReseaux" uid="93222" lat="44.7259920" lon="2.6501233"/>
 <node id="526847218" visible="true" version="2" changeset="18619457" timestamp="2013-10-30T15:54:35Z" user="InfosReseaux" uid="93222" lat="44.7254469" lon="2.6508737"/>
 <node id="526847219" visible="true" version="2" changeset="18619457" timestamp="2013-10-30T15:54:35Z" user="InfosReseaux" uid="93222" lat="44.7245467" lon="2.6521517"/>
 <node id="526847221" visible="true" version="3" changeset="71073939" timestamp="2019-06-09T15:16:57Z" user="InfosReseaux" uid="93222" lat="44.7242828" lon="2.6525798"/>
 <node id="526847229" visible="true" version="3" changeset="71073939" timestamp="2019-06-09T15:16:57Z" user="InfosReseaux" uid="93222" lat="44.7268627" lon="2.6589955"/>
 <node id="526847233" visible="true" version="3" changeset="71073939" timestamp="2019-06-09T15:16:57Z" user="InfosReseaux" uid="93222" lat="44.7269524" lon="2.6627728"/>
 <node id="526847273" visible="true" version="3" changeset="31167755" timestamp="2015-05-15T10:18:41Z" user="Yod4z" uid="318821" lat="44.7350369" lon="2.6776428"/>
 <node id="526847274" visible="true" version="3" changeset="31167755" timestamp="2015-05-15T10:18:41Z" user="Yod4z" uid="318821" lat="44.7356038" lon="2.6773236"/>
 <node id="526847275" visible="true" version="3" changeset="31167755" timestamp="2015-05-15T10:18:41Z" user="Yod4z" uid="318821" lat="44.7358696" lon="2.6772760"/>
 <node id="526847276" visible="true" version="1" changeset="2791380" timestamp="2009-10-09T10:00:32Z" user="CLCF06" uid="143308" lat="44.7359683" lon="2.6772539"/>
 <node id="565559380" visible="true" version="2" changeset="124734572" timestamp="2022-08-10T14:23:34Z" user="Yod4z" uid="318821" lat="44.7418502" lon="2.6743088"/>
 <node id="565559381" visible="true" version="2" changeset="124734572" timestamp="2022-08-10T14:23:34Z" user="Yod4z" uid="318821" lat="44.7413339" lon="2.6744411"/>
 <node id="565559385" visible="true" version="2" changeset="124734572" timestamp="2022-08-10T14:23:34Z" user="Yod4z" uid="318821" lat="44.7443010" lon="2.6778284"/>
 <node id="565559387" visible="true" version="2" changeset="124734572" timestamp="2022-08-10T14:23:34Z" user="Yod4z" uid="318821" lat="44.7439195" lon="2.6773541"/>
 <node id="565559388" visible="true" version="2" changeset="124734572" timestamp="2022-08-10T14:23:34Z" user="Yod4z" uid="318821" lat="44.7451622" lon="2.6787536"/>
 <node id="565559389" visible="true" version="2" changeset="124734572" timestamp="2022-08-10T14:23:34Z" user="Yod4z" uid="318821" lat="44.7417482" lon="2.6751624"/>
 <node id="565559391" visible="true" version="2" changeset="124734572" timestamp="2022-08-10T14:23:34Z" user="Yod4z" uid="318821" lat="44.7419648" lon="2.6748559"/>
 <node id="565559544" visible="true" version="1" changeset="3134638" timestamp="2009-11-16T18:51:23Z" user="persei" uid="117980" lat="44.7440545" lon="2.6843356"/>
 <node id="565559545" visible="true" version="1" changeset="3134638" timestamp="2009-11-16T18:51:24Z" user="persei" uid="117980" lat="44.7442670" lon="2.6846706"/>
 <node id="565559546" visible="true" version="1" changeset="3134638" timestamp="2009-11-16T18:51:24Z" user="persei" uid="117980" lat="44.7440551" lon="2.6841329"/>
 <node id="565559547" visible="true" version="1" changeset="3134638" timestamp="2009-11-16T18:51:24Z" user="persei" uid="117980" lat="44.7440558" lon="2.6839176"/>
 <node id="565559548" visible="true" version="1" changeset="3134638" timestamp="2009-11-16T18:51:24Z" user="persei" uid="117980" lat="44.7440585" lon="2.6830665"/>
 <node id="565559549" visible="true" version="1" changeset="3134638" timestamp="2009-11-16T18:51:24Z" user="persei" uid="117980" lat="44.7443335" lon="2.6821320"/>
 <node id="565559550" visible="true" version="1" changeset="3134638" timestamp="2009-11-16T18:51:24Z" user="persei" uid="117980" lat="44.7443823" lon="2.6819666"/>
 <node id="565559551" visible="true" version="1" changeset="3134638" timestamp="2009-11-16T18:51:24Z" user="persei" uid="117980" lat="44.7448718" lon="2.6854253"/>
 <node id="565559552" visible="true" version="1" changeset="3134638" timestamp="2009-11-16T18:51:24Z" user="persei" uid="117980" lat="44.7452041" lon="2.6819717"/>
 <node id="565559553" visible="true" version="1" changeset="3134638" timestamp="2009-11-16T18:51:24Z" user="persei" uid="117980" lat="44.7454382" lon="2.6826388"/>
 <node id="565559554" visible="true" version="1" changeset="3134638" timestamp="2009-11-16T18:51:24Z" user="persei" uid="117980" lat="44.7454500" lon="2.6831753"/>
 <node id="565559555" visible="true" version="1" changeset="3134638" timestamp="2009-11-16T18:51:24Z" user="persei" uid="117980" lat="44.7456601" lon="2.6842785"/>
 <node id="565559556" visible="true" version="1" changeset="3134638" timestamp="2009-11-16T18:51:24Z" user="persei" uid="117980" lat="44.7467658" lon="2.6848360"/>
 <node id="565559557" visible="true" version="1" changeset="3134638" timestamp="2009-11-16T18:51:24Z" user="persei" uid="117980" lat="44.7461230" lon="2.6847318"/>
 <node id="565559558" visible="true" version="1" changeset="3134638" timestamp="2009-11-16T18:51:24Z" user="persei" uid="117980" lat="44.7469461" lon="2.6839860"/>
 <node id="565559559" visible="true" version="1" changeset="3134638" timestamp="2009-11-16T18:51:24Z" user="persei" uid="117980" lat="44.7468482" lon="2.6811299"/>
 <node id="565559563" visible="true" version="1" changeset="3134638" timestamp="2009-11-16T18:51:24Z" user="persei" uid="117980" lat="44.7455068" lon="2.6861967"/>
 <node id="565559564" visible="true" version="1" changeset="3134638" timestamp="2009-11-16T18:51:24Z" user="persei" uid="117980" lat="44.7455464" lon="2.6864817"/>
 <node id="565559565" visible="true" version="1" changeset="3134638" timestamp="2009-11-16T18:51:24Z" user="persei" uid="117980" lat="44.7456391" lon="2.6863190"/>
 <node id="565559566" visible="true" version="1" changeset="3134638" timestamp="2009-11-16T18:51:24Z" user="persei" uid="117980" lat="44.7451150" lon="2.6874303"/>
 <node id="565559567" visible="true" version="1" changeset="3134638" timestamp="2009-11-16T18:51:25Z" user="persei" uid="117980" lat="44.7452172" lon="2.6871091"/>
 <node id="669994286" visible="true" version="3" changeset="171159156" timestamp="2025-08-28T23:54:43Z" user="Cyrille37Bot" uid="587556" lat="44.7385027" lon="2.6795871">
  <tag k="description" v="Clocher : Campanile : Croix : Base - Point vu en place en 2000"/>
  <tag k="ele" v="737.4"/>
  <tag k="man_made" v="survey_point"/>
  <tag k="note" v="Ne pas déplacer ce point, cf. - Do not move this node, see - http://wiki.openstreetmap.org/wiki/WikiProject_France/Repères_Géodésiques#Permanence_des_rep.C3.A8res"/>
  <tag k="ref" v="12250B - 1"/>
  <tag k="source" v="©IGN 2010 dans le cadre de la cartographie réglementaire"/>
  <tag k="url" v="https://fiches-geodesie.ign.fr/fiches/index.php?module=e&amp;action=fichepdf&amp;source=carte&amp;sit_no=12250B"/>
 </node>
 <node id="669994287" visible="true" version="3" changeset="171159156" timestamp="2025-08-28T23:54:43Z" user="Cyrille37Bot" uid="587556" lat="44.7385027" lon="2.6795871">
  <tag k="description" v="Clocher : Campanile : Centre croix - Point vu en place en 2000"/>
  <tag k="ele" v="738.2"/>
  <tag k="man_made" v="survey_point"/>
  <tag k="note" v="Ne pas déplacer ce point, cf. - Do not move this node, see - http://wiki.openstreetmap.org/wiki/WikiProject_France/Repères_Géodésiques#Permanence_des_rep.C3.A8res"/>
  <tag k="ref" v="12250B - 2"/>
  <tag k="source" v="©IGN 2010 dans le cadre de la cartographie réglementaire"/>
  <tag k="url" v="https://fiches-geodesie.ign.fr/fiches/index.php?module=e&amp;action=fichepdf&amp;source=carte&amp;sit_no=12250B"/>
 </node>
 <node id="732255717" visible="true" version="1" changeset="4686556" timestamp="2010-05-13T14:18:26Z" user="Psolyca" uid="275098" lat="44.7359955" lon="2.6724938"/>
 <node id="732255742" visible="true" version="3" changeset="124332718" timestamp="2022-08-01T08:38:20Z" user="maferikotupi" uid="2115804" lat="44.7389072" lon="2.6781162"/>
 <node id="732255754" visible="true" version="1" changeset="4686556" timestamp="2010-05-13T14:18:27Z" user="Psolyca" uid="275098" lat="44.7390452" lon="2.6876355"/>
 <node id="732255762" visible="true" version="3" changeset="109757271" timestamp="2021-08-16T15:06:41Z" user="Yod4z" uid="318821" lat="44.7396383" lon="2.7019819"/>
 <node id="732255775" visible="true" version="2" changeset="4716923" timestamp="2010-05-16T13:09:30Z" user="Fabio Alessandro &quot;Fale&quot; Locati" uid="40276" lat="44.7396719" lon="2.7142761"/>
 <node id="732255782" visible="true" version="1" changeset="4686556" timestamp="2010-05-13T14:18:28Z" user="Psolyca" uid="275098" lat="44.7386088" lon="2.7194467"/>
 <node id="732255796" visible="true" version="3" changeset="109931497" timestamp="2021-08-19T12:16:58Z" user="Yod4z" uid="318821" lat="44.7352153" lon="2.7269774"/>
 <node id="732255797" visible="true" version="3" changeset="124334033" timestamp="2022-08-01T09:07:43Z" user="maferikotupi" uid="2115804" lat="44.7271228" lon="2.6634426"/>
 <node id="732255812" visible="true" version="2" changeset="124334033" timestamp="2022-08-01T09:07:43Z" user="maferikotupi" uid="2115804" lat="44.7322629" lon="2.6703126"/>
 <node id="732255831" visible="true" version="1" changeset="4686556" timestamp="2010-05-13T14:18:30Z" user="Psolyca" uid="275098" lat="44.7417875" lon="2.6800115"/>
 <node id="732255845" visible="true" version="2" changeset="4716923" timestamp="2010-05-16T13:09:37Z" user="Fabio Alessandro &quot;Fale&quot; Locati" uid="40276" lat="44.7387671" lon="2.6864630"/>
 <node id="732255856" visible="true" version="4" changeset="124732479" timestamp="2022-08-10T13:35:50Z" user="Yod4z" uid="318821" lat="44.7388651" lon="2.6949803"/>
 <node id="732255875" visible="true" version="2" changeset="109757271" timestamp="2021-08-16T15:06:41Z" user="Yod4z" uid="318821" lat="44.7401027" lon="2.7037834"/>
 <node id="732255883" visible="true" version="3" changeset="37083773" timestamp="2016-02-08T16:45:45Z" user="Yod4z" uid="318821" lat="44.7396069" lon="2.7157689"/>
 <node id="732255901" visible="true" version="2" changeset="4716923" timestamp="2010-05-16T13:09:32Z" user="Fabio Alessandro &quot;Fale&quot; Locati" uid="40276" lat="44.7361414" lon="2.7256635"/>
 <node id="732255920" visible="true" version="2" changeset="124334033" timestamp="2022-08-01T09:07:43Z" user="maferikotupi" uid="2115804" lat="44.7307701" lon="2.6691439"/>
 <node id="732255935" visible="true" version="1" changeset="4686556" timestamp="2010-05-13T14:18:33Z" user="Psolyca" uid="275098" lat="44.7376405" lon="2.6741586"/>
 <node id="732255947" visible="true" version="4" changeset="154594883" timestamp="2024-07-30T08:40:03Z" user="vincent_95" uid="49047" lat="44.7396895" lon="2.6794333"/>
 <node id="732255976" visible="true" version="4" changeset="124332718" timestamp="2022-08-01T08:38:20Z" user="maferikotupi" uid="2115804" lat="44.7394279" lon="2.6798771"/>
 <node id="732255991" visible="true" version="2" changeset="4716923" timestamp="2010-05-16T13:09:29Z" user="Fabio Alessandro &quot;Fale&quot; Locati" uid="40276" lat="44.7391759" lon="2.6873273"/>
 <node id="732256005" visible="true" version="3" changeset="46371969" timestamp="2017-02-24T16:09:07Z" user="Thierry_la_Fronde_12" uid="161646" lat="44.7393904" lon="2.6971280"/>
 <node id="732256020" visible="true" version="3" changeset="109757271" timestamp="2021-08-16T15:06:41Z" user="Yod4z" uid="318821" lat="44.7399175" lon="2.7133304"/>
 <node id="732256033" visible="true" version="2" changeset="109757271" timestamp="2021-08-16T15:06:41Z" user="Yod4z" uid="318821" lat="44.7378436" lon="2.7212220"/>
 <node id="732256049" visible="true" version="2" changeset="109757271" timestamp="2021-08-16T15:06:41Z" user="Yod4z" uid="318821" lat="44.7352174" lon="2.7268204"/>
 <node id="732256051" visible="true" version="2" changeset="124334033" timestamp="2022-08-01T09:07:43Z" user="maferikotupi" uid="2115804" lat="44.7285565" lon="2.6670153"/>
 <node id="732256069" visible="true" version="2" changeset="124334033" timestamp="2022-08-01T09:07:43Z" user="maferikotupi" uid="2115804" lat="44.7318626" lon="2.6700474"/>
 <node id="732256084" visible="true" version="2" changeset="6146201" timestamp="2010-10-23T14:49:17Z" user="Yod4z" uid="318821" lat="44.7387215" lon="2.6762873"/>
 <node id="732256098" visible="true" version="2" changeset="4716923" timestamp="2010-05-16T13:09:32Z" user="Fabio Alessandro &quot;Fale&quot; Locati" uid="40276" lat="44.7401821" lon="2.6798247"/>
 <node id="732256122" visible="true" version="3" changeset="124332718" timestamp="2022-08-01T08:38:20Z" user="maferikotupi" uid="2115804" lat="44.7390964" lon="2.6819752"/>
 <node id="732256135" visible="true" version="3" changeset="46371969" timestamp="2017-02-24T16:09:07Z" user="Thierry_la_Fronde_12" uid="161646" lat="44.7385629" lon="2.6945179"/>
 <node id="732256146" visible="true" version="2" changeset="109757271" timestamp="2021-08-16T15:06:41Z" user="Yod4z" uid="318821" lat="44.7396811" lon="2.7095253"/>
 <node id="732256162" visible="true" version="2" changeset="109757271" timestamp="2021-08-16T15:06:41Z" user="Yod4z" uid="318821" lat="44.7396214" lon="2.7146892"/>
 <node id="732256171" visible="true" version="2" changeset="4716923" timestamp="2010-05-16T13:09:34Z" user="Fabio Alessandro &quot;Fale&quot; Locati" uid="40276" lat="44.7374958" lon="2.7222080"/>
 <node id="732256190" visible="true" version="3" changeset="124334033" timestamp="2022-08-01T09:07:43Z" user="maferikotupi" uid="2115804" lat="44.7291809" lon="2.6674042"/>
 <node id="732256204" visible="true" version="1" changeset="4686556" timestamp="2010-05-13T14:18:39Z" user="Psolyca" uid="275098" lat="44.7374013" lon="2.6738331"/>
 <node id="732256212" visible="true" version="4" changeset="124332718" timestamp="2022-08-01T08:38:20Z" user="maferikotupi" uid="2115804" lat="44.7392912" lon="2.6790500"/>
 <node id="732256240" visible="true" version="3" changeset="124332718" timestamp="2022-08-01T08:38:20Z" user="maferikotupi" uid="2115804" lat="44.7393392" lon="2.6792849"/>
 <node id="732256255" visible="true" version="2" changeset="6146201" timestamp="2010-10-23T14:49:17Z" user="Yod4z" uid="318821" lat="44.7384351" lon="2.6883817"/>
 <node id="732256274" visible="true" version="2" changeset="46371969" timestamp="2017-02-24T16:09:07Z" user="Thierry_la_Fronde_12" uid="161646" lat="44.7392513" lon="2.6961801"/>
 <node id="732256285" visible="true" version="1" changeset="4686556" timestamp="2010-05-13T14:18:41Z" user="Psolyca" uid="275098" lat="44.7392641" lon="2.7105046"/>
 <node id="732256302" visible="true" version="2" changeset="109757271" timestamp="2021-08-16T15:06:41Z" user="Yod4z" uid="318821" lat="44.7379127" lon="2.7203560"/>
 <node id="732256312" visible="true" version="2" changeset="4716923" timestamp="2010-05-16T13:09:28Z" user="Fabio Alessandro &quot;Fale&quot; Locati" uid="40276" lat="44.7355851" lon="2.7280363"/>
 <node id="732256314" visible="true" version="3" changeset="124334033" timestamp="2022-08-01T09:07:43Z" user="maferikotupi" uid="2115804" lat="44.7283989" lon="2.6667888"/>
 <node id="732256337" visible="true" version="3" changeset="124334033" timestamp="2022-08-01T09:07:43Z" user="maferikotupi" uid="2115804" lat="44.7331564" lon="2.6712486"/>
 <node id="732256360" visible="true" version="1" changeset="4686556" timestamp="2010-05-13T14:18:43Z" user="Psolyca" uid="275098" lat="44.7384802" lon="2.6756662"/>
 <node id="732256366" visible="true" version="1" changeset="4686556" timestamp="2010-05-13T14:18:43Z" user="Psolyca" uid="275098" lat="44.7398947" lon="2.6796356"/>
 <node id="732256396" visible="true" version="1" changeset="4686556" timestamp="2010-05-13T14:18:43Z" user="Psolyca" uid="275098" lat="44.7393658" lon="2.6809868"/>
 <node id="732256414" visible="true" version="2" changeset="6146201" timestamp="2010-10-23T14:49:17Z" user="Yod4z" uid="318821" lat="44.7379436" lon="2.6899783"/>
 <node id="732256425" visible="true" version="3" changeset="109757271" timestamp="2021-08-16T15:06:41Z" user="Yod4z" uid="318821" lat="44.7398192" lon="2.7090846"/>
 <node id="732256446" visible="true" version="4" changeset="109757271" timestamp="2021-08-16T15:06:41Z" user="Yod4z" uid="318821" lat="44.7393268" lon="2.7169102"/>
 <node id="732256461" visible="true" version="1" changeset="4686556" timestamp="2010-05-13T14:18:45Z" user="Psolyca" uid="275098" lat="44.7377615" lon="2.7216757"/>
 <node id="732256462" visible="true" version="4" changeset="124334033" timestamp="2022-08-01T09:07:43Z" user="maferikotupi" uid="2115804" lat="44.7269956" lon="2.6590878"/>
 <node id="732256466" visible="true" version="3" changeset="86516588" timestamp="2020-06-11T11:57:58Z" user="jcphal" uid="387627" lat="44.7362374" lon="2.7278958"/>
 <node id="732256469" visible="true" version="3" changeset="124334033" timestamp="2022-08-01T09:07:43Z" user="maferikotupi" uid="2115804" lat="44.7288247" lon="2.6672414"/>
 <node id="732256489" visible="true" version="2" changeset="124334033" timestamp="2022-08-01T09:07:43Z" user="maferikotupi" uid="2115804" lat="44.7339035" lon="2.6716834"/>
 <node id="732256536" visible="true" version="2" changeset="4716923" timestamp="2010-05-16T13:09:37Z" user="Fabio Alessandro &quot;Fale&quot; Locati" uid="40276" lat="44.7387828" lon="2.6878493"/>
 <node id="732256550" visible="true" version="1" changeset="4686556" timestamp="2010-05-13T14:18:47Z" user="Psolyca" uid="275098" lat="44.7392547" lon="2.6990276"/>
 <node id="732256559" visible="true" version="2" changeset="109757271" timestamp="2021-08-16T15:06:41Z" user="Yod4z" uid="318821" lat="44.7393812" lon="2.7100896"/>
 <node id="732256579" visible="true" version="3" changeset="109757271" timestamp="2021-08-16T15:06:41Z" user="Yod4z" uid="318821" lat="44.7387176" lon="2.7181556"/>
 <node id="732256595" visible="true" version="2" changeset="4716923" timestamp="2010-05-16T13:09:36Z" user="Fabio Alessandro &quot;Fale&quot; Locati" uid="40276" lat="44.7354452" lon="2.7278189"/>
 <node id="732256621" visible="true" version="3" changeset="124334033" timestamp="2022-08-01T09:07:43Z" user="maferikotupi" uid="2115804" lat="44.7325849" lon="2.6706692"/>
 <node id="732256653" visible="true" version="1" changeset="4686556" timestamp="2010-05-13T14:18:48Z" user="Psolyca" uid="275098" lat="44.7406532" lon="2.6799875"/>
 <node id="732256683" visible="true" version="2" changeset="114663933" timestamp="2021-12-07T14:38:21Z" user="Eric V" uid="163480" lat="44.7386075" lon="2.6839644"/>
 <node id="732256705" visible="true" version="2" changeset="6146201" timestamp="2010-10-23T14:49:25Z" user="Yod4z" uid="318821" lat="44.7381636" lon="2.6891632"/>
 <node id="732256724" visible="true" version="3" changeset="109757271" timestamp="2021-08-16T15:06:41Z" user="Yod4z" uid="318821" lat="44.7396042" lon="2.7015749"/>
 <node id="732256735" visible="true" version="3" changeset="37083773" timestamp="2016-02-08T16:45:45Z" user="Yod4z" uid="318821" lat="44.7394769" lon="2.7165875"/>
 <node id="732256754" visible="true" version="2" changeset="4716923" timestamp="2010-05-16T13:09:26Z" user="Fabio Alessandro &quot;Fale&quot; Locati" uid="40276" lat="44.7369519" lon="2.7230435"/>
 <node id="732256758" visible="true" version="2" changeset="115672985" timestamp="2022-01-02T14:50:41Z" user="InfosReseaux" uid="93222" lat="44.7262211" lon="2.6567182"/>
 <node id="732256765" visible="true" version="3" changeset="86516588" timestamp="2020-06-11T11:57:58Z" user="jcphal" uid="387627" lat="44.7358235" lon="2.7280974"/>
 <node id="732256766" visible="true" version="3" changeset="124334033" timestamp="2022-08-01T09:07:43Z" user="maferikotupi" uid="2115804" lat="44.7298220" lon="2.6677731"/>
 <node id="732256786" visible="true" version="3" changeset="124334033" timestamp="2022-08-01T09:07:43Z" user="maferikotupi" uid="2115804" lat="44.7335974" lon="2.6715624"/>
 <node id="732256808" visible="true" version="3" changeset="124332718" timestamp="2022-08-01T08:38:20Z" user="maferikotupi" uid="2115804" lat="44.7411225" lon="2.6799732"/>
 <node id="732256836" visible="true" version="2" changeset="4716923" timestamp="2010-05-16T13:09:29Z" user="Fabio Alessandro &quot;Fale&quot; Locati" uid="40276" lat="44.7385106" lon="2.6858830"/>
 <node id="732256849" visible="true" version="3" changeset="109757271" timestamp="2021-08-16T15:06:41Z" user="Yod4z" uid="318821" lat="44.7392562" lon="2.6987155"/>
 <node id="732256862" visible="true" version="3" changeset="109757271" timestamp="2021-08-16T15:06:41Z" user="Yod4z" uid="318821" lat="44.7394790" lon="2.7118604"/>
 <node id="732256878" visible="true" version="2" changeset="4716923" timestamp="2010-05-16T13:09:33Z" user="Fabio Alessandro &quot;Fale&quot; Locati" uid="40276" lat="44.7388392" lon="2.7175337"/>
 <node id="732256889" visible="true" version="2" changeset="4716923" timestamp="2010-05-16T13:09:27Z" user="Fabio Alessandro &quot;Fale&quot; Locati" uid="40276" lat="44.7363437" lon="2.7252936"/>
 <node id="732256892" visible="true" version="3" changeset="124334033" timestamp="2022-08-01T09:07:43Z" user="maferikotupi" uid="2115804" lat="44.7270564" lon="2.6593477"/>
 <node id="732256911" visible="true" version="1" changeset="4686556" timestamp="2010-05-13T14:18:53Z" user="Psolyca" uid="275098" lat="44.7305315" lon="2.6688575"/>
 <node id="732256927" visible="true" version="3" changeset="124332718" timestamp="2022-08-01T08:38:20Z" user="maferikotupi" uid="2115804" lat="44.7388119" lon="2.6769099"/>
 <node id="732256934" visible="true" version="1" changeset="4686556" timestamp="2010-05-13T14:18:53Z" user="Psolyca" uid="275098" lat="44.7404848" lon="2.6799468"/>
 <node id="732256960" visible="true" version="2" changeset="124332718" timestamp="2022-08-01T08:38:20Z" user="maferikotupi" uid="2115804" lat="44.7388592" lon="2.6826136"/>
 <node id="732256974" visible="true" version="3" changeset="124732479" timestamp="2022-08-10T13:35:50Z" user="Yod4z" uid="318821" lat="44.7377632" lon="2.6919663"/>
 <node id="732256991" visible="true" version="3" changeset="109757271" timestamp="2021-08-16T15:06:41Z" user="Yod4z" uid="318821" lat="44.7395374" lon="2.7001775"/>
 <node id="732257003" visible="true" version="2" changeset="109757271" timestamp="2021-08-16T15:06:41Z" user="Yod4z" uid="318821" lat="44.7399209" lon="2.7128968"/>
 <node id="732257019" visible="true" version="1" changeset="4686556" timestamp="2010-05-13T14:18:55Z" user="Psolyca" uid="275098" lat="44.7372059" lon="2.7226007"/>
 <node id="732257030" visible="true" version="3" changeset="86516588" timestamp="2020-06-11T11:57:58Z" user="jcphal" uid="387627" lat="44.7368616" lon="2.7278600"/>
 <node id="732257034" visible="true" version="3" changeset="124334033" timestamp="2022-08-01T09:07:43Z" user="maferikotupi" uid="2115804" lat="44.7294744" lon="2.6675243"/>
 <node id="732257052" visible="true" version="2" changeset="124334033" timestamp="2022-08-01T09:07:43Z" user="maferikotupi" uid="2115804" lat="44.7355718" lon="2.6722147"/>
 <node id="732257078" visible="true" version="1" changeset="4686556" timestamp="2010-05-13T14:18:56Z" user="Psolyca" uid="275098" lat="44.7408742" lon="2.6799971"/>
 <node id="732257109" visible="true" version="1" changeset="4686556" timestamp="2010-05-13T14:18:56Z" user="Psolyca" uid="275098" lat="44.7384095" lon="2.6853412"/>
 <node id="732257126" visible="true" version="4" changeset="124732479" timestamp="2022-08-10T13:35:50Z" user="Yod4z" uid="318821" lat="44.7382335" lon="2.6941671"/>
 <node id="732257141" visible="true" version="2" changeset="109757271" timestamp="2021-08-16T15:06:41Z" user="Yod4z" uid="318821" lat="44.7393030" lon="2.7111765"/>
 <node id="732257162" visible="true" version="2" changeset="109757271" timestamp="2021-08-16T15:06:41Z" user="Yod4z" uid="318821" lat="44.7387598" lon="2.7190318"/>
 <node id="732257174" visible="true" version="1" changeset="4686556" timestamp="2010-05-13T14:18:57Z" user="Psolyca" uid="275098" lat="44.7368571" lon="2.7233738"/>
 <node id="732257184" visible="true" version="1" changeset="4686556" timestamp="2010-05-13T14:18:57Z" user="Psolyca" uid="275098" lat="44.7270631" lon="2.6632198"/>
 <node id="732257202" visible="true" version="3" changeset="86516588" timestamp="2020-06-11T11:57:58Z" user="jcphal" uid="387627" lat="44.7372985" lon="2.7285228"/>
 <node id="732257205" visible="true" version="2" changeset="124334033" timestamp="2022-08-01T09:07:43Z" user="maferikotupi" uid="2115804" lat="44.7301187" lon="2.6681804"/>
 <node id="732257232" visible="true" version="2" changeset="4716923" timestamp="2010-05-16T13:09:29Z" user="Fabio Alessandro &quot;Fale&quot; Locati" uid="40276" lat="44.7364340" lon="2.6729016"/>
 <node id="732257284" visible="true" version="4" changeset="124332718" timestamp="2022-08-01T08:38:20Z" user="maferikotupi" uid="2115804" lat="44.7391504" lon="2.6786549"/>
 <node id="732257316" visible="true" version="3" changeset="114663933" timestamp="2021-12-07T14:38:21Z" user="Eric V" uid="163480" lat="44.7378927" lon="2.6905379"/>
 <node id="732257325" visible="true" version="1" changeset="4686556" timestamp="2010-05-13T14:18:59Z" user="Psolyca" uid="275098" lat="44.7451818" lon="2.6740115"/>
 <node id="732257344" visible="true" version="2" changeset="109757271" timestamp="2021-08-16T15:06:41Z" user="Yod4z" uid="318821" lat="44.7400122" lon="2.7029816"/>
 <node id="732257358" visible="true" version="2" changeset="109757271" timestamp="2021-08-16T15:06:41Z" user="Yod4z" uid="318821" lat="44.7398045" lon="2.7125108"/>
 <node id="732257373" visible="true" version="2" changeset="109757271" timestamp="2021-08-16T15:06:41Z" user="Yod4z" uid="318821" lat="44.7380864" lon="2.7200176"/>
 <node id="732257387" visible="true" version="3" changeset="86516588" timestamp="2020-06-11T11:57:58Z" user="jcphal" uid="387627" lat="44.7364412" lon="2.7277706"/>
 <node id="732257390" visible="true" version="4" changeset="124334033" timestamp="2022-08-01T09:07:43Z" user="maferikotupi" uid="2115804" lat="44.7273314" lon="2.6639741"/>
 <node id="732257419" visible="true" version="3" changeset="124334033" timestamp="2022-08-01T09:07:43Z" user="maferikotupi" uid="2115804" lat="44.7350951" lon="2.6720526"/>
 <node id="732257459" visible="true" version="2" changeset="4716923" timestamp="2010-05-16T13:09:27Z" user="Fabio Alessandro &quot;Fale&quot; Locati" uid="40276" lat="44.7416293" lon="2.6800075"/>
 <node id="732257494" visible="true" version="1" changeset="4686556" timestamp="2010-05-13T14:19:01Z" user="Psolyca" uid="275098" lat="44.7391391" lon="2.6869921"/>
 <node id="732257524" visible="true" version="3" changeset="114663933" timestamp="2021-12-07T14:38:21Z" user="Eric V" uid="163480" lat="44.7379210" lon="2.6929900"/>
 <node id="732257539" visible="true" version="2" changeset="109757271" timestamp="2021-08-16T15:06:41Z" user="Yod4z" uid="318821" lat="44.7398556" lon="2.7085911"/>
 <node id="732257565" visible="true" version="3" changeset="109757271" timestamp="2021-08-16T15:06:41Z" user="Yod4z" uid="318821" lat="44.7387770" lon="2.7186998"/>
 <node id="732257587" visible="true" version="2" changeset="4716923" timestamp="2010-05-16T13:09:34Z" user="Fabio Alessandro &quot;Fale&quot; Locati" uid="40276" lat="44.7353902" lon="2.7264776"/>
 <node id="732257590" visible="true" version="1" changeset="4686556" timestamp="2010-05-13T14:19:02Z" user="Psolyca" uid="275098" lat="44.7270471" lon="2.6629056"/>
 <node id="732257605" visible="true" version="3" changeset="86516588" timestamp="2020-06-11T11:57:58Z" user="jcphal" uid="387627" lat="44.7370443" lon="2.7280355"/>
 <node id="732257609" visible="true" version="2" changeset="124334033" timestamp="2022-08-01T09:07:43Z" user="maferikotupi" uid="2115804" lat="44.7314227" lon="2.6697473"/>
 <node id="732723657" visible="true" version="2" changeset="46371969" timestamp="2017-02-24T16:09:07Z" user="Thierry_la_Fronde_12" uid="161646" lat="44.7214689" lon="2.7001849"/>
 <node id="732723675" visible="true" version="1" changeset="4689653" timestamp="2010-05-13T19:07:57Z" user="Psolyca" uid="275098" lat="44.7352499" lon="2.6971541"/>
 <node id="732723696" visible="true" version="2" changeset="109759009" timestamp="2021-08-16T15:43:08Z" user="Yod4z" uid="318821" lat="44.7287083" lon="2.6939659"/>
 <node id="732723710" visible="true" version="2" changeset="109759009" timestamp="2021-08-16T15:43:08Z" user="Yod4z" uid="318821" lat="44.7249189" lon="2.6981569"/>
 <node id="732723730" visible="true" version="4" changeset="170579156" timestamp="2025-08-17T17:36:28Z" user="Niconil" uid="217235" lat="44.7269627" lon="2.6941504"/>
 <node id="732723751" visible="true" version="3" changeset="109759009" timestamp="2021-08-16T15:43:08Z" user="Yod4z" uid="318821" lat="44.7226584" lon="2.7006859"/>
 <node id="732723770" visible="true" version="1" changeset="4689653" timestamp="2010-05-13T19:08:01Z" user="Psolyca" uid="275098" lat="44.7366379" lon="2.6967979"/>
 <node id="732723793" visible="true" version="2" changeset="109759009" timestamp="2021-08-16T15:43:08Z" user="Yod4z" uid="318821" lat="44.7308491" lon="2.6941305"/>
 <node id="732723807" visible="true" version="2" changeset="109759009" timestamp="2021-08-16T15:43:08Z" user="Yod4z" uid="318821" lat="44.7258452" lon="2.6966452"/>
 <node id="732723849" visible="true" version="3" changeset="109759009" timestamp="2021-08-16T15:43:08Z" user="Yod4z" uid="318821" lat="44.7239173" lon="2.6994021"/>
 <node id="732723868" visible="true" version="1" changeset="4689653" timestamp="2010-05-13T19:08:06Z" user="Psolyca" uid="275098" lat="44.7387771" lon="2.6972386"/>
 <node id="732723890" visible="true" version="1" changeset="4689653" timestamp="2010-05-13T19:08:07Z" user="Psolyca" uid="275098" lat="44.7394252" lon="2.6975263"/>
 <node id="732723891" visible="true" version="2" changeset="109759009" timestamp="2021-08-16T15:43:08Z" user="Yod4z" uid="318821" lat="44.7317811" lon="2.6946981"/>
 <node id="732723906" visible="true" version="2" changeset="109759009" timestamp="2021-08-16T15:43:08Z" user="Yod4z" uid="318821" lat="44.7263891" lon="2.6962266"/>
 <node id="732723978" visible="true" version="1" changeset="4689653" timestamp="2010-05-13T19:08:09Z" user="Psolyca" uid="275098" lat="44.7342638" lon="2.6964086"/>
 <node id="732724043" visible="true" version="1" changeset="4689653" timestamp="2010-05-13T19:08:10Z" user="Psolyca" uid="275098" lat="44.7326514" lon="2.6960376"/>
 <node id="732724063" visible="true" version="2" changeset="109759009" timestamp="2021-08-16T15:43:08Z" user="Yod4z" uid="318821" lat="44.7262929" lon="2.6951796"/>
 <node id="732724101" visible="true" version="1" changeset="4689653" timestamp="2010-05-13T19:08:13Z" user="Psolyca" uid="275098" lat="44.7348717" lon="2.6973488"/>
 <node id="732724121" visible="true" version="2" changeset="109759009" timestamp="2021-08-16T15:43:08Z" user="Yod4z" uid="318821" lat="44.7282341" lon="2.6940319"/>
 <node id="732724136" visible="true" version="2" changeset="109759009" timestamp="2021-08-16T15:43:08Z" user="Yod4z" uid="318821" lat="44.7247818" lon="2.6985128"/>
 <node id="732724142" visible="true" version="1" changeset="4689653" timestamp="2010-05-13T19:08:14Z" user="Psolyca" uid="275098" lat="44.7335411" lon="2.6959348"/>
 <node id="732724157" visible="true" version="2" changeset="109759009" timestamp="2021-08-16T15:43:08Z" user="Yod4z" uid="318821" lat="44.7265896" lon="2.6944196"/>
 <node id="732724178" visible="true" version="2" changeset="109759009" timestamp="2021-08-16T15:43:08Z" user="Yod4z" uid="318821" lat="44.7224948" lon="2.7007774"/>
 <node id="732724196" visible="true" version="1" changeset="4689653" timestamp="2010-05-13T19:08:16Z" user="Psolyca" uid="275098" lat="44.7360900" lon="2.6968529"/>
 <node id="732724221" visible="true" version="2" changeset="109759009" timestamp="2021-08-16T15:43:08Z" user="Yod4z" uid="318821" lat="44.7299736" lon="2.6940415"/>
 <node id="732724233" visible="true" version="2" changeset="109757271" timestamp="2021-08-16T15:06:41Z" user="Yod4z" uid="318821" lat="44.7393777" lon="2.6975087"/>
 <node id="732724236" visible="true" version="2" changeset="109759009" timestamp="2021-08-16T15:43:08Z" user="Yod4z" uid="318821" lat="44.7254540" lon="2.6967058"/>
 <node id="732724278" visible="true" version="3" changeset="109759009" timestamp="2021-08-16T15:43:08Z" user="Yod4z" uid="318821" lat="44.7232487" lon="2.7001523"/>
 <node id="732724298" visible="true" version="1" changeset="4689653" timestamp="2010-05-13T19:08:20Z" user="Psolyca" uid="275098" lat="44.7377049" lon="2.6967097"/>
 <node id="732724323" visible="true" version="2" changeset="109759009" timestamp="2021-08-16T15:43:08Z" user="Yod4z" uid="318821" lat="44.7316093" lon="2.6944914"/>
 <node id="732724341" visible="true" version="2" changeset="109759009" timestamp="2021-08-16T15:43:08Z" user="Yod4z" uid="318821" lat="44.7262406" lon="2.6964677"/>
 <node id="732724383" visible="true" version="1" changeset="4689653" timestamp="2010-05-13T19:08:24Z" user="Psolyca" uid="275098" lat="44.7341359" lon="2.6961625"/>
 <node id="732724422" visible="true" version="2" changeset="109759009" timestamp="2021-08-16T15:43:08Z" user="Yod4z" uid="318821" lat="44.7324765" lon="2.6959304"/>
 <node id="732724438" visible="true" version="2" changeset="109759009" timestamp="2021-08-16T15:43:08Z" user="Yod4z" uid="318821" lat="44.7264024" lon="2.6957651"/>
 <node id="732724480" visible="true" version="1" changeset="4689653" timestamp="2010-05-13T19:08:28Z" user="Psolyca" uid="275098" lat="44.7346238" lon="2.6972680"/>
 <node id="732724499" visible="true" version="2" changeset="109759009" timestamp="2021-08-16T15:43:08Z" user="Yod4z" uid="318821" lat="44.7277405" lon="2.6940987"/>
 <node id="732724522" visible="true" version="2" changeset="109759009" timestamp="2021-08-16T15:43:08Z" user="Yod4z" uid="318821" lat="44.7244732" lon="2.6989781"/>
 <node id="732724536" visible="true" version="1" changeset="4689653" timestamp="2010-05-13T19:08:29Z" user="Psolyca" uid="275098" lat="44.7333115" lon="2.6959458"/>
 <node id="732724569" visible="true" version="2" changeset="109759009" timestamp="2021-08-16T15:43:08Z" user="Yod4z" uid="318821" lat="44.7264268" lon="2.6945428"/>
 <node id="732724592" visible="true" version="1" changeset="4689653" timestamp="2010-05-13T19:08:31Z" user="Psolyca" uid="275098" lat="44.7219298" lon="2.7005329"/>
 <node id="732724609" visible="true" version="1" changeset="4689653" timestamp="2010-05-13T19:08:32Z" user="Psolyca" uid="275098" lat="44.7356778" lon="2.6969301"/>
 <node id="732724649" visible="true" version="2" changeset="109759009" timestamp="2021-08-16T15:43:08Z" user="Yod4z" uid="318821" lat="44.7289552" lon="2.6939633"/>
 <node id="732724662" visible="true" version="2" changeset="109759009" timestamp="2021-08-16T15:43:08Z" user="Yod4z" uid="318821" lat="44.7252915" lon="2.6968658"/>
 <node id="732724702" visible="true" version="3" changeset="109759009" timestamp="2021-08-16T15:43:08Z" user="Yod4z" uid="318821" lat="44.7228822" lon="2.7004841"/>
 <node id="732724721" visible="true" version="1" changeset="4689653" timestamp="2010-05-13T19:08:35Z" user="Psolyca" uid="275098" lat="44.7374205" lon="2.6966546"/>
 <node id="732724744" visible="true" version="2" changeset="109759009" timestamp="2021-08-16T15:43:08Z" user="Yod4z" uid="318821" lat="44.7313699" lon="2.6943190"/>
 <node id="732724758" visible="true" version="1" changeset="4689653" timestamp="2010-05-13T19:08:37Z" user="Psolyca" uid="275098" lat="44.7260371" lon="2.6965995"/>
 <node id="732724799" visible="true" version="1" changeset="4689653" timestamp="2010-05-13T19:08:39Z" user="Psolyca" uid="275098" lat="44.7339272" lon="2.6960229"/>
 <node id="732724817" visible="true" version="1" changeset="4689653" timestamp="2010-05-13T19:08:40Z" user="Psolyca" uid="275098" lat="44.7392310" lon="2.6974700"/>
 <node id="732724928" visible="true" version="2" changeset="109759009" timestamp="2021-08-16T15:43:08Z" user="Yod4z" uid="318821" lat="44.7320896" lon="2.6952287"/>
 <node id="732724957" visible="true" version="2" changeset="109759009" timestamp="2021-08-16T15:43:08Z" user="Yod4z" uid="318821" lat="44.7264342" lon="2.6959951"/>
 <node id="732725025" visible="true" version="1" changeset="4689653" timestamp="2010-05-13T19:08:45Z" user="Psolyca" uid="275098" lat="44.7344647" lon="2.6970476"/>
 <node id="732725066" visible="true" version="2" changeset="109759009" timestamp="2021-08-16T15:43:08Z" user="Yod4z" uid="318821" lat="44.7272630" lon="2.6941245"/>
 <node id="732725116" visible="true" version="1" changeset="4689653" timestamp="2010-05-13T19:08:47Z" user="Psolyca" uid="275098" lat="44.7328027" lon="2.6960743"/>
 <node id="732725158" visible="true" version="2" changeset="109759009" timestamp="2021-08-16T15:43:08Z" user="Yod4z" uid="318821" lat="44.7263284" lon="2.6947540"/>
 <node id="864818344" visible="true" version="3" changeset="95475252" timestamp="2020-12-08T09:39:02Z" user="JFK73" uid="662440" lat="44.7366148" lon="2.6786657"/>
 <node id="864818347" visible="true" version="2" changeset="6146201" timestamp="2010-10-23T14:49:15Z" user="Yod4z" uid="318821" lat="44.7383775" lon="2.6791851"/>
 <node id="864818354" visible="true" version="3" changeset="154593627" timestamp="2024-07-30T08:08:03Z" user="vincent_95" uid="49047" lat="44.7378412" lon="2.6795952"/>
 <node id="864818374" visible="true" version="3" changeset="95475252" timestamp="2020-12-08T09:39:02Z" user="JFK73" uid="662440" lat="44.7364343" lon="2.6784446"/>
 <node id="864818377" visible="true" version="5" changeset="95475252" timestamp="2020-12-08T09:39:02Z" user="JFK73" uid="662440" lat="44.7367627" lon="2.6787785"/>
 <node id="864818390" visible="true" version="3" changeset="124332718" timestamp="2022-08-01T08:38:20Z" user="maferikotupi" uid="2115804" lat="44.7371122" lon="2.6791745"/>
 <node id="864818409" visible="true" version="3" changeset="154594883" timestamp="2024-07-30T08:40:03Z" user="vincent_95" uid="49047" lat="44.7369036" lon="2.6796554"/>
 <node id="864818416" visible="true" version="2" changeset="6146201" timestamp="2010-10-23T14:49:16Z" user="Yod4z" uid="318821" lat="44.7385683" lon="2.6791507"/>
 <node id="864818421" visible="true" version="3" changeset="124332718" timestamp="2022-08-01T08:38:20Z" user="maferikotupi" uid="2115804" lat="44.7380572" lon="2.6795459"/>
 <node id="864818443" visible="true" version="3" changeset="95475252" timestamp="2020-12-08T09:39:02Z" user="JFK73" uid="662440" lat="44.7360428" lon="2.6782676"/>
 <node id="941393267" visible="true" version="6" changeset="135719098" timestamp="2023-05-04T22:30:42Z" user="InfosReseaux" uid="93222" lat="44.0618680" lon="2.8267319">
  <tag k="design:ref" v="B1"/>
  <tag k="line_attachment" v="suspension"/>
  <tag k="operator" v="RTE"/>
  <tag k="operator:wikidata" v="Q2178795"/>
  <tag k="power" v="tower"/>
 </node>
 <node id="941393346" visible="true" version="6" changeset="135719098" timestamp="2023-05-04T22:30:42Z" user="InfosReseaux" uid="93222" lat="44.0455063" lon="2.8243596">
  <tag k="design:ref" v="B1"/>
  <tag k="line_attachment" v="suspension"/>
  <tag k="operator" v="RTE"/>
  <tag k="operator:wikidata" v="Q2178795"/>
  <tag k="power" v="tower"/>
 </node>
 <node id="941393375" visible="true" version="5" changeset="135719098" timestamp="2023-05-04T22:30:42Z" user="InfosReseaux" uid="93222" lat="44.0751299" lon="2.8277433">
  <tag k="design:ref" v="B1"/>
  <tag k="line_attachment" v="suspension"/>
  <tag k="operator" v="RTE"/>
  <tag k="operator:wikidata" v="Q2178795"/>
  <tag k="power" v="tower"/>
 </node>
 <node id="941393399" visible="true" version="6" changeset="135719098" timestamp="2023-05-04T22:30:42Z" user="InfosReseaux" uid="93222" lat="44.0522277" lon="2.8259947">
  <tag k="design:ref" v="B1"/>
  <tag k="line_attachment" v="suspension"/>
  <tag k="operator" v="RTE"/>
  <tag k="operator:wikidata" v="Q2178795"/>
  <tag k="power" v="tower"/>
 </node>
 <node id="954133244" visible="true" version="2" changeset="124334033" timestamp="2022-08-01T09:07:43Z" user="maferikotupi" uid="2115804" lat="44.7303148" lon="2.6685181"/>
 <node id="956360847" visible="true" version="1" changeset="6086303" timestamp="2010-10-18T20:00:30Z" user="Yod4z" uid="318821" lat="44.7383490" lon="2.6754307"/>
 <node id="956360864" visible="true" version="2" changeset="124334033" timestamp="2022-08-01T09:07:43Z" user="maferikotupi" uid="2115804" lat="44.7357356" lon="2.6722816"/>
 <node id="956360965" visible="true" version="1" changeset="6086303" timestamp="2010-10-18T20:00:33Z" user="Yod4z" uid="318821" lat="44.7372514" lon="2.6759519"/>
 <node id="956361009" visible="true" version="3" changeset="187995760" timestamp="2026-08-25T15:16:46Z" user="Yod4z" uid="318821" lat="44.7357017" lon="2.6762038"/>
 <node id="956361043" visible="true" version="1" changeset="6086303" timestamp="2010-10-18T20:00:35Z" user="Yod4z" uid="318821" lat="44.7366596" lon="2.6761307"/>
 <node id="956361051" visible="true" version="1" changeset="6086303" timestamp="2010-10-18T20:00:36Z" user="Yod4z" uid="318821" lat="44.7366238" lon="2.6730850"/>
 <node id="957538446" visible="true" version="1" changeset="6103646" timestamp="2010-10-19T21:52:21Z" user="Yod4z" uid="318821" lat="44.7376554" lon="2.6791033"/>
 <node id="957538448" visible="true" version="1" changeset="6103646" timestamp="2010-10-19T21:52:21Z" user="Yod4z" uid="318821" lat="44.7361384" lon="2.6782261"/>
 <node id="957538449" visible="true" version="2" changeset="92042899" timestamp="2020-10-06T10:54:03Z" user="rvilleglas" uid="3318566" lat="44.7335741" lon="2.6782501"/>
 <node id="957538450" visible="true" version="1" changeset="6103646" timestamp="2010-10-19T21:52:21Z" user="Yod4z" uid="318821" lat="44.7367098" lon="2.6784312"/>
 <node id="957538451" visible="true" version="1" changeset="6103646" timestamp="2010-10-19T21:52:21Z" user="Yod4z" uid="318821" lat="44.7383052" lon="2.6804618"/>
 <node id="957538460" visible="true" version="2" changeset="187995760" timestamp="2026-08-25T15:16:46Z" user="Yod4z" uid="318821" lat="44.7354448" lon="2.6762632"/>
 <node id="957538461" visible="true" version="1" changeset="6103646" timestamp="2010-10-19T21:52:22Z" user="Yod4z" uid="318821" lat="44.7364633" lon="2.6778495"/>
 <node id="957538462" visible="true" version="1" changeset="6103646" timestamp="2010-10-19T21:52:22Z" user="Yod4z" uid="318821" lat="44.7365382" lon="2.6761893"/>
 <node id="957538464" visible="true" version="2" changeset="31167755" timestamp="2015-05-15T10:18:41Z" user="Yod4z" uid="318821" lat="44.7352956" lon="2.6821062"/>
 <node id="957538466" visible="true" version="1" changeset="6103646" timestamp="2010-10-19T21:52:22Z" user="Yod4z" uid="318821" lat="44.7363040" lon="2.6779179"/>
 <node id="957538467" visible="true" version="2" changeset="154594883" timestamp="2024-07-30T08:40:03Z" user="vincent_95" uid="49047" lat="44.7373766" lon="2.6787770"/>
 <node id="957538469" visible="true" version="1" changeset="6103646" timestamp="2010-10-19T21:52:22Z" user="Yod4z" uid="318821" lat="44.7366915" lon="2.6780159"/>
 <node id="957538478" visible="true" version="2" changeset="175186547" timestamp="2025-11-27T08:24:51Z" user="NC12" uid="1558855" lat="44.7362582" lon="2.6788606"/>
 <node id="957538480" visible="true" version="1" changeset="6103646" timestamp="2010-10-19T21:52:22Z" user="Yod4z" uid="318821" lat="44.7342473" lon="2.6777561"/>
 <node id="957538482" visible="true" version="1" changeset="6103646" timestamp="2010-10-19T21:52:22Z" user="Yod4z" uid="318821" lat="44.7364548" lon="2.6782931"/>
 <node id="957538483" visible="true" version="1" changeset="6103646" timestamp="2010-10-19T21:52:22Z" user="Yod4z" uid="318821" lat="44.7365981" lon="2.6783230"/>
 <node id="957538494" visible="true" version="1" changeset="6103646" timestamp="2010-10-19T21:52:23Z" user="Yod4z" uid="318821" lat="44.7361697" lon="2.6781895"/>
 <node id="957538498" visible="true" version="1" changeset="6103646" timestamp="2010-10-19T21:52:23Z" user="Yod4z" uid="318821" lat="44.7366568" lon="2.6779309"/>
 <node id="957538500" visible="true" version="1" changeset="6103646" timestamp="2010-10-19T21:52:23Z" user="Yod4z" uid="318821" lat="44.7382719" lon="2.6804435"/>
 <node id="957538504" visible="true" version="1" changeset="6103646" timestamp="2010-10-19T21:52:23Z" user="Yod4z" uid="318821" lat="44.7363292" lon="2.6778901"/>
 <node id="957538509" visible="true" version="2" changeset="154594883" timestamp="2024-07-30T08:40:03Z" user="vincent_95" uid="49047" lat="44.7373381" lon="2.6786249"/>
 <node id="957538516" visible="true" version="1" changeset="6103646" timestamp="2010-10-19T21:52:23Z" user="Yod4z" uid="318821" lat="44.7367000" lon="2.6780178"/>
 <node id="957538517" visible="true" version="2" changeset="175186547" timestamp="2025-11-27T08:24:51Z" user="NC12" uid="1558855" lat="44.7363462" lon="2.6786726"/>
 <node id="957538518" visible="true" version="1" changeset="6103646" timestamp="2010-10-19T21:52:23Z" user="Yod4z" uid="318821" lat="44.7366430" lon="2.6779909"/>
 <node id="957538519" visible="true" version="1" changeset="6103646" timestamp="2010-10-19T21:52:23Z" user="Yod4z" uid="318821" lat="44.7363255" lon="2.6782564"/>
 <node id="957538520" visible="true" version="1" changeset="6103646" timestamp="2010-10-19T21:52:23Z" user="Yod4z" uid="318821" lat="44.7342197" lon="2.6777685"/>
 <node id="957538521" visible="true" version="1" changeset="6103646" timestamp="2010-10-19T21:52:23Z" user="Yod4z" uid="318821" lat="44.7364623" lon="2.6783004"/>
 <node id="957538524" visible="true" version="2" changeset="71073939" timestamp="2019-06-09T15:16:57Z" user="InfosReseaux" uid="93222" lat="44.7345194" lon="2.6772347"/>
 <node id="957538526" visible="true" version="1" changeset="6103646" timestamp="2010-10-19T21:52:24Z" user="Yod4z" uid="318821" lat="44.7366725" lon="2.6782956"/>
 <node id="957538527" visible="true" version="2" changeset="154594883" timestamp="2024-07-30T08:40:03Z" user="vincent_95" uid="49047" lat="44.7363987" lon="2.6793124"/>
 <node id="957538529" visible="true" version="1" changeset="6103646" timestamp="2010-10-19T21:52:24Z" user="Yod4z" uid="318821" lat="44.7362895" lon="2.6780020"/>
 <node id="957538538" visible="true" version="1" changeset="6103646" timestamp="2010-10-19T21:52:24Z" user="Yod4z" uid="318821" lat="44.7377188" lon="2.6789093"/>
 <node id="957538540" visible="true" version="1" changeset="6103646" timestamp="2010-10-19T21:52:24Z" user="Yod4z" uid="318821" lat="44.7361809" lon="2.6782038"/>
 <node id="957538550" visible="true" version="1" changeset="6103646" timestamp="2010-10-19T21:52:25Z" user="Yod4z" uid="318821" lat="44.7382759" lon="2.6804314"/>
 <node id="957538551" visible="true" version="1" changeset="6103646" timestamp="2010-10-19T21:52:25Z" user="Yod4z" uid="318821" lat="44.7367372" lon="2.6785450"/>
 <node id="957538553" visible="true" version="1" changeset="6103646" timestamp="2010-10-19T21:52:25Z" user="Yod4z" uid="318821" lat="44.7364731" lon="2.6782559"/>
 <node id="957538555" visible="true" version="1" changeset="6103646" timestamp="2010-10-19T21:52:25Z" user="Yod4z" uid="318821" lat="44.7341502" lon="2.6778504"/>
 <node id="957538563" visible="true" version="1" changeset="6103646" timestamp="2010-10-19T21:52:25Z" user="Yod4z" uid="318821" lat="44.7363350" lon="2.6779007"/>
 <node id="957538564" visible="true" version="1" changeset="6103646" timestamp="2010-10-19T21:52:25Z" user="Yod4z" uid="318821" lat="44.7367087" lon="2.6762787"/>
 <node id="957538569" visible="true" version="1" changeset="6103646" timestamp="2010-10-19T21:52:25Z" user="Yod4z" uid="318821" lat="44.7367060" lon="2.6779562"/>
 <node id="957538572" visible="true" version="2" changeset="175186547" timestamp="2025-11-27T08:24:51Z" user="NC12" uid="1558855" lat="44.7363372" lon="2.6786611"/>
 <node id="957538579" visible="true" version="1" changeset="6103646" timestamp="2010-10-19T21:52:25Z" user="Yod4z" uid="318821" lat="44.7366011" lon="2.6779747"/>
 <node id="957538580" visible="true" version="1" changeset="6103646" timestamp="2010-10-19T21:52:25Z" user="Yod4z" uid="318821" lat="44.7366536" lon="2.6785512"/>
 <node id="957538581" visible="true" version="1" changeset="6103646" timestamp="2010-10-19T21:52:25Z" user="Yod4z" uid="318821" lat="44.7363845" lon="2.6783238"/>
 <node id="957538582" visible="true" version="1" changeset="6103646" timestamp="2010-10-19T21:52:26Z" user="Yod4z" uid="318821" lat="44.7342256" lon="2.6777970"/>
 <node id="957538583" visible="true" version="1" changeset="6103646" timestamp="2010-10-19T21:52:26Z" user="Yod4z" uid="318821" lat="44.7364408" lon="2.6783522"/>
 <node id="957538584" visible="true" version="1" changeset="6103646" timestamp="2010-10-19T21:52:26Z" user="Yod4z" uid="318821" lat="44.7315880" lon="2.6781641"/>
 <node id="957538585" visible="true" version="2" changeset="154594883" timestamp="2024-07-30T08:40:03Z" user="vincent_95" uid="49047" lat="44.7367083" lon="2.6795524"/>
 <node id="957538597" visible="true" version="1" changeset="6103646" timestamp="2010-10-19T21:52:26Z" user="Yod4z" uid="318821" lat="44.7374320" lon="2.6787233"/>
 <node id="957538598" visible="true" version="1" changeset="6103646" timestamp="2010-10-19T21:52:26Z" user="Yod4z" uid="318821" lat="44.7362072" lon="2.6781739"/>
 <node id="957538599" visible="true" version="2" changeset="124332718" timestamp="2022-08-01T08:38:20Z" user="maferikotupi" uid="2115804" lat="44.7381414" lon="2.6807063"/>
 <node id="957538601" visible="true" version="1" changeset="6103646" timestamp="2010-10-19T21:52:26Z" user="Yod4z" uid="318821" lat="44.7366635" lon="2.6785833"/>
 <node id="957538610" visible="true" version="1" changeset="6103646" timestamp="2010-10-19T21:52:26Z" user="Yod4z" uid="318821" lat="44.7341342" lon="2.6778363"/>
 <node id="957538615" visible="true" version="1" changeset="6103646" timestamp="2010-10-19T21:52:26Z" user="Yod4z" uid="318821" lat="44.7353789" lon="2.6802242"/>
 <node id="957538617" visible="true" version="1" changeset="6103646" timestamp="2010-10-19T21:52:26Z" user="Yod4z" uid="318821" lat="44.7363754" lon="2.6778574"/>
 <node id="957538622" visible="true" version="2" changeset="175186547" timestamp="2025-11-27T08:24:51Z" user="NC12" uid="1558855" lat="44.7363551" lon="2.6786196"/>
 <node id="957538624" visible="true" version="2" changeset="124332718" timestamp="2022-08-01T08:38:20Z" user="maferikotupi" uid="2115804" lat="44.7381278" lon="2.6807502"/>
 <node id="957538626" visible="true" version="1" changeset="6103646" timestamp="2010-10-19T21:52:27Z" user="Yod4z" uid="318821" lat="44.7365975" lon="2.6779857"/>
 <node id="957538628" visible="true" version="1" changeset="6103646" timestamp="2010-10-19T21:52:27Z" user="Yod4z" uid="318821" lat="44.7366012" lon="2.6785768"/>
 <node id="957538631" visible="true" version="1" changeset="6103646" timestamp="2010-10-19T21:52:27Z" user="Yod4z" uid="318821" lat="44.7364131" lon="2.6782754"/>
 <node id="957538649" visible="true" version="1" changeset="6103646" timestamp="2010-10-19T21:52:27Z" user="Yod4z" uid="318821" lat="44.7364796" lon="2.6783858"/>
 <node id="957538652" visible="true" version="1" changeset="6103646" timestamp="2010-10-19T21:52:27Z" user="Yod4z" uid="318821" lat="44.7318549" lon="2.6780139"/>
 <node id="957538657" visible="true" version="1" changeset="6103646" timestamp="2010-10-19T21:52:28Z" user="Yod4z" uid="318821" lat="44.7374925" lon="2.6785375"/>
 <node id="957538662" visible="true" version="1" changeset="6103646" timestamp="2010-10-19T21:52:28Z" user="Yod4z" uid="318821" lat="44.7363839" lon="2.6782267"/>
 <node id="957538664" visible="true" version="1" changeset="6103646" timestamp="2010-10-19T21:52:28Z" user="Yod4z" uid="318821" lat="44.7341008" lon="2.6778466"/>
 <node id="957538670" visible="true" version="1" changeset="6103646" timestamp="2010-10-19T21:52:28Z" user="Yod4z" uid="318821" lat="44.7365030" lon="2.6780722"/>
 <node id="957538672" visible="true" version="1" changeset="6103646" timestamp="2010-10-19T21:52:28Z" user="Yod4z" uid="318821" lat="44.7381899" lon="2.6804434"/>
 <node id="957538673" visible="true" version="3" changeset="154594883" timestamp="2024-07-30T08:40:03Z" user="vincent_95" uid="49047" lat="44.7367050" lon="2.6787570"/>
 <node id="957538678" visible="true" version="2" changeset="124332718" timestamp="2022-08-01T08:38:20Z" user="maferikotupi" uid="2115804" lat="44.7381217" lon="2.6807483"/>
 <node id="957538684" visible="true" version="1" changeset="6103646" timestamp="2010-10-19T21:52:28Z" user="Yod4z" uid="318821" lat="44.7365665" lon="2.6779745"/>
 <node id="957538687" visible="true" version="1" changeset="6103646" timestamp="2010-10-19T21:52:28Z" user="Yod4z" uid="318821" lat="44.7365821" lon="2.6784975"/>
 <node id="957538688" visible="true" version="1" changeset="6103646" timestamp="2010-10-19T21:52:28Z" user="Yod4z" uid="318821" lat="44.7363778" lon="2.6782372"/>
 <node id="957538694" visible="true" version="2" changeset="154594883" timestamp="2024-07-30T08:40:03Z" user="vincent_95" uid="49047" lat="44.7368556" lon="2.6782623"/>
 <node id="957538696" visible="true" version="1" changeset="6103646" timestamp="2010-10-19T21:52:28Z" user="Yod4z" uid="318821" lat="44.7365012" lon="2.6783359"/>
 <node id="957538704" visible="true" version="1" changeset="6103646" timestamp="2010-10-19T21:52:29Z" user="Yod4z" uid="318821" lat="44.7320365" lon="2.6779945"/>
 <node id="957538705" visible="true" version="1" changeset="6103646" timestamp="2010-10-19T21:52:29Z" user="Yod4z" uid="318821" lat="44.7365030" lon="2.6780860"/>
 <node id="957538707" visible="true" version="1" changeset="6103646" timestamp="2010-10-19T21:52:29Z" user="Yod4z" uid="318821" lat="44.7367284" lon="2.6764116"/>
 <node id="957538710" visible="true" version="2" changeset="124332718" timestamp="2022-08-01T08:38:20Z" user="maferikotupi" uid="2115804" lat="44.7379661" lon="2.6806828"/>
 <node id="957538722" visible="true" version="1" changeset="6103646" timestamp="2010-10-19T21:52:29Z" user="Yod4z" uid="318821" lat="44.7341023" lon="2.6778793"/>
 <node id="957538726" visible="true" version="2" changeset="31167755" timestamp="2015-05-15T10:18:41Z" user="Yod4z" uid="318821" lat="44.7352651" lon="2.6819184"/>
 <node id="957538727" visible="true" version="1" changeset="6103646" timestamp="2010-10-19T21:52:29Z" user="Yod4z" uid="318821" lat="44.7382155" lon="2.6804580"/>
 <node id="957538732" visible="true" version="2" changeset="154594883" timestamp="2024-07-30T08:40:03Z" user="vincent_95" uid="49047" lat="44.7367248" lon="2.6781559"/>
 <node id="957538734" visible="true" version="2" changeset="7739770" timestamp="2011-04-01T23:05:55Z" user="FrViPofm" uid="107257" lat="44.7348399" lon="2.6775842"/>
 <node id="957538738" visible="true" version="1" changeset="6103646" timestamp="2010-10-19T21:52:30Z" user="Yod4z" uid="318821" lat="44.7362562" lon="2.6781195"/>
 <node id="957538740" visible="true" version="2" changeset="124332718" timestamp="2022-08-01T08:38:20Z" user="maferikotupi" uid="2115804" lat="44.7380829" lon="2.6808878"/>
 <node id="957538742" visible="true" version="1" changeset="6103646" timestamp="2010-10-19T21:52:30Z" user="Yod4z" uid="318821" lat="44.7365817" lon="2.6779003"/>
 <node id="957538748" visible="true" version="1" changeset="6103646" timestamp="2010-10-19T21:52:30Z" user="Yod4z" uid="318821" lat="44.7365376" lon="2.6778811"/>
 <node id="957538749" visible="true" version="1" changeset="6103646" timestamp="2010-10-19T21:52:30Z" user="Yod4z" uid="318821" lat="44.7365153" lon="2.6783451"/>
 <node id="957538751" visible="true" version="1" changeset="6103646" timestamp="2010-10-19T21:52:30Z" user="Yod4z" uid="318821" lat="44.7331908" lon="2.6782349"/>
 <node id="957538760" visible="true" version="1" changeset="6103646" timestamp="2010-10-19T21:52:30Z" user="Yod4z" uid="318821" lat="44.7366348" lon="2.6761668"/>
 <node id="957538761" visible="true" version="1" changeset="6103646" timestamp="2010-10-19T21:52:30Z" user="Yod4z" uid="318821" lat="44.7365525" lon="2.6780870"/>
 <node id="957538762" visible="true" version="1" changeset="6103646" timestamp="2010-10-19T21:52:30Z" user="Yod4z" uid="318821" lat="44.7346824" lon="2.6774663"/>
 <node id="957538770" visible="true" version="1" changeset="6103646" timestamp="2010-10-19T21:52:31Z" user="Yod4z" uid="318821" lat="44.7366732" lon="2.6764274"/>
 <node id="957538775" visible="true" version="1" changeset="6103646" timestamp="2010-10-19T21:52:31Z" user="Yod4z" uid="318821" lat="44.7362544" lon="2.6780436"/>
 <node id="957538777" visible="true" version="1" changeset="6103646" timestamp="2010-10-19T21:52:31Z" user="Yod4z" uid="318821" lat="44.7381257" lon="2.6801692"/>
 <node id="957538785" visible="true" version="1" changeset="6103646" timestamp="2010-10-19T21:52:31Z" user="Yod4z" uid="318821" lat="44.7340284" lon="2.6779286"/>
 <node id="957538789" visible="true" version="1" changeset="6103646" timestamp="2010-10-19T21:52:31Z" user="Yod4z" uid="318821" lat="44.7381919" lon="2.6805332"/>
 <node id="957538793" visible="true" version="1" changeset="6103646" timestamp="2010-10-19T21:52:31Z" user="Yod4z" uid="318821" lat="44.7365247" lon="2.6779412"/>
 <node id="957538795" visible="true" version="2" changeset="154594883" timestamp="2024-07-30T08:40:03Z" user="vincent_95" uid="49047" lat="44.7365571" lon="2.6781946"/>
 <node id="957538801" visible="true" version="1" changeset="6103646" timestamp="2010-10-19T21:52:31Z" user="Yod4z" uid="318821" lat="44.7363167" lon="2.6780513"/>
 <node id="957538802" visible="true" version="1" changeset="6103646" timestamp="2010-10-19T21:52:31Z" user="Yod4z" uid="318821" lat="44.7366289" lon="2.6782326"/>
 <node id="957538803" visible="true" version="2" changeset="124332718" timestamp="2022-08-01T08:38:20Z" user="maferikotupi" uid="2115804" lat="44.7381588" lon="2.6809297"/>
 <node id="957538806" visible="true" version="1" changeset="6103646" timestamp="2010-10-19T21:52:32Z" user="Yod4z" uid="318821" lat="44.7365280" lon="2.6783106"/>
 <node id="957538808" visible="true" version="1" changeset="6103646" timestamp="2010-10-19T21:52:32Z" user="Yod4z" uid="318821" lat="44.7333492" lon="2.6782340"/>
 <node id="957538810" visible="true" version="2" changeset="31167755" timestamp="2015-05-15T10:18:41Z" user="Yod4z" uid="318821" lat="44.7352022" lon="2.6814919"/>
 <node id="957538816" visible="true" version="1" changeset="6103646" timestamp="2010-10-19T21:52:32Z" user="Yod4z" uid="318821" lat="44.7365522" lon="2.6781498"/>
 <node id="957538818" visible="true" version="1" changeset="6103646" timestamp="2010-10-19T21:52:32Z" user="Yod4z" uid="318821" lat="44.7346709" lon="2.6775113"/>
 <node id="957538820" visible="true" version="1" changeset="6103646" timestamp="2010-10-19T21:52:32Z" user="Yod4z" uid="318821" lat="44.7366535" lon="2.6762958"/>
 <node id="957538821" visible="true" version="3" changeset="154593627" timestamp="2024-07-30T08:08:03Z" user="vincent_95" uid="49047" lat="44.7383068" lon="2.6802614"/>
 <node id="957538834" visible="true" version="1" changeset="6103646" timestamp="2010-10-19T21:52:32Z" user="Yod4z" uid="318821" lat="44.7361373" lon="2.6781283"/>
 <node id="957538835" visible="true" version="1" changeset="6103646" timestamp="2010-10-19T21:52:32Z" user="Yod4z" uid="318821" lat="44.7340109" lon="2.6779144"/>
 <node id="957538837" visible="true" version="1" changeset="6103646" timestamp="2010-10-19T21:52:32Z" user="Yod4z" uid="318821" lat="44.7382379" lon="2.6805602"/>
 <node id="957538838" visible="true" version="1" changeset="6103646" timestamp="2010-10-19T21:52:32Z" user="Yod4z" uid="318821" lat="44.7364837" lon="2.6779238"/>
 <node id="957538839" visible="true" version="2" changeset="154594883" timestamp="2024-07-30T08:40:03Z" user="vincent_95" uid="49047" lat="44.7363913" lon="2.6781618"/>
 <node id="957538847" visible="true" version="1" changeset="6103646" timestamp="2010-10-19T21:52:33Z" user="Yod4z" uid="318821" lat="44.7366586" lon="2.6782222"/>
 <node id="957538851" visible="true" version="1" changeset="6103646" timestamp="2010-10-19T21:52:33Z" user="Yod4z" uid="318821" lat="44.7366306" lon="2.6782464"/>
 <node id="957538852" visible="true" version="2" changeset="124332718" timestamp="2022-08-01T08:38:20Z" user="maferikotupi" uid="2115804" lat="44.7382107" lon="2.6807440"/>
 <node id="957538854" visible="true" version="2" changeset="175186547" timestamp="2025-11-27T08:24:51Z" user="NC12" uid="1558855" lat="44.7362527" lon="2.6786696"/>
 <node id="957538855" visible="true" version="3" changeset="154593627" timestamp="2024-07-30T08:08:03Z" user="vincent_95" uid="49047" lat="44.7382408" lon="2.6792692"/>
 <node id="957538862" visible="true" version="1" changeset="6103646" timestamp="2010-10-19T21:52:33Z" user="Yod4z" uid="318821" lat="44.7382047" lon="2.6803922"/>
 <node id="957538864" visible="true" version="2" changeset="124334033" timestamp="2022-08-01T09:07:43Z" user="maferikotupi" uid="2115804" lat="44.7346088" lon="2.6774422"/>
 <node id="957538866" visible="true" version="1" changeset="6103646" timestamp="2010-10-19T21:52:33Z" user="Yod4z" uid="318821" lat="44.7364688" lon="2.6781483"/>
 <node id="957538867" visible="true" version="1" changeset="6103646" timestamp="2010-10-19T21:52:33Z" user="Yod4z" uid="318821" lat="44.7346420" lon="2.6775603"/>
 <node id="957538869" visible="true" version="1" changeset="6103646" timestamp="2010-10-19T21:52:33Z" user="Yod4z" uid="318821" lat="44.7362486" lon="2.6780333"/>
 <node id="957538870" visible="true" version="2" changeset="124332718" timestamp="2022-08-01T08:38:20Z" user="maferikotupi" uid="2115804" lat="44.7378567" lon="2.6799514"/>
 <node id="957538871" visible="true" version="1" changeset="6103646" timestamp="2010-10-19T21:52:33Z" user="Yod4z" uid="318821" lat="44.7367498" lon="2.6779646"/>
 <node id="957538877" visible="true" version="1" changeset="6103646" timestamp="2010-10-19T21:52:34Z" user="Yod4z" uid="318821" lat="44.7361447" lon="2.6781374"/>
 <node id="957538879" visible="true" version="1" changeset="6103646" timestamp="2010-10-19T21:52:34Z" user="Yod4z" uid="318821" lat="44.7339862" lon="2.6779186"/>
 <node id="957538883" visible="true" version="1" changeset="6103646" timestamp="2010-10-19T21:52:34Z" user="Yod4z" uid="318821" lat="44.7382423" lon="2.6805498"/>
 <node id="957538885" visible="true" version="2" changeset="124334033" timestamp="2022-08-01T09:07:43Z" user="maferikotupi" uid="2115804" lat="44.7350249" lon="2.6765874"/>
 <node id="957538887" visible="true" version="1" changeset="6103646" timestamp="2010-10-19T21:52:34Z" user="Yod4z" uid="318821" lat="44.7364790" lon="2.6779372"/>
 <node id="957538889" visible="true" version="2" changeset="154594883" timestamp="2024-07-30T08:40:03Z" user="vincent_95" uid="49047" lat="44.7364024" lon="2.6780112"/>
 <node id="957538890" visible="true" version="1" changeset="6103646" timestamp="2010-10-19T21:52:34Z" user="Yod4z" uid="318821" lat="44.7366442" lon="2.6762455"/>
 <node id="957538893" visible="true" version="1" changeset="6103646" timestamp="2010-10-19T21:52:34Z" user="Yod4z" uid="318821" lat="44.7369229" lon="2.6790217"/>
 <node id="957538894" visible="true" version="2" changeset="154594883" timestamp="2024-07-30T08:40:03Z" user="vincent_95" uid="49047" lat="44.7367664" lon="2.6785700"/>
 <node id="957538906" visible="true" version="1" changeset="6103646" timestamp="2010-10-19T21:52:34Z" user="Yod4z" uid="318821" lat="44.7361634" lon="2.6780982"/>
 <node id="957538907" visible="true" version="1" changeset="6103646" timestamp="2010-10-19T21:52:34Z" user="Yod4z" uid="318821" lat="44.7367392" lon="2.6780715"/>
 <node id="957538908" visible="true" version="2" changeset="175186547" timestamp="2025-11-27T08:24:51Z" user="NC12" uid="1558855" lat="44.7362371" lon="2.6786536"/>
 <node id="957538909" visible="true" version="2" changeset="154593627" timestamp="2024-07-30T08:08:03Z" user="vincent_95" uid="49047" lat="44.7382672" lon="2.6797056"/>
 <node id="957538911" visible="true" version="2" changeset="187995760" timestamp="2026-08-25T15:16:46Z" user="Yod4z" uid="318821" lat="44.7347502" lon="2.6773036"/>
 <node id="957538912" visible="true" version="1" changeset="6103646" timestamp="2010-10-19T21:52:35Z" user="Yod4z" uid="318821" lat="44.7364704" lon="2.6780719"/>
 <node id="957538913" visible="true" version="1" changeset="6103646" timestamp="2010-10-19T21:52:35Z" user="Yod4z" uid="318821" lat="44.7345853" lon="2.6775545"/>
 <node id="957538921" visible="true" version="1" changeset="6103646" timestamp="2010-10-19T21:52:35Z" user="Yod4z" uid="318821" lat="44.7364034" lon="2.6779059"/>
 <node id="957538927" visible="true" version="1" changeset="6103646" timestamp="2010-10-19T21:52:35Z" user="Yod4z" uid="318821" lat="44.7362227" lon="2.6780624"/>
 <node id="957538929" visible="true" version="2" changeset="154593627" timestamp="2024-07-30T08:08:03Z" user="vincent_95" uid="49047" lat="44.7379589" lon="2.6795926"/>
 <node id="957538930" visible="true" version="2" changeset="154594883" timestamp="2024-07-30T08:40:03Z" user="vincent_95" uid="49047" lat="44.7369217" lon="2.6789880"/>
 <node id="957538931" visible="true" version="2" changeset="175186547" timestamp="2025-11-27T08:24:51Z" user="NC12" uid="1558855" lat="44.7363082" lon="2.6785761"/>
 <node id="957538935" visible="true" version="1" changeset="6103646" timestamp="2010-10-19T21:52:35Z" user="Yod4z" uid="318821" lat="44.7373628" lon="2.6789235"/>
 <node id="957538936" visible="true" version="1" changeset="6103646" timestamp="2010-10-19T21:52:35Z" user="Yod4z" uid="318821" lat="44.7361104" lon="2.6781779"/>
 <node id="957538937" visible="true" version="1" changeset="6103646" timestamp="2010-10-19T21:52:35Z" user="Yod4z" uid="318821" lat="44.7339776" lon="2.6779655"/>
 <node id="957538941" visible="true" version="1" changeset="6103646" timestamp="2010-10-19T21:52:35Z" user="Yod4z" uid="318821" lat="44.7382748" lon="2.6805675"/>
 <node id="957538943" visible="true" version="2" changeset="124334033" timestamp="2022-08-01T09:07:43Z" user="maferikotupi" uid="2115804" lat="44.7351602" lon="2.6764436"/>
 <node id="957538950" visible="true" version="1" changeset="6103646" timestamp="2010-10-19T21:52:35Z" user="Yod4z" uid="318821" lat="44.7364501" lon="2.6779240"/>
 <node id="957538951" visible="true" version="2" changeset="154594883" timestamp="2024-07-30T08:40:03Z" user="vincent_95" uid="49047" lat="44.7364524" lon="2.6779897"/>
 <node id="957538954" visible="true" version="1" changeset="6103646" timestamp="2010-10-19T21:52:36Z" user="Yod4z" uid="318821" lat="44.7365495" lon="2.6762667"/>
 <node id="957538961" visible="true" version="1" changeset="6103646" timestamp="2010-10-19T21:52:36Z" user="Yod4z" uid="318821" lat="44.7363385" lon="2.6779778"/>
 <node id="957538963" visible="true" version="2" changeset="154594883" timestamp="2024-07-30T08:40:03Z" user="vincent_95" uid="49047" lat="44.7371862" lon="2.6788900"/>
 <node id="957538966" visible="true" version="1" changeset="6103646" timestamp="2010-10-19T21:52:36Z" user="Yod4z" uid="318821" lat="44.7377778" lon="2.6787235"/>
 <node id="957538967" visible="true" version="1" changeset="6103646" timestamp="2010-10-19T21:52:36Z" user="Yod4z" uid="318821" lat="44.7366867" lon="2.6780605"/>
 <node id="957538968" visible="true" version="2" changeset="175186547" timestamp="2025-11-27T08:24:51Z" user="NC12" uid="1558855" lat="44.7361767" lon="2.6787794"/>
 <node id="957538972" visible="true" version="1" changeset="6103646" timestamp="2010-10-19T21:52:36Z" user="Yod4z" uid="318821" lat="44.7363590" lon="2.6781984"/>
 <node id="957538974" visible="true" version="1" changeset="6103646" timestamp="2010-10-19T21:52:36Z" user="Yod4z" uid="318821" lat="44.7342604" lon="2.6777805"/>
 <node id="957538982" visible="true" version="1" changeset="6103646" timestamp="2010-10-19T21:52:37Z" user="Yod4z" uid="318821" lat="44.7365874" lon="2.6782616"/>
 <node id="957538983" visible="true" version="2" changeset="154594883" timestamp="2024-07-30T08:40:03Z" user="vincent_95" uid="49047" lat="44.7366310" lon="2.6787752"/>
 <node id="961619966" visible="true" version="1" changeset="6146201" timestamp="2010-10-23T14:47:47Z" user="Yod4z" uid="318821" lat="44.7442861" lon="2.6740308"/>
 <node id="961619969" visible="true" version="1" changeset="6146201" timestamp="2010-10-23T14:47:47Z" user="Yod4z" uid="318821" lat="44.7371454" lon="2.6915213"/>
 <node id="961619971" visible="true" version="2" changeset="124332718" timestamp="2022-08-01T08:38:20Z" user="maferikotupi" uid="2115804" lat="44.7392255" lon="2.6793746"/>
 <node id="961619972" visible="true" version="2" changeset="124332718" timestamp="2022-08-01T08:38:20Z" user="maferikotupi" uid="2115804" lat="44.7385574" lon="2.6783880"/>
 <node id="961619975" visible="true" version="1" changeset="6146201" timestamp="2010-10-23T14:47:48Z" user="Yod4z" uid="318821" lat="44.7350606" lon="2.6861442"/>
 <node id="961619976" visible="true" version="2" changeset="124732479" timestamp="2022-08-10T13:35:50Z" user="Yod4z" uid="318821" lat="44.7376297" lon="2.6916382"/>
 <node id="961619993" visible="true" version="2" changeset="187995760" timestamp="2026-08-25T15:16:46Z" user="Yod4z" uid="318821" lat="44.7334667" lon="2.6822128"/>
 <node id="961619995" visible="true" version="2" changeset="124332718" timestamp="2022-08-01T08:38:20Z" user="maferikotupi" uid="2115804" lat="44.7386887" lon="2.6789152"/>
 <node id="961619997" visible="true" version="1" changeset="6146201" timestamp="2010-10-23T14:47:49Z" user="Yod4z" uid="318821" lat="44.7387716" lon="2.6803130"/>
 <node id="961619999" visible="true" version="1" changeset="6146201" timestamp="2010-10-23T14:47:49Z" user="Yod4z" uid="318821" lat="44.7369301" lon="2.6843931"/>
 <node id="961620000" visible="true" version="2" changeset="124332718" timestamp="2022-08-01T08:38:20Z" user="maferikotupi" uid="2115804" lat="44.7386452" lon="2.6786091"/>
 <node id="961620007" visible="true" version="2" changeset="124332718" timestamp="2022-08-01T08:38:20Z" user="maferikotupi" uid="2115804" lat="44.7388044" lon="2.6764651">
  <tag k="historic" v="wayside_cross"/>
  <tag k="source" v="cadastre-dgi-fr source : Direction Générale des Impôts - Cadastre. Mise à jour : 2010"/>
 </node>
 <node id="961620008" visible="true" version="2" changeset="124732479" timestamp="2022-08-10T13:35:50Z" user="Yod4z" uid="318821" lat="44.7227707" lon="2.6924908"/>
 <node id="961620011" visible="true" version="2" changeset="124332718" timestamp="2022-08-01T08:38:20Z" user="maferikotupi" uid="2115804" lat="44.7394373" lon="2.6795873"/>
 <node id="961620013" visible="true" version="1" changeset="6146201" timestamp="2010-10-23T14:47:49Z" user="Yod4z" uid="318821" lat="44.7329242" lon="2.6841993"/>
 <node id="961620015" visible="true" version="2" changeset="124332718" timestamp="2022-08-01T08:38:20Z" user="maferikotupi" uid="2115804" lat="44.7395269" lon="2.6798744"/>
 <node id="961620019" visible="true" version="1" changeset="6146201" timestamp="2010-10-23T14:47:49Z" user="Yod4z" uid="318821" lat="44.7392376" lon="2.6785208"/>
 <node id="961620025" visible="true" version="2" changeset="124334894" timestamp="2022-08-01T09:27:03Z" user="KP_Tech" uid="16410020" lat="44.7387377" lon="2.6786939"/>
 <node id="961620027" visible="true" version="3" changeset="154593627" timestamp="2024-07-30T08:08:03Z" user="vincent_95" uid="49047" lat="44.7390971" lon="2.6790195"/>
 <node id="961620029" visible="true" version="1" changeset="6146201" timestamp="2010-10-23T14:47:50Z" user="Yod4z" uid="318821" lat="44.7431455" lon="2.6750247"/>
 <node id="961620032" visible="true" version="2" changeset="109759009" timestamp="2021-08-16T15:43:08Z" user="Yod4z" uid="318821" lat="44.7380433" lon="2.6894941"/>
 <node id="961620035" visible="true" version="2" changeset="124332718" timestamp="2022-08-01T08:38:20Z" user="maferikotupi" uid="2115804" lat="44.7392778" lon="2.6794969"/>
 <node id="961620039" visible="true" version="3" changeset="154593627" timestamp="2024-07-30T08:08:03Z" user="vincent_95" uid="49047" lat="44.7390498" lon="2.6787711"/>
 <node id="961620044" visible="true" version="2" changeset="124332718" timestamp="2022-08-01T08:38:20Z" user="maferikotupi" uid="2115804" lat="44.7384321" lon="2.6797335"/>
 <node id="961620049" visible="true" version="2" changeset="124332718" timestamp="2022-08-01T08:38:20Z" user="maferikotupi" uid="2115804" lat="44.7388017" lon="2.6792875"/>
 <node id="961620052" visible="true" version="1" changeset="6146201" timestamp="2010-10-23T14:47:51Z" user="Yod4z" uid="318821" lat="44.7385472" lon="2.6777287"/>
 <node id="961620054" visible="true" version="2" changeset="124332718" timestamp="2022-08-01T08:38:20Z" user="maferikotupi" uid="2115804" lat="44.7390910" lon="2.6781213"/>
 <node id="961620058" visible="true" version="1" changeset="6146201" timestamp="2010-10-23T14:47:51Z" user="Yod4z" uid="318821" lat="44.7371545" lon="2.6842983"/>
 <node id="961620063" visible="true" version="1" changeset="6146201" timestamp="2010-10-23T14:47:51Z" user="Yod4z" uid="318821" lat="44.7372376" lon="2.6849225"/>
 <node id="961620065" visible="true" version="2" changeset="124332718" timestamp="2022-08-01T08:38:20Z" user="maferikotupi" uid="2115804" lat="44.7390682" lon="2.6778536"/>
 <node id="961620069" visible="true" version="1" changeset="6146201" timestamp="2010-10-23T14:47:52Z" user="Yod4z" uid="318821" lat="44.7367664" lon="2.6842586"/>
 <node id="961620072" visible="true" version="2" changeset="124332718" timestamp="2022-08-01T08:38:20Z" user="maferikotupi" uid="2115804" lat="44.7387694" lon="2.6782250"/>
 <node id="961620074" visible="true" version="2" changeset="124332718" timestamp="2022-08-01T08:38:20Z" user="maferikotupi" uid="2115804" lat="44.7390630" lon="2.6791602"/>
 <node id="961620076" visible="true" version="1" changeset="6146201" timestamp="2010-10-23T14:47:52Z" user="Yod4z" uid="318821" lat="44.7374516" lon="2.6911814"/>
 <node id="961620078" visible="true" version="2" changeset="124332718" timestamp="2022-08-01T08:38:20Z" user="maferikotupi" uid="2115804" lat="44.7385356" lon="2.6797634"/>
 <node id="961620088" visible="true" version="3" changeset="154593627" timestamp="2024-07-30T08:08:03Z" user="vincent_95" uid="49047" lat="44.7389614" lon="2.6790156"/>
 <node id="961620093" visible="true" version="2" changeset="124332718" timestamp="2022-08-01T08:38:20Z" user="maferikotupi" uid="2115804" lat="44.7388122" lon="2.6790158"/>
 <node id="961620098" visible="true" version="1" changeset="6146201" timestamp="2010-10-23T14:47:53Z" user="Yod4z" uid="318821" lat="44.7385903" lon="2.6834093"/>
 <node id="961620100" visible="true" version="2" changeset="124332718" timestamp="2022-08-01T08:38:20Z" user="maferikotupi" uid="2115804" lat="44.7386195" lon="2.6784919"/>
 <node id="961620104" visible="true" version="2" changeset="124734572" timestamp="2022-08-10T14:23:34Z" user="Yod4z" uid="318821" lat="44.7408478" lon="2.6758104"/>
 <node id="961620109" visible="true" version="2" changeset="124732479" timestamp="2022-08-10T13:35:50Z" user="Yod4z" uid="318821" lat="44.7373302" lon="2.6881295"/>
 <node id="961620118" visible="true" version="2" changeset="124332718" timestamp="2022-08-01T08:38:20Z" user="maferikotupi" uid="2115804" lat="44.7390752" lon="2.6767918"/>
 <node id="961620123" visible="true" version="2" changeset="124332718" timestamp="2022-08-01T08:38:20Z" user="maferikotupi" uid="2115804" lat="44.7392987" lon="2.6795405"/>
 <node id="961620125" visible="true" version="2" changeset="124332718" timestamp="2022-08-01T08:38:20Z" user="maferikotupi" uid="2115804" lat="44.7388080" lon="2.6795636"/>
 <node id="961620126" visible="true" version="1" changeset="6146201" timestamp="2010-10-23T14:47:54Z" user="Yod4z" uid="318821" lat="44.7246918" lon="2.6903822"/>
 <node id="961620127" visible="true" version="2" changeset="124332718" timestamp="2022-08-01T08:38:20Z" user="maferikotupi" uid="2115804" lat="44.7384746" lon="2.6797359"/>
 <node id="961620129" visible="true" version="2" changeset="124332718" timestamp="2022-08-01T08:38:20Z" user="maferikotupi" uid="2115804" lat="44.7387050" lon="2.6791834"/>
 <node id="961620141" visible="true" version="2" changeset="124332718" timestamp="2022-08-01T08:38:20Z" user="maferikotupi" uid="2115804" lat="44.7387874" lon="2.6780006"/>
 <node id="961620143" visible="true" version="2" changeset="124332718" timestamp="2022-08-01T08:38:20Z" user="maferikotupi" uid="2115804" lat="44.7390068" lon="2.6780799"/>
 <node id="961620146" visible="true" version="1" changeset="6146201" timestamp="2010-10-23T14:47:55Z" user="Yod4z" uid="318821" lat="44.7374609" lon="2.6854042"/>
 <node id="961620147" visible="true" version="2" changeset="124332718" timestamp="2022-08-01T08:38:20Z" user="maferikotupi" uid="2115804" lat="44.7389650" lon="2.6796644"/>
 <node id="961620152" visible="true" version="2" changeset="124332718" timestamp="2022-08-01T08:38:20Z" user="maferikotupi" uid="2115804" lat="44.7385478" lon="2.6797355"/>
 <node id="961620154" visible="true" version="3" changeset="154593627" timestamp="2024-07-30T08:08:03Z" user="vincent_95" uid="49047" lat="44.7388848" lon="2.6788254"/>
 <node id="961620164" visible="true" version="2" changeset="124332718" timestamp="2022-08-01T08:38:20Z" user="maferikotupi" uid="2115804" lat="44.7390682" lon="2.6790231"/>
 <node id="961620168" visible="true" version="1" changeset="6146201" timestamp="2010-10-23T14:47:57Z" user="Yod4z" uid="318821" lat="44.7348265" lon="2.6863151"/>
 <node id="961620171" visible="true" version="2" changeset="124332718" timestamp="2022-08-01T08:38:20Z" user="maferikotupi" uid="2115804" lat="44.7388542" lon="2.6788281"/>
 <node id="961620174" visible="true" version="2" changeset="124332718" timestamp="2022-08-01T08:38:20Z" user="maferikotupi" uid="2115804" lat="44.7388022" lon="2.6772621"/>
 <node id="961620178" visible="true" version="2" changeset="124332718" timestamp="2022-08-01T08:38:20Z" user="maferikotupi" uid="2115804" lat="44.7390079" lon="2.6781861"/>
 <node id="961620197" visible="true" version="2" changeset="124332718" timestamp="2022-08-01T08:38:20Z" user="maferikotupi" uid="2115804" lat="44.7389312" lon="2.6794089"/>
 <node id="961620198" visible="true" version="2" changeset="124334894" timestamp="2022-08-01T09:27:03Z" user="KP_Tech" uid="16410020" lat="44.7387169" lon="2.6787304"/>
 <node id="961620200" visible="true" version="2" changeset="124332718" timestamp="2022-08-01T08:38:20Z" user="maferikotupi" uid="2115804" lat="44.7389845" lon="2.6774993"/>
 <node id="961620201" visible="true" version="1" changeset="6146201" timestamp="2010-10-23T14:47:58Z" user="Yod4z" uid="318821" lat="44.7374948" lon="2.6850268"/>
 <node id="961620202" visible="true" version="2" changeset="124332718" timestamp="2022-08-01T08:38:20Z" user="maferikotupi" uid="2115804" lat="44.7393841" lon="2.6793491"/>
 <node id="961620204" visible="true" version="2" changeset="124332718" timestamp="2022-08-01T08:38:20Z" user="maferikotupi" uid="2115804" lat="44.7388713" lon="2.6795645"/>
 <node id="961620206" visible="true" version="1" changeset="6146201" timestamp="2010-10-23T14:47:58Z" user="Yod4z" uid="318821" lat="44.7249735" lon="2.6858292"/>
 <node id="961620211" visible="true" version="1" changeset="6146201" timestamp="2010-10-23T14:47:58Z" user="Yod4z" uid="318821" lat="44.7330535" lon="2.6840282"/>
 <node id="961620218" visible="true" version="1" changeset="6146201" timestamp="2010-10-23T14:47:59Z" user="Yod4z" uid="318821" lat="44.7383971" lon="2.6780890"/>
 <node id="961620223" visible="true" version="1" changeset="6146201" timestamp="2010-10-23T14:47:59Z" user="Yod4z" uid="318821" lat="44.7350528" lon="2.6862519"/>
 <node id="961620224" visible="true" version="2" changeset="124332718" timestamp="2022-08-01T08:38:20Z" user="maferikotupi" uid="2115804" lat="44.7390310" lon="2.6796170"/>
 <node id="961620226" visible="true" version="2" changeset="124332718" timestamp="2022-08-01T08:38:20Z" user="maferikotupi" uid="2115804" lat="44.7382989" lon="2.6797123"/>
 <node id="961620240" visible="true" version="2" changeset="124332718" timestamp="2022-08-01T08:38:20Z" user="maferikotupi" uid="2115804" lat="44.7387257" lon="2.6787937"/>
 <node id="961620248" visible="true" version="3" changeset="154593627" timestamp="2024-07-30T08:08:03Z" user="vincent_95" uid="49047" lat="44.7392486" lon="2.6790620"/>
 <node id="961620249" visible="true" version="2" changeset="124332718" timestamp="2022-08-01T08:38:20Z" user="maferikotupi" uid="2115804" lat="44.7388135" lon="2.6795068"/>
 <node id="961620251" visible="true" version="2" changeset="124332718" timestamp="2022-08-01T08:38:20Z" user="maferikotupi" uid="2115804" lat="44.7385559" lon="2.6794207"/>
 <node id="961620253" visible="true" version="2" changeset="124332718" timestamp="2022-08-01T08:38:20Z" user="maferikotupi" uid="2115804" lat="44.7388037" lon="2.6791829"/>
 <node id="961620257" visible="true" version="2" changeset="124332718" timestamp="2022-08-01T08:38:20Z" user="maferikotupi" uid="2115804" lat="44.7386111" lon="2.6784343"/>
 <node id="961620260" visible="true" version="1" changeset="6146201" timestamp="2010-10-23T14:48:01Z" user="Yod4z" uid="318821" lat="44.7330062" lon="2.6842170"/>
 <node id="961620261" visible="true" version="1" changeset="6146201" timestamp="2010-10-23T14:48:01Z" user="Yod4z" uid="318821" lat="44.7347667" lon="2.6861964"/>
 <node id="961620263" visible="true" version="2" changeset="124332718" timestamp="2022-08-01T08:38:20Z" user="maferikotupi" uid="2115804" lat="44.7395133" lon="2.6797479"/>
 <node id="961620266" visible="true" version="2" changeset="124332718" timestamp="2022-08-01T08:38:20Z" user="maferikotupi" uid="2115804" lat="44.7389520" lon="2.6781154"/>
 <node id="961620269" visible="true" version="1" changeset="6146201" timestamp="2010-10-23T14:48:01Z" user="Yod4z" uid="318821" lat="44.7387329" lon="2.6803388"/>
 <node id="961620270" visible="true" version="2" changeset="124332718" timestamp="2022-08-01T08:38:20Z" user="maferikotupi" uid="2115804" lat="44.7394171" lon="2.6791661"/>
 <node id="961620271" visible="true" version="2" changeset="124332718" timestamp="2022-08-01T08:38:20Z" user="maferikotupi" uid="2115804" lat="44.7387032" lon="2.6795571"/>
 <node id="961620272" visible="true" version="2" changeset="124732479" timestamp="2022-08-10T13:35:50Z" user="Yod4z" uid="318821" lat="44.7255497" lon="2.6838915"/>
 <node id="961620273" visible="true" version="1" changeset="6146201" timestamp="2010-10-23T14:48:01Z" user="Yod4z" uid="318821" lat="44.7448224" lon="2.6741526"/>
 <node id="961620278" visible="true" version="2" changeset="124332718" timestamp="2022-08-01T08:38:20Z" user="maferikotupi" uid="2115804" lat="44.7385660" lon="2.6783376"/>
 <node id="961620286" visible="true" version="1" changeset="6146201" timestamp="2010-10-23T14:48:02Z" user="Yod4z" uid="318821" lat="44.7352086" lon="2.6861270"/>
 <node id="961620289" visible="true" version="2" changeset="124332718" timestamp="2022-08-01T08:38:20Z" user="maferikotupi" uid="2115804" lat="44.7383463" lon="2.6796008"/>
 <node id="961620292" visible="true" version="1" changeset="6146201" timestamp="2010-10-23T14:48:02Z" user="Yod4z" uid="318821" lat="44.7348673" lon="2.6860554"/>
 <node id="961620293" visible="true" version="2" changeset="124332718" timestamp="2022-08-01T08:38:20Z" user="maferikotupi" uid="2115804" lat="44.7389319" lon="2.6798004"/>
 <node id="961620298" visible="true" version="2" changeset="124332718" timestamp="2022-08-01T08:38:20Z" user="maferikotupi" uid="2115804" lat="44.7387060" lon="2.6788375"/>
 <node id="961620300" visible="true" version="2" changeset="124332718" timestamp="2022-08-01T08:38:20Z" user="maferikotupi" uid="2115804" lat="44.7386818" lon="2.6773522"/>
 <node id="961620303" visible="true" version="1" changeset="6146201" timestamp="2010-10-23T14:48:02Z" user="Yod4z" uid="318821" lat="44.7371933" lon="2.6843234"/>
 <node id="961620305" visible="true" version="2" changeset="124332718" timestamp="2022-08-01T08:38:20Z" user="maferikotupi" uid="2115804" lat="44.7386327" lon="2.6788556"/>
 <node id="961620309" visible="true" version="2" changeset="124332718" timestamp="2022-08-01T08:38:20Z" user="maferikotupi" uid="2115804" lat="44.7393184" lon="2.6793211"/>
 <node id="961620310" visible="true" version="2" changeset="124332718" timestamp="2022-08-01T08:38:20Z" user="maferikotupi" uid="2115804" lat="44.7388613" lon="2.6795109"/>
 <node id="961620312" visible="true" version="2" changeset="124332718" timestamp="2022-08-01T08:38:20Z" user="maferikotupi" uid="2115804" lat="44.7385784" lon="2.6781444"/>
 <node id="961620314" visible="true" version="3" changeset="154593627" timestamp="2024-07-30T08:08:03Z" user="vincent_95" uid="49047" lat="44.7391706" lon="2.6788438"/>
 <node id="961620316" visible="true" version="1" changeset="6146201" timestamp="2010-10-23T14:48:02Z" user="Yod4z" uid="318821" lat="44.7328890" lon="2.6844370"/>
 <node id="961620321" visible="true" version="2" changeset="124332718" timestamp="2022-08-01T08:38:20Z" user="maferikotupi" uid="2115804" lat="44.7390200" lon="2.6795562"/>
 <node id="961620323" visible="true" version="3" changeset="154593627" timestamp="2024-07-30T08:08:03Z" user="vincent_95" uid="49047" lat="44.7387662" lon="2.6805348"/>
 <node id="961620330" visible="true" version="2" changeset="124332718" timestamp="2022-08-01T08:38:20Z" user="maferikotupi" uid="2115804" lat="44.7390396" lon="2.6771860"/>
 <node id="961620331" visible="true" version="1" changeset="6146201" timestamp="2010-10-23T14:48:03Z" user="Yod4z" uid="318821" lat="44.7352603" lon="2.6862394"/>
 <node id="961620332" visible="true" version="2" changeset="124332718" timestamp="2022-08-01T08:38:20Z" user="maferikotupi" uid="2115804" lat="44.7388050" lon="2.6783522"/>
 <node id="961620336" visible="true" version="2" changeset="124734572" timestamp="2022-08-10T14:23:34Z" user="Yod4z" uid="318821" lat="44.7411212" lon="2.6756740"/>
 <node id="961620344" visible="true" version="1" changeset="6146201" timestamp="2010-10-23T14:48:03Z" user="Yod4z" uid="318821" lat="44.7367974" lon="2.6843546"/>
 <node id="961620346" visible="true" version="2" changeset="124332718" timestamp="2022-08-01T08:38:20Z" user="maferikotupi" uid="2115804" lat="44.7390691" lon="2.6767880"/>
 <node id="961620349" visible="true" version="2" changeset="124332718" timestamp="2022-08-01T08:38:20Z" user="maferikotupi" uid="2115804" lat="44.7384648" lon="2.6795816"/>
 <node id="961620354" visible="true" version="1" changeset="6146201" timestamp="2010-10-23T14:48:04Z" user="Yod4z" uid="318821" lat="44.7368563" lon="2.6851403"/>
 <node id="961620358" visible="true" version="1" changeset="6146201" timestamp="2010-10-23T14:48:04Z" user="Yod4z" uid="318821" lat="44.7368638" lon="2.6844107"/>
 <node id="961620365" visible="true" version="2" changeset="124332718" timestamp="2022-08-01T08:38:20Z" user="maferikotupi" uid="2115804" lat="44.7388407" lon="2.6782417"/>
 <node id="961620366" visible="true" version="2" changeset="124332718" timestamp="2022-08-01T08:38:20Z" user="maferikotupi" uid="2115804" lat="44.7390204" lon="2.6791448"/>
 <node id="961620368" visible="true" version="2" changeset="124332718" timestamp="2022-08-01T08:38:20Z" user="maferikotupi" uid="2115804" lat="44.7394596" lon="2.6799801"/>
 <node id="961620370" visible="true" version="2" changeset="124332718" timestamp="2022-08-01T08:38:20Z" user="maferikotupi" uid="2115804" lat="44.7385186" lon="2.6797542"/>
 <node id="961620376" visible="true" version="3" changeset="154593627" timestamp="2024-07-30T08:08:03Z" user="vincent_95" uid="49047" lat="44.7389330" lon="2.6787828"/>
 <node id="961620377" visible="true" version="2" changeset="124332718" timestamp="2022-08-01T08:38:20Z" user="maferikotupi" uid="2115804" lat="44.7388463" lon="2.6790408"/>
 <node id="961620379" visible="true" version="1" changeset="6146201" timestamp="2010-10-23T14:48:04Z" user="Yod4z" uid="318821" lat="44.7354232" lon="2.6864157"/>
 <node id="961620381" visible="true" version="1" changeset="6146201" timestamp="2010-10-23T14:48:04Z" user="Yod4z" uid="318821" lat="44.7384902" lon="2.6835067"/>
 <node id="961620383" visible="true" version="2" changeset="124332718" timestamp="2022-08-01T08:38:20Z" user="maferikotupi" uid="2115804" lat="44.7388227" lon="2.6775654"/>
 <node id="961620391" visible="true" version="1" changeset="6146201" timestamp="2010-10-23T14:48:05Z" user="Yod4z" uid="318821" lat="44.7350744" lon="2.6862364"/>
 <node id="961620392" visible="true" version="1" changeset="6146201" timestamp="2010-10-23T14:48:05Z" user="Yod4z" uid="318821" lat="44.7367957" lon="2.6847432"/>
 <node id="961620394" visible="true" version="2" changeset="124332718" timestamp="2022-08-01T08:38:20Z" user="maferikotupi" uid="2115804" lat="44.7388009" lon="2.6795384"/>
 <node id="961620395" visible="true" version="1" changeset="6146201" timestamp="2010-10-23T14:48:05Z" user="Yod4z" uid="318821" lat="44.7240313" lon="2.6914218"/>
 <node id="961620398" visible="true" version="2" changeset="124332718" timestamp="2022-08-01T08:38:20Z" user="maferikotupi" uid="2115804" lat="44.7388450" lon="2.6790720"/>
 <node id="961620400" visible="true" version="2" changeset="124332718" timestamp="2022-08-01T08:38:20Z" user="maferikotupi" uid="2115804" lat="44.7388481" lon="2.6778719"/>
 <node id="961620408" visible="true" version="1" changeset="6146201" timestamp="2010-10-23T14:48:05Z" user="Yod4z" uid="318821" lat="44.7393542" lon="2.6787612"/>
 <node id="961620411" visible="true" version="1" changeset="6146201" timestamp="2010-10-23T14:48:05Z" user="Yod4z" uid="318821" lat="44.7369570" lon="2.6853448"/>
 <node id="961620412" visible="true" version="1" changeset="6146201" timestamp="2010-10-23T14:48:05Z" user="Yod4z" uid="318821" lat="44.7368381" lon="2.6851132"/>
 <node id="961620413" visible="true" version="2" changeset="124332718" timestamp="2022-08-01T08:38:20Z" user="maferikotupi" uid="2115804" lat="44.7390748" lon="2.6794174"/>
 <node id="961620415" visible="true" version="1" changeset="6146201" timestamp="2010-10-23T14:48:05Z" user="Yod4z" uid="318821" lat="44.7351877" lon="2.6860669"/>
 <node id="961620417" visible="true" version="2" changeset="124332718" timestamp="2022-08-01T08:38:20Z" user="maferikotupi" uid="2115804" lat="44.7394037" lon="2.6790926"/>
 <node id="961620421" visible="true" version="1" changeset="6146201" timestamp="2010-10-23T14:48:06Z" user="Yod4z" uid="318821" lat="44.7387540" lon="2.6787194"/>
 <node id="961620423" visible="true" version="3" changeset="154593627" timestamp="2024-07-30T08:08:03Z" user="vincent_95" uid="49047" lat="44.7391699" lon="2.6790049"/>
 <node id="961620425" visible="true" version="1" changeset="6146201" timestamp="2010-10-23T14:48:06Z" user="Yod4z" uid="318821" lat="44.7367935" lon="2.6842698"/>
 <node id="961620426" visible="true" version="2" changeset="124332718" timestamp="2022-08-01T08:38:20Z" user="maferikotupi" uid="2115804" lat="44.7385555" lon="2.6794373"/>
 <node id="961620427" visible="true" version="1" changeset="6146201" timestamp="2010-10-23T14:48:06Z" user="Yod4z" uid="318821" lat="44.7390820" lon="2.6765038"/>
 <node id="961620429" visible="true" version="2" changeset="124332718" timestamp="2022-08-01T08:38:20Z" user="maferikotupi" uid="2115804" lat="44.7388589" lon="2.6791640"/>
 <node id="961620440" visible="true" version="1" changeset="6146201" timestamp="2010-10-23T14:48:06Z" user="Yod4z" uid="318821" lat="44.7386416" lon="2.6792176"/>
 <node id="961620441" visible="true" version="1" changeset="6146201" timestamp="2010-10-23T14:48:06Z" user="Yod4z" uid="318821" lat="44.7385637" lon="2.6777999"/>
 <node id="961620445" visible="true" version="1" changeset="6146201" timestamp="2010-10-23T14:48:06Z" user="Yod4z" uid="318821" lat="44.7370159" lon="2.6840990"/>
 <node id="961620447" visible="true" version="2" changeset="124332718" timestamp="2022-08-01T08:38:20Z" user="maferikotupi" uid="2115804" lat="44.7388661" lon="2.6794066"/>
 <node id="961620449" visible="true" version="2" changeset="124332718" timestamp="2022-08-01T08:38:20Z" user="maferikotupi" uid="2115804" lat="44.7387039" lon="2.6786519"/>
 <node id="961620456" visible="true" version="2" changeset="124332718" timestamp="2022-08-01T08:38:20Z" user="maferikotupi" uid="2115804" lat="44.7394797" lon="2.6795593"/>
 <node id="961620457" visible="true" version="2" changeset="124332718" timestamp="2022-08-01T08:38:20Z" user="maferikotupi" uid="2115804" lat="44.7386512" lon="2.6795322"/>
 <node id="961620458" visible="true" version="2" changeset="124732479" timestamp="2022-08-10T13:35:50Z" user="Yod4z" uid="318821" lat="44.7250026" lon="2.6873543"/>
 <node id="961620459" visible="true" version="1" changeset="6146201" timestamp="2010-10-23T14:48:07Z" user="Yod4z" uid="318821" lat="44.7390515" lon="2.6765076"/>
 <node id="961620461" visible="true" version="2" changeset="124332718" timestamp="2022-08-01T08:38:20Z" user="maferikotupi" uid="2115804" lat="44.7395477" lon="2.6798902"/>
 <node id="961620462" visible="true" version="2" changeset="124332718" timestamp="2022-08-01T08:38:20Z" user="maferikotupi" uid="2115804" lat="44.7385721" lon="2.6783280"/>
 <node id="961620468" visible="true" version="1" changeset="6146201" timestamp="2010-10-23T14:48:07Z" user="Yod4z" uid="318821" lat="44.7349592" lon="2.6863106"/>
 <node id="961620471" visible="true" version="2" changeset="124332718" timestamp="2022-08-01T08:38:20Z" user="maferikotupi" uid="2115804" lat="44.7384018" lon="2.6797012"/>
 <node id="961620476" visible="true" version="1" changeset="6146201" timestamp="2010-10-23T14:48:07Z" user="Yod4z" uid="318821" lat="44.7353260" lon="2.6861960"/>
 <node id="961620478" visible="true" version="2" changeset="124332718" timestamp="2022-08-01T08:38:20Z" user="maferikotupi" uid="2115804" lat="44.7395033" lon="2.6788428"/>
 <node id="961620480" visible="true" version="2" changeset="124332718" timestamp="2022-08-01T08:38:20Z" user="maferikotupi" uid="2115804" lat="44.7387195" lon="2.6787679"/>
 <node id="961620483" visible="true" version="1" changeset="6146201" timestamp="2010-10-23T14:48:07Z" user="Yod4z" uid="318821" lat="44.7369427" lon="2.6844007"/>
 <node id="961620485" visible="true" version="1" changeset="6146201" timestamp="2010-10-23T14:48:07Z" user="Yod4z" uid="318821" lat="44.7298617" lon="2.6790518"/>
 <node id="961620486" visible="true" version="2" changeset="124332718" timestamp="2022-08-01T08:38:20Z" user="maferikotupi" uid="2115804" lat="44.7385745" lon="2.6788182"/>
 <node id="961620490" visible="true" version="2" changeset="124732479" timestamp="2022-08-10T13:35:50Z" user="Yod4z" uid="318821" lat="44.7338783" lon="2.6863687"/>
 <node id="961620492" visible="true" version="2" changeset="124332718" timestamp="2022-08-01T08:38:20Z" user="maferikotupi" uid="2115804" lat="44.7386143" lon="2.6781442"/>
 <node id="961620497" visible="true" version="1" changeset="6146201" timestamp="2010-10-23T14:48:08Z" user="Yod4z" uid="318821" lat="44.7331496" lon="2.6841800"/>
 <node id="961620498" visible="true" version="1" changeset="6146201" timestamp="2010-10-23T14:48:08Z" user="Yod4z" uid="318821" lat="44.7349304" lon="2.6863386"/>
 <node id="961620499" visible="true" version="3" changeset="154593627" timestamp="2024-07-30T08:08:03Z" user="vincent_95" uid="49047" lat="44.7389890" lon="2.6797660"/>
 <node id="961620502" visible="true" version="1" changeset="6146201" timestamp="2010-10-23T14:48:08Z" user="Yod4z" uid="318821" lat="44.7369518" lon="2.6850791"/>
 <node id="961620504" visible="true" version="2" changeset="124332718" timestamp="2022-08-01T08:38:20Z" user="maferikotupi" uid="2115804" lat="44.7390201" lon="2.6796072"/>
 <node id="961620509" visible="true" version="3" changeset="154593627" timestamp="2024-07-30T08:08:03Z" user="vincent_95" uid="49047" lat="44.7390452" lon="2.6803547"/>
 <node id="961620512" visible="true" version="2" changeset="124332718" timestamp="2022-08-01T08:38:20Z" user="maferikotupi" uid="2115804" lat="44.7395333" lon="2.6793470"/>
 <node id="961620514" visible="true" version="2" changeset="124332718" timestamp="2022-08-01T08:38:20Z" user="maferikotupi" uid="2115804" lat="44.7388026" lon="2.6784587"/>
 <node id="961620516" visible="true" version="1" changeset="6146201" timestamp="2010-10-23T14:48:08Z" user="Yod4z" uid="318821" lat="44.7428529" lon="2.6751572"/>
 <node id="961620520" visible="true" version="2" changeset="124332718" timestamp="2022-08-01T08:38:20Z" user="maferikotupi" uid="2115804" lat="44.7392349" lon="2.6795130"/>
 <node id="961620530" visible="true" version="2" changeset="124332718" timestamp="2022-08-01T08:38:20Z" user="maferikotupi" uid="2115804" lat="44.7384743" lon="2.6794444"/>
 <node id="961620533" visible="true" version="1" changeset="6146201" timestamp="2010-10-23T14:48:09Z" user="Yod4z" uid="318821" lat="44.7342465" lon="2.6858665"/>
 <node id="961620534" visible="true" version="2" changeset="124332718" timestamp="2022-08-01T08:38:20Z" user="maferikotupi" uid="2115804" lat="44.7388880" lon="2.6789134"/>
 <node id="961620536" visible="true" version="1" changeset="6146201" timestamp="2010-10-23T14:48:09Z" user="Yod4z" uid="318821" lat="44.7371286" lon="2.6843845"/>
 <node id="961620537" visible="true" version="2" changeset="124332718" timestamp="2022-08-01T08:38:20Z" user="maferikotupi" uid="2115804" lat="44.7384413" lon="2.6791297"/>
 <node id="961620538" visible="true" version="2" changeset="124332718" timestamp="2022-08-01T08:38:20Z" user="maferikotupi" uid="2115804" lat="44.7390489" lon="2.6774923"/>
 <node id="961620546" visible="true" version="2" changeset="124332718" timestamp="2022-08-01T08:38:20Z" user="maferikotupi" uid="2115804" lat="44.7387659" lon="2.6781793"/>
 <node id="961620548" visible="true" version="3" changeset="154593627" timestamp="2024-07-30T08:08:03Z" user="vincent_95" uid="49047" lat="44.7391608" lon="2.6789745"/>
 <node id="961620559" visible="true" version="1" changeset="6146201" timestamp="2010-10-23T14:48:10Z" user="Yod4z" uid="318821" lat="44.7329912" lon="2.6841112"/>
 <node id="961620560" visible="true" version="1" changeset="6146201" timestamp="2010-10-23T14:48:10Z" user="Yod4z" uid="318821" lat="44.7374807" lon="2.6911002"/>
 <node id="961620561" visible="true" version="2" changeset="124332718" timestamp="2022-08-01T08:38:20Z" user="maferikotupi" uid="2115804" lat="44.7395155" lon="2.6796816"/>
 <node id="961620562" visible="true" version="2" changeset="124332718" timestamp="2022-08-01T08:38:20Z" user="maferikotupi" uid="2115804" lat="44.7385096" lon="2.6797503"/>
 <node id="961620566" visible="true" version="2" changeset="124332718" timestamp="2022-08-01T08:38:20Z" user="maferikotupi" uid="2115804" lat="44.7388272" lon="2.6789944"/>
 <node id="961620568" visible="true" version="2" changeset="124332718" timestamp="2022-08-01T08:38:20Z" user="maferikotupi" uid="2115804" lat="44.7390638" lon="2.6796931"/>
 <node id="961620575" visible="true" version="2" changeset="124734572" timestamp="2022-08-10T14:23:34Z" user="Yod4z" uid="318821" lat="44.7414752" lon="2.6756674"/>
 <node id="961620578" visible="true" version="2" changeset="124732479" timestamp="2022-08-10T13:35:50Z" user="Yod4z" uid="318821" lat="44.7371320" lon="2.6877877"/>
 <node id="961620580" visible="true" version="2" changeset="124732479" timestamp="2022-08-10T13:35:50Z" user="Yod4z" uid="318821" lat="44.7343393" lon="2.6858083"/>
 <node id="961620581" visible="true" version="2" changeset="124332718" timestamp="2022-08-01T08:38:20Z" user="maferikotupi" uid="2115804" lat="44.7388070" lon="2.6795251"/>
 <node id="961620583" visible="true" version="2" changeset="124332718" timestamp="2022-08-01T08:38:20Z" user="maferikotupi" uid="2115804" lat="44.7384940" lon="2.6797497"/>
 <node id="961620595" visible="true" version="2" changeset="124332718" timestamp="2022-08-01T08:38:20Z" user="maferikotupi" uid="2115804" lat="44.7387013" lon="2.6791887"/>
 <node id="961620597" visible="true" version="2" changeset="124332718" timestamp="2022-08-01T08:38:20Z" user="maferikotupi" uid="2115804" lat="44.7388446" lon="2.6780869"/>
 <node id="961620599" visible="true" version="1" changeset="6146201" timestamp="2010-10-23T14:48:11Z" user="Yod4z" uid="318821" lat="44.7365746" lon="2.6853521"/>
 <node id="961620603" visible="true" version="2" changeset="124332718" timestamp="2022-08-01T08:38:20Z" user="maferikotupi" uid="2115804" lat="44.7388227" lon="2.6781296"/>
 <node id="961620605" visible="true" version="3" changeset="154593627" timestamp="2024-07-30T08:08:03Z" user="vincent_95" uid="49047" lat="44.7391782" lon="2.6790744"/>
 <node id="961620606" visible="true" version="2" changeset="124332718" timestamp="2022-08-01T08:38:20Z" user="maferikotupi" uid="2115804" lat="44.7385502" lon="2.6797268"/>
 <node id="961620609" visible="true" version="2" changeset="124732479" timestamp="2022-08-10T13:35:50Z" user="Yod4z" uid="318821" lat="44.7375920" lon="2.6914699"/>
 <node id="961620610" visible="true" version="2" changeset="124332718" timestamp="2022-08-01T08:38:20Z" user="maferikotupi" uid="2115804" lat="44.7390505" lon="2.6791073"/>
 <node id="961620612" visible="true" version="1" changeset="6146201" timestamp="2010-10-23T14:48:11Z" user="Yod4z" uid="318821" lat="44.7347976" lon="2.6859482"/>
 <node id="961620614" visible="true" version="2" changeset="124332718" timestamp="2022-08-01T08:38:20Z" user="maferikotupi" uid="2115804" lat="44.7386478" lon="2.6775578"/>
 <node id="961620620" visible="true" version="2" changeset="124332718" timestamp="2022-08-01T08:38:20Z" user="maferikotupi" uid="2115804" lat="44.7387687" lon="2.6765357"/>
 <node id="961620622" visible="true" version="2" changeset="124732479" timestamp="2022-08-10T13:35:50Z" user="Yod4z" uid="318821" lat="44.7354234" lon="2.6867882"/>
 <node id="961620623" visible="true" version="1" changeset="6146201" timestamp="2010-10-23T14:48:12Z" user="Yod4z" uid="318821" lat="44.7390991" lon="2.6797007"/>
 <node id="961620624" visible="true" version="2" changeset="124332718" timestamp="2022-08-01T08:38:20Z" user="maferikotupi" uid="2115804" lat="44.7391209" lon="2.6768628"/>
 <node id="961620632" visible="true" version="2" changeset="180309444" timestamp="2026-03-23T15:28:38Z" user="caboulot" uid="80638" lat="44.7389320" lon="2.6783469">
  <tag k="historic" v="wayside_cross;memorial"/>
  <tag k="memorial" v="war_memorial"/>
  <tag k="ref:FR:MemorialGenWeb" v="80985"/>
  <tag k="source" v="cadastre-dgi-fr source : Direction Générale des Impôts - Cadastre. Mise à jour : 2010"/>
 </node>
 <node id="961620634" visible="true" version="1" changeset="6146201" timestamp="2010-10-23T14:48:12Z" user="Yod4z" uid="318821" lat="44.7358400" lon="2.6852901"/>
 <node id="961620636" visible="true" version="2" changeset="124332718" timestamp="2022-08-01T08:38:20Z" user="maferikotupi" uid="2115804" lat="44.7393422" lon="2.6794044"/>
 <node id="961620637" visible="true" version="2" changeset="124332718" timestamp="2022-08-01T08:38:20Z" user="maferikotupi" uid="2115804" lat="44.7388670" lon="2.6795248"/>
 <node id="961620638" visible="true" version="2" changeset="124732479" timestamp="2022-08-10T13:35:50Z" user="Yod4z" uid="318821" lat="44.7249239" lon="2.6875509"/>
 <node id="961620640" visible="true" version="2" changeset="124332718" timestamp="2022-08-01T08:38:20Z" user="maferikotupi" uid="2115804" lat="44.7394463" lon="2.6797655"/>
 <node id="961620644" visible="true" version="2" changeset="124332718" timestamp="2022-08-01T08:38:20Z" user="maferikotupi" uid="2115804" lat="44.7387337" lon="2.6791342"/>
 <node id="961620646" visible="true" version="1" changeset="6146201" timestamp="2010-10-23T14:48:13Z" user="Yod4z" uid="318821" lat="44.7384256" lon="2.6781155"/>
 <node id="961620650" visible="true" version="1" changeset="6146201" timestamp="2010-10-23T14:48:13Z" user="Yod4z" uid="318821" lat="44.7392211" lon="2.6787757"/>
 <node id="961620653" visible="true" version="1" changeset="6146201" timestamp="2010-10-23T14:48:13Z" user="Yod4z" uid="318821" lat="44.7375031" lon="2.6853355"/>
 <node id="961620654" visible="true" version="2" changeset="124332718" timestamp="2022-08-01T08:38:20Z" user="maferikotupi" uid="2115804" lat="44.7384362" lon="2.6796922"/>
 <node id="961620655" visible="true" version="2" changeset="124332718" timestamp="2022-08-01T08:38:20Z" user="maferikotupi" uid="2115804" lat="44.7391338" lon="2.6771750"/>
 <node id="961620659" visible="true" version="1" changeset="6146201" timestamp="2010-10-23T14:48:13Z" user="Yod4z" uid="318821" lat="44.7352691" lon="2.6861710"/>
 <node id="961620661" visible="true" version="2" changeset="124332718" timestamp="2022-08-01T08:38:20Z" user="maferikotupi" uid="2115804" lat="44.7387557" lon="2.6787319"/>
 <node id="961620663" visible="true" version="2" changeset="124332718" timestamp="2022-08-01T08:38:20Z" user="maferikotupi" uid="2115804" lat="44.7388355" lon="2.6794345"/>
 <node id="961620665" visible="true" version="1" changeset="6146201" timestamp="2010-10-23T14:48:13Z" user="Yod4z" uid="318821" lat="44.7288415" lon="2.6794645"/>
 <node id="961620666" visible="true" version="2" changeset="124332718" timestamp="2022-08-01T08:38:20Z" user="maferikotupi" uid="2115804" lat="44.7385703" lon="2.6796850"/>
 <node id="961620669" visible="true" version="2" changeset="124732479" timestamp="2022-08-10T13:35:50Z" user="Yod4z" uid="318821" lat="44.7335367" lon="2.6866681"/>
 <node id="961620672" visible="true" version="2" changeset="124332718" timestamp="2022-08-01T08:38:20Z" user="maferikotupi" uid="2115804" lat="44.7389264" lon="2.6791265"/>
 <node id="961620673" visible="true" version="2" changeset="124332718" timestamp="2022-08-01T08:38:20Z" user="maferikotupi" uid="2115804" lat="44.7386130" lon="2.6784210"/>
 <node id="961620674" visible="true" version="1" changeset="6146201" timestamp="2010-10-23T14:48:13Z" user="Yod4z" uid="318821" lat="44.7348044" lon="2.6861443"/>
 <node id="961620675" visible="true" version="2" changeset="124332718" timestamp="2022-08-01T08:38:20Z" user="maferikotupi" uid="2115804" lat="44.7389663" lon="2.6797624"/>
 <node id="961620676" visible="true" version="1" changeset="6146201" timestamp="2010-10-23T14:48:13Z" user="Yod4z" uid="318821" lat="44.7384877" lon="2.6777556"/>
 <node id="961620679" visible="true" version="2" changeset="124332718" timestamp="2022-08-01T08:38:20Z" user="maferikotupi" uid="2115804" lat="44.7389882" lon="2.6782027"/>
 <node id="961620687" visible="true" version="2" changeset="124332718" timestamp="2022-08-01T08:38:20Z" user="maferikotupi" uid="2115804" lat="44.7389921" lon="2.6795470"/>
 <node id="961620688" visible="true" version="1" changeset="6146201" timestamp="2010-10-23T14:48:14Z" user="Yod4z" uid="318821" lat="44.7387033" lon="2.6803582"/>
 <node id="961620689" visible="true" version="1" changeset="6146201" timestamp="2010-10-23T14:48:14Z" user="Yod4z" uid="318821" lat="44.7384396" lon="2.6848889"/>
 <node id="961620690" visible="true" version="2" changeset="124332718" timestamp="2022-08-01T08:38:20Z" user="maferikotupi" uid="2115804" lat="44.7394157" lon="2.6794861"/>
 <node id="961620691" visible="true" version="2" changeset="124332718" timestamp="2022-08-01T08:38:20Z" user="maferikotupi" uid="2115804" lat="44.7387091" lon="2.6794610"/>
 <node id="961620692" visible="true" version="2" changeset="124732479" timestamp="2022-08-10T13:35:50Z" user="Yod4z" uid="318821" lat="44.7259349" lon="2.6832489"/>
 <node id="961620699" visible="true" version="1" changeset="6146201" timestamp="2010-10-23T14:48:14Z" user="Yod4z" uid="318821" lat="44.7350879" lon="2.6862099"/>
 <node id="961620701" visible="true" version="1" changeset="6146201" timestamp="2010-10-23T14:48:14Z" user="Yod4z" uid="318821" lat="44.7374859" lon="2.6854518"/>
 <node id="961620705" visible="true" version="2" changeset="168606755" timestamp="2025-07-07T13:50:27Z" user="Ptigrouick" uid="195175" lat="44.7385823" lon="2.6792460">
  <tag k="colour" v="white"/>
  <tag k="historic" v="wayside_cross"/>
  <tag k="material" v="metal"/>
  <tag k="source" v="cadastre-dgi-fr source : Direction Générale des Impôts - Cadastre. Mise à jour : 2010"/>
 </node>
 <node id="961620711" visible="true" version="2" changeset="124332718" timestamp="2022-08-01T08:38:20Z" user="maferikotupi" uid="2115804" lat="44.7387240" lon="2.6788706"/>
 <node id="961620712" visible="true" version="1" changeset="6146201" timestamp="2010-10-23T14:48:14Z" user="Yod4z" uid="318821" lat="44.7369372" lon="2.6843652"/>
 <node id="961620721" visible="true" version="2" changeset="124332718" timestamp="2022-08-01T08:38:20Z" user="maferikotupi" uid="2115804" lat="44.7386064" lon="2.6782365"/>
 <node id="961620722" visible="true" version="3" changeset="154593627" timestamp="2024-07-30T08:08:03Z" user="vincent_95" uid="49047" lat="44.7391537" lon="2.6789646"/>
 <node id="961620723" visible="true" version="1" changeset="6146201" timestamp="2010-10-23T14:48:15Z" user="Yod4z" uid="318821" lat="44.7328243" lon="2.6843302"/>
 <node id="961620724" visible="true" version="1" changeset="6146201" timestamp="2010-10-23T14:48:15Z" user="Yod4z" uid="318821" lat="44.7349353" lon="2.6861829"/>
 <node id="961620730" visible="true" version="2" changeset="124332718" timestamp="2022-08-01T08:38:20Z" user="maferikotupi" uid="2115804" lat="44.7395193" lon="2.6797174"/>
 <node id="961620732" visible="true" version="2" changeset="124332718" timestamp="2022-08-01T08:38:20Z" user="maferikotupi" uid="2115804" lat="44.7391016" lon="2.6795299"/>
 <node id="961620734" visible="true" version="3" changeset="154593627" timestamp="2024-07-30T08:08:03Z" user="vincent_95" uid="49047" lat="44.7390676" lon="2.6801813"/>
 <node id="961620737" visible="true" version="1" changeset="6146201" timestamp="2010-10-23T14:48:15Z" user="Yod4z" uid="318821" lat="44.7434978" lon="2.6745661"/>
 <node id="961620739" visible="true" version="1" changeset="6146201" timestamp="2010-10-23T14:48:15Z" user="Yod4z" uid="318821" lat="44.7367990" lon="2.6842875"/>
 <node id="961620740" visible="true" version="2" changeset="124332718" timestamp="2022-08-01T08:38:20Z" user="maferikotupi" uid="2115804" lat="44.7392426" lon="2.6794096"/>
 <node id="961620744" visible="true" version="3" changeset="154593627" timestamp="2024-07-30T08:08:03Z" user="vincent_95" uid="49047" lat="44.7389647" lon="2.6788268"/>
 <node id="961620746" visible="true" version="1" changeset="6146201" timestamp="2010-10-23T14:48:15Z" user="Yod4z" uid="318821" lat="44.7350154" lon="2.6860875"/>
 <node id="961620752" visible="true" version="1" changeset="6146201" timestamp="2010-10-23T14:48:16Z" user="Yod4z" uid="318821" lat="44.7334478" lon="2.6847127"/>
 <node id="961620754" visible="true" version="2" changeset="124332718" timestamp="2022-08-01T08:38:20Z" user="maferikotupi" uid="2115804" lat="44.7387965" lon="2.6789464"/>
 <node id="961620756" visible="true" version="2" changeset="124332718" timestamp="2022-08-01T08:38:20Z" user="maferikotupi" uid="2115804" lat="44.7391388" lon="2.6782361"/>
 <node id="961620761" visible="true" version="1" changeset="6146201" timestamp="2010-10-23T14:48:16Z" user="Yod4z" uid="318821" lat="44.7371198" lon="2.6841617"/>
 <node id="961620763" visible="true" version="1" changeset="6146201" timestamp="2010-10-23T14:48:16Z" user="Yod4z" uid="318821" lat="44.7370768" lon="2.6845735"/>
 <node id="961620765" visible="true" version="2" changeset="124332718" timestamp="2022-08-01T08:38:20Z" user="maferikotupi" uid="2115804" lat="44.7390059" lon="2.6778929"/>
 <node id="961620770" visible="true" version="2" changeset="124332718" timestamp="2022-08-01T08:38:20Z" user="maferikotupi" uid="2115804" lat="44.7395045" lon="2.6796300"/>
 <node id="961620771" visible="true" version="2" changeset="124332718" timestamp="2022-08-01T08:38:20Z" user="maferikotupi" uid="2115804" lat="44.7387803" lon="2.6782278"/>
 <node id="961620775" visible="true" version="2" changeset="124332718" timestamp="2022-08-01T08:38:20Z" user="maferikotupi" uid="2115804" lat="44.7390307" lon="2.6791788"/>
 <node id="961620777" visible="true" version="1" changeset="6146201" timestamp="2010-10-23T14:48:16Z" user="Yod4z" uid="318821" lat="44.7329127" lon="2.6840109"/>
 <node id="961620779" visible="true" version="1" changeset="6146201" timestamp="2010-10-23T14:48:16Z" user="Yod4z" uid="318821" lat="44.7373401" lon="2.6910998"/>
 <node id="961620781" visible="true" version="2" changeset="124332718" timestamp="2022-08-01T08:38:20Z" user="maferikotupi" uid="2115804" lat="44.7395517" lon="2.6799677"/>
 <node id="961620782" visible="true" version="2" changeset="124332718" timestamp="2022-08-01T08:38:20Z" user="maferikotupi" uid="2115804" lat="44.7384983" lon="2.6797702"/>
 <node id="961620786" visible="true" version="3" changeset="154593627" timestamp="2024-07-30T08:08:03Z" user="vincent_95" uid="49047" lat="44.7392559" lon="2.6789363"/>
 <node id="961620787" visible="true" version="1" changeset="6146201" timestamp="2010-10-23T14:48:16Z" user="Yod4z" uid="318821" lat="44.7374966" lon="2.6853136"/>
 <node id="961620789" visible="true" version="2" changeset="124332718" timestamp="2022-08-01T08:38:20Z" user="maferikotupi" uid="2115804" lat="44.7389721" lon="2.6796710"/>
 <node id="961620793" visible="true" version="1" changeset="6146201" timestamp="2010-10-23T14:48:17Z" user="Yod4z" uid="318821" lat="44.7354069" lon="2.6864247"/>
 <node id="961620794" visible="true" version="2" changeset="124332718" timestamp="2022-08-01T08:38:20Z" user="maferikotupi" uid="2115804" lat="44.7385738" lon="2.6786120"/>
 <node id="961620800" visible="true" version="2" changeset="124734572" timestamp="2022-08-10T14:23:34Z" user="Yod4z" uid="318821" lat="44.7398113" lon="2.6759350"/>
 <node id="961620805" visible="true" version="2" changeset="124732479" timestamp="2022-08-10T13:35:50Z" user="Yod4z" uid="318821" lat="44.7375412" lon="2.6887156"/>
 <node id="961620806" visible="true" version="1" changeset="6146201" timestamp="2010-10-23T14:48:17Z" user="Yod4z" uid="318821" lat="44.7390614" lon="2.6795552"/>
 <node id="961620808" visible="true" version="2" changeset="124332718" timestamp="2022-08-01T08:38:20Z" user="maferikotupi" uid="2115804" lat="44.7390612" lon="2.6768736"/>
 <node id="961620810" visible="true" version="2" changeset="124332718" timestamp="2022-08-01T08:38:20Z" user="maferikotupi" uid="2115804" lat="44.7393551" lon="2.6794653"/>
 <node id="961620812" visible="true" version="2" changeset="124732479" timestamp="2022-08-10T13:35:50Z" user="Yod4z" uid="318821" lat="44.7245425" lon="2.6908101"/>
 <node id="961620820" visible="true" version="2" changeset="124332718" timestamp="2022-08-01T08:38:20Z" user="maferikotupi" uid="2115804" lat="44.7384652" lon="2.6797432"/>
 <node id="961620822" visible="true" version="2" changeset="124332718" timestamp="2022-08-01T08:38:20Z" user="maferikotupi" uid="2115804" lat="44.7387402" lon="2.6792435"/>
 <node id="961620826" visible="true" version="1" changeset="6146201" timestamp="2010-10-23T14:48:18Z" user="Yod4z" uid="318821" lat="44.7392625" lon="2.6787372"/>
 <node id="961620829" visible="true" version="1" changeset="6146201" timestamp="2010-10-23T14:48:18Z" user="Yod4z" uid="318821" lat="44.7370228" lon="2.6853002"/>
 <node id="961620832" visible="true" version="1" changeset="6146201" timestamp="2010-10-23T14:48:18Z" user="Yod4z" uid="318821" lat="44.7364552" lon="2.6861029"/>
 <node id="961620833" visible="true" version="2" changeset="124332718" timestamp="2022-08-01T08:38:20Z" user="maferikotupi" uid="2115804" lat="44.7391390" lon="2.6773528"/>
 <node id="961620836" visible="true" version="2" changeset="124732479" timestamp="2022-08-10T13:35:50Z" user="Yod4z" uid="318821" lat="44.7250793" lon="2.6870343"/>
 <node id="961620842" visible="true" version="2" changeset="124332718" timestamp="2022-08-01T08:38:20Z" user="maferikotupi" uid="2115804" lat="44.7385346" lon="2.6797296"/>
 <node id="961620843" visible="true" version="3" changeset="154593627" timestamp="2024-07-30T08:08:03Z" user="vincent_95" uid="49047" lat="44.7390348" lon="2.6789904"/>
 <node id="961620844" visible="true" version="1" changeset="6146201" timestamp="2010-10-23T14:48:18Z" user="Yod4z" uid="318821" lat="44.7351485" lon="2.6859539"/>
 <node id="961620846" visible="true" version="2" changeset="124332718" timestamp="2022-08-01T08:38:20Z" user="maferikotupi" uid="2115804" lat="44.7390016" lon="2.6790307"/>
 <node id="961620848" visible="true" version="1" changeset="6146201" timestamp="2010-10-23T14:48:18Z" user="Yod4z" uid="318821" lat="44.7349033" lon="2.6860059"/>
 <node id="961620850" visible="true" version="2" changeset="124732479" timestamp="2022-08-10T13:35:50Z" user="Yod4z" uid="318821" lat="44.7359205" lon="2.6874525"/>
 <node id="961620852" visible="true" version="2" changeset="124332718" timestamp="2022-08-01T08:38:20Z" user="maferikotupi" uid="2115804" lat="44.7389137" lon="2.6793732"/>
 <node id="961620860" visible="true" version="2" changeset="154593627" timestamp="2024-07-30T08:08:03Z" user="vincent_95" uid="49047" lat="44.7383945" lon="2.6849351"/>
 <node id="961620862" visible="true" version="2" changeset="124332718" timestamp="2022-08-01T08:38:20Z" user="maferikotupi" uid="2115804" lat="44.7388293" lon="2.6795714"/>
 <node id="961620863" visible="true" version="2" changeset="124332718" timestamp="2022-08-01T08:38:20Z" user="maferikotupi" uid="2115804" lat="44.7384959" lon="2.6779746"/>
 <node id="961620866" visible="true" version="2" changeset="124732479" timestamp="2022-08-10T13:35:50Z" user="Yod4z" uid="318821" lat="44.7247760" lon="2.6893264"/>
 <node id="961620880" visible="true" version="1" changeset="6146201" timestamp="2010-10-23T14:48:18Z" user="Yod4z" uid="318821" lat="44.7373203" lon="2.6851222"/>
 <node id="961620886" visible="true" version="2" changeset="124332718" timestamp="2022-08-01T08:38:20Z" user="maferikotupi" uid="2115804" lat="44.7387522" lon="2.6788134"/>
 <node id="961620887" visible="true" version="2" changeset="124332718" timestamp="2022-08-01T08:38:20Z" user="maferikotupi" uid="2115804" lat="44.7385672" lon="2.6784523"/>
 <node id="961620889" visible="true" version="3" changeset="154593627" timestamp="2024-07-30T08:08:03Z" user="vincent_95" uid="49047" lat="44.7391869" lon="2.6790793"/>
 <node id="961620890" visible="true" version="1" changeset="6146201" timestamp="2010-10-23T14:48:19Z" user="Yod4z" uid="318821" lat="44.7370439" lon="2.6844242"/>
 <node id="961620891" visible="true" version="2" changeset="124332718" timestamp="2022-08-01T08:38:20Z" user="maferikotupi" uid="2115804" lat="44.7387809" lon="2.6794917"/>
 <node id="961620901" visible="true" version="2" changeset="124732479" timestamp="2022-08-10T13:35:50Z" user="Yod4z" uid="318821" lat="44.7276645" lon="2.6809000"/>
 <node id="961620906" visible="true" version="2" changeset="124732479" timestamp="2022-08-10T13:35:50Z" user="Yod4z" uid="318821" lat="44.7333237" lon="2.6870225"/>
 <node id="961620910" visible="true" version="2" changeset="124332718" timestamp="2022-08-01T08:38:20Z" user="maferikotupi" uid="2115804" lat="44.7385989" lon="2.6784353"/>
 <node id="961620911" visible="true" version="1" changeset="6146201" timestamp="2010-10-23T14:48:19Z" user="Yod4z" uid="318821" lat="44.7331297" lon="2.6839542"/>
 <node id="961620912" visible="true" version="1" changeset="6146201" timestamp="2010-10-23T14:48:19Z" user="Yod4z" uid="318821" lat="44.7348219" lon="2.6862696"/>
 <node id="961620926" visible="true" version="2" changeset="124732479" timestamp="2022-08-10T13:35:50Z" user="Yod4z" uid="318821" lat="44.7243150" lon="2.6910932"/>
 <node id="961620928" visible="true" version="2" changeset="124332718" timestamp="2022-08-01T08:38:20Z" user="maferikotupi" uid="2115804" lat="44.7389810" lon="2.6794742"/>
 <node id="961620929" visible="true" version="1" changeset="6146201" timestamp="2010-10-23T14:48:20Z" user="Yod4z" uid="318821" lat="44.7387720" lon="2.6804613"/>
 <node id="961620931" visible="true" version="2" changeset="124332718" timestamp="2022-08-01T08:38:20Z" user="maferikotupi" uid="2115804" lat="44.7394073" lon="2.6793815"/>
 <node id="961620932" visible="true" version="2" changeset="124332718" timestamp="2022-08-01T08:38:20Z" user="maferikotupi" uid="2115804" lat="44.7387790" lon="2.6794990"/>
 <node id="961620936" visible="true" version="2" changeset="124732479" timestamp="2022-08-10T13:35:50Z" user="Yod4z" uid="318821" lat="44.7252356" lon="2.6844877"/>
 <node id="961620943" visible="true" version="1" changeset="6146201" timestamp="2010-10-23T14:48:20Z" user="Yod4z" uid="318821" lat="44.7373908" lon="2.6909798"/>
 <node id="961620945" visible="true" version="2" changeset="124332718" timestamp="2022-08-01T08:38:20Z" user="maferikotupi" uid="2115804" lat="44.7392355" lon="2.6794130"/>
 <node id="961620948" visible="true" version="2" changeset="124332718" timestamp="2022-08-01T08:38:20Z" user="maferikotupi" uid="2115804" lat="44.7385833" lon="2.6784307"/>
 <node id="961620958" visible="true" version="2" changeset="124732479" timestamp="2022-08-10T13:35:50Z" user="Yod4z" uid="318821" lat="44.7376549" lon="2.6914937"/>
 <node id="961620962" visible="true" version="2" changeset="124332718" timestamp="2022-08-01T08:38:20Z" user="maferikotupi" uid="2115804" lat="44.7383326" lon="2.6794352"/>
 <node id="961620970" visible="true" version="1" changeset="6146201" timestamp="2010-10-23T14:48:21Z" user="Yod4z" uid="318821" lat="44.7335462" lon="2.6829253"/>
 <node id="961620971" visible="true" version="2" changeset="124332718" timestamp="2022-08-01T08:38:20Z" user="maferikotupi" uid="2115804" lat="44.7387073" lon="2.6788163"/>
 <node id="961620976" visible="true" version="1" changeset="6146201" timestamp="2010-10-23T14:48:21Z" user="Yod4z" uid="318821" lat="44.7388115" lon="2.6804355"/>
 <node id="961620979" visible="true" version="1" changeset="6146201" timestamp="2010-10-23T14:48:21Z" user="Yod4z" uid="318821" lat="44.7371692" lon="2.6844020"/>
 <node id="961620981" visible="true" version="2" changeset="124332718" timestamp="2022-08-01T08:38:20Z" user="maferikotupi" uid="2115804" lat="44.7385182" lon="2.6791193"/>
 <node id="961620986" visible="true" version="2" changeset="124332718" timestamp="2022-08-01T08:38:20Z" user="maferikotupi" uid="2115804" lat="44.7394611" lon="2.6796588"/>
 <node id="961620988" visible="true" version="2" changeset="124332718" timestamp="2022-08-01T08:38:20Z" user="maferikotupi" uid="2115804" lat="44.7387711" lon="2.6783419"/>
 <node id="961620990" visible="true" version="1" changeset="6146201" timestamp="2010-10-23T14:48:21Z" user="Yod4z" uid="318821" lat="44.7329660" lon="2.6843437"/>
 <node id="961620993" visible="true" version="2" changeset="124332718" timestamp="2022-08-01T08:38:20Z" user="maferikotupi" uid="2115804" lat="44.7395868" lon="2.6798628"/>
 <node id="961620997" visible="true" version="2" changeset="124332718" timestamp="2022-08-01T08:38:20Z" user="maferikotupi" uid="2115804" lat="44.7389956" lon="2.6794629"/>
 <node id="961620999" visible="true" version="2" changeset="124332718" timestamp="2022-08-01T08:38:20Z" user="maferikotupi" uid="2115804" lat="44.7393934" lon="2.6788147"/>
 <node id="961621002" visible="true" version="2" changeset="124332718" timestamp="2022-08-01T08:38:20Z" user="maferikotupi" uid="2115804" lat="44.7385194" lon="2.6785695"/>
 <node id="961621008" visible="true" version="2" changeset="124734572" timestamp="2022-08-10T14:23:34Z" user="Yod4z" uid="318821" lat="44.7413210" lon="2.6756864"/>
 <node id="961621012" visible="true" version="1" changeset="6146201" timestamp="2010-10-23T14:48:22Z" user="Yod4z" uid="318821" lat="44.7366179" lon="2.6843708"/>
 <node id="961621014" visible="true" version="2" changeset="124732479" timestamp="2022-08-10T13:35:50Z" user="Yod4z" uid="318821" lat="44.7378975" lon="2.6895992"/>
 <node id="961621016" visible="true" version="2" changeset="124332718" timestamp="2022-08-01T08:38:20Z" user="maferikotupi" uid="2115804" lat="44.7390626" lon="2.6766416"/>
 <node id="961621018" visible="true" version="1" changeset="6146201" timestamp="2010-10-23T14:48:22Z" user="Yod4z" uid="318821" lat="44.7250621" lon="2.6864150"/>
 <node id="961621024" visible="true" version="2" changeset="124332718" timestamp="2022-08-01T08:38:20Z" user="maferikotupi" uid="2115804" lat="44.7384586" lon="2.6797360"/>
 <node id="961621030" visible="true" version="2" changeset="124332718" timestamp="2022-08-01T08:38:20Z" user="maferikotupi" uid="2115804" lat="44.7390019" lon="2.6798165"/>
 <node id="961621034" visible="true" version="2" changeset="124332718" timestamp="2022-08-01T08:38:20Z" user="maferikotupi" uid="2115804" lat="44.7387552" lon="2.6792255"/>
 <node id="961621035" visible="true" version="1" changeset="6146201" timestamp="2010-10-23T14:48:23Z" user="Yod4z" uid="318821" lat="44.7371634" lon="2.6842615"/>
 <node id="961621038" visible="true" version="1" changeset="6146201" timestamp="2010-10-23T14:48:23Z" user="Yod4z" uid="318821" lat="44.7368175" lon="2.6843335"/>
 <node id="961621049" visible="true" version="1" changeset="6146201" timestamp="2010-10-23T14:48:23Z" user="Yod4z" uid="318821" lat="44.7366140" lon="2.6842708"/>
 <node id="961621051" visible="true" version="2" changeset="124332718" timestamp="2022-08-01T08:38:20Z" user="maferikotupi" uid="2115804" lat="44.7388183" lon="2.6782342"/>
 <node id="961621055" visible="true" version="2" changeset="124332718" timestamp="2022-08-01T08:38:20Z" user="maferikotupi" uid="2115804" lat="44.7394613" lon="2.6798999"/>
 <node id="961621057" visible="true" version="2" changeset="124332718" timestamp="2022-08-01T08:38:20Z" user="maferikotupi" uid="2115804" lat="44.7385275" lon="2.6797402"/>
 <node id="961621061" visible="true" version="3" changeset="154593627" timestamp="2024-07-30T08:08:03Z" user="vincent_95" uid="49047" lat="44.7389254" lon="2.6787520"/>
 <node id="961621064" visible="true" version="2" changeset="124332718" timestamp="2022-08-01T08:38:20Z" user="maferikotupi" uid="2115804" lat="44.7388477" lon="2.6790216"/>
 <node id="961621068" visible="true" version="1" changeset="6146201" timestamp="2010-10-23T14:48:24Z" user="Yod4z" uid="318821" lat="44.7354841" lon="2.6865837"/>
 <node id="961621076" visible="true" version="2" changeset="124332718" timestamp="2022-08-01T08:38:20Z" user="maferikotupi" uid="2115804" lat="44.7386704" lon="2.6776385"/>
 <node id="961621079" visible="true" version="2" changeset="124734572" timestamp="2022-08-10T14:23:34Z" user="Yod4z" uid="318821" lat="44.7405410" lon="2.6758446"/>
 <node id="961621083" visible="true" version="2" changeset="124732479" timestamp="2022-08-10T13:35:50Z" user="Yod4z" uid="318821" lat="44.7352299" lon="2.6863451"/>
 <node id="961621085" visible="true" version="2" changeset="124332718" timestamp="2022-08-01T08:38:20Z" user="maferikotupi" uid="2115804" lat="44.7387459" lon="2.6793104"/>
 <node id="961621093" visible="true" version="2" changeset="124332718" timestamp="2022-08-01T08:38:20Z" user="maferikotupi" uid="2115804" lat="44.7390795" lon="2.6768478"/>
 <node id="961621096" visible="true" version="1" changeset="6146201" timestamp="2010-10-23T14:48:25Z" user="Yod4z" uid="318821" lat="44.7365072" lon="2.6847929"/>
 <node id="961621097" visible="true" version="2" changeset="124332718" timestamp="2022-08-01T08:38:20Z" user="maferikotupi" uid="2115804" lat="44.7393117" lon="2.6796491"/>
 <node id="961621098" visible="true" version="2" changeset="124332718" timestamp="2022-08-01T08:38:20Z" user="maferikotupi" uid="2115804" lat="44.7388250" lon="2.6795628"/>
 <node id="961621099" visible="true" version="1" changeset="6146201" timestamp="2010-10-23T14:48:25Z" user="Yod4z" uid="318821" lat="44.7239298" lon="2.6915228"/>
 <node id="961621101" visible="true" version="2" changeset="124332718" timestamp="2022-08-01T08:38:20Z" user="maferikotupi" uid="2115804" lat="44.7387459" lon="2.6791123"/>
 <node id="961621108" visible="true" version="1" changeset="6146201" timestamp="2010-10-23T14:48:25Z" user="Yod4z" uid="318821" lat="44.7369188" lon="2.6852311"/>
 <node id="961621111" visible="true" version="1" changeset="6146201" timestamp="2010-10-23T14:48:25Z" user="Yod4z" uid="318821" lat="44.7373911" lon="2.6854291"/>
 <node id="961621118" visible="true" version="1" changeset="6146201" timestamp="2010-10-23T14:48:25Z" user="Yod4z" uid="318821" lat="44.7352255" lon="2.6860472"/>
 <node id="961621120" visible="true" version="2" changeset="124332718" timestamp="2022-08-01T08:38:20Z" user="maferikotupi" uid="2115804" lat="44.7387583" lon="2.6787378"/>
 <node id="961621121" visible="true" version="3" changeset="154593627" timestamp="2024-07-30T08:08:03Z" user="vincent_95" uid="49047" lat="44.7391776" lon="2.6790013"/>
 <node id="961621127" visible="true" version="2" changeset="124332718" timestamp="2022-08-01T08:38:20Z" user="maferikotupi" uid="2115804" lat="44.7385876" lon="2.6794471"/>
 <node id="961621130" visible="true" version="1" changeset="6146201" timestamp="2010-10-23T14:48:26Z" user="Yod4z" uid="318821" lat="44.7390480" lon="2.6764449"/>
 <node id="961621132" visible="true" version="3" changeset="154593627" timestamp="2024-07-30T08:08:03Z" user="vincent_95" uid="49047" lat="44.7389651" lon="2.6789978"/>
 <node id="961621135" visible="true" version="2" changeset="124332718" timestamp="2022-08-01T08:38:20Z" user="maferikotupi" uid="2115804" lat="44.7389264" lon="2.6791517"/>
 <node id="961621141" visible="true" version="1" changeset="6146201" timestamp="2010-10-23T14:48:26Z" user="Yod4z" uid="318821" lat="44.7348148" lon="2.6863012"/>
 <node id="961621142" visible="true" version="2" changeset="124332718" timestamp="2022-08-01T08:38:20Z" user="maferikotupi" uid="2115804" lat="44.7386795" lon="2.6772771"/>
 <node id="961621157" visible="true" version="2" changeset="124732479" timestamp="2022-08-10T13:35:50Z" user="Yod4z" uid="318821" lat="44.7355874" lon="2.6872554"/>
 <node id="961621158" visible="true" version="2" changeset="124332718" timestamp="2022-08-01T08:38:20Z" user="maferikotupi" uid="2115804" lat="44.7388800" lon="2.6794748"/>
 <node id="961621160" visible="true" version="1" changeset="6146201" timestamp="2010-10-23T14:48:27Z" user="Yod4z" uid="318821" lat="44.7379512" lon="2.6850054"/>
 <node id="961621162" visible="true" version="2" changeset="124332718" timestamp="2022-08-01T08:38:20Z" user="maferikotupi" uid="2115804" lat="44.7386760" lon="2.6794453"/>
 <node id="961621164" visible="true" version="2" changeset="124732479" timestamp="2022-08-10T13:35:50Z" user="Yod4z" uid="318821" lat="44.7249815" lon="2.6850720"/>
 <node id="961621176" visible="true" version="2" changeset="124332718" timestamp="2022-08-01T08:38:20Z" user="maferikotupi" uid="2115804" lat="44.7385079" lon="2.6781524"/>
 <node id="961621180" visible="true" version="1" changeset="6146201" timestamp="2010-10-23T14:48:27Z" user="Yod4z" uid="318821" lat="44.7374525" lon="2.6853397"/>
 <node id="961621181" visible="true" version="2" changeset="124332718" timestamp="2022-08-01T08:38:20Z" user="maferikotupi" uid="2115804" lat="44.7382774" lon="2.6794468"/>
 <node id="961621192" visible="true" version="2" changeset="124332718" timestamp="2022-08-01T08:38:20Z" user="maferikotupi" uid="2115804" lat="44.7394157" lon="2.6789317"/>
 <node id="961621194" visible="true" version="2" changeset="124332718" timestamp="2022-08-01T08:38:20Z" user="maferikotupi" uid="2115804" lat="44.7387163" lon="2.6788017"/>
 <node id="961621196" visible="true" version="1" changeset="6146201" timestamp="2010-10-23T14:48:27Z" user="Yod4z" uid="318821" lat="44.7369936" lon="2.6841751"/>
 <node id="961621198" visible="true" version="2" changeset="124332718" timestamp="2022-08-01T08:38:20Z" user="maferikotupi" uid="2115804" lat="44.7385096" lon="2.6794064"/>
 <node id="961621209" visible="true" version="2" changeset="124332718" timestamp="2022-08-01T08:38:20Z" user="maferikotupi" uid="2115804" lat="44.7386294" lon="2.6782193"/>
 <node id="961621222" visible="true" version="1" changeset="6146201" timestamp="2010-10-23T14:48:28Z" user="Yod4z" uid="318821" lat="44.7329392" lon="2.6842974"/>
 <node id="961621223" visible="true" version="1" changeset="6146201" timestamp="2010-10-23T14:48:28Z" user="Yod4z" uid="318821" lat="44.7348805" lon="2.6862477"/>
 <node id="961621225" visible="true" version="2" changeset="124332718" timestamp="2022-08-01T08:38:20Z" user="maferikotupi" uid="2115804" lat="44.7388806" lon="2.6795289"/>
 <node id="961621229" visible="true" version="2" changeset="124332718" timestamp="2022-08-01T08:38:20Z" user="maferikotupi" uid="2115804" lat="44.7390295" lon="2.6794362"/>
 <node id="961621230" visible="true" version="3" changeset="154593627" timestamp="2024-07-30T08:08:03Z" user="vincent_95" uid="49047" lat="44.7390137" lon="2.6797816"/>
 <node id="961621239" visible="true" version="2" changeset="124732479" timestamp="2022-08-10T13:35:50Z" user="Yod4z" uid="318821" lat="44.7356650" lon="2.6871350"/>
 <node id="961621241" visible="true" version="2" changeset="124332718" timestamp="2022-08-01T08:38:20Z" user="maferikotupi" uid="2115804" lat="44.7387490" lon="2.6795482"/>
 <node id="961621242" visible="true" version="2" changeset="124332718" timestamp="2022-08-01T08:38:20Z" user="maferikotupi" uid="2115804" lat="44.7386752" lon="2.6784452"/>
 <node id="961621245" visible="true" version="1" changeset="6146201" timestamp="2010-10-23T14:48:29Z" user="Yod4z" uid="318821" lat="44.7445118" lon="2.6740234"/>
 <node id="961621250" visible="true" version="2" changeset="124332718" timestamp="2022-08-01T08:38:20Z" user="maferikotupi" uid="2115804" lat="44.7385756" lon="2.6783632"/>
 <node id="961621261" visible="true" version="1" changeset="6146201" timestamp="2010-10-23T14:48:30Z" user="Yod4z" uid="318821" lat="44.7349973" lon="2.6860547"/>
 <node id="961621262" visible="true" version="2" changeset="124732479" timestamp="2022-08-10T13:35:50Z" user="Yod4z" uid="318821" lat="44.7375646" lon="2.6916163"/>
 <node id="961621264" visible="true" version="2" changeset="124332718" timestamp="2022-08-01T08:38:20Z" user="maferikotupi" uid="2115804" lat="44.7384620" lon="2.6794431"/>
 <node id="961621271" visible="true" version="2" changeset="124332718" timestamp="2022-08-01T08:38:20Z" user="maferikotupi" uid="2115804" lat="44.7389622" lon="2.6798554"/>
 <node id="961621273" visible="true" version="2" changeset="124332718" timestamp="2022-08-01T08:38:20Z" user="maferikotupi" uid="2115804" lat="44.7388121" lon="2.6789761"/>
 <node id="961621281" visible="true" version="1" changeset="6146201" timestamp="2010-10-23T14:48:30Z" user="Yod4z" uid="318821" lat="44.7387625" lon="2.6803184"/>
 <node id="961621282" visible="true" version="1" changeset="6146201" timestamp="2010-10-23T14:48:30Z" user="Yod4z" uid="318821" lat="44.7370811" lon="2.6845341"/>
 <node id="961621285" visible="true" version="2" changeset="124332718" timestamp="2022-08-01T08:38:20Z" user="maferikotupi" uid="2115804" lat="44.7384379" lon="2.6791171"/>
 <node id="961621290" visible="true" version="2" changeset="124332718" timestamp="2022-08-01T08:38:20Z" user="maferikotupi" uid="2115804" lat="44.7391114" lon="2.6766327"/>
 <node id="961621293" visible="true" version="2" changeset="124332718" timestamp="2022-08-01T08:38:20Z" user="maferikotupi" uid="2115804" lat="44.7385663" lon="2.6779581"/>
 <node id="961621295" visible="true" version="1" changeset="6146201" timestamp="2010-10-23T14:48:31Z" user="Yod4z" uid="318821" lat="44.7329320" lon="2.6840263"/>
 <node id="961621302" visible="true" version="2" changeset="124332718" timestamp="2022-08-01T08:38:20Z" user="maferikotupi" uid="2115804" lat="44.7385002" lon="2.6797583"/>
 <node id="961621309" visible="true" version="1" changeset="6146201" timestamp="2010-10-23T14:48:31Z" user="Yod4z" uid="318821" lat="44.7384153" lon="2.6780546"/>
 <node id="961621311" visible="true" version="2" changeset="124332718" timestamp="2022-08-01T08:38:20Z" user="maferikotupi" uid="2115804" lat="44.7390073" lon="2.6797503"/>
 <node id="961621314" visible="true" version="3" changeset="154593627" timestamp="2024-07-30T08:08:03Z" user="vincent_95" uid="49047" lat="44.7386342" lon="2.6805148"/>
 <node id="961621316" visible="true" version="1" changeset="6146201" timestamp="2010-10-23T14:48:31Z" user="Yod4z" uid="318821" lat="44.7354057" lon="2.6866424"/>
 <node id="961621319" visible="true" version="2" changeset="124332718" timestamp="2022-08-01T08:38:20Z" user="maferikotupi" uid="2115804" lat="44.7394621" lon="2.6787553"/>
 <node id="961621321" visible="true" version="2" changeset="124734572" timestamp="2022-08-10T14:23:34Z" user="Yod4z" uid="318821" lat="44.7421172" lon="2.6753723"/>
 <node id="961621331" visible="true" version="2" changeset="124332718" timestamp="2022-08-01T08:38:20Z" user="maferikotupi" uid="2115804" lat="44.7384689" lon="2.6793874"/>
 <node id="961621338" visible="true" version="2" changeset="124332718" timestamp="2022-08-01T08:38:20Z" user="maferikotupi" uid="2115804" lat="44.7388192" lon="2.6795171"/>
 <node id="961621344" visible="true" version="2" changeset="124332718" timestamp="2022-08-01T08:38:20Z" user="maferikotupi" uid="2115804" lat="44.7384464" lon="2.6795863"/>
 <node id="961621346" visible="true" version="1" changeset="6146201" timestamp="2010-10-23T14:48:32Z" user="Yod4z" uid="318821" lat="44.7332441" lon="2.6843977"/>
 <node id="961621349" visible="true" version="2" changeset="124332718" timestamp="2022-08-01T08:38:20Z" user="maferikotupi" uid="2115804" lat="44.7387531" lon="2.6780855"/>
 <node id="961621363" visible="true" version="1" changeset="6146201" timestamp="2010-10-23T14:48:32Z" user="Yod4z" uid="318821" lat="44.7368927" lon="2.6852477"/>
 <node id="961621364" visible="true" version="1" changeset="6146201" timestamp="2010-10-23T14:48:33Z" user="Yod4z" uid="318821" lat="44.7364456" lon="2.6856175"/>
 <node id="961621365" visible="true" version="1" changeset="6146201" timestamp="2010-10-23T14:48:33Z" user="Yod4z" uid="318821" lat="44.7387157" lon="2.6801703"/>
 <node id="961621369" visible="true" version="2" changeset="124332718" timestamp="2022-08-01T08:38:20Z" user="maferikotupi" uid="2115804" lat="44.7387556" lon="2.6781318"/>
 <node id="961621372" visible="true" version="3" changeset="154593627" timestamp="2024-07-30T08:08:03Z" user="vincent_95" uid="49047" lat="44.7391053" lon="2.6790904"/>
 <node id="961621374" visible="true" version="1" changeset="6146201" timestamp="2010-10-23T14:48:33Z" user="Yod4z" uid="318821" lat="44.7374302" lon="2.6910125"/>
 <node id="961621376" visible="true" version="2" changeset="124332718" timestamp="2022-08-01T08:38:20Z" user="maferikotupi" uid="2115804" lat="44.7385295" lon="2.6797740"/>
 <node id="961621385" visible="true" version="2" changeset="124332718" timestamp="2022-08-01T08:38:20Z" user="maferikotupi" uid="2115804" lat="44.7388113" lon="2.6790324"/>
 <node id="961621386" visible="true" version="1" changeset="6146201" timestamp="2010-10-23T14:48:33Z" user="Yod4z" uid="318821" lat="44.7348344" lon="2.6859037"/>
 <node id="961621388" visible="true" version="1" changeset="6146201" timestamp="2010-10-23T14:48:33Z" user="Yod4z" uid="318821" lat="44.7385639" lon="2.6835372"/>
 <node id="961621389" visible="true" version="2" changeset="124332718" timestamp="2022-08-01T08:38:20Z" user="maferikotupi" uid="2115804" lat="44.7387506" lon="2.6775040"/>
 <node id="961621395" visible="true" version="2" changeset="124732479" timestamp="2022-08-10T13:35:50Z" user="Yod4z" uid="318821" lat="44.7360193" lon="2.6873385"/>
 <node id="961621397" visible="true" version="2" changeset="124332718" timestamp="2022-08-01T08:38:20Z" user="maferikotupi" uid="2115804" lat="44.7389014" lon="2.6795382"/>
 <node id="961621404" visible="true" version="4" changeset="154594883" timestamp="2024-07-30T08:40:03Z" user="vincent_95" uid="49047" lat="44.7385388" lon="2.6792471">
  <tag k="addr:postcode" v="12460"/>
  <tag k="name" v="Saint-Gervais"/>
  <tag k="place" v="village"/>
  <tag k="source" v="cadastre-dgi-fr source : Direction Générale des Impôts - Cadastre. Mise à jour : 2010"/>
 </node>
 <node id="961621405" visible="true" version="1" changeset="6146201" timestamp="2010-10-23T14:48:34Z" user="Yod4z" uid="318821" lat="44.7352599" lon="2.6856235"/>
 <node id="961621406" visible="true" version="2" changeset="124332718" timestamp="2022-08-01T08:38:20Z" user="maferikotupi" uid="2115804" lat="44.7388009" lon="2.6795537"/>
 <node id="961621409" visible="true" version="1" changeset="6146201" timestamp="2010-10-23T14:48:34Z" user="Yod4z" uid="318821" lat="44.7247917" lon="2.6882830"/>
 <node id="961621417" visible="true" version="2" changeset="124332718" timestamp="2022-08-01T08:38:20Z" user="maferikotupi" uid="2115804" lat="44.7386911" lon="2.6790768"/>
 <node id="961621419" visible="true" version="2" changeset="124332718" timestamp="2022-08-01T08:38:20Z" user="maferikotupi" uid="2115804" lat="44.7387891" lon="2.6778684"/>
 <node id="961621423" visible="true" version="1" changeset="6146201" timestamp="2010-10-23T14:48:35Z" user="Yod4z" uid="318821" lat="44.7369492" lon="2.6850441"/>
 <node id="961621424" visible="true" version="2" changeset="124332718" timestamp="2022-08-01T08:38:20Z" user="maferikotupi" uid="2115804" lat="44.7387421" lon="2.6773443"/>
 <node id="961621426" visible="true" version="1" changeset="6146201" timestamp="2010-10-23T14:48:35Z" user="Yod4z" uid="318821" lat="44.7351647" lon="2.6862462"/>
 <node id="961621428" visible="true" version="2" changeset="124332718" timestamp="2022-08-01T08:38:20Z" user="maferikotupi" uid="2115804" lat="44.7394657" lon="2.6790387"/>
 <node id="961621430" visible="true" version="2" changeset="124332718" timestamp="2022-08-01T08:38:20Z" user="maferikotupi" uid="2115804" lat="44.7387804" lon="2.6787881"/>
 <node id="961621435" visible="true" version="1" changeset="6146201" timestamp="2010-10-23T14:48:36Z" user="Yod4z" uid="318821" lat="44.7281011" lon="2.6801822"/>
 <node id="961621436" visible="true" version="2" changeset="124332718" timestamp="2022-08-01T08:38:20Z" user="maferikotupi" uid="2115804" lat="44.7385406" lon="2.6796825"/>
 <node id="961621437" visible="true" version="3" changeset="154593627" timestamp="2024-07-30T08:08:03Z" user="vincent_95" uid="49047" lat="44.7390220" lon="2.6786921"/>
 <node id="961621440" visible="true" version="2" changeset="124732479" timestamp="2022-08-10T13:35:50Z" user="Yod4z" uid="318821" lat="44.7334248" lon="2.6868183"/>
 <node id="961621441" visible="true" version="2" changeset="124332718" timestamp="2022-08-01T08:38:20Z" user="maferikotupi" uid="2115804" lat="44.7389967" lon="2.6791328"/>
 <node id="961621442" visible="true" version="2" changeset="124332718" timestamp="2022-08-01T08:38:20Z" user="maferikotupi" uid="2115804" lat="44.7388178" lon="2.6793378"/>
 <node id="961621448" visible="true" version="2" changeset="124332718" timestamp="2022-08-01T08:38:20Z" user="maferikotupi" uid="2115804" lat="44.7390071" lon="2.6795304"/>
 <node id="961621449" visible="true" version="2" changeset="124332718" timestamp="2022-08-01T08:38:20Z" user="maferikotupi" uid="2115804" lat="44.7394198" lon="2.6794649"/>
 <node id="961621450" visible="true" version="2" changeset="124732479" timestamp="2022-08-10T13:35:50Z" user="Yod4z" uid="318821" lat="44.7251034" lon="2.6867151"/>
 <node id="961621451" visible="true" version="2" changeset="124332718" timestamp="2022-08-01T08:38:20Z" user="maferikotupi" uid="2115804" lat="44.7390538" lon="2.6791233"/>
 <node id="961621457" visible="true" version="1" changeset="6146201" timestamp="2010-10-23T14:48:37Z" user="Yod4z" uid="318821" lat="44.7349773" lon="2.6863383"/>
 <node id="961621459" visible="true" version="1" changeset="6146201" timestamp="2010-10-23T14:48:37Z" user="Yod4z" uid="318821" lat="44.7375769" lon="2.6854023"/>
 <node id="961621461" visible="true" version="2" changeset="124332718" timestamp="2022-08-01T08:38:20Z" user="maferikotupi" uid="2115804" lat="44.7384008" lon="2.6796886"/>
 <node id="961621465" visible="true" version="1" changeset="6146201" timestamp="2010-10-23T14:48:37Z" user="Yod4z" uid="318821" lat="44.7385202" lon="2.6833774"/>
 <node id="961621466" visible="true" version="2" changeset="124332718" timestamp="2022-08-01T08:38:20Z" user="maferikotupi" uid="2115804" lat="44.7387200" lon="2.6787845"/>
 <node id="961621468" visible="true" version="1" changeset="6146201" timestamp="2010-10-23T14:48:38Z" user="Yod4z" uid="318821" lat="44.7369293" lon="2.6844438"/>
 <node id="961621469" visible="true" version="2" changeset="124332718" timestamp="2022-08-01T08:38:20Z" user="maferikotupi" uid="2115804" lat="44.7388008" lon="2.6793412"/>
 <node id="961621470" visible="true" version="2" changeset="124332718" timestamp="2022-08-01T08:38:20Z" user="maferikotupi" uid="2115804" lat="44.7385684" lon="2.6788156"/>
 <node id="961621472" visible="true" version="2" changeset="124332718" timestamp="2022-08-01T08:38:20Z" user="maferikotupi" uid="2115804" lat="44.7386460" lon="2.6783428"/>
 <node id="961621473" visible="true" version="3" changeset="154593627" timestamp="2024-07-30T08:08:03Z" user="vincent_95" uid="49047" lat="44.7391305" lon="2.6789804"/>
 <node id="961621474" visible="true" version="1" changeset="6146201" timestamp="2010-10-23T14:48:38Z" user="Yod4z" uid="318821" lat="44.7330809" lon="2.6842772"/>
 <node id="961621477" visible="true" version="1" changeset="6146201" timestamp="2010-10-23T14:48:38Z" user="Yod4z" uid="318821" lat="44.7349154" lon="2.6861349"/>
 <node id="961621478" visible="true" version="2" changeset="124332718" timestamp="2022-08-01T08:38:20Z" user="maferikotupi" uid="2115804" lat="44.7395703" lon="2.6797118"/>
 <node id="961621479" visible="true" version="2" changeset="124332718" timestamp="2022-08-01T08:38:20Z" user="maferikotupi" uid="2115804" lat="44.7387569" lon="2.6779998"/>
 <node id="961621481" visible="true" version="2" changeset="124332718" timestamp="2022-08-01T08:38:20Z" user="maferikotupi" uid="2115804" lat="44.7395115" lon="2.6793027"/>
 <node id="961621482" visible="true" version="1" changeset="6146201" timestamp="2010-10-23T14:48:39Z" user="Yod4z" uid="318821" lat="44.7425080" lon="2.6752048"/>
 <node id="961621485" visible="true" version="1" changeset="6146201" timestamp="2010-10-23T14:48:39Z" user="Yod4z" uid="318821" lat="44.7373503" lon="2.6909969"/>
 <node id="961621487" visible="true" version="2" changeset="124332718" timestamp="2022-08-01T08:38:20Z" user="maferikotupi" uid="2115804" lat="44.7392454" lon="2.6795607"/>
 <node id="961621488" visible="true" version="1" changeset="6146201" timestamp="2010-10-23T14:48:39Z" user="Yod4z" uid="318821" lat="44.7390755" lon="2.6764184"/>
 <node id="961621490" visible="true" version="1" changeset="6146201" timestamp="2010-10-23T14:48:39Z" user="Yod4z" uid="318821" lat="44.7350442" lon="2.6860709"/>
 <node id="961621497" visible="true" version="1" changeset="6146201" timestamp="2010-10-23T14:48:39Z" user="Yod4z" uid="318821" lat="44.7337708" lon="2.6852121"/>
 <node id="961621500" visible="true" version="2" changeset="124332718" timestamp="2022-08-01T08:38:20Z" user="maferikotupi" uid="2115804" lat="44.7387381" lon="2.6790017"/>
 <node id="961621501" visible="true" version="2" changeset="124332718" timestamp="2022-08-01T08:38:20Z" user="maferikotupi" uid="2115804" lat="44.7390556" lon="2.6782993"/>
 <node id="961621510" visible="true" version="1" changeset="6146201" timestamp="2010-10-23T14:48:40Z" user="Yod4z" uid="318821" lat="44.7371019" lon="2.6842226"/>
 <node id="961621517" visible="true" version="2" changeset="124332718" timestamp="2022-08-01T08:38:20Z" user="maferikotupi" uid="2115804" lat="44.7387517" lon="2.6781652"/>
 <node id="961621520" visible="true" version="3" changeset="154593627" timestamp="2024-07-30T08:08:03Z" user="vincent_95" uid="49047" lat="44.7392205" lon="2.6789401"/>
 <node id="961621523" visible="true" version="1" changeset="6146201" timestamp="2010-10-23T14:48:40Z" user="Yod4z" uid="318821" lat="44.7328891" lon="2.6841453"/>
 <node id="961621524" visible="true" version="1" changeset="6146201" timestamp="2010-10-23T14:48:40Z" user="Yod4z" uid="318821" lat="44.7374203" lon="2.6910466"/>
 <node id="961621525" visible="true" version="2" changeset="124332718" timestamp="2022-08-01T08:38:20Z" user="maferikotupi" uid="2115804" lat="44.7394404" lon="2.6796946"/>
 <node id="961621527" visible="true" version="2" changeset="124332718" timestamp="2022-08-01T08:38:20Z" user="maferikotupi" uid="2115804" lat="44.7384908" lon="2.6797676"/>
 <node id="961621529" visible="true" version="1" changeset="6146201" timestamp="2010-10-23T14:48:41Z" user="Yod4z" uid="318821" lat="44.7385939" lon="2.6790375"/>
 <node id="961621530" visible="true" version="1" changeset="6146201" timestamp="2010-10-23T14:48:41Z" user="Yod4z" uid="318821" lat="44.7349630" lon="2.6860789"/>
 <node id="961621531" visible="true" version="3" changeset="154593627" timestamp="2024-07-30T08:08:03Z" user="vincent_95" uid="49047" lat="44.7392403" lon="2.6789896"/>
 <node id="961621532" visible="true" version="2" changeset="124734572" timestamp="2022-08-10T14:23:34Z" user="Yod4z" uid="318821" lat="44.7401216" lon="2.6761535"/>
 <node id="961621534" visible="true" version="2" changeset="124732479" timestamp="2022-08-10T13:35:50Z" user="Yod4z" uid="318821" lat="44.7367826" lon="2.6874751"/>
 <node id="961621535" visible="true" version="2" changeset="124332718" timestamp="2022-08-01T08:38:20Z" user="maferikotupi" uid="2115804" lat="44.7390612" lon="2.6768527"/>
 <node id="961621537" visible="true" version="2" changeset="124732479" timestamp="2022-08-10T13:35:50Z" user="Yod4z" uid="318821" lat="44.7347840" lon="2.6857651"/>
 <node id="961621538" visible="true" version="2" changeset="124332718" timestamp="2022-08-01T08:38:20Z" user="maferikotupi" uid="2115804" lat="44.7393684" lon="2.6796408"/>
 <node id="961621539" visible="true" version="2" changeset="124332718" timestamp="2022-08-01T08:38:20Z" user="maferikotupi" uid="2115804" lat="44.7388374" lon="2.6792423"/>
 <node id="961621540" visible="true" version="2" changeset="124332718" timestamp="2022-08-01T08:38:20Z" user="maferikotupi" uid="2115804" lat="44.7384874" lon="2.6797590"/>
 <node id="961621543" visible="true" version="2" changeset="124332718" timestamp="2022-08-01T08:38:20Z" user="maferikotupi" uid="2115804" lat="44.7386563" lon="2.6791307"/>
 <node id="961621544" visible="true" version="1" changeset="6146201" timestamp="2010-10-23T14:48:43Z" user="Yod4z" uid="318821" lat="44.7391834" lon="2.6785722"/>
 <node id="961621546" visible="true" version="2" changeset="124332718" timestamp="2022-08-01T08:38:20Z" user="maferikotupi" uid="2115804" lat="44.7390434" lon="2.6773590"/>
 <node id="961621548" visible="true" version="1" changeset="6146201" timestamp="2010-10-23T14:48:43Z" user="Yod4z" uid="318821" lat="44.7351397" lon="2.6861743"/>
 <node id="961621549" visible="true" version="2" changeset="124332718" timestamp="2022-08-01T08:38:20Z" user="maferikotupi" uid="2115804" lat="44.7393579" lon="2.6792684"/>
 <node id="961621550" visible="true" version="2" changeset="124332718" timestamp="2022-08-01T08:38:20Z" user="maferikotupi" uid="2115804" lat="44.7385379" lon="2.6797176"/>
 <node id="961621552" visible="true" version="3" changeset="154593627" timestamp="2024-07-30T08:08:03Z" user="vincent_95" uid="49047" lat="44.7389984" lon="2.6789959"/>
 <node id="961621554" visible="true" version="2" changeset="124332718" timestamp="2022-08-01T08:38:20Z" user="maferikotupi" uid="2115804" lat="44.7389985" lon="2.6791010"/>
 <node id="961621556" visible="true" version="2" changeset="124732479" timestamp="2022-08-10T13:35:50Z" user="Yod4z" uid="318821" lat="44.7358485" lon="2.6875712"/>
 <node id="961621557" visible="true" version="2" changeset="124332718" timestamp="2022-08-01T08:38:20Z" user="maferikotupi" uid="2115804" lat="44.7390943" lon="2.6797926"/>
 <node id="961621558" visible="true" version="2" changeset="124332718" timestamp="2022-08-01T08:38:20Z" user="maferikotupi" uid="2115804" lat="44.7391283" lon="2.6768495"/>
 <node id="961621560" visible="true" version="2" changeset="154593627" timestamp="2024-07-30T08:08:03Z" user="vincent_95" uid="49047" lat="44.7381616" lon="2.6850075"/>
 <node id="961621561" visible="true" version="2" changeset="124732479" timestamp="2022-08-10T13:35:50Z" user="Yod4z" uid="318821" lat="44.7248148" lon="2.6896886"/>
 <node id="961621562" visible="true" version="3" changeset="154593627" timestamp="2024-07-30T08:08:03Z" user="vincent_95" uid="49047" lat="44.7390949" lon="2.6789124"/>
 <node id="961621564" visible="true" version="1" changeset="6146201" timestamp="2010-10-23T14:48:44Z" user="Yod4z" uid="318821" lat="44.7384418" lon="2.6780802"/>
 <node id="961621565" visible="true" version="1" changeset="6146201" timestamp="2010-10-23T14:48:44Z" user="Yod4z" uid="318821" lat="44.7392606" lon="2.6788567"/>
 <node id="961621567" visible="true" version="1" changeset="6146201" timestamp="2010-10-23T14:48:44Z" user="Yod4z" uid="318821" lat="44.7368093" lon="2.6856152">
  <tag k="name" v="Perpignau"/>
  <tag k="place" v="locality"/>
  <tag k="source" v="cadastre-dgi-fr source : Direction Générale des Impôts - Cadastre. Mise à jour : 2010"/>
 </node>
 <node id="961621571" visible="true" version="1" changeset="6146201" timestamp="2010-10-23T14:48:45Z" user="Yod4z" uid="318821" lat="44.7375499" lon="2.6853095"/>
 <node id="961621573" visible="true" version="2" changeset="124332718" timestamp="2022-08-01T08:38:20Z" user="maferikotupi" uid="2115804" lat="44.7393126" lon="2.6788994"/>
 <node id="961621574" visible="true" version="2" changeset="124332718" timestamp="2022-08-01T08:38:20Z" user="maferikotupi" uid="2115804" lat="44.7387835" lon="2.6788822"/>
 <node id="961621575" visible="true" version="2" changeset="124332718" timestamp="2022-08-01T08:38:20Z" user="maferikotupi" uid="2115804" lat="44.7386803" lon="2.6783415"/>
 <node id="961621578" visible="true" version="1" changeset="6146201" timestamp="2010-10-23T14:48:45Z" user="Yod4z" uid="318821" lat="44.7370930" lon="2.6842378"/>
 <node id="961621579" visible="true" version="2" changeset="124332718" timestamp="2022-08-01T08:38:20Z" user="maferikotupi" uid="2115804" lat="44.7387980" lon="2.6793638"/>
 <node id="961621580" visible="true" version="2" changeset="124732479" timestamp="2022-08-10T13:35:50Z" user="Yod4z" uid="318821" lat="44.7272572" lon="2.6816041"/>
 <node id="961621581" visible="true" version="2" changeset="124332718" timestamp="2022-08-01T08:38:20Z" user="maferikotupi" uid="2115804" lat="44.7385044" lon="2.6793932"/>
 <node id="961621582" visible="true" version="2" changeset="6257588" timestamp="2010-11-01T17:08:31Z" user="Yod4z" uid="318821" lat="44.7331501" lon="2.6870695"/>
 <node id="961621583" visible="true" version="2" changeset="124332718" timestamp="2022-08-01T08:38:20Z" user="maferikotupi" uid="2115804" lat="44.7386096" lon="2.6783972"/>
 <node id="961621585" visible="true" version="1" changeset="6146201" timestamp="2010-10-23T14:48:46Z" user="Yod4z" uid="318821" lat="44.7385068" lon="2.6778307"/>
 <node id="961621587" visible="true" version="2" changeset="124332718" timestamp="2022-08-01T08:38:20Z" user="maferikotupi" uid="2115804" lat="44.7390396" lon="2.6781596"/>
 <node id="961621589" visible="true" version="2" changeset="124332718" timestamp="2022-08-01T08:38:20Z" user="maferikotupi" uid="2115804" lat="44.7389605" lon="2.6793862"/>
 <node id="961621590" visible="true" version="1" changeset="6146201" timestamp="2010-10-23T14:48:46Z" user="Yod4z" uid="318821" lat="44.7386565" lon="2.6802091"/>
 <node id="961621592" visible="true" version="2" changeset="124332718" timestamp="2022-08-01T08:38:20Z" user="maferikotupi" uid="2115804" lat="44.7393893" lon="2.6793445"/>
 <node id="961621593" visible="true" version="2" changeset="124332718" timestamp="2022-08-01T08:38:20Z" user="maferikotupi" uid="2115804" lat="44.7387639" lon="2.6794925"/>
 <node id="961621594" visible="true" version="2" changeset="124332718" timestamp="2022-08-01T08:38:20Z" user="maferikotupi" uid="2115804" lat="44.7388261" lon="2.6783540"/>
 <node id="961621595" visible="true" version="2" changeset="124732479" timestamp="2022-08-10T13:35:50Z" user="Yod4z" uid="318821" lat="44.7268091" lon="2.6820249"/>
 <node id="966762866" visible="true" version="5" changeset="135719098" timestamp="2023-05-04T22:30:42Z" user="InfosReseaux" uid="93222" lat="44.0891207" lon="2.8288178">
  <tag k="design:ref" v="B1"/>
  <tag k="line_attachment" v="suspension"/>
  <tag k="operator" v="RTE"/>
  <tag k="operator:wikidata" v="Q2178795"/>
  <tag k="power" v="tower"/>
 </node>
 <node id="966763578" visible="true" version="6" changeset="135719098" timestamp="2023-05-04T22:30:42Z" user="InfosReseaux" uid="93222" lat="44.0989341" lon="2.8296018">
  <tag k="design:ref" v="B1"/>
  <tag k="line_attachment" v="anchor"/>
  <tag k="operator" v="RTE"/>
  <tag k="operator:wikidata" v="Q2178795"/>
  <tag k="power" v="tower"/>
 </node>
 <node id="967819141" visible="true" version="2" changeset="124732479" timestamp="2022-08-10T13:35:50Z" user="Yod4z" uid="318821" lat="44.7281537" lon="2.6976993"/>
 <node id="973837060" visible="true" version="1" changeset="6257588" timestamp="2010-11-01T17:05:01Z" user="Yod4z" uid="318821" lat="44.7461698" lon="2.6806419"/>
 <node id="973837073" visible="true" version="1" changeset="6257588" timestamp="2010-11-01T17:05:02Z" user="Yod4z" uid="318821" lat="44.7328477" lon="2.6868592"/>
 <node id="973837096" visible="true" version="1" changeset="6257588" timestamp="2010-11-01T17:05:02Z" user="Yod4z" uid="318821" lat="44.7285369" lon="2.6977622"/>
 <node id="973837118" visible="true" version="2" changeset="114663604" timestamp="2021-12-07T14:29:19Z" user="Eric V" uid="163480" lat="44.7512503" lon="2.6861053"/>
 <node id="973837171" visible="true" version="1" changeset="6257588" timestamp="2010-11-01T17:05:07Z" user="Yod4z" uid="318821" lat="44.7297203" lon="2.6993564"/>
 <node id="973837190" visible="true" version="1" changeset="6257588" timestamp="2010-11-01T17:05:08Z" user="Yod4z" uid="318821" lat="44.7483882" lon="2.6828066"/>
 <node id="973837192" visible="true" version="1" changeset="6257588" timestamp="2010-11-01T17:05:08Z" user="Yod4z" uid="318821" lat="44.7313110" lon="2.6885952"/>
 <node id="973837251" visible="true" version="1" changeset="6257588" timestamp="2010-11-01T17:05:10Z" user="Yod4z" uid="318821" lat="44.7526300" lon="2.6879641"/>
 <node id="973837301" visible="true" version="1" changeset="6257588" timestamp="2010-11-01T17:05:13Z" user="Yod4z" uid="318821" lat="44.7482199" lon="2.6822872"/>
 <node id="973837360" visible="true" version="1" changeset="6257588" timestamp="2010-11-01T17:05:16Z" user="Yod4z" uid="318821" lat="44.7455024" lon="2.6806629"/>
 <node id="973837374" visible="true" version="2" changeset="124332718" timestamp="2022-08-01T08:38:20Z" user="maferikotupi" uid="2115804" lat="44.7398880" lon="2.6789939"/>
 <node id="973837443" visible="true" version="1" changeset="6257588" timestamp="2010-11-01T17:05:23Z" user="Yod4z" uid="318821" lat="44.7518191" lon="2.6874891"/>
 <node id="973837489" visible="true" version="1" changeset="6257588" timestamp="2010-11-01T17:05:28Z" user="Yod4z" uid="318821" lat="44.7298119" lon="2.6992373"/>
 <node id="973837510" visible="true" version="1" changeset="6257588" timestamp="2010-11-01T17:05:29Z" user="Yod4z" uid="318821" lat="44.7296590" lon="2.6907109"/>
 <node id="973837530" visible="true" version="1" changeset="6257588" timestamp="2010-11-01T17:05:36Z" user="Yod4z" uid="318821" lat="44.7298254" lon="2.6989260"/>
 <node id="973837620" visible="true" version="1" changeset="6257588" timestamp="2010-11-01T17:05:42Z" user="Yod4z" uid="318821" lat="44.7297641" lon="2.6992376"/>
 <node id="973837653" visible="true" version="1" changeset="6257588" timestamp="2010-11-01T17:05:44Z" user="Yod4z" uid="318821" lat="44.7484173" lon="2.6844368"/>
 <node id="973837655" visible="true" version="1" changeset="6257588" timestamp="2010-11-01T17:05:44Z" user="Yod4z" uid="318821" lat="44.7303012" lon="2.6898487"/>
 <node id="973837800" visible="true" version="1" changeset="6257588" timestamp="2010-11-01T17:05:53Z" user="Yod4z" uid="318821" lat="44.7485314" lon="2.6844445"/>
 <node id="973837802" visible="true" version="1" changeset="6257588" timestamp="2010-11-01T17:05:54Z" user="Yod4z" uid="318821" lat="44.7323175" lon="2.6867415"/>
 <node id="973837857" visible="true" version="2" changeset="124332718" timestamp="2022-08-01T08:38:20Z" user="maferikotupi" uid="2115804" lat="44.7516006" lon="2.6869599"/>
 <node id="973838044" visible="true" version="1" changeset="6257588" timestamp="2010-11-01T17:06:11Z" user="Yod4z" uid="318821" lat="44.7463429" lon="2.6806843"/>
 <node id="973838062" visible="true" version="1" changeset="6257588" timestamp="2010-11-01T17:06:12Z" user="Yod4z" uid="318821" lat="44.7325143" lon="2.6867103"/>
 <node id="973838120" visible="true" version="1" changeset="6257588" timestamp="2010-11-01T17:06:15Z" user="Yod4z" uid="318821" lat="44.7290318" lon="2.6979504"/>
 <node id="973838151" visible="true" version="1" changeset="6257588" timestamp="2010-11-01T17:06:17Z" user="Yod4z" uid="318821" lat="44.7500274" lon="2.6847846"/>
 <node id="973838227" visible="true" version="1" changeset="6257588" timestamp="2010-11-01T17:06:19Z" user="Yod4z" uid="318821" lat="44.7298024" lon="2.6994732"/>
 <node id="973838295" visible="true" version="1" changeset="6257588" timestamp="2010-11-01T17:06:21Z" user="Yod4z" uid="318821" lat="44.7432946" lon="2.6801372"/>
 <node id="973838326" visible="true" version="1" changeset="6257588" timestamp="2010-11-01T17:06:22Z" user="Yod4z" uid="318821" lat="44.7483216" lon="2.6833099"/>
 <node id="973838329" visible="true" version="2" changeset="170579156" timestamp="2025-08-17T17:36:28Z" user="Niconil" uid="217235" lat="44.7288488" lon="2.6918365"/>
 <node id="973838501" visible="true" version="3" changeset="124331770" timestamp="2022-08-01T08:16:56Z" user="maferikotupi" uid="2115804" lat="44.7477587" lon="2.7033175"/>
 <node id="973838522" visible="true" version="1" changeset="6257588" timestamp="2010-11-01T17:06:28Z" user="Yod4z" uid="318821" lat="44.7470116" lon="2.6811230"/>
 <node id="973838623" visible="true" version="1" changeset="6257588" timestamp="2010-11-01T17:06:32Z" user="Yod4z" uid="318821" lat="44.7318890" lon="2.6871908"/>
 <node id="973838714" visible="true" version="1" changeset="6257588" timestamp="2010-11-01T17:06:35Z" user="Yod4z" uid="318821" lat="44.7520346" lon="2.6877411"/>
 <node id="973838781" visible="true" version="1" changeset="6257588" timestamp="2010-11-01T17:06:38Z" user="Yod4z" uid="318821" lat="44.7298148" lon="2.6992837"/>
 <node id="973838803" visible="true" version="1" changeset="6257588" timestamp="2010-11-01T17:06:39Z" user="Yod4z" uid="318821" lat="44.7426886" lon="2.6800018"/>
 <node id="973838827" visible="true" version="1" changeset="6257588" timestamp="2010-11-01T17:06:40Z" user="Yod4z" uid="318821" lat="44.7292848" lon="2.6913326"/>
 <node id="973838852" visible="true" version="1" changeset="6257588" timestamp="2010-11-01T17:06:41Z" user="Yod4z" uid="318821" lat="44.7298828" lon="2.6996192"/>
 <node id="973838880" visible="true" version="2" changeset="114663604" timestamp="2021-12-07T14:29:19Z" user="Eric V" uid="163480" lat="44.7511381" lon="2.6857491"/>
 <node id="973838929" visible="true" version="1" changeset="6257588" timestamp="2010-11-01T17:06:45Z" user="Yod4z" uid="318821" lat="44.7297160" lon="2.6994685"/>
 <node id="973838950" visible="true" version="1" changeset="6257588" timestamp="2010-11-01T17:06:47Z" user="Yod4z" uid="318821" lat="44.7491057" lon="2.6845365"/>
 <node id="973838961" visible="true" version="1" changeset="6257588" timestamp="2010-11-01T17:06:47Z" user="Yod4z" uid="318821" lat="44.7314427" lon="2.6882932"/>
 <node id="973839012" visible="true" version="1" changeset="6257588" timestamp="2010-11-01T17:06:50Z" user="Yod4z" uid="318821" lat="44.7523076" lon="2.6879227"/>
 <node id="973839013" visible="true" version="1" changeset="6257588" timestamp="2010-11-01T17:06:50Z" user="Yod4z" uid="318821" lat="44.7321639" lon="2.6868704"/>
 <node id="973839059" visible="true" version="1" changeset="6257588" timestamp="2010-11-01T17:06:54Z" user="Yod4z" uid="318821" lat="44.7478853" lon="2.6819768"/>
 <node id="973839153" visible="true" version="2" changeset="124332718" timestamp="2022-08-01T08:38:20Z" user="maferikotupi" uid="2115804" lat="44.7450138" lon="2.6804916"/>
 <node id="973839176" visible="true" version="3" changeset="154594883" timestamp="2024-07-30T08:40:03Z" user="vincent_95" uid="49047" lat="44.7395556" lon="2.6790573"/>
 <node id="973839240" visible="true" version="3" changeset="154594883" timestamp="2024-07-30T08:40:03Z" user="vincent_95" uid="49047" lat="44.7394069" lon="2.6791118"/>
 <node id="973839276" visible="true" version="2" changeset="114663604" timestamp="2021-12-07T14:29:19Z" user="Eric V" uid="163480" lat="44.7509937" lon="2.6855665"/>
 <node id="973839350" visible="true" version="1" changeset="6257588" timestamp="2010-11-01T17:07:06Z" user="Yod4z" uid="318821" lat="44.7441484" lon="2.6804534"/>
 <node id="973839477" visible="true" version="1" changeset="6257588" timestamp="2010-11-01T17:07:11Z" user="Yod4z" uid="318821" lat="44.7297599" lon="2.6993613"/>
 <node id="973839499" visible="true" version="1" changeset="6257588" timestamp="2010-11-01T17:07:13Z" user="Yod4z" uid="318821" lat="44.7475265" lon="2.6818400"/>
 <node id="973839505" visible="true" version="1" changeset="6257588" timestamp="2010-11-01T17:07:13Z" user="Yod4z" uid="318821" lat="44.7307258" lon="2.6893291"/>
 <node id="973839588" visible="true" version="1" changeset="6257588" timestamp="2010-11-01T17:07:17Z" user="Yod4z" uid="318821" lat="44.7316628" lon="2.6875964"/>
 <node id="973839648" visible="true" version="1" changeset="6257588" timestamp="2010-11-01T17:07:21Z" user="Yod4z" uid="318821" lat="44.7514556" lon="2.6864840"/>
 <node id="1227307151" visible="true" version="5" changeset="138082845" timestamp="2023-07-03T22:52:47Z" user="InfosReseaux" uid="93222" lat="44.7367857" lon="2.6964780">
  <tag k="operator" v="RTE"/>
  <tag k="operator:wikidata" v="Q2178795"/>
  <tag k="power" v="tower"/>
 </node>
 <node id="1227307161" visible="true" version="5" changeset="138082845" timestamp="2023-07-03T22:52:47Z" user="InfosReseaux" uid="93222" lat="44.7772437" lon="2.6906424">
  <tag k="operator" v="RTE"/>
  <tag k="operator:wikidata" v="Q2178795"/>
  <tag k="power" v="tower"/>
 </node>
 <node id="1227307168" visible="true" version="8" changeset="135719098" timestamp="2023-05-04T22:30:42Z" user="InfosReseaux" uid="93222" lat="44.7813924" lon="2.6912241">
  <tag k="design:ref" v="L1"/>
  <tag k="line_attachment" v="anchor"/>
  <tag k="operator" v="RTE"/>
  <tag k="operator:wikidata" v="Q2178795"/>
  <tag k="power" v="tower"/>
 </node>
 <node id="1227307183" visible="true" version="5" changeset="138082845" timestamp="2023-07-03T22:52:47Z" user="InfosReseaux" uid="93222" lat="44.7501058" lon="2.6973646">
  <tag k="operator" v="RTE"/>
  <tag k="operator:wikidata" v="Q2178795"/>
  <tag k="power" v="tower"/>
 </node>
 <node id="1227307186" visible="true" version="6" changeset="146220566" timestamp="2024-01-13T16:42:21Z" user="InfosReseaux" uid="93222" lat="44.7162313" lon="2.6997562">
  <tag k="design:ref" v="B1"/>
  <tag k="line_attachment" v="suspension"/>
  <tag k="operator" v="RTE"/>
  <tag k="operator:wikidata" v="Q2178795"/>
  <tag k="power" v="tower"/>
 </node>
 <node id="1227307192" visible="true" version="6" changeset="139021497" timestamp="2023-07-26T07:05:25Z" user="phd0" uid="459331" lat="44.7455268" lon="2.6968867">
  <tag k="height" v="38"/>
  <tag k="operator" v="RTE"/>
  <tag k="operator:wikidata" v="Q2178795"/>
  <tag k="power" v="tower"/>
  <tag k="ref" v="318"/>
  <tag k="source" v="data.gouv.fr:RTE - 2023-01"/>
 </node>
 <node id="1227307196" visible="true" version="5" changeset="135719098" timestamp="2023-05-04T22:30:42Z" user="InfosReseaux" uid="93222" lat="44.7396640" lon="2.6970938">
  <tag k="design:ref" v="B1"/>
  <tag k="line_attachment" v="suspension"/>
  <tag k="operator" v="RTE"/>
  <tag k="operator:wikidata" v="Q2178795"/>
  <tag k="power" v="tower"/>
 </node>
 <node id="1227307198" visible="true" version="7" changeset="186636167" timestamp="2026-07-30T10:40:23Z" user="Yod4z" uid="318821" lat="44.7690249" lon="2.7006973">
  <tag k="design:ref" v="B1"/>
  <tag k="line_attachment" v="anchor"/>
  <tag k="material" v="metal"/>
  <tag k="operator" v="RTE"/>
  <tag k="operator:wikidata" v="Q2178795"/>
  <tag k="power" v="tower"/>
 </node>
 <node id="1227307202" visible="true" version="5" changeset="138082845" timestamp="2023-07-03T22:52:47Z" user="InfosReseaux" uid="93222" lat="44.7113424" lon="2.6999982">
  <tag k="operator" v="RTE"/>
  <tag k="operator:wikidata" v="Q2178795"/>
  <tag k="power" v="tower"/>
 </node>
 <node id="1227307214" visible="true" version="6" changeset="135719098" timestamp="2023-05-04T22:30:42Z" user="InfosReseaux" uid="93222" lat="44.7317386" lon="2.6970467">
  <tag k="design:ref" v="B1"/>
  <tag k="line_attachment" v="suspension"/>
  <tag k="operator" v="RTE"/>
  <tag k="operator:wikidata" v="Q2178795"/>
  <tag k="power" v="tower"/>
 </node>
 <node id="1227307231" visible="true" version="6" changeset="138082845" timestamp="2023-07-03T22:52:47Z" user="InfosReseaux" uid="93222" lat="44.7317507" lon="2.6964244">
  <tag k="operator" v="RTE"/>
  <tag k="operator:wikidata" v="Q2178795"/>
  <tag k="power" v="tower"/>
 </node>
 <node id="1227307235" visible="true" version="6" changeset="135719098" timestamp="2023-05-04T22:30:42Z" user="InfosReseaux" uid="93222" lat="44.7593554" lon="2.6993789">
  <tag k="design:ref" v="B1"/>
  <tag k="line_attachment" v="suspension"/>
  <tag k="operator" v="RTE"/>
  <tag k="operator:wikidata" v="Q2178795"/>
  <tag k="power" v="tower"/>
 </node>
 <node id="1227307252" visible="true" version="6" changeset="138082845" timestamp="2023-07-03T22:52:47Z" user="InfosReseaux" uid="93222" lat="44.7276269" lon="2.6971426">
  <tag k="operator" v="RTE"/>
  <tag k="operator:wikidata" v="Q2178795"/>
  <tag k="power" v="tower"/>
 </node>
 <node id="1227307270" visible="true" version="5" changeset="138082845" timestamp="2023-07-03T22:52:47Z" user="InfosReseaux" uid="93222" lat="44.7397100" lon="2.6964580">
  <tag k="operator" v="RTE"/>
  <tag k="operator:wikidata" v="Q2178795"/>
  <tag k="power" v="tower"/>
 </node>
 <node id="1227307287" visible="true" version="7" changeset="145901245" timestamp="2024-01-04T23:50:29Z" user="Ptigrouick" uid="195175" lat="44.7276919" lon="2.6977568">
  <tag k="design:ref" v="B1"/>
  <tag k="height" v="39"/>
  <tag k="line_attachment" v="suspension"/>
  <tag k="operator" v="RTE"/>
  <tag k="operator:wikidata" v="Q2178795"/>
  <tag k="power" v="tower"/>
  <tag k="ref" v="314"/>
  <tag k="source" v="data.gouv.fr:RTE - 2023-12"/>
 </node>
 <node id="1227307312" visible="true" version="5" changeset="138082845" timestamp="2023-07-03T22:52:47Z" user="InfosReseaux" uid="93222" lat="44.7148740" lon="2.6993289">
  <tag k="operator" v="RTE"/>
  <tag k="operator:wikidata" v="Q2178795"/>
  <tag k="power" v="tower"/>
 </node>
 <node id="1227307317" visible="true" version="5" changeset="138082845" timestamp="2023-07-03T22:52:47Z" user="InfosReseaux" uid="93222" lat="44.7594994" lon="2.6985388">
  <tag k="operator" v="RTE"/>
  <tag k="operator:wikidata" v="Q2178795"/>
  <tag k="power" v="tower"/>
 </node>
 <node id="1227307329" visible="true" version="5" changeset="138082845" timestamp="2023-07-03T22:52:47Z" user="InfosReseaux" uid="93222" lat="44.7699579" lon="2.6972850">
  <tag k="operator" v="RTE"/>
  <tag k="operator:wikidata" v="Q2178795"/>
  <tag k="power" v="tower"/>
 </node>
 <node id="1227307341" visible="true" version="7" changeset="145901245" timestamp="2024-01-04T23:50:29Z" user="Ptigrouick" uid="195175" lat="44.7453555" lon="2.6975050">
  <tag k="design:ref" v="B1"/>
  <tag k="height" v="38"/>
  <tag k="line_attachment" v="suspension"/>
  <tag k="material" v="steel"/>
  <tag k="operator" v="RTE"/>
  <tag k="operator:wikidata" v="Q2178795"/>
  <tag k="power" v="tower"/>
  <tag k="ref" v="318"/>
  <tag k="source" v="data.gouv.fr:RTE - 2023-12"/>
  <tag k="structure" v="lattice"/>
 </node>
 <node id="1227307343" visible="true" version="6" changeset="135719098" timestamp="2023-05-04T22:30:42Z" user="InfosReseaux" uid="93222" lat="44.7816240" lon="2.6963552">
  <tag k="design:ref" v="B1"/>
  <tag k="line_attachment" v="anchor"/>
  <tag k="operator" v="RTE"/>
  <tag k="operator:wikidata" v="Q2178795"/>
  <tag k="power" v="tower"/>
 </node>
 <node id="1227760411" visible="true" version="5" changeset="138082845" timestamp="2023-07-03T22:52:47Z" user="InfosReseaux" uid="93222" lat="44.4964452" lon="2.7007201">
  <tag k="operator" v="RTE"/>
  <tag k="operator:wikidata" v="Q2178795"/>
  <tag k="power" v="tower"/>
 </node>
 <node id="1227760412" visible="true" version="9" changeset="135719098" timestamp="2023-05-04T22:30:42Z" user="InfosReseaux" uid="93222" lat="44.4626999" lon="2.7044496">
  <tag k="design:ref" v="B1"/>
  <tag k="line_attachment" v="suspension"/>
  <tag k="operator" v="RTE"/>
  <tag k="operator:wikidata" v="Q2178795"/>
  <tag k="power" v="tower"/>
 </node>
 <node id="1227760413" visible="true" version="5" changeset="138082845" timestamp="2023-07-03T22:52:47Z" user="InfosReseaux" uid="93222" lat="44.4887418" lon="2.6991204">
  <tag k="operator" v="RTE"/>
  <tag k="operator:wikidata" v="Q2178795"/>
  <tag k="power" v="tower"/>
 </node>
 <node id="1227760415" visible="true" version="5" changeset="135719098" timestamp="2023-05-04T22:30:42Z" user="InfosReseaux" uid="93222" lat="44.5414968" lon="2.6978625">
  <tag k="design:ref" v="B1"/>
  <tag k="line_attachment" v="suspension"/>
  <tag k="operator" v="RTE"/>
  <tag k="operator:wikidata" v="Q2178795"/>
  <tag k="power" v="tower"/>
 </node>
 <node id="1227760416" visible="true" version="5" changeset="135719098" timestamp="2023-05-04T22:30:42Z" user="InfosReseaux" uid="93222" lat="44.4845991" lon="2.6990243">
  <tag k="design:ref" v="B1"/>
  <tag k="line_attachment" v="suspension"/>
  <tag k="operator" v="RTE"/>
  <tag k="operator:wikidata" v="Q2178795"/>
  <tag k="power" v="tower"/>
 </node>
 <node id="1227760417" visible="true" version="6" changeset="138082845" timestamp="2023-07-03T22:52:47Z" user="InfosReseaux" uid="93222" lat="44.5049146" lon="2.7000919">
  <tag k="operator" v="RTE"/>
  <tag k="operator:wikidata" v="Q2178795"/>
  <tag k="power" v="tower"/>
 </node>
 <node id="1227760418" visible="true" version="5" changeset="138082845" timestamp="2023-07-03T22:52:47Z" user="InfosReseaux" uid="93222" lat="44.5194510" lon="2.6991118">
  <tag k="operator" v="RTE"/>
  <tag k="operator:wikidata" v="Q2178795"/>
  <tag k="power" v="tower"/>
 </node>
 <node id="1227760419" visible="true" version="5" changeset="138082845" timestamp="2023-07-03T22:52:47Z" user="InfosReseaux" uid="93222" lat="44.5004587" lon="2.7003894">
  <tag k="operator" v="RTE"/>
  <tag k="operator:wikidata" v="Q2178795"/>
  <tag k="power" v="tower"/>
 </node>
 <node id="1227760420" visible="true" version="5" changeset="135719098" timestamp="2023-05-04T22:30:42Z" user="InfosReseaux" uid="93222" lat="44.4939355" lon="2.7009177">
  <tag k="design:ref" v="B1"/>
  <tag k="line_attachment" v="suspension"/>
  <tag k="operator" v="RTE"/>
  <tag k="operator:wikidata" v="Q2178795"/>
  <tag k="power" v="tower"/>
 </node>
 <node id="1227760421" visible="true" version="6" changeset="189274642" timestamp="2026-09-19T22:35:46Z" user="InfosReseaux" uid="93222" lat="44.4286156" lon="2.7191126">
  <tag k="line_attachment" v="anchor"/>
  <tag k="line_management" v="split"/>
  <tag k="operator" v="RTE"/>
  <tag k="operator:wikidata" v="Q2178795"/>
  <tag k="power" v="tower"/>
 </node>
 <node id="1227760422" visible="true" version="8" changeset="145901245" timestamp="2024-01-04T23:50:29Z" user="Ptigrouick" uid="195175" lat="44.5982484" lon="2.6991610">
  <tag k="design:ref" v="B1"/>
  <tag k="height" v="50"/>
  <tag k="line_attachment" v="suspension"/>
  <tag k="operator" v="RTE"/>
  <tag k="operator:wikidata" v="Q2178795"/>
  <tag k="power" v="tower"/>
  <tag k="ref" v="291"/>
  <tag k="source" v="data.gouv.fr:RTE - 2023-12"/>
 </node>
 <node id="1227760423" visible="true" version="5" changeset="135719098" timestamp="2023-05-04T22:30:42Z" user="InfosReseaux" uid="93222" lat="44.5497595" lon="2.6968802">
  <tag k="design:ref" v="B1"/>
  <tag k="line_attachment" v="suspension"/>
  <tag k="operator" v="RTE"/>
  <tag k="operator:wikidata" v="Q2178795"/>
  <tag k="power" v="tower"/>
 </node>
 <node id="1227760425" visible="true" version="5" changeset="135719098" timestamp="2023-05-04T22:30:42Z" user="InfosReseaux" uid="93222" lat="44.4885390" lon="2.6998284">
  <tag k="design:ref" v="B1"/>
  <tag k="line_attachment" v="suspension"/>
  <tag k="operator" v="RTE"/>
  <tag k="operator:wikidata" v="Q2178795"/>
  <tag k="power" v="tower"/>
 </node>
 <node id="1227760426" visible="true" version="7" changeset="146220566" timestamp="2024-01-13T16:42:21Z" user="InfosReseaux" uid="93222" lat="44.5793982" lon="2.6961623">
  <tag k="design:ref" v="B1"/>
  <tag k="line_attachment" v="suspension"/>
  <tag k="operator" v="RTE"/>
  <tag k="operator:wikidata" v="Q2178795"/>
  <tag k="power" v="tower"/>
  <tag k="ref" v="289"/>
 </node>
 <node id="1227760428" visible="true" version="6" changeset="187941936" timestamp="2026-08-24T14:27:09Z" user="Yod4z" uid="318821" lat="44.5254808" lon="2.6988466">
  <tag k="operator" v="RTE"/>
  <tag k="operator:wikidata" v="Q2178795"/>
  <tag k="power" v="tower"/>
 </node>
 <node id="1227760430" visible="true" version="6" changeset="135719098" timestamp="2023-05-04T22:30:42Z" user="InfosReseaux" uid="93222" lat="44.4964062" lon="2.7014095">
  <tag k="design:ref" v="B1"/>
  <tag k="line_attachment" v="suspension"/>
  <tag k="operator" v="RTE"/>
  <tag k="operator:wikidata" v="Q2178795"/>
  <tag k="power" v="tower"/>
 </node>
 <node id="1227760431" visible="true" version="5" changeset="138082845" timestamp="2023-07-03T22:52:47Z" user="InfosReseaux" uid="93222" lat="44.5761694" lon="2.6949897">
  <tag k="operator" v="RTE"/>
  <tag k="operator:wikidata" v="Q2178795"/>
  <tag k="power" v="tower"/>
 </node>
 <node id="1227760432" visible="true" version="3" changeset="138082845" timestamp="2023-07-03T22:52:47Z" user="InfosReseaux" uid="93222" lat="44.4310388" lon="2.7180208">
  <tag k="operator" v="RTE"/>
  <tag k="operator:wikidata" v="Q2178795"/>
  <tag k="power" v="tower"/>
 </node>
 <node id="1227760433" visible="true" version="5" changeset="138082845" timestamp="2023-07-03T22:52:47Z" user="InfosReseaux" uid="93222" lat="44.5985226" lon="2.6985663">
  <tag k="operator" v="RTE"/>
  <tag k="operator:wikidata" v="Q2178795"/>
  <tag k="power" v="tower"/>
 </node>
 <node id="1227760434" visible="true" version="5" changeset="135719098" timestamp="2023-05-04T22:30:42Z" user="InfosReseaux" uid="93222" lat="44.4387790" lon="2.7151862">
  <tag k="design:ref" v="B1"/>
  <tag k="line_attachment" v="suspension"/>
  <tag k="operator" v="RTE"/>
  <tag k="operator:wikidata" v="Q2178795"/>
  <tag k="power" v="tower"/>
 </node>
 <node id="1227760435" visible="true" version="5" changeset="135719098" timestamp="2023-05-04T22:30:42Z" user="InfosReseaux" uid="93222" lat="44.5761191" lon="2.6957274">
  <tag k="design:ref" v="B1"/>
  <tag k="line_attachment" v="suspension"/>
  <tag k="operator" v="RTE"/>
  <tag k="operator:wikidata" v="Q2178795"/>
  <tag k="power" v="tower"/>
 </node>
 <node id="1227760436" visible="true" version="6" changeset="138082845" timestamp="2023-07-03T22:52:47Z" user="InfosReseaux" uid="93222" lat="44.4777670" lon="2.6969865">
  <tag k="line_attachment" v="anchor"/>
  <tag k="operator" v="RTE"/>
  <tag k="operator:wikidata" v="Q2178795"/>
  <tag k="power" v="tower"/>
 </node>
 <node id="1227760437" visible="true" version="6" changeset="135719098" timestamp="2023-05-04T22:30:42Z" user="InfosReseaux" uid="93222" lat="44.4286810" lon="2.7197304">
  <tag k="design:ref" v="B1"/>
  <tag k="line_attachment" v="suspension"/>
  <tag k="operator" v="RTE"/>
  <tag k="operator:wikidata" v="Q2178795"/>
  <tag k="power" v="tower"/>
 </node>
 <node id="1227760438" visible="true" version="5" changeset="138082845" timestamp="2023-07-03T22:52:47Z" user="InfosReseaux" uid="93222" lat="44.5392941" lon="2.6973910">
  <tag k="operator" v="RTE"/>
  <tag k="operator:wikidata" v="Q2178795"/>
  <tag k="power" v="tower"/>
 </node>
 <node id="1227760440" visible="true" version="6" changeset="138082845" timestamp="2023-07-03T22:52:47Z" user="InfosReseaux" uid="93222" lat="44.5711701" lon="2.6952404">
  <tag k="operator" v="RTE"/>
  <tag k="operator:wikidata" v="Q2178795"/>
  <tag k="power" v="tower"/>
 </node>
 <node id="1227760441" visible="true" version="5" changeset="135719098" timestamp="2023-05-04T22:30:42Z" user="InfosReseaux" uid="93222" lat="44.5539213" lon="2.6963611">
  <tag k="design:ref" v="B1"/>
  <tag k="line_attachment" v="suspension"/>
  <tag k="operator" v="RTE"/>
  <tag k="operator:wikidata" v="Q2178795"/>
  <tag k="power" v="tower"/>
 </node>
 <node id="1227760443" visible="true" version="5" changeset="138082845" timestamp="2023-07-03T22:52:47Z" user="InfosReseaux" uid="93222" lat="44.4389110" lon="2.7145518">
  <tag k="operator" v="RTE"/>
  <tag k="operator:wikidata" v="Q2178795"/>
  <tag k="power" v="tower"/>
 </node>
 <node id="1227760444" visible="true" version="5" changeset="138082845" timestamp="2023-07-03T22:52:47Z" user="InfosReseaux" uid="93222" lat="44.5913302" lon="2.6969497">
  <tag k="operator" v="RTE"/>
  <tag k="operator:wikidata" v="Q2178795"/>
  <tag k="power" v="tower"/>
 </node>
 <node id="1227760445" visible="true" version="6" changeset="135719098" timestamp="2023-05-04T22:30:42Z" user="InfosReseaux" uid="93222" lat="44.5044345" lon="2.7009441">
  <tag k="design:ref" v="B1"/>
  <tag k="line_attachment" v="suspension"/>
  <tag k="operator" v="RTE"/>
  <tag k="operator:wikidata" v="Q2178795"/>
  <tag k="power" v="tower"/>
 </node>
 <node id="1227760446" visible="true" version="5" changeset="135719098" timestamp="2023-05-04T22:30:42Z" user="InfosReseaux" uid="93222" lat="44.4458516" lon="2.7120028">
  <tag k="design:ref" v="B1"/>
  <tag k="line_attachment" v="suspension"/>
  <tag k="operator" v="RTE"/>
  <tag k="operator:wikidata" v="Q2178795"/>
  <tag k="power" v="tower"/>
 </node>
 <node id="1227760447" visible="true" version="5" changeset="135719098" timestamp="2023-05-04T22:30:42Z" user="InfosReseaux" uid="93222" lat="44.5577019" lon="2.6962782">
  <tag k="design:ref" v="B1"/>
  <tag k="line_attachment" v="suspension"/>
  <tag k="operator" v="RTE"/>
  <tag k="operator:wikidata" v="Q2178795"/>
  <tag k="power" v="tower"/>
 </node>
 <node id="1227760448" visible="true" version="5" changeset="138082845" timestamp="2023-07-03T22:52:47Z" user="InfosReseaux" uid="93222" lat="44.4573048" lon="2.7062117">
  <tag k="operator" v="RTE"/>
  <tag k="operator:wikidata" v="Q2178795"/>
  <tag k="power" v="tower"/>
 </node>
 <node id="1227760449" visible="true" version="6" changeset="145901245" timestamp="2024-01-04T23:50:29Z" user="Ptigrouick" uid="195175" lat="44.5711779" lon="2.6958770">
  <tag k="design:ref" v="B1"/>
  <tag k="height" v="44"/>
  <tag k="line_attachment" v="anchor"/>
  <tag k="operator" v="RTE"/>
  <tag k="operator:wikidata" v="Q2178795"/>
  <tag k="power" v="tower"/>
  <tag k="ref" v="287"/>
  <tag k="source" v="data.gouv.fr:RTE - 2023-12"/>
 </node>
 <node id="1227760450" visible="true" version="6" changeset="182452054" timestamp="2026-05-10T06:47:59Z" user="CorentinB-whydoesmydisplaynameneedtobeunique" uid="23191018" lat="44.4487705" lon="2.7100516">
  <tag k="line_attachment" v="suspension"/>
  <tag k="operator" v="RTE"/>
  <tag k="operator:wikidata" v="Q2178795"/>
  <tag k="power" v="tower"/>
 </node>
 <node id="1227760451" visible="true" version="6" changeset="138082845" timestamp="2023-07-03T22:52:47Z" user="InfosReseaux" uid="93222" lat="44.5665505" lon="2.6952905">
  <tag k="operator" v="RTE"/>
  <tag k="operator:wikidata" v="Q2178795"/>
  <tag k="power" v="tower"/>
  <tag k="source" v="Bing"/>
 </node>
 <node id="1227760452" visible="true" version="5" changeset="138082845" timestamp="2023-07-03T22:52:47Z" user="InfosReseaux" uid="93222" lat="44.4748787" lon="2.6982299">
  <tag k="operator" v="RTE"/>
  <tag k="operator:wikidata" v="Q2178795"/>
  <tag k="power" v="tower"/>
 </node>
 <node id="1227760454" visible="true" version="5" changeset="135719098" timestamp="2023-05-04T22:30:42Z" user="InfosReseaux" uid="93222" lat="44.4487466" lon="2.7107058">
  <tag k="design:ref" v="B1"/>
  <tag k="line_attachment" v="suspension"/>
  <tag k="operator" v="RTE"/>
  <tag k="operator:wikidata" v="Q2178795"/>
  <tag k="power" v="tower"/>
 </node>
 <node id="1227760455" visible="true" version="5" changeset="135719098" timestamp="2023-05-04T22:30:42Z" user="InfosReseaux" uid="93222" lat="44.5193843" lon="2.6998942">
  <tag k="design:ref" v="B1"/>
  <tag k="line_attachment" v="suspension"/>
  <tag k="operator" v="RTE"/>
  <tag k="operator:wikidata" v="Q2178795"/>
  <tag k="power" v="tower"/>
 </node>
 <node id="1227760456" visible="true" version="5" changeset="138082845" timestamp="2023-07-03T22:52:47Z" user="InfosReseaux" uid="93222" lat="44.5539081" lon="2.6956826">
  <tag k="operator" v="RTE"/>
  <tag k="operator:wikidata" v="Q2178795"/>
  <tag k="power" v="tower"/>
 </node>
 <node id="1227760457" visible="true" version="6" changeset="138082845" timestamp="2023-07-03T22:52:47Z" user="InfosReseaux" uid="93222" lat="44.4629269" lon="2.7036951">
  <tag k="operator" v="RTE"/>
  <tag k="operator:wikidata" v="Q2178795"/>
  <tag k="power" v="tower"/>
 </node>
 <node id="1227760458" visible="true" version="5" changeset="135719098" timestamp="2023-05-04T22:30:42Z" user="InfosReseaux" uid="93222" lat="44.5665831" lon="2.6959929">
  <tag k="design:ref" v="B1"/>
  <tag k="line_attachment" v="suspension"/>
  <tag k="operator" v="RTE"/>
  <tag k="operator:wikidata" v="Q2178795"/>
  <tag k="power" v="tower"/>
 </node>
 <node id="1227760460" visible="true" version="5" changeset="135719098" timestamp="2023-05-04T22:30:42Z" user="InfosReseaux" uid="93222" lat="44.5302250" lon="2.6991895">
  <tag k="design:ref" v="B1"/>
  <tag k="line_attachment" v="suspension"/>
  <tag k="operator" v="RTE"/>
  <tag k="operator:wikidata" v="Q2178795"/>
  <tag k="power" v="tower"/>
 </node>
 <node id="1227760461" visible="true" version="6" changeset="135719098" timestamp="2023-05-04T22:30:42Z" user="InfosReseaux" uid="93222" lat="44.4778096" lon="2.6976504">
  <tag k="design:ref" v="B1"/>
  <tag k="line_attachment" v="anchor"/>
  <tag k="operator" v="RTE"/>
  <tag k="operator:wikidata" v="Q2178795"/>
  <tag k="power" v="tower"/>
 </node>
 <node id="1227760462" visible="true" version="5" changeset="138082845" timestamp="2023-07-03T22:52:47Z" user="InfosReseaux" uid="93222" lat="44.5581097" lon="2.6956585">
  <tag k="operator" v="RTE"/>
  <tag k="operator:wikidata" v="Q2178795"/>
  <tag k="power" v="tower"/>
 </node>
 <node id="1227760463" visible="true" version="5" changeset="135719098" timestamp="2023-05-04T22:30:42Z" user="InfosReseaux" uid="93222" lat="44.4003142" lon="2.7368323">
  <tag k="design:ref" v="B1"/>
  <tag k="line_attachment" v="suspension"/>
  <tag k="operator" v="RTE"/>
  <tag k="operator:wikidata" v="Q2178795"/>
  <tag k="power" v="tower"/>
 </node>
 <node id="1227760464" visible="true" version="5" changeset="135719098" timestamp="2023-05-04T22:30:42Z" user="InfosReseaux" uid="93222" lat="44.5252979" lon="2.6995309">
  <tag k="design:ref" v="B1"/>
  <tag k="line_attachment" v="suspension"/>
  <tag k="operator" v="RTE"/>
  <tag k="operator:wikidata" v="Q2178795"/>
  <tag k="power" v="tower"/>
 </node>
 <node id="1227760465" visible="true" version="6" changeset="135719098" timestamp="2023-05-04T22:30:42Z" user="InfosReseaux" uid="93222" lat="44.4736262" lon="2.6995355">
  <tag k="design:ref" v="B1"/>
  <tag k="line_attachment" v="suspension"/>
  <tag k="operator" v="RTE"/>
  <tag k="operator:wikidata" v="Q2178795"/>
  <tag k="power" v="tower"/>
 </node>
 <node id="1227760466" visible="true" version="5" changeset="138082845" timestamp="2023-07-03T22:52:47Z" user="InfosReseaux" uid="93222" lat="44.5499162" lon="2.6961757">
  <tag k="operator" v="RTE"/>
  <tag k="operator:wikidata" v="Q2178795"/>
  <tag k="power" v="tower"/>
 </node>
 <node id="1227760468" visible="true" version="5" changeset="138082845" timestamp="2023-07-03T22:52:47Z" user="InfosReseaux" uid="93222" lat="44.5302808" lon="2.6985418">
  <tag k="operator" v="RTE"/>
  <tag k="operator:wikidata" v="Q2178795"/>
  <tag k="power" v="tower"/>
 </node>
 <node id="1227760470" visible="true" version="5" changeset="135719098" timestamp="2023-05-04T22:30:42Z" user="InfosReseaux" uid="93222" lat="44.5381968" lon="2.6982651">
  <tag k="design:ref" v="B1"/>
  <tag k="line_attachment" v="suspension"/>
  <tag k="operator" v="RTE"/>
  <tag k="operator:wikidata" v="Q2178795"/>
  <tag k="power" v="tower"/>
 </node>
 <node id="1227760471" visible="true" version="5" changeset="135719098" timestamp="2023-05-04T22:30:42Z" user="InfosReseaux" uid="93222" lat="44.4809386" lon="2.6982883">
  <tag k="design:ref" v="B1"/>
  <tag k="line_attachment" v="suspension"/>
  <tag k="operator" v="RTE"/>
  <tag k="operator:wikidata" v="Q2178795"/>
  <tag k="power" v="tower"/>
 </node>
 <node id="1227760473" visible="true" version="5" changeset="135719098" timestamp="2023-05-04T22:30:42Z" user="InfosReseaux" uid="93222" lat="44.4241653" lon="2.7224583">
  <tag k="design:ref" v="B1"/>
  <tag k="line_attachment" v="suspension"/>
  <tag k="operator" v="RTE"/>
  <tag k="operator:wikidata" v="Q2178795"/>
  <tag k="power" v="tower"/>
 </node>
 <node id="1228578834" visible="true" version="2" changeset="92042899" timestamp="2020-10-06T10:54:03Z" user="rvilleglas" uid="3318566" lat="44.7325071" lon="2.6792076"/>
 <node id="1228578838" visible="true" version="1" changeset="7739770" timestamp="2011-04-01T23:05:45Z" user="FrViPofm" uid="107257" lat="44.7266319" lon="2.6739795"/>
 <node id="1228578856" visible="true" version="2" changeset="31167755" timestamp="2015-05-15T10:18:41Z" user="Yod4z" uid="318821" lat="44.7318659" lon="2.6815858"/>
 <node id="1228578866" visible="true" version="1" changeset="7739770" timestamp="2011-04-01T23:05:46Z" user="FrViPofm" uid="107257" lat="44.7265357" lon="2.6753824"/>
 <node id="1228578880" visible="true" version="1" changeset="7739770" timestamp="2011-04-01T23:05:46Z" user="FrViPofm" uid="107257" lat="44.7271723" lon="2.6727141"/>
 <node id="1228578882" visible="true" version="1" changeset="7739770" timestamp="2011-04-01T23:05:46Z" user="FrViPofm" uid="107257" lat="44.7308361" lon="2.6842231"/>
 <node id="1228578888" visible="true" version="2" changeset="31168142" timestamp="2015-05-15T10:36:43Z" user="Yod4z" uid="318821" lat="44.7270965" lon="2.6724965"/>
 <node id="1228578901" visible="true" version="1" changeset="7739770" timestamp="2011-04-01T23:05:46Z" user="FrViPofm" uid="107257" lat="44.7302671" lon="2.6807815"/>
 <node id="1228578909" visible="true" version="2" changeset="31167755" timestamp="2015-05-15T10:18:41Z" user="Yod4z" uid="318821" lat="44.7321364" lon="2.6820418"/>
 <node id="1228578912" visible="true" version="1" changeset="7739770" timestamp="2011-04-01T23:05:47Z" user="FrViPofm" uid="107257" lat="44.7271372" lon="2.6734392"/>
 <node id="1228578917" visible="true" version="2" changeset="31167755" timestamp="2015-05-15T10:18:41Z" user="Yod4z" uid="318821" lat="44.7300823" lon="2.6812854"/>
 <node id="1228578924" visible="true" version="2" changeset="31167755" timestamp="2015-05-15T10:18:41Z" user="Yod4z" uid="318821" lat="44.7318983" lon="2.6818379"/>
 <node id="1268205526" visible="true" version="5" changeset="135719098" timestamp="2023-05-04T22:30:42Z" user="InfosReseaux" uid="93222" lat="44.1480594" lon="2.8333866">
  <tag k="design:ref" v="B1"/>
  <tag k="line_attachment" v="suspension"/>
  <tag k="operator" v="RTE"/>
  <tag k="operator:wikidata" v="Q2178795"/>
  <tag k="power" v="tower"/>
  <tag k="source" v="Bing"/>
 </node>
 <node id="1268205538" visible="true" version="5" changeset="135719098" timestamp="2023-05-04T22:30:42Z" user="InfosReseaux" uid="93222" lat="44.1514533" lon="2.8336484">
  <tag k="design:ref" v="B1"/>
  <tag k="line_attachment" v="anchor"/>
  <tag k="operator" v="RTE"/>
  <tag k="operator:wikidata" v="Q2178795"/>
  <tag k="power" v="tower"/>
  <tag k="source" v="Bing"/>
 </node>
 <node id="1268205543" visible="true" version="5" changeset="135719098" timestamp="2023-05-04T22:30:42Z" user="InfosReseaux" uid="93222" lat="44.1335267" lon="2.8322381">
  <tag k="design:ref" v="B1"/>
  <tag k="line_attachment" v="suspension"/>
  <tag k="operator" v="RTE"/>
  <tag k="operator:wikidata" v="Q2178795"/>
  <tag k="power" v="tower"/>
 </node>
 <node id="1268205555" visible="true" version="5" changeset="135719098" timestamp="2023-05-04T22:30:42Z" user="InfosReseaux" uid="93222" lat="44.1546024" lon="2.8328996">
  <tag k="design:ref" v="B1"/>
  <tag k="line_attachment" v="suspension"/>
  <tag k="operator" v="RTE"/>
  <tag k="operator:wikidata" v="Q2178795"/>
  <tag k="power" v="tower"/>
 </node>
 <node id="1268205572" visible="true" version="5" changeset="135719098" timestamp="2023-05-04T22:30:42Z" user="InfosReseaux" uid="93222" lat="44.1619463" lon="2.8310413">
  <tag k="design:ref" v="B1"/>
  <tag k="line_attachment" v="suspension"/>
  <tag k="operator" v="RTE"/>
  <tag k="operator:wikidata" v="Q2178795"/>
  <tag k="power" v="tower"/>
 </node>
 <node id="1268205581" visible="true" version="5" changeset="135719098" timestamp="2023-05-04T22:30:42Z" user="InfosReseaux" uid="93222" lat="44.1287080" lon="2.8318511">
  <tag k="design:ref" v="B1"/>
  <tag k="line_attachment" v="suspension"/>
  <tag k="operator" v="RTE"/>
  <tag k="operator:wikidata" v="Q2178795"/>
  <tag k="power" v="tower"/>
  <tag k="source" v="Bing"/>
 </node>
 <node id="1268205592" visible="true" version="5" changeset="135719098" timestamp="2023-05-04T22:30:42Z" user="InfosReseaux" uid="93222" lat="44.1155219" lon="2.8308743">
  <tag k="design:ref" v="B1"/>
  <tag k="line_attachment" v="suspension"/>
  <tag k="operator" v="RTE"/>
  <tag k="operator:wikidata" v="Q2178795"/>
  <tag k="power" v="tower"/>
  <tag k="source" v="Bing"/>
 </node>
 <node id="1268205609" visible="true" version="5" changeset="135719098" timestamp="2023-05-04T22:30:42Z" user="InfosReseaux" uid="93222" lat="44.1417718" lon="2.8329109">
  <tag k="design:ref" v="B1"/>
  <tag k="line_attachment" v="suspension"/>
  <tag k="operator" v="RTE"/>
  <tag k="operator:wikidata" v="Q2178795"/>
  <tag k="power" v="tower"/>
  <tag k="source" v="Bing"/>
 </node>
 <node id="1268205620" visible="true" version="5" changeset="135719098" timestamp="2023-05-04T22:30:42Z" user="InfosReseaux" uid="93222" lat="44.1580936" lon="2.8319797">
  <tag k="design:ref" v="B1"/>
  <tag k="line_attachment" v="suspension"/>
  <tag k="operator" v="RTE"/>
  <tag k="operator:wikidata" v="Q2178795"/>
  <tag k="power" v="tower"/>
 </node>
 <node id="1268205660" visible="true" version="5" changeset="135719098" timestamp="2023-05-04T22:30:42Z" user="InfosReseaux" uid="93222" lat="44.1462097" lon="2.8332538">
  <tag k="design:ref" v="B1"/>
  <tag k="line_attachment" v="suspension"/>
  <tag k="operator" v="RTE"/>
  <tag k="operator:wikidata" v="Q2178795"/>
  <tag k="power" v="tower"/>
  <tag k="source" v="Bing"/>
 </node>
 <node id="1268205664" visible="true" version="6" changeset="135719098" timestamp="2023-05-04T22:30:42Z" user="InfosReseaux" uid="93222" lat="44.1253482" lon="2.8316360">
  <tag k="design:ref" v="B1"/>
  <tag k="line_attachment" v="suspension"/>
  <tag k="operator" v="RTE"/>
  <tag k="operator:wikidata" v="Q2178795"/>
  <tag k="power" v="tower"/>
  <tag k="source" v="Bing"/>
 </node>
 <node id="1268205668" visible="true" version="5" changeset="135719098" timestamp="2023-05-04T22:30:42Z" user="InfosReseaux" uid="93222" lat="44.0958176" lon="2.8293358">
  <tag k="design:ref" v="B1"/>
  <tag k="line_attachment" v="suspension"/>
  <tag k="operator" v="RTE"/>
  <tag k="operator:wikidata" v="Q2178795"/>
  <tag k="power" v="tower"/>
 </node>
 <node id="1268205703" visible="true" version="5" changeset="135719098" timestamp="2023-05-04T22:30:42Z" user="InfosReseaux" uid="93222" lat="44.1080318" lon="2.8303196">
  <tag k="design:ref" v="B1"/>
  <tag k="line_attachment" v="suspension"/>
  <tag k="operator" v="RTE"/>
  <tag k="operator:wikidata" v="Q2178795"/>
  <tag k="power" v="tower"/>
 </node>
 <node id="1268205705" visible="true" version="5" changeset="135719098" timestamp="2023-05-04T22:30:42Z" user="InfosReseaux" uid="93222" lat="44.1120924" lon="2.8306004">
  <tag k="design:ref" v="B1"/>
  <tag k="line_attachment" v="suspension"/>
  <tag k="operator" v="RTE"/>
  <tag k="operator:wikidata" v="Q2178795"/>
  <tag k="power" v="tower"/>
 </node>
 <node id="1268205713" visible="true" version="5" changeset="135719098" timestamp="2023-05-04T22:30:42Z" user="InfosReseaux" uid="93222" lat="44.1226713" lon="2.8314548">
  <tag k="design:ref" v="B1"/>
  <tag k="line_attachment" v="suspension"/>
  <tag k="operator" v="RTE"/>
  <tag k="operator:wikidata" v="Q2178795"/>
  <tag k="power" v="tower"/>
 </node>
 <node id="1268205719" visible="true" version="5" changeset="135719098" timestamp="2023-05-04T22:30:42Z" user="InfosReseaux" uid="93222" lat="44.1031415" lon="2.8299243">
  <tag k="design:ref" v="B1"/>
  <tag k="line_attachment" v="suspension"/>
  <tag k="operator" v="RTE"/>
  <tag k="operator:wikidata" v="Q2178795"/>
  <tag k="power" v="tower"/>
  <tag k="source" v="Bing"/>
 </node>
 <node id="1268205727" visible="true" version="5" changeset="135719098" timestamp="2023-05-04T22:30:42Z" user="InfosReseaux" uid="93222" lat="44.1367224" lon="2.8324899">
  <tag k="design:ref" v="B1"/>
  <tag k="line_attachment" v="suspension"/>
  <tag k="operator" v="RTE"/>
  <tag k="operator:wikidata" v="Q2178795"/>
  <tag k="power" v="tower"/>
  <tag k="source" v="Bing"/>
 </node>
 <node id="1268205751" visible="true" version="5" changeset="135719098" timestamp="2023-05-04T22:30:42Z" user="InfosReseaux" uid="93222" lat="44.1644431" lon="2.8304501">
  <tag k="design:ref" v="B1"/>
  <tag k="line_attachment" v="suspension"/>
  <tag k="operator" v="RTE"/>
  <tag k="operator:wikidata" v="Q2178795"/>
  <tag k="power" v="tower"/>
  <tag k="source" v="Bing"/>
 </node>
 <node id="1268205754" visible="true" version="5" changeset="135719098" timestamp="2023-05-04T22:30:42Z" user="InfosReseaux" uid="93222" lat="44.1198739" lon="2.8312112">
  <tag k="design:ref" v="B1"/>
  <tag k="line_attachment" v="suspension"/>
  <tag k="operator" v="RTE"/>
  <tag k="operator:wikidata" v="Q2178795"/>
  <tag k="power" v="tower"/>
  <tag k="source" v="Bing"/>
 </node>
 <node id="1271048346" visible="true" version="6" changeset="135719098" timestamp="2023-05-04T22:30:42Z" user="InfosReseaux" uid="93222" lat="44.2755699" lon="2.8025451">
  <tag k="design:ref" v="B1"/>
  <tag k="line_attachment" v="suspension"/>
  <tag k="operator" v="RTE"/>
  <tag k="operator:wikidata" v="Q2178795"/>
  <tag k="power" v="tower"/>
  <tag k="source" v="Bing"/>
 </node>
 <node id="1271048348" visible="true" version="6" changeset="135719098" timestamp="2023-05-04T22:30:42Z" user="InfosReseaux" uid="93222" lat="44.1828768" lon="2.8257924">
  <tag k="design:ref" v="B1"/>
  <tag k="line_attachment" v="suspension"/>
  <tag k="operator" v="RTE"/>
  <tag k="operator:wikidata" v="Q2178795"/>
  <tag k="power" v="tower"/>
  <tag k="source" v="Bing"/>
 </node>
 <node id="1271048349" visible="true" version="5" changeset="135719098" timestamp="2023-05-04T22:30:42Z" user="InfosReseaux" uid="93222" lat="44.2152086" lon="2.8177290">
  <tag k="design:ref" v="B1"/>
  <tag k="line_attachment" v="suspension"/>
  <tag k="operator" v="RTE"/>
  <tag k="operator:wikidata" v="Q2178795"/>
  <tag k="power" v="tower"/>
  <tag k="source" v="Bing"/>
 </node>
 <node id="1271048354" visible="true" version="5" changeset="135719098" timestamp="2023-05-04T22:30:42Z" user="InfosReseaux" uid="93222" lat="44.2492712" lon="2.8092048">
  <tag k="design:ref" v="B1"/>
  <tag k="line_attachment" v="suspension"/>
  <tag k="operator" v="RTE"/>
  <tag k="operator:wikidata" v="Q2178795"/>
  <tag k="power" v="tower"/>
  <tag k="source" v="Bing"/>
 </node>
 <node id="1271048366" visible="true" version="5" changeset="135719098" timestamp="2023-05-04T22:30:42Z" user="InfosReseaux" uid="93222" lat="44.2321434" lon="2.8134870">
  <tag k="design:ref" v="B1"/>
  <tag k="line_attachment" v="suspension"/>
  <tag k="operator" v="RTE"/>
  <tag k="operator:wikidata" v="Q2178795"/>
  <tag k="power" v="tower"/>
  <tag k="source" v="Bing"/>
 </node>
 <node id="1271048367" visible="true" version="5" changeset="135719098" timestamp="2023-05-04T22:30:42Z" user="InfosReseaux" uid="93222" lat="44.1900010" lon="2.8240257">
  <tag k="design:ref" v="B1"/>
  <tag k="line_attachment" v="suspension"/>
  <tag k="operator" v="RTE"/>
  <tag k="operator:wikidata" v="Q2178795"/>
  <tag k="power" v="tower"/>
  <tag k="source" v="Bing"/>
 </node>
 <node id="1271048368" visible="true" version="5" changeset="135719098" timestamp="2023-05-04T22:30:42Z" user="InfosReseaux" uid="93222" lat="44.2721397" lon="2.8034085">
  <tag k="design:ref" v="B1"/>
  <tag k="line_attachment" v="suspension"/>
  <tag k="operator" v="RTE"/>
  <tag k="operator:wikidata" v="Q2178795"/>
  <tag k="power" v="tower"/>
  <tag k="source" v="Bing"/>
 </node>
 <node id="1271048370" visible="true" version="5" changeset="135719098" timestamp="2023-05-04T22:30:42Z" user="InfosReseaux" uid="93222" lat="44.1719189" lon="2.8285247">
  <tag k="design:ref" v="B1"/>
  <tag k="line_attachment" v="suspension"/>
  <tag k="operator" v="RTE"/>
  <tag k="operator:wikidata" v="Q2178795"/>
  <tag k="power" v="tower"/>
  <tag k="source" v="Bing"/>
 </node>
 <node id="1271048373" visible="true" version="5" changeset="135719098" timestamp="2023-05-04T22:30:42Z" user="InfosReseaux" uid="93222" lat="44.2595191" lon="2.8065773">
  <tag k="design:ref" v="B1"/>
  <tag k="line_attachment" v="suspension"/>
  <tag k="operator" v="RTE"/>
  <tag k="operator:wikidata" v="Q2178795"/>
  <tag k="power" v="tower"/>
  <tag k="source" v="Bing"/>
 </node>
 <node id="1271048376" visible="true" version="5" changeset="135719098" timestamp="2023-05-04T22:30:42Z" user="InfosReseaux" uid="93222" lat="44.1974906" lon="2.8221196">
  <tag k="design:ref" v="B1"/>
  <tag k="line_attachment" v="suspension"/>
  <tag k="operator" v="RTE"/>
  <tag k="operator:wikidata" v="Q2178795"/>
  <tag k="power" v="tower"/>
  <tag k="source" v="Bing"/>
 </node>
 <node id="1271048378" visible="true" version="5" changeset="135719098" timestamp="2023-05-04T22:30:42Z" user="InfosReseaux" uid="93222" lat="44.2010951" lon="2.8212519">
  <tag k="design:ref" v="B1"/>
  <tag k="line_attachment" v="suspension"/>
  <tag k="operator" v="RTE"/>
  <tag k="operator:wikidata" v="Q2178795"/>
  <tag k="power" v="tower"/>
  <tag k="source" v="Bing"/>
 </node>
 <node id="1271048386" visible="true" version="5" changeset="135719098" timestamp="2023-05-04T22:30:42Z" user="InfosReseaux" uid="93222" lat="44.2445847" lon="2.8103791">
  <tag k="design:ref" v="B1"/>
  <tag k="line_attachment" v="suspension"/>
  <tag k="operator" v="RTE"/>
  <tag k="operator:wikidata" v="Q2178795"/>
  <tag k="power" v="tower"/>
  <tag k="source" v="Bing"/>
 </node>
 <node id="1271048394" visible="true" version="5" changeset="135719098" timestamp="2023-05-04T22:30:42Z" user="InfosReseaux" uid="93222" lat="44.2828887" lon="2.8007295">
  <tag k="design:ref" v="B1"/>
  <tag k="line_attachment" v="suspension"/>
  <tag k="operator" v="RTE"/>
  <tag k="operator:wikidata" v="Q2178795"/>
  <tag k="power" v="tower"/>
  <tag k="source" v="Bing"/>
 </node>
 <node id="1271048395" visible="true" version="5" changeset="135719098" timestamp="2023-05-04T22:30:42Z" user="InfosReseaux" uid="93222" lat="44.1871116" lon="2.8247364">
  <tag k="design:ref" v="B1"/>
  <tag k="line_attachment" v="suspension"/>
  <tag k="operator" v="RTE"/>
  <tag k="operator:wikidata" v="Q2178795"/>
  <tag k="power" v="tower"/>
  <tag k="source" v="Bing"/>
 </node>
 <node id="1271048396" visible="true" version="5" changeset="135719098" timestamp="2023-05-04T22:30:42Z" user="InfosReseaux" uid="93222" lat="44.2187917" lon="2.8168378">
  <tag k="design:ref" v="B1"/>
  <tag k="line_attachment" v="suspension"/>
  <tag k="operator" v="RTE"/>
  <tag k="operator:wikidata" v="Q2178795"/>
  <tag k="power" v="tower"/>
  <tag k="source" v="Bing"/>
 </node>
 <node id="1271048405" visible="true" version="5" changeset="135719098" timestamp="2023-05-04T22:30:42Z" user="InfosReseaux" uid="93222" lat="44.2519691" lon="2.8084925">
  <tag k="design:ref" v="B1"/>
  <tag k="line_attachment" v="suspension"/>
  <tag k="operator" v="RTE"/>
  <tag k="operator:wikidata" v="Q2178795"/>
  <tag k="power" v="tower"/>
  <tag k="source" v="Bing"/>
 </node>
 <node id="1271048410" visible="true" version="5" changeset="135719098" timestamp="2023-05-04T22:30:42Z" user="InfosReseaux" uid="93222" lat="44.1680568" lon="2.8294637">
  <tag k="design:ref" v="B1"/>
  <tag k="line_attachment" v="suspension"/>
  <tag k="operator" v="RTE"/>
  <tag k="operator:wikidata" v="Q2178795"/>
  <tag k="power" v="tower"/>
  <tag k="source" v="Bing"/>
 </node>
 <node id="1271048412" visible="true" version="5" changeset="135719098" timestamp="2023-05-04T22:30:42Z" user="InfosReseaux" uid="93222" lat="44.2381695" lon="2.8119893">
  <tag k="design:ref" v="B1"/>
  <tag k="line_attachment" v="suspension"/>
  <tag k="operator" v="RTE"/>
  <tag k="operator:wikidata" v="Q2178795"/>
  <tag k="power" v="tower"/>
  <tag k="source" v="Bing"/>
 </node>
 <node id="1271048414" visible="true" version="5" changeset="135719098" timestamp="2023-05-04T22:30:42Z" user="InfosReseaux" uid="93222" lat="44.1936583" lon="2.8230825">
  <tag k="design:ref" v="B1"/>
  <tag k="line_attachment" v="suspension"/>
  <tag k="operator" v="RTE"/>
  <tag k="operator:wikidata" v="Q2178795"/>
  <tag k="power" v="tower"/>
  <tag k="source" v="Bing"/>
 </node>
 <node id="1273579389" visible="true" version="5" changeset="135719098" timestamp="2023-05-04T22:30:42Z" user="InfosReseaux" uid="93222" lat="44.2921889" lon="2.7981974">
  <tag k="design:ref" v="B1"/>
  <tag k="line_attachment" v="suspension"/>
  <tag k="operator" v="RTE"/>
  <tag k="operator:wikidata" v="Q2178795"/>
  <tag k="power" v="tower"/>
  <tag k="source" v="Bing"/>
 </node>
 <node id="1273579390" visible="true" version="5" changeset="135719098" timestamp="2023-05-04T22:30:42Z" user="InfosReseaux" uid="93222" lat="44.3970969" lon="2.7387677">
  <tag k="design:ref" v="B1"/>
  <tag k="line_attachment" v="suspension"/>
  <tag k="operator" v="RTE"/>
  <tag k="operator:wikidata" v="Q2178795"/>
  <tag k="power" v="tower"/>
  <tag k="source" v="Bing"/>
 </node>
 <node id="1273579395" visible="true" version="6" changeset="135719098" timestamp="2023-05-04T22:30:42Z" user="InfosReseaux" uid="93222" lat="44.3064890" lon="2.7931843">
  <tag k="design:ref" v="B1"/>
  <tag k="line_attachment" v="suspension"/>
  <tag k="operator" v="RTE"/>
  <tag k="operator:wikidata" v="Q2178795"/>
  <tag k="power" v="tower"/>
  <tag k="source" v="Bing"/>
 </node>
 <node id="1273579397" visible="true" version="5" changeset="135719098" timestamp="2023-05-04T22:30:42Z" user="InfosReseaux" uid="93222" lat="44.2810957" lon="2.8011781">
  <tag k="design:ref" v="B1"/>
  <tag k="line_attachment" v="suspension"/>
  <tag k="operator" v="RTE"/>
  <tag k="operator:wikidata" v="Q2178795"/>
  <tag k="power" v="tower"/>
  <tag k="source" v="Bing"/>
 </node>
 <node id="1273579399" visible="true" version="5" changeset="135719098" timestamp="2023-05-04T22:30:42Z" user="InfosReseaux" uid="93222" lat="44.3775585" lon="2.7505204">
  <tag k="design:ref" v="B1"/>
  <tag k="line_attachment" v="suspension"/>
  <tag k="operator" v="RTE"/>
  <tag k="operator:wikidata" v="Q2178795"/>
  <tag k="power" v="tower"/>
  <tag k="source" v="Bing"/>
 </node>
 <node id="1273579401" visible="true" version="5" changeset="135719098" timestamp="2023-05-04T22:30:42Z" user="InfosReseaux" uid="93222" lat="44.3143227" lon="2.7884902">
  <tag k="design:ref" v="B1"/>
  <tag k="line_attachment" v="suspension"/>
  <tag k="operator" v="RTE"/>
  <tag k="operator:wikidata" v="Q2178795"/>
  <tag k="power" v="tower"/>
  <tag k="source" v="Bing"/>
 </node>
 <node id="1273579405" visible="true" version="5" changeset="135719098" timestamp="2023-05-04T22:30:42Z" user="InfosReseaux" uid="93222" lat="44.3738146" lon="2.7527235">
  <tag k="design:ref" v="B1"/>
  <tag k="line_attachment" v="suspension"/>
  <tag k="operator" v="RTE"/>
  <tag k="operator:wikidata" v="Q2178795"/>
  <tag k="power" v="tower"/>
  <tag k="source" v="Bing"/>
 </node>
 <node id="1273579406" visible="true" version="5" changeset="135719098" timestamp="2023-05-04T22:30:42Z" user="InfosReseaux" uid="93222" lat="44.3506083" lon="2.7667036">
  <tag k="design:ref" v="B1"/>
  <tag k="line_attachment" v="suspension"/>
  <tag k="operator" v="RTE"/>
  <tag k="operator:wikidata" v="Q2178795"/>
  <tag k="power" v="tower"/>
  <tag k="source" v="Bing"/>
 </node>
 <node id="1273579408" visible="true" version="5" changeset="135719098" timestamp="2023-05-04T22:30:42Z" user="InfosReseaux" uid="93222" lat="44.3124745" lon="2.7895840">
  <tag k="design:ref" v="B1"/>
  <tag k="line_attachment" v="suspension"/>
  <tag k="operator" v="RTE"/>
  <tag k="operator:wikidata" v="Q2178795"/>
  <tag k="power" v="tower"/>
  <tag k="source" v="Bing"/>
 </node>
 <node id="1273579414" visible="true" version="5" changeset="135719098" timestamp="2023-05-04T22:30:42Z" user="InfosReseaux" uid="93222" lat="44.3473734" lon="2.7686562">
  <tag k="design:ref" v="B1"/>
  <tag k="line_attachment" v="suspension"/>
  <tag k="operator" v="RTE"/>
  <tag k="operator:wikidata" v="Q2178795"/>
  <tag k="power" v="tower"/>
  <tag k="source" v="Bing"/>
 </node>
 <node id="1273579416" visible="true" version="5" changeset="135719098" timestamp="2023-05-04T22:30:42Z" user="InfosReseaux" uid="93222" lat="44.2890388" lon="2.7992030">
  <tag k="design:ref" v="B1"/>
  <tag k="line_attachment" v="suspension"/>
  <tag k="operator" v="RTE"/>
  <tag k="operator:wikidata" v="Q2178795"/>
  <tag k="power" v="tower"/>
  <tag k="source" v="Bing"/>
 </node>
 <node id="1273579419" visible="true" version="5" changeset="135719098" timestamp="2023-05-04T22:30:42Z" user="InfosReseaux" uid="93222" lat="44.3942708" lon="2.7404556">
  <tag k="design:ref" v="B1"/>
  <tag k="line_attachment" v="anchor"/>
  <tag k="operator" v="RTE"/>
  <tag k="operator:wikidata" v="Q2178795"/>
  <tag k="power" v="tower"/>
  <tag k="source" v="Bing"/>
 </node>
 <node id="1273579423" visible="true" version="5" changeset="135719098" timestamp="2023-05-04T22:30:42Z" user="InfosReseaux" uid="93222" lat="44.3298358" lon="2.7791764">
  <tag k="design:ref" v="B1"/>
  <tag k="line_attachment" v="suspension"/>
  <tag k="operator" v="RTE"/>
  <tag k="operator:wikidata" v="Q2178795"/>
  <tag k="power" v="tower"/>
  <tag k="source" v="Bing"/>
 </node>
 <node id="1273579425" visible="true" version="6" changeset="135719098" timestamp="2023-05-04T22:30:42Z" user="InfosReseaux" uid="93222" lat="44.3033605" lon="2.7945568">
  <tag k="design:ref" v="B1"/>
  <tag k="line_attachment" v="suspension"/>
  <tag k="operator" v="RTE"/>
  <tag k="operator:wikidata" v="Q2178795"/>
  <tag k="power" v="tower"/>
  <tag k="source" v="Bing"/>
 </node>
 <node id="1273579427" visible="true" version="5" changeset="135719098" timestamp="2023-05-04T22:30:42Z" user="InfosReseaux" uid="93222" lat="44.3891774" lon="2.7435451">
  <tag k="design:ref" v="B1"/>
  <tag k="line_attachment" v="suspension"/>
  <tag k="operator" v="RTE"/>
  <tag k="operator:wikidata" v="Q2178795"/>
  <tag k="power" v="tower"/>
  <tag k="source" v="Bing"/>
 </node>
 <node id="1273579429" visible="true" version="5" changeset="135719098" timestamp="2023-05-04T22:30:42Z" user="InfosReseaux" uid="93222" lat="44.3250951" lon="2.7820094">
  <tag k="design:ref" v="B1"/>
  <tag k="line_attachment" v="suspension"/>
  <tag k="operator" v="RTE"/>
  <tag k="operator:wikidata" v="Q2178795"/>
  <tag k="power" v="tower"/>
  <tag k="source" v="Bing"/>
 </node>
 <node id="1273579437" visible="true" version="7" changeset="135719098" timestamp="2023-05-04T22:30:42Z" user="InfosReseaux" uid="93222" lat="44.3660973" lon="2.7573883">
  <tag k="design:ref" v="B1"/>
  <tag k="line_attachment" v="suspension"/>
  <tag k="operator" v="RTE"/>
  <tag k="operator:wikidata" v="Q2178795"/>
  <tag k="power" v="tower"/>
  <tag k="source" v="Bing"/>
 </node>
 <node id="1273579438" visible="true" version="5" changeset="135719098" timestamp="2023-05-04T22:30:42Z" user="InfosReseaux" uid="93222" lat="44.3630519" lon="2.7592343">
  <tag k="design:ref" v="B1"/>
  <tag k="line_attachment" v="suspension"/>
  <tag k="operator" v="RTE"/>
  <tag k="operator:wikidata" v="Q2178795"/>
  <tag k="power" v="tower"/>
  <tag k="source" v="Bing"/>
 </node>
 <node id="1273579455" visible="true" version="5" changeset="135719098" timestamp="2023-05-04T22:30:42Z" user="InfosReseaux" uid="93222" lat="44.3426324" lon="2.7714774">
  <tag k="design:ref" v="B1"/>
  <tag k="line_attachment" v="suspension"/>
  <tag k="operator" v="RTE"/>
  <tag k="operator:wikidata" v="Q2178795"/>
  <tag k="power" v="tower"/>
  <tag k="source" v="Bing"/>
 </node>
 <node id="1273579460" visible="true" version="6" changeset="135719098" timestamp="2023-05-04T22:30:42Z" user="InfosReseaux" uid="93222" lat="44.3052208" lon="2.7939490">
  <tag k="design:ref" v="B1"/>
  <tag k="line_attachment" v="suspension"/>
  <tag k="operator" v="RTE"/>
  <tag k="operator:wikidata" v="Q2178795"/>
  <tag k="power" v="tower"/>
  <tag k="source" v="Bing"/>
 </node>
 <node id="1273579468" visible="true" version="5" changeset="135719098" timestamp="2023-05-04T22:30:42Z" user="InfosReseaux" uid="93222" lat="44.3395858" lon="2.7733121">
  <tag k="design:ref" v="B1"/>
  <tag k="line_attachment" v="suspension"/>
  <tag k="operator" v="RTE"/>
  <tag k="operator:wikidata" v="Q2178795"/>
  <tag k="power" v="tower"/>
  <tag k="source" v="Bing"/>
 </node>
 <node id="1273579478" visible="true" version="5" changeset="135719098" timestamp="2023-05-04T22:30:42Z" user="InfosReseaux" uid="93222" lat="44.3858149" lon="2.7455875">
  <tag k="design:ref" v="B1"/>
  <tag k="line_attachment" v="suspension"/>
  <tag k="operator" v="RTE"/>
  <tag k="operator:wikidata" v="Q2178795"/>
  <tag k="power" v="tower"/>
  <tag k="source" v="Bing"/>
 </node>
 <node id="1273579479" visible="true" version="5" changeset="135719098" timestamp="2023-05-04T22:30:42Z" user="InfosReseaux" uid="93222" lat="44.3712041" lon="2.7542997">
  <tag k="design:ref" v="B1"/>
  <tag k="line_attachment" v="suspension"/>
  <tag k="operator" v="RTE"/>
  <tag k="operator:wikidata" v="Q2178795"/>
  <tag k="power" v="tower"/>
  <tag k="source" v="Bing"/>
 </node>
 <node id="1273579482" visible="true" version="5" changeset="135719098" timestamp="2023-05-04T22:30:42Z" user="InfosReseaux" uid="93222" lat="44.3203919" lon="2.7848349">
  <tag k="design:ref" v="B1"/>
  <tag k="line_attachment" v="suspension"/>
  <tag k="operator" v="RTE"/>
  <tag k="operator:wikidata" v="Q2178795"/>
  <tag k="power" v="tower"/>
  <tag k="source" v="Bing"/>
 </node>
 <node id="1273579493" visible="true" version="5" changeset="135719098" timestamp="2023-05-04T22:30:42Z" user="InfosReseaux" uid="93222" lat="44.3810002" lon="2.7484791">
  <tag k="design:ref" v="B1"/>
  <tag k="line_attachment" v="suspension"/>
  <tag k="operator" v="RTE"/>
  <tag k="operator:wikidata" v="Q2178795"/>
  <tag k="power" v="tower"/>
  <tag k="source" v="Bing"/>
 </node>
 <node id="1273579496" visible="true" version="5" changeset="135719098" timestamp="2023-05-04T22:30:42Z" user="InfosReseaux" uid="93222" lat="44.3593234" lon="2.7614551">
  <tag k="design:ref" v="B1"/>
  <tag k="line_attachment" v="suspension"/>
  <tag k="operator" v="RTE"/>
  <tag k="operator:wikidata" v="Q2178795"/>
  <tag k="power" v="tower"/>
  <tag k="source" v="Bing"/>
 </node>
 <node id="1273579499" visible="true" version="7" changeset="145900962" timestamp="2024-01-04T23:30:53Z" user="Ptigrouick" uid="195175" lat="44.3371144" lon="2.7748020">
  <tag k="design:ref" v="B1"/>
  <tag k="height" v="39"/>
  <tag k="line_attachment" v="anchor"/>
  <tag k="operator" v="RTE"/>
  <tag k="operator:wikidata" v="Q2178795"/>
  <tag k="power" v="tower"/>
  <tag k="ref" v="233"/>
  <tag k="source" v="data.gouv.fr:RTE - 2023-12"/>
 </node>
 <node id="1273579501" visible="true" version="5" changeset="135719098" timestamp="2023-05-04T22:30:42Z" user="InfosReseaux" uid="93222" lat="44.3177106" lon="2.7864601">
  <tag k="design:ref" v="B1"/>
  <tag k="line_attachment" v="suspension"/>
  <tag k="operator" v="RTE"/>
  <tag k="operator:wikidata" v="Q2178795"/>
  <tag k="power" v="tower"/>
  <tag k="source" v="Bing"/>
 </node>
 <node id="1273579508" visible="true" version="5" changeset="135719098" timestamp="2023-05-04T22:30:42Z" user="InfosReseaux" uid="93222" lat="44.3560696" lon="2.7633955">
  <tag k="design:ref" v="B1"/>
  <tag k="line_attachment" v="suspension"/>
  <tag k="operator" v="RTE"/>
  <tag k="operator:wikidata" v="Q2178795"/>
  <tag k="power" v="tower"/>
  <tag k="source" v="Bing"/>
 </node>
 <node id="1273579511" visible="true" version="5" changeset="135719098" timestamp="2023-05-04T22:30:42Z" user="InfosReseaux" uid="93222" lat="44.3332300" lon="2.7771319">
  <tag k="design:ref" v="B1"/>
  <tag k="line_attachment" v="suspension"/>
  <tag k="operator" v="RTE"/>
  <tag k="operator:wikidata" v="Q2178795"/>
  <tag k="power" v="tower"/>
  <tag k="source" v="Bing"/>
 </node>
 <node id="1273579513" visible="true" version="5" changeset="135719098" timestamp="2023-05-04T22:30:42Z" user="InfosReseaux" uid="93222" lat="44.2982795" lon="2.7962002">
  <tag k="design:ref" v="B1"/>
  <tag k="line_attachment" v="suspension"/>
  <tag k="operator" v="RTE"/>
  <tag k="operator:wikidata" v="Q2178795"/>
  <tag k="power" v="tower"/>
  <tag k="source" v="Bing"/>
 </node>
 <node id="1273659266" visible="true" version="5" changeset="135719098" timestamp="2023-05-04T22:30:42Z" user="InfosReseaux" uid="93222" lat="44.6394568" lon="2.7135212">
  <tag k="design:ref" v="B1"/>
  <tag k="line_attachment" v="suspension"/>
  <tag k="operator" v="RTE"/>
  <tag k="operator:wikidata" v="Q2178795"/>
  <tag k="power" v="tower"/>
  <tag k="source" v="Bing"/>
 </node>
 <node id="1273659268" visible="true" version="5" changeset="135719098" timestamp="2023-05-04T22:30:42Z" user="InfosReseaux" uid="93222" lat="44.6172522" lon="2.7069026">
  <tag k="design:ref" v="B1"/>
  <tag k="line_attachment" v="suspension"/>
  <tag k="operator" v="RTE"/>
  <tag k="operator:wikidata" v="Q2178795"/>
  <tag k="power" v="tower"/>
  <tag k="source" v="Bing"/>
 </node>
 <node id="1273659269" visible="true" version="9" changeset="160725833" timestamp="2024-12-28T18:38:57Z" user="InfosReseaux" uid="93222" lat="44.7811820" lon="2.6908369">
  <tag k="line_attachment" v="anchor"/>
  <tag k="line_management" v="termination"/>
  <tag k="operator" v="RTE"/>
  <tag k="operator:wikidata" v="Q2178795"/>
  <tag k="power" v="insulator"/>
 </node>
 <node id="1273659272" visible="true" version="5" changeset="135719098" timestamp="2023-05-04T22:30:42Z" user="InfosReseaux" uid="93222" lat="44.7109903" lon="2.7006984">
  <tag k="design:ref" v="B1"/>
  <tag k="line_attachment" v="suspension"/>
  <tag k="operator" v="RTE"/>
  <tag k="operator:wikidata" v="Q2178795"/>
  <tag k="power" v="tower"/>
  <tag k="source" v="Bing"/>
 </node>
 <node id="1273659275" visible="true" version="5" changeset="135719098" timestamp="2023-05-04T22:30:42Z" user="InfosReseaux" uid="93222" lat="44.6478484" lon="2.7122047">
  <tag k="design:ref" v="B1"/>
  <tag k="line_attachment" v="suspension"/>
  <tag k="operator" v="RTE"/>
  <tag k="operator:wikidata" v="Q2178795"/>
  <tag k="power" v="tower"/>
  <tag k="source" v="Bing"/>
 </node>
 <node id="1273659285" visible="true" version="7" changeset="138082845" timestamp="2023-07-03T22:52:47Z" user="InfosReseaux" uid="93222" lat="44.7782488" lon="2.6907130">
  <tag k="operator" v="RTE"/>
  <tag k="operator:wikidata" v="Q2178795"/>
  <tag k="power" v="tower"/>
  <tag k="source" v="Bing"/>
 </node>
 <node id="1273659290" visible="true" version="5" changeset="138082845" timestamp="2023-07-03T22:52:47Z" user="InfosReseaux" uid="93222" lat="44.6181927" lon="2.7066402">
  <tag k="operator" v="RTE"/>
  <tag k="operator:wikidata" v="Q2178795"/>
  <tag k="power" v="tower"/>
  <tag k="source" v="Bing"/>
 </node>
 <node id="1273659296" visible="true" version="5" changeset="138082845" timestamp="2023-07-03T22:52:47Z" user="InfosReseaux" uid="93222" lat="44.7786496" lon="2.6892948">
  <tag k="operator" v="RTE"/>
  <tag k="operator:wikidata" v="Q2178795"/>
  <tag k="power" v="insulator"/>
 </node>
 <node id="1273659304" visible="true" version="7" changeset="145901245" timestamp="2024-01-04T23:50:29Z" user="Ptigrouick" uid="195175" lat="44.6754735" lon="2.7071439">
  <tag k="design:ref" v="B1"/>
  <tag k="height" v="38"/>
  <tag k="line_attachment" v="anchor"/>
  <tag k="operator" v="RTE"/>
  <tag k="operator:wikidata" v="Q2178795"/>
  <tag k="power" v="tower"/>
  <tag k="ref" v="306"/>
  <tag k="source" v="data.gouv.fr:RTE - 2023-12"/>
 </node>
 <node id="1273659350" visible="true" version="5" changeset="138082845" timestamp="2023-07-03T22:52:47Z" user="InfosReseaux" uid="93222" lat="44.6985426" lon="2.7022487">
  <tag k="operator" v="RTE"/>
  <tag k="operator:wikidata" v="Q2178795"/>
  <tag k="power" v="tower"/>
  <tag k="source" v="Bing"/>
 </node>
 <node id="1273659353" visible="true" version="5" changeset="135719098" timestamp="2023-05-04T22:30:42Z" user="InfosReseaux" uid="93222" lat="44.6702006" lon="2.7081387">
  <tag k="design:ref" v="B1"/>
  <tag k="line_attachment" v="suspension"/>
  <tag k="operator" v="RTE"/>
  <tag k="operator:wikidata" v="Q2178795"/>
  <tag k="power" v="tower"/>
  <tag k="source" v="Bing"/>
 </node>
 <node id="1273659364" visible="true" version="5" changeset="138082845" timestamp="2023-07-03T22:52:47Z" user="InfosReseaux" uid="93222" lat="44.6349491" lon="2.7125299">
  <tag k="operator" v="RTE"/>
  <tag k="operator:wikidata" v="Q2178795"/>
  <tag k="power" v="tower"/>
  <tag k="source" v="Bing"/>
 </node>
 <node id="1273659366" visible="true" version="6" changeset="145901245" timestamp="2024-01-04T23:50:29Z" user="Ptigrouick" uid="195175" lat="44.6535938" lon="2.7095473">
  <tag k="operator" v="RTE"/>
  <tag k="operator:wikidata" v="Q2178795"/>
  <tag k="power" v="tower"/>
  <tag k="source" v="Bing"/>
 </node>
 <node id="1273659367" visible="true" version="5" changeset="135719098" timestamp="2023-05-04T22:30:42Z" user="InfosReseaux" uid="93222" lat="44.6819895" lon="2.7059311">
  <tag k="design:ref" v="B1"/>
  <tag k="line_attachment" v="suspension"/>
  <tag k="operator" v="RTE"/>
  <tag k="operator:wikidata" v="Q2178795"/>
  <tag k="power" v="tower"/>
  <tag k="source" v="Bing"/>
 </node>
 <node id="1273659373" visible="true" version="5" changeset="135719098" timestamp="2023-05-04T22:30:42Z" user="InfosReseaux" uid="93222" lat="44.6347445" lon="2.7130718">
  <tag k="design:ref" v="B1"/>
  <tag k="line_attachment" v="suspension"/>
  <tag k="operator" v="RTE"/>
  <tag k="operator:wikidata" v="Q2178795"/>
  <tag k="power" v="tower"/>
  <tag k="source" v="Bing"/>
 </node>
 <node id="1273659375" visible="true" version="6" changeset="145901245" timestamp="2024-01-04T23:50:29Z" user="Ptigrouick" uid="195175" lat="44.6761613" lon="2.7058771">
  <tag k="operator" v="RTE"/>
  <tag k="operator:wikidata" v="Q2178795"/>
  <tag k="power" v="tower"/>
  <tag k="source" v="Bing"/>
 </node>
 <node id="1273659390" visible="true" version="5" changeset="138082845" timestamp="2023-07-03T22:52:47Z" user="InfosReseaux" uid="93222" lat="44.6302054" lon="2.7115606">
  <tag k="operator" v="RTE"/>
  <tag k="operator:wikidata" v="Q2178795"/>
  <tag k="power" v="tower"/>
  <tag k="source" v="Bing"/>
 </node>
 <node id="1273659396" visible="true" version="5" changeset="138082845" timestamp="2023-07-03T22:52:47Z" user="InfosReseaux" uid="93222" lat="44.6701587" lon="2.7068485">
  <tag k="operator" v="RTE"/>
  <tag k="operator:wikidata" v="Q2178795"/>
  <tag k="power" v="tower"/>
  <tag k="source" v="Bing"/>
 </node>
 <node id="1273659407" visible="true" version="5" changeset="135719098" timestamp="2023-05-04T22:30:42Z" user="InfosReseaux" uid="93222" lat="44.6991990" lon="2.7028209">
  <tag k="design:ref" v="B1"/>
  <tag k="line_attachment" v="suspension"/>
  <tag k="operator" v="RTE"/>
  <tag k="operator:wikidata" v="Q2178795"/>
  <tag k="power" v="tower"/>
  <tag k="source" v="Bing"/>
 </node>
 <node id="1273659409" visible="true" version="6" changeset="145901245" timestamp="2024-01-04T23:50:29Z" user="Ptigrouick" uid="195175" lat="44.6299825" lon="2.7121348">
  <tag k="design:ref" v="B1"/>
  <tag k="height" v="45"/>
  <tag k="line_attachment" v="anchor"/>
  <tag k="operator" v="RTE"/>
  <tag k="operator:wikidata" v="Q2178795"/>
  <tag k="power" v="tower"/>
  <tag k="ref" v="298"/>
  <tag k="source" v="data.gouv.fr:RTE - 2023-12"/>
 </node>
 <node id="1283621442" visible="true" version="6" changeset="138082845" timestamp="2023-07-03T22:52:47Z" user="InfosReseaux" uid="93222" lat="44.7116290" lon="2.6748004">
  <tag k="operator" v="Enedis"/>
  <tag k="operator:wikidata" v="Q3587594"/>
  <tag k="power" v="tower"/>
 </node>
 <node id="1283621449" visible="true" version="6" changeset="138082845" timestamp="2023-07-03T22:52:47Z" user="InfosReseaux" uid="93222" lat="44.6890185" lon="2.6434699">
  <tag k="operator" v="Enedis"/>
  <tag k="operator:wikidata" v="Q3587594"/>
  <tag k="power" v="tower"/>
 </node>
 <node id="1283621459" visible="true" version="7" changeset="138082845" timestamp="2023-07-03T22:52:47Z" user="InfosReseaux" uid="93222" lat="44.7261841" lon="2.6960907">
  <tag k="operator" v="Enedis"/>
  <tag k="operator:wikidata" v="Q3587594"/>
  <tag k="power" v="tower"/>
 </node>
 <node id="1283621464" visible="true" version="9" changeset="162547732" timestamp="2025-02-15T19:10:04Z" user="InfosReseaux" uid="93222" lat="44.7673117" lon="2.6837279">
  <tag k="line_management" v="transition"/>
  <tag k="location:transition" v="yes"/>
  <tag k="operator" v="Enedis"/>
  <tag k="operator:wikidata" v="Q3587594"/>
  <tag k="power" v="tower"/>
 </node>
 <node id="1283621468" visible="true" version="6" changeset="138082845" timestamp="2023-07-03T22:52:47Z" user="InfosReseaux" uid="93222" lat="44.7547878" lon="2.6976764">
  <tag k="operator" v="Enedis"/>
  <tag k="operator:wikidata" v="Q3587594"/>
  <tag k="power" v="tower"/>
 </node>
 <node id="1283621469" visible="true" version="6" changeset="138082845" timestamp="2023-07-03T22:52:47Z" user="InfosReseaux" uid="93222" lat="44.7144887" lon="2.6787749">
  <tag k="operator" v="Enedis"/>
  <tag k="operator:wikidata" v="Q3587594"/>
  <tag k="power" v="tower"/>
 </node>
 <node id="1283621483" visible="true" version="6" changeset="138082845" timestamp="2023-07-03T22:52:47Z" user="InfosReseaux" uid="93222" lat="44.7500668" lon="2.6970637">
  <tag k="operator" v="Enedis"/>
  <tag k="operator:wikidata" v="Q3587594"/>
  <tag k="power" v="tower"/>
 </node>
 <node id="1283621491" visible="true" version="6" changeset="138082845" timestamp="2023-07-03T22:52:47Z" user="InfosReseaux" uid="93222" lat="44.7364016" lon="2.6960655">
  <tag k="operator" v="Enedis"/>
  <tag k="operator:wikidata" v="Q3587594"/>
  <tag k="power" v="tower"/>
 </node>
 <node id="1283621495" visible="true" version="6" changeset="138082845" timestamp="2023-07-03T22:52:47Z" user="InfosReseaux" uid="93222" lat="44.6985241" lon="2.6567323">
  <tag k="operator" v="Enedis"/>
  <tag k="operator:wikidata" v="Q3587594"/>
  <tag k="power" v="tower"/>
 </node>
 <node id="1283621499" visible="true" version="5" changeset="138082845" timestamp="2023-07-03T22:52:47Z" user="InfosReseaux" uid="93222" lat="44.7547682" lon="2.6979474">
  <tag k="operator" v="RTE"/>
  <tag k="operator:wikidata" v="Q2178795"/>
  <tag k="power" v="tower"/>
  <tag k="source" v="Bing"/>
 </node>
 <node id="1283621513" visible="true" version="7" changeset="138082845" timestamp="2023-07-03T22:52:47Z" user="InfosReseaux" uid="93222" lat="44.7317511" lon="2.6960459">
  <tag k="operator" v="Enedis"/>
  <tag k="operator:wikidata" v="Q3587594"/>
  <tag k="power" v="tower"/>
 </node>
 <node id="1283621518" visible="true" version="6" changeset="138082845" timestamp="2023-07-03T22:52:47Z" user="InfosReseaux" uid="93222" lat="44.6943654" lon="2.6509233">
  <tag k="operator" v="Enedis"/>
  <tag k="operator:wikidata" v="Q3587594"/>
  <tag k="power" v="tower"/>
 </node>
 <node id="1283621533" visible="true" version="6" changeset="138082845" timestamp="2023-07-03T22:52:47Z" user="InfosReseaux" uid="93222" lat="44.6912044" lon="2.6465260">
  <tag k="operator" v="Enedis"/>
  <tag k="operator:wikidata" v="Q3587594"/>
  <tag k="power" v="tower"/>
 </node>
 <node id="1283621536" visible="true" version="6" changeset="138082845" timestamp="2023-07-03T22:52:47Z" user="InfosReseaux" uid="93222" lat="44.7045064" lon="2.6649135">
  <tag k="operator" v="Enedis"/>
  <tag k="operator:wikidata" v="Q3587594"/>
  <tag k="power" v="tower"/>
 </node>
 <node id="1283621543" visible="true" version="7" changeset="138082845" timestamp="2023-07-03T22:52:47Z" user="InfosReseaux" uid="93222" lat="44.7190653" lon="2.6851622">
  <tag k="material" v="metal"/>
  <tag k="operator" v="Enedis"/>
  <tag k="operator:wikidata" v="Q3587594"/>
  <tag k="power" v="tower"/>
 </node>
 <node id="1283621553" visible="true" version="6" changeset="138082845" timestamp="2023-07-03T22:52:47Z" user="InfosReseaux" uid="93222" lat="44.7089418" lon="2.6710683">
  <tag k="operator" v="Enedis"/>
  <tag k="operator:wikidata" v="Q3587594"/>
  <tag k="power" v="tower"/>
 </node>
 <node id="1283621565" visible="true" version="6" changeset="138082845" timestamp="2023-07-03T22:52:47Z" user="InfosReseaux" uid="93222" lat="44.7612922" lon="2.6961092">
  <tag k="operator" v="Enedis"/>
  <tag k="operator:wikidata" v="Q3587594"/>
  <tag k="power" v="tower"/>
 </node>
 <node id="1283621568" visible="true" version="6" changeset="138082845" timestamp="2023-07-03T22:52:47Z" user="InfosReseaux" uid="93222" lat="44.7396863" lon="2.6960839">
  <tag k="operator" v="Enedis"/>
  <tag k="operator:wikidata" v="Q3587594"/>
  <tag k="power" v="tower"/>
 </node>
 <node id="1283621573" visible="true" version="6" changeset="138082845" timestamp="2023-07-03T22:52:47Z" user="InfosReseaux" uid="93222" lat="44.7671640" lon="2.6902849">
  <tag k="operator" v="Enedis"/>
  <tag k="operator:wikidata" v="Q3587594"/>
  <tag k="power" v="tower"/>
 </node>
 <node id="1283621579" visible="true" version="6" changeset="138082845" timestamp="2023-07-03T22:52:47Z" user="InfosReseaux" uid="93222" lat="44.7167982" lon="2.6819815">
  <tag k="operator" v="Enedis"/>
  <tag k="operator:wikidata" v="Q3587594"/>
  <tag k="power" v="tower"/>
 </node>
 <node id="1283621583" visible="true" version="6" changeset="138082845" timestamp="2023-07-03T22:52:47Z" user="InfosReseaux" uid="93222" lat="44.7007436" lon="2.6597686">
  <tag k="operator" v="Enedis"/>
  <tag k="operator:wikidata" v="Q3587594"/>
  <tag k="power" v="tower"/>
 </node>
 <node id="1283621588" visible="true" version="6" changeset="138082845" timestamp="2023-07-03T22:52:47Z" user="InfosReseaux" uid="93222" lat="44.7065683" lon="2.6678407">
  <tag k="operator" v="Enedis"/>
  <tag k="operator:wikidata" v="Q3587594"/>
  <tag k="power" v="tower"/>
 </node>
 <node id="1283621589" visible="true" version="6" changeset="138082845" timestamp="2023-07-03T22:52:47Z" user="InfosReseaux" uid="93222" lat="44.7448907" lon="2.6964337">
  <tag k="operator" v="Enedis"/>
  <tag k="operator:wikidata" v="Q3587594"/>
  <tag k="power" v="tower"/>
 </node>
 <node id="1283621601" visible="true" version="6" changeset="138082845" timestamp="2023-07-03T22:52:47Z" user="InfosReseaux" uid="93222" lat="44.7591593" lon="2.6982195">
  <tag k="operator" v="Enedis"/>
  <tag k="operator:wikidata" v="Q3587594"/>
  <tag k="power" v="tower"/>
 </node>
 <node id="1283621605" visible="true" version="5" changeset="138082845" timestamp="2023-07-03T22:52:47Z" user="InfosReseaux" uid="93222" lat="44.6646709" lon="2.6011924">
  <tag k="operator" v="RTE"/>
  <tag k="operator:wikidata" v="Q2178795"/>
  <tag k="power" v="tower"/>
  <tag k="source" v="Bing"/>
 </node>
 <node id="1283621613" visible="true" version="6" changeset="138082845" timestamp="2023-07-03T22:52:47Z" user="InfosReseaux" uid="93222" lat="44.7237097" lon="2.6921960">
  <tag k="operator" v="Enedis"/>
  <tag k="operator:wikidata" v="Q3587594"/>
  <tag k="power" v="tower"/>
 </node>
 <node id="1283621621" visible="true" version="4" changeset="138082845" timestamp="2023-07-03T22:52:47Z" user="InfosReseaux" uid="93222" lat="44.7426465" lon="2.6962745">
  <tag k="operator" v="Enedis"/>
  <tag k="operator:wikidata" v="Q3587594"/>
  <tag k="power" v="tower"/>
 </node>
 <node id="1283621630" visible="true" version="6" changeset="138082845" timestamp="2023-07-03T22:52:47Z" user="InfosReseaux" uid="93222" lat="44.7287354" lon="2.6965325">
  <tag k="operator" v="Enedis"/>
  <tag k="operator:wikidata" v="Q3587594"/>
  <tag k="power" v="tower"/>
 </node>
 <node id="1655782582" visible="true" version="1" changeset="10846700" timestamp="2012-03-02T10:32:50Z" user="inisheer" uid="195875" lat="44.7581013" lon="2.7062341"/>
 <node id="1655782614" visible="true" version="1" changeset="10846700" timestamp="2012-03-02T10:32:52Z" user="inisheer" uid="195875" lat="44.7587641" lon="2.7060732"/>
 <node id="1655782617" visible="true" version="2" changeset="124331770" timestamp="2022-08-01T08:16:56Z" user="maferikotupi" uid="2115804" lat="44.7531853" lon="2.7055072"/>
 <node id="1655782618" visible="true" version="1" changeset="10846700" timestamp="2012-03-02T10:32:52Z" user="inisheer" uid="195875" lat="44.7578575" lon="2.7063950"/>
 <node id="1655782620" visible="true" version="2" changeset="124331770" timestamp="2022-08-01T08:16:56Z" user="maferikotupi" uid="2115804" lat="44.7463487" lon="2.7013498"/>
 <node id="1655782631" visible="true" version="1" changeset="10846700" timestamp="2012-03-02T10:32:53Z" user="inisheer" uid="195875" lat="44.7405618" lon="2.6991767"/>
 <node id="1655782642" visible="true" version="2" changeset="124331770" timestamp="2022-08-01T08:16:56Z" user="maferikotupi" uid="2115804" lat="44.7494480" lon="2.7071648"/>
 <node id="1655782648" visible="true" version="2" changeset="124331770" timestamp="2022-08-01T08:16:56Z" user="maferikotupi" uid="2115804" lat="44.7535548" lon="2.7063494"/>
 <node id="1655782654" visible="true" version="1" changeset="10846700" timestamp="2012-03-02T10:32:55Z" user="inisheer" uid="195875" lat="44.7523110" lon="2.7052471"/>
 <node id="1655782665" visible="true" version="1" changeset="10846700" timestamp="2012-03-02T10:32:56Z" user="inisheer" uid="195875" lat="44.7414755" lon="2.7003440"/>
 <node id="1655782667" visible="true" version="1" changeset="10846700" timestamp="2012-03-02T10:32:56Z" user="inisheer" uid="195875" lat="44.7483641" lon="2.7049145"/>
 <node id="1655782678" visible="true" version="1" changeset="10846700" timestamp="2012-03-02T10:32:57Z" user="inisheer" uid="195875" lat="44.7483413" lon="2.7052793"/>
 <node id="1655782680" visible="true" version="1" changeset="10846700" timestamp="2012-03-02T10:32:57Z" user="inisheer" uid="195875" lat="44.7510767" lon="2.7059015"/>
 <node id="1655782684" visible="true" version="1" changeset="10846700" timestamp="2012-03-02T10:32:57Z" user="inisheer" uid="195875" lat="44.7500023" lon="2.7071139"/>
 <node id="1655782699" visible="true" version="1" changeset="10846700" timestamp="2012-03-02T10:32:59Z" user="inisheer" uid="195875" lat="44.7397304" lon="2.6978549"/>
 <node id="1655782706" visible="true" version="1" changeset="10846700" timestamp="2012-03-02T10:32:59Z" user="inisheer" uid="195875" lat="44.7553205" lon="2.7068671"/>
 <node id="1655782781" visible="true" version="1" changeset="10846700" timestamp="2012-03-02T10:33:01Z" user="inisheer" uid="195875" lat="44.7591831" lon="2.7068993"/>
 <node id="1655782829" visible="true" version="1" changeset="10846700" timestamp="2012-03-02T10:33:03Z" user="inisheer" uid="195875" lat="44.7402867" lon="2.6987239"/>
 <node id="1655782904" visible="true" version="2" changeset="124331770" timestamp="2022-08-01T08:16:56Z" user="maferikotupi" uid="2115804" lat="44.7548215" lon="2.7073177"/>
 <node id="1655782938" visible="true" version="2" changeset="124331770" timestamp="2022-08-01T08:16:56Z" user="maferikotupi" uid="2115804" lat="44.7466554" lon="2.7017951"/>
 <node id="1655782944" visible="true" version="2" changeset="124331770" timestamp="2022-08-01T08:16:56Z" user="maferikotupi" uid="2115804" lat="44.7489432" lon="2.7065881"/>
 <node id="1655782945" visible="true" version="2" changeset="124331770" timestamp="2022-08-01T08:16:56Z" user="maferikotupi" uid="2115804" lat="44.7546710" lon="2.7074143"/>
 <node id="1655782964" visible="true" version="1" changeset="10846700" timestamp="2012-03-02T10:33:07Z" user="inisheer" uid="195875" lat="44.7417651" lon="2.7004942"/>
 <node id="1655782969" visible="true" version="2" changeset="124331770" timestamp="2022-08-01T08:16:56Z" user="maferikotupi" uid="2115804" lat="44.7491565" lon="2.7068993"/>
 <node id="1655782974" visible="true" version="1" changeset="10846700" timestamp="2012-03-02T10:33:07Z" user="inisheer" uid="195875" lat="44.7496823" lon="2.7072855"/>
 <node id="1655783045" visible="true" version="1" changeset="10846700" timestamp="2012-03-02T10:33:10Z" user="inisheer" uid="195875" lat="44.7587793" lon="2.7073392"/>
 <node id="1655783046" visible="true" version="1" changeset="10846700" timestamp="2012-03-02T10:33:10Z" user="inisheer" uid="195875" lat="44.7591831" lon="2.7070602"/>
 <node id="1655783094" visible="true" version="1" changeset="10846700" timestamp="2012-03-02T10:33:12Z" user="inisheer" uid="195875" lat="44.7410945" lon="2.6999363"/>
 <node id="1655783201" visible="true" version="1" changeset="10846700" timestamp="2012-03-02T10:33:15Z" user="inisheer" uid="195875" lat="44.7482574" lon="2.7037558"/>
 <node id="1655783227" visible="true" version="1" changeset="10846700" timestamp="2012-03-02T10:33:15Z" user="inisheer" uid="195875" lat="44.7484556" lon="2.7056548"/>
 <node id="1655783235" visible="true" version="2" changeset="124331770" timestamp="2022-08-01T08:16:56Z" user="maferikotupi" uid="2115804" lat="44.7572499" lon="2.7061161"/>
 <node id="1655783247" visible="true" version="1" changeset="10846700" timestamp="2012-03-02T10:33:16Z" user="inisheer" uid="195875" lat="44.7521738" lon="2.7054616"/>
 <node id="1655783275" visible="true" version="2" changeset="124331770" timestamp="2022-08-01T08:16:56Z" user="maferikotupi" uid="2115804" lat="44.7533358" lon="2.7058452"/>
 <node id="1655783298" visible="true" version="1" changeset="10846700" timestamp="2012-03-02T10:33:18Z" user="inisheer" uid="195875" lat="44.7479603" lon="2.7035519"/>
 <node id="1655783318" visible="true" version="1" changeset="10846700" timestamp="2012-03-02T10:33:18Z" user="inisheer" uid="195875" lat="44.7520443" lon="2.7055582"/>
 <node id="1655783359" visible="true" version="2" changeset="124331770" timestamp="2022-08-01T08:16:56Z" user="maferikotupi" uid="2115804" lat="44.7544729" lon="2.7073821"/>
 <node id="1655783376" visible="true" version="1" changeset="10846700" timestamp="2012-03-02T10:33:21Z" user="inisheer" uid="195875" lat="44.7459105" lon="2.7011272"/>
 <node id="1655783431" visible="true" version="1" changeset="10846700" timestamp="2012-03-02T10:33:23Z" user="inisheer" uid="195875" lat="44.7448590" lon="2.7008590"/>
 <node id="1655783445" visible="true" version="1" changeset="10846700" timestamp="2012-03-02T10:33:23Z" user="inisheer" uid="195875" lat="44.7583679" lon="2.7061268"/>
 <node id="1655783467" visible="true" version="2" changeset="114663604" timestamp="2021-12-07T14:29:19Z" user="Eric V" uid="163480" lat="44.7585058" lon="2.7077683"/>
 <node id="1655783484" visible="true" version="2" changeset="124331770" timestamp="2022-08-01T08:16:56Z" user="maferikotupi" uid="2115804" lat="44.7575984" lon="2.7065318"/>
 <node id="1655783505" visible="true" version="1" changeset="10846700" timestamp="2012-03-02T10:33:26Z" user="inisheer" uid="195875" lat="44.7539034" lon="2.7068671"/>
 <node id="1655783549" visible="true" version="1" changeset="10846700" timestamp="2012-03-02T10:33:27Z" user="inisheer" uid="195875" lat="44.7514348" lon="2.7057191"/>
 <node id="1655783594" visible="true" version="2" changeset="124331770" timestamp="2022-08-01T08:16:56Z" user="maferikotupi" uid="2115804" lat="44.7474765" lon="2.7029404"/>
 <node id="1655783636" visible="true" version="1" changeset="10846700" timestamp="2012-03-02T10:33:31Z" user="inisheer" uid="195875" lat="44.7590612" lon="2.7064916"/>
 <node id="1655783638" visible="true" version="1" changeset="10846700" timestamp="2012-03-02T10:33:31Z" user="inisheer" uid="195875" lat="44.7468859" lon="2.7021893"/>
 <node id="1655783640" visible="true" version="1" changeset="10846700" timestamp="2012-03-02T10:33:31Z" user="inisheer" uid="195875" lat="44.7502690" lon="2.7067062"/>
 <node id="1655783697" visible="true" version="1" changeset="10846700" timestamp="2012-03-02T10:33:33Z" user="inisheer" uid="195875" lat="44.7484251" lon="2.7044960"/>
 <node id="1655783700" visible="true" version="1" changeset="10846700" timestamp="2012-03-02T10:33:33Z" user="inisheer" uid="195875" lat="44.7461772" lon="2.7012238"/>
 <node id="1655783717" visible="true" version="2" changeset="114663604" timestamp="2021-12-07T14:29:19Z" user="Eric V" uid="163480" lat="44.7585813" lon="2.7074702"/>
 <node id="1655783724" visible="true" version="2" changeset="124331770" timestamp="2022-08-01T08:16:56Z" user="maferikotupi" uid="2115804" lat="44.7526672" lon="2.7051157"/>
 <node id="1655783749" visible="true" version="2" changeset="114663604" timestamp="2021-12-07T14:29:19Z" user="Eric V" uid="163480" lat="44.7395341" lon="2.6975103"/>
 <node id="1655783787" visible="true" version="1" changeset="10846700" timestamp="2012-03-02T10:33:35Z" user="inisheer" uid="195875" lat="44.7453467" lon="2.7009448"/>
 <node id="1655783788" visible="true" version="1" changeset="10846700" timestamp="2012-03-02T10:33:35Z" user="inisheer" uid="195875" lat="44.7427100" lon="2.7005800"/>
 <node id="1655783791" visible="true" version="1" changeset="10846700" timestamp="2012-03-02T10:33:35Z" user="inisheer" uid="195875" lat="44.7421461" lon="2.7005800"/>
 <node id="1655783806" visible="true" version="1" changeset="10846700" timestamp="2012-03-02T10:33:36Z" user="inisheer" uid="195875" lat="44.7438836" lon="2.7007088"/>
 <node id="1655783840" visible="true" version="1" changeset="10846700" timestamp="2012-03-02T10:33:37Z" user="inisheer" uid="195875" lat="44.7590459" lon="2.7071568"/>
 <node id="1655783882" visible="true" version="1" changeset="10846700" timestamp="2012-03-02T10:33:38Z" user="inisheer" uid="195875" lat="44.7557700" lon="2.7064380"/>
 <node id="1655783897" visible="true" version="1" changeset="10846700" timestamp="2012-03-02T10:33:38Z" user="inisheer" uid="195875" lat="44.7588783" lon="2.7061483"/>
 <node id="1655783898" visible="true" version="1" changeset="10846700" timestamp="2012-03-02T10:33:38Z" user="inisheer" uid="195875" lat="44.7585888" lon="2.7060732"/>
 <node id="1655783927" visible="true" version="1" changeset="10846700" timestamp="2012-03-02T10:33:39Z" user="inisheer" uid="195875" lat="44.7563109" lon="2.7061912"/>
 <node id="1655783941" visible="true" version="2" changeset="124331770" timestamp="2022-08-01T08:16:56Z" user="maferikotupi" uid="2115804" lat="44.7573603" lon="2.7062851"/>
 <node id="1655784049" visible="true" version="1" changeset="10846700" timestamp="2012-03-02T10:33:42Z" user="inisheer" uid="195875" lat="44.7483413" lon="2.7039060"/>
 <node id="1655784080" visible="true" version="2" changeset="124331770" timestamp="2022-08-01T08:16:56Z" user="maferikotupi" uid="2115804" lat="44.7484042" lon="2.7042225"/>
 <node id="1655784151" visible="true" version="1" changeset="10846700" timestamp="2012-03-02T10:33:45Z" user="inisheer" uid="195875" lat="44.7568213" lon="2.7059766"/>
 <node id="1655784153" visible="true" version="1" changeset="10846700" timestamp="2012-03-02T10:33:45Z" user="inisheer" uid="195875" lat="44.7524634" lon="2.7051290"/>
 <node id="1655784161" visible="true" version="1" changeset="10846700" timestamp="2012-03-02T10:33:45Z" user="inisheer" uid="195875" lat="44.7517624" lon="2.7056440"/>
 <node id="1655784298" visible="true" version="2" changeset="124331770" timestamp="2022-08-01T08:16:56Z" user="maferikotupi" uid="2115804" lat="44.7470650" lon="2.7024764"/>
 <node id="1655784325" visible="true" version="2" changeset="124331770" timestamp="2022-08-01T08:16:56Z" user="maferikotupi" uid="2115804" lat="44.7570195" lon="2.7059659"/>
 <node id="1655784336" visible="true" version="1" changeset="10846700" timestamp="2012-03-02T10:33:49Z" user="inisheer" uid="195875" lat="44.7487070" lon="2.7061805"/>
 <node id="1655784401" visible="true" version="2" changeset="124331770" timestamp="2022-08-01T08:16:56Z" user="maferikotupi" uid="2115804" lat="44.7505909" lon="2.7063494"/>
 <node id="1655784422" visible="true" version="1" changeset="10846700" timestamp="2012-03-02T10:33:52Z" user="inisheer" uid="195875" lat="44.7530119" lon="2.7052578"/>
 <node id="1655784433" visible="true" version="1" changeset="10846700" timestamp="2012-03-02T10:33:52Z" user="inisheer" uid="195875" lat="44.7498423" lon="2.7072963"/>
 <node id="1655784439" visible="true" version="1" changeset="10846700" timestamp="2012-03-02T10:33:52Z" user="inisheer" uid="195875" lat="44.7576670" lon="2.7065238"/>
 <node id="1655784472" visible="true" version="2" changeset="124331770" timestamp="2022-08-01T08:16:56Z" user="maferikotupi" uid="2115804" lat="44.7545872" lon="2.7074143"/>
 <node id="1945938435" visible="true" version="6" changeset="138082845" timestamp="2023-07-03T22:52:47Z" user="InfosReseaux" uid="93222" lat="44.6838863" lon="2.6363579">
  <tag k="operator" v="Enedis"/>
  <tag k="operator:wikidata" v="Q3587594"/>
  <tag k="power" v="tower"/>
 </node>
 <node id="2210539998" visible="true" version="5" changeset="135719098" timestamp="2023-05-04T22:30:42Z" user="InfosReseaux" uid="93222" lat="44.1786977" lon="2.8268111">
  <tag k="design:ref" v="B1"/>
  <tag k="line_attachment" v="suspension"/>
  <tag k="operator" v="RTE"/>
  <tag k="operator:wikidata" v="Q2178795"/>
  <tag k="power" v="tower"/>
 </node>
 <node id="2210539999" visible="true" version="5" changeset="135719098" timestamp="2023-05-04T22:30:42Z" user="InfosReseaux" uid="93222" lat="44.2042221" lon="2.8204501">
  <tag k="design:ref" v="B1"/>
  <tag k="line_attachment" v="suspension"/>
  <tag k="operator" v="RTE"/>
  <tag k="operator:wikidata" v="Q2178795"/>
  <tag k="power" v="tower"/>
 </node>
 <node id="2210540000" visible="true" version="5" changeset="135719098" timestamp="2023-05-04T22:30:42Z" user="InfosReseaux" uid="93222" lat="44.2079346" lon="2.8194878">
  <tag k="design:ref" v="B1"/>
  <tag k="line_attachment" v="suspension"/>
  <tag k="operator" v="RTE"/>
  <tag k="operator:wikidata" v="Q2178795"/>
  <tag k="power" v="tower"/>
 </node>
 <node id="2210540001" visible="true" version="5" changeset="135719098" timestamp="2023-05-04T22:30:42Z" user="InfosReseaux" uid="93222" lat="44.2230348" lon="2.8157488">
  <tag k="design:ref" v="B1"/>
  <tag k="line_attachment" v="suspension"/>
  <tag k="operator" v="RTE"/>
  <tag k="operator:wikidata" v="Q2178795"/>
  <tag k="power" v="tower"/>
 </node>
 <node id="2210540002" visible="true" version="5" changeset="135719098" timestamp="2023-05-04T22:30:42Z" user="InfosReseaux" uid="93222" lat="44.2270168" lon="2.8147888">
  <tag k="design:ref" v="B1"/>
  <tag k="line_attachment" v="suspension"/>
  <tag k="operator" v="RTE"/>
  <tag k="operator:wikidata" v="Q2178795"/>
  <tag k="power" v="tower"/>
 </node>
 <node id="2210540003" visible="true" version="5" changeset="135719098" timestamp="2023-05-04T22:30:42Z" user="InfosReseaux" uid="93222" lat="44.2564031" lon="2.8073372">
  <tag k="design:ref" v="B1"/>
  <tag k="line_attachment" v="suspension"/>
  <tag k="operator" v="RTE"/>
  <tag k="operator:wikidata" v="Q2178795"/>
  <tag k="power" v="tower"/>
 </node>
 <node id="2210540004" visible="true" version="5" changeset="135719098" timestamp="2023-05-04T22:30:42Z" user="InfosReseaux" uid="93222" lat="44.2631184" lon="2.8056792">
  <tag k="design:ref" v="B1"/>
  <tag k="line_attachment" v="suspension"/>
  <tag k="operator" v="RTE"/>
  <tag k="operator:wikidata" v="Q2178795"/>
  <tag k="power" v="tower"/>
 </node>
 <node id="2210540005" visible="true" version="7" changeset="135719098" timestamp="2023-05-04T22:30:42Z" user="InfosReseaux" uid="93222" lat="44.2673195" lon="2.8045928">
  <tag k="design:ref" v="B1"/>
  <tag k="line_attachment" v="anchor"/>
  <tag k="operator" v="RTE"/>
  <tag k="operator:wikidata" v="Q2178795"/>
  <tag k="power" v="tower"/>
 </node>
 <node id="2210540006" visible="true" version="5" changeset="135719098" timestamp="2023-05-04T22:30:42Z" user="InfosReseaux" uid="93222" lat="44.4035107" lon="2.7348932">
  <tag k="design:ref" v="B1"/>
  <tag k="line_attachment" v="suspension"/>
  <tag k="operator" v="RTE"/>
  <tag k="operator:wikidata" v="Q2178795"/>
  <tag k="power" v="tower"/>
 </node>
 <node id="2210540007" visible="true" version="5" changeset="135719098" timestamp="2023-05-04T22:30:42Z" user="InfosReseaux" uid="93222" lat="44.4078047" lon="2.7322903">
  <tag k="design:ref" v="B1"/>
  <tag k="line_attachment" v="suspension"/>
  <tag k="operator" v="RTE"/>
  <tag k="operator:wikidata" v="Q2178795"/>
  <tag k="power" v="tower"/>
 </node>
 <node id="2210540008" visible="true" version="5" changeset="135719098" timestamp="2023-05-04T22:30:42Z" user="InfosReseaux" uid="93222" lat="44.4198936" lon="2.7250001">
  <tag k="design:ref" v="B1"/>
  <tag k="line_attachment" v="suspension"/>
  <tag k="operator" v="RTE"/>
  <tag k="operator:wikidata" v="Q2178795"/>
  <tag k="power" v="tower"/>
 </node>
 <node id="2210540009" visible="true" version="5" changeset="135719098" timestamp="2023-05-04T22:30:42Z" user="InfosReseaux" uid="93222" lat="44.4314853" lon="2.7184532">
  <tag k="design:ref" v="B1"/>
  <tag k="line_attachment" v="suspension"/>
  <tag k="operator" v="RTE"/>
  <tag k="operator:wikidata" v="Q2178795"/>
  <tag k="power" v="tower"/>
 </node>
 <node id="2210540010" visible="true" version="5" changeset="135719098" timestamp="2023-05-04T22:30:42Z" user="InfosReseaux" uid="93222" lat="44.4416202" lon="2.7138856">
  <tag k="design:ref" v="B1"/>
  <tag k="line_attachment" v="suspension"/>
  <tag k="operator" v="RTE"/>
  <tag k="operator:wikidata" v="Q2178795"/>
  <tag k="power" v="tower"/>
 </node>
 <node id="2210540011" visible="true" version="5" changeset="138082845" timestamp="2023-07-03T22:52:47Z" user="InfosReseaux" uid="93222" lat="44.5152215" lon="2.6994315">
  <tag k="operator" v="RTE"/>
  <tag k="operator:wikidata" v="Q2178795"/>
  <tag k="power" v="tower"/>
 </node>
 <node id="2210540012" visible="true" version="5" changeset="135719098" timestamp="2023-05-04T22:30:42Z" user="InfosReseaux" uid="93222" lat="44.5152456" lon="2.7001882">
  <tag k="design:ref" v="B1"/>
  <tag k="line_attachment" v="suspension"/>
  <tag k="operator" v="RTE"/>
  <tag k="operator:wikidata" v="Q2178795"/>
  <tag k="power" v="tower"/>
 </node>
 <node id="2210540013" visible="true" version="5" changeset="135719098" timestamp="2023-05-04T22:30:42Z" user="InfosReseaux" uid="93222" lat="44.6912816" lon="2.7042422">
  <tag k="design:ref" v="B1"/>
  <tag k="line_attachment" v="suspension"/>
  <tag k="operator" v="RTE"/>
  <tag k="operator:wikidata" v="Q2178795"/>
  <tag k="power" v="tower"/>
 </node>
 <node id="2210540014" visible="true" version="6" changeset="145901245" timestamp="2024-01-04T23:50:29Z" user="Ptigrouick" uid="195175" lat="44.7057082" lon="2.7016648">
  <tag k="design:ref" v="B1"/>
  <tag k="height" v="51"/>
  <tag k="line_attachment" v="suspension"/>
  <tag k="operator" v="RTE"/>
  <tag k="operator:wikidata" v="Q2178795"/>
  <tag k="power" v="tower"/>
  <tag k="ref" v="310"/>
  <tag k="source" v="data.gouv.fr:RTE - 2023-12"/>
 </node>
 <node id="2239920287" visible="true" version="6" changeset="145901245" timestamp="2024-01-04T23:50:29Z" user="Ptigrouick" uid="195175" lat="44.7221768" lon="2.6986936">
  <tag k="design:ref" v="B1"/>
  <tag k="height" v="44"/>
  <tag k="line_attachment" v="suspension"/>
  <tag k="operator" v="RTE"/>
  <tag k="operator:wikidata" v="Q2178795"/>
  <tag k="power" v="tower"/>
  <tag k="ref" v="313"/>
  <tag k="source" v="data.gouv.fr:RTE - 2023-12"/>
 </node>
 <node id="2270863926" visible="true" version="6" changeset="138082845" timestamp="2023-07-03T22:52:47Z" user="InfosReseaux" uid="93222" lat="44.6648712" lon="2.6042889">
  <tag k="operator" v="Enedis"/>
  <tag k="operator:wikidata" v="Q3587594"/>
  <tag k="power" v="tower"/>
 </node>
 <node id="2270863936" visible="true" version="6" changeset="138082845" timestamp="2023-07-03T22:52:47Z" user="InfosReseaux" uid="93222" lat="44.6650907" lon="2.6071631">
  <tag k="operator" v="Enedis"/>
  <tag k="operator:wikidata" v="Q3587594"/>
  <tag k="power" v="tower"/>
 </node>
 <node id="2270863965" visible="true" version="6" changeset="138082845" timestamp="2023-07-03T22:52:47Z" user="InfosReseaux" uid="93222" lat="44.6671497" lon="2.6104378">
  <tag k="operator" v="Enedis"/>
  <tag k="operator:wikidata" v="Q3587594"/>
  <tag k="power" v="tower"/>
 </node>
 <node id="2270863977" visible="true" version="6" changeset="138082845" timestamp="2023-07-03T22:52:47Z" user="InfosReseaux" uid="93222" lat="44.6695053" lon="2.6141733">
  <tag k="operator" v="Enedis"/>
  <tag k="operator:wikidata" v="Q3587594"/>
  <tag k="power" v="tower"/>
 </node>
 <node id="2270864001" visible="true" version="6" changeset="138082845" timestamp="2023-07-03T22:52:47Z" user="InfosReseaux" uid="93222" lat="44.6715892" lon="2.6174986">
  <tag k="operator" v="Enedis"/>
  <tag k="operator:wikidata" v="Q3587594"/>
  <tag k="power" v="tower"/>
 </node>
 <node id="2270864103" visible="true" version="7" changeset="170863605" timestamp="2025-08-23T07:26:40Z" user="Christophe COUTURIER" uid="20206011" lat="44.6775948" lon="2.6270544">
  <tag k="line_attachment" v="suspension"/>
  <tag k="operator" v="Enedis"/>
  <tag k="operator:wikidata" v="Q3587594"/>
  <tag k="power" v="tower"/>
 </node>
 <node id="2270864106" visible="true" version="6" changeset="138082845" timestamp="2023-07-03T22:52:47Z" user="InfosReseaux" uid="93222" lat="44.6793217" lon="2.6297916">
  <tag k="operator" v="Enedis"/>
  <tag k="operator:wikidata" v="Q3587594"/>
  <tag k="power" v="tower"/>
 </node>
 <node id="2270864109" visible="true" version="6" changeset="138082845" timestamp="2023-07-03T22:52:47Z" user="InfosReseaux" uid="93222" lat="44.6805229" lon="2.6317067">
  <tag k="operator" v="Enedis"/>
  <tag k="operator:wikidata" v="Q3587594"/>
  <tag k="power" v="tower"/>
 </node>
 <node id="2271663406" visible="true" version="2" changeset="109757271" timestamp="2021-08-16T15:06:41Z" user="Yod4z" uid="318821" lat="44.7399532" lon="2.7065905"/>
 <node id="2514074172" visible="true" version="1" changeset="18619457" timestamp="2013-10-30T15:53:07Z" user="InfosReseaux" uid="93222" lat="44.7245685" lon="2.6486785"/>
 <node id="2514074173" visible="true" version="1" changeset="18619457" timestamp="2013-10-30T15:53:07Z" user="InfosReseaux" uid="93222" lat="44.7249764" lon="2.6515411"/>
 <node id="2514074174" visible="true" version="1" changeset="18619457" timestamp="2013-10-30T15:53:07Z" user="InfosReseaux" uid="93222" lat="44.7253057" lon="2.6482808"/>
 <node id="2514074176" visible="true" version="1" changeset="18619457" timestamp="2013-10-30T15:53:07Z" user="InfosReseaux" uid="93222" lat="44.7254135" lon="2.6513462"/>
 <node id="2514074177" visible="true" version="1" changeset="18619457" timestamp="2013-10-30T15:53:07Z" user="InfosReseaux" uid="93222" lat="44.7254812" lon="2.6483262"/>
 <node id="2612026045" visible="true" version="3" changeset="138082845" timestamp="2023-07-03T22:52:47Z" user="InfosReseaux" uid="93222" lat="44.4800565" lon="2.6974074">
  <tag k="operator" v="RTE"/>
  <tag k="operator:wikidata" v="Q2178795"/>
  <tag k="power" v="tower"/>
  <tag k="source" v="bing2014"/>
 </node>
 <node id="2612026046" visible="true" version="3" changeset="138082845" timestamp="2023-07-03T22:52:47Z" user="InfosReseaux" uid="93222" lat="44.4840383" lon="2.6981927">
  <tag k="operator" v="RTE"/>
  <tag k="operator:wikidata" v="Q2178795"/>
  <tag k="power" v="tower"/>
  <tag k="source" v="bing2014"/>
 </node>
 <node id="3518803442" visible="true" version="3" changeset="95475252" timestamp="2020-12-08T09:39:02Z" user="JFK73" uid="662440" lat="44.7359804" lon="2.6780233"/>
 <node id="3518803443" visible="true" version="3" changeset="95475252" timestamp="2020-12-08T09:39:02Z" user="JFK73" uid="662440" lat="44.7361476" lon="2.6778757"/>
 <node id="3518803444" visible="true" version="3" changeset="92042899" timestamp="2020-10-06T10:54:03Z" user="rvilleglas" uid="3318566" lat="44.7362426" lon="2.6777257"/>
 <node id="3518803445" visible="true" version="1" changeset="31163527" timestamp="2015-05-15T07:41:30Z" user="Laurent3180" uid="2313146" lat="44.7362658" lon="2.6775397"/>
 <node id="3518803446" visible="true" version="1" changeset="31163527" timestamp="2015-05-15T07:41:30Z" user="Laurent3180" uid="2313146" lat="44.7361965" lon="2.6773771"/>
 <node id="3518803447" visible="true" version="2" changeset="187995760" timestamp="2026-08-25T15:16:46Z" user="Yod4z" uid="318821" lat="44.7360976" lon="2.6772804"/>
 <node id="3518803448" visible="true" version="2" changeset="31167755" timestamp="2015-05-15T10:18:41Z" user="Yod4z" uid="318821" lat="44.7358438" lon="2.6772137"/>
 <node id="3518803449" visible="true" version="1" changeset="31163527" timestamp="2015-05-15T07:41:30Z" user="Laurent3180" uid="2313146" lat="44.7355034" lon="2.6773202"/>
 <node id="3518803450" visible="true" version="2" changeset="31167755" timestamp="2015-05-15T10:18:41Z" user="Yod4z" uid="318821" lat="44.7351055" lon="2.6775691"/>
 <node id="3518803451" visible="true" version="3" changeset="187995760" timestamp="2026-08-25T15:16:46Z" user="Yod4z" uid="318821" lat="44.7348276" lon="2.6775447"/>
 <node id="3518803452" visible="true" version="2" changeset="124334033" timestamp="2022-08-01T09:07:43Z" user="maferikotupi" uid="2115804" lat="44.7346907" lon="2.6773815"/>
 <node id="3518805859" visible="true" version="2" changeset="187995760" timestamp="2026-08-25T15:16:46Z" user="Yod4z" uid="318821" lat="44.7331471" lon="2.6784146"/>
 <node id="3518805860" visible="true" version="2" changeset="187995760" timestamp="2026-08-25T15:16:46Z" user="Yod4z" uid="318821" lat="44.7330902" lon="2.6785072"/>
 <node id="3518805861" visible="true" version="2" changeset="187995760" timestamp="2026-08-25T15:16:46Z" user="Yod4z" uid="318821" lat="44.7326127" lon="2.6789716"/>
 <node id="3518805862" visible="true" version="1" changeset="31163587" timestamp="2015-05-15T07:43:31Z" user="Laurent3180" uid="2313146" lat="44.7323720" lon="2.6791809"/>
 <node id="3518805863" visible="true" version="2" changeset="187995760" timestamp="2026-08-25T15:16:46Z" user="Yod4z" uid="318821" lat="44.7321652" lon="2.6793977"/>
 <node id="3518805864" visible="true" version="1" changeset="31163587" timestamp="2015-05-15T07:43:31Z" user="Laurent3180" uid="2313146" lat="44.7319663" lon="2.6796543"/>
 <node id="3518805865" visible="true" version="2" changeset="187995760" timestamp="2026-08-25T15:16:46Z" user="Yod4z" uid="318821" lat="44.7318861" lon="2.6797144"/>
 <node id="3518805866" visible="true" version="2" changeset="187995760" timestamp="2026-08-25T15:16:46Z" user="Yod4z" uid="318821" lat="44.7316848" lon="2.6797833"/>
 <node id="3518805867" visible="true" version="2" changeset="187995760" timestamp="2026-08-25T15:16:46Z" user="Yod4z" uid="318821" lat="44.7314710" lon="2.6798772"/>
 <node id="3518805868" visible="true" version="2" changeset="187995760" timestamp="2026-08-25T15:16:46Z" user="Yod4z" uid="318821" lat="44.7311320" lon="2.6800216"/>
 <node id="3518805869" visible="true" version="2" changeset="187995760" timestamp="2026-08-25T15:16:46Z" user="Yod4z" uid="318821" lat="44.7308570" lon="2.6801554"/>
 <node id="3518805870" visible="true" version="2" changeset="187995760" timestamp="2026-08-25T15:16:46Z" user="Yod4z" uid="318821" lat="44.7305221" lon="2.6804623"/>
 <node id="3518805871" visible="true" version="1" changeset="31163587" timestamp="2015-05-15T07:43:32Z" user="Laurent3180" uid="2313146" lat="44.7303192" lon="2.6806842"/>
 <node id="3518805872" visible="true" version="2" changeset="187995760" timestamp="2026-08-25T15:16:46Z" user="Yod4z" uid="318821" lat="44.7301238" lon="2.6808251"/>
 <node id="3518805873" visible="true" version="2" changeset="187995760" timestamp="2026-08-25T15:16:46Z" user="Yod4z" uid="318821" lat="44.7297893" lon="2.6809500"/>
 <node id="3518805874" visible="true" version="2" changeset="187995760" timestamp="2026-08-25T15:16:46Z" user="Yod4z" uid="318821" lat="44.7297602" lon="2.6810838"/>
 <node id="3518805875" visible="true" version="2" changeset="187995760" timestamp="2026-08-25T15:16:46Z" user="Yod4z" uid="318821" lat="44.7299025" lon="2.6812468"/>
 <node id="3518805876" visible="true" version="2" changeset="187995760" timestamp="2026-08-25T15:16:46Z" user="Yod4z" uid="318821" lat="44.7302710" lon="2.6814284"/>
 <node id="3518805877" visible="true" version="2" changeset="187995760" timestamp="2026-08-25T15:16:46Z" user="Yod4z" uid="318821" lat="44.7303611" lon="2.6814955"/>
 <node id="3518805878" visible="true" version="2" changeset="187995760" timestamp="2026-08-25T15:16:46Z" user="Yod4z" uid="318821" lat="44.7304637" lon="2.6817522"/>
 <node id="3518805879" visible="true" version="2" changeset="124334033" timestamp="2022-08-01T09:07:43Z" user="maferikotupi" uid="2115804" lat="44.7304635" lon="2.6820323"/>
 <node id="3518805880" visible="true" version="1" changeset="31163587" timestamp="2015-05-15T07:43:32Z" user="Laurent3180" uid="2313146" lat="44.7305099" lon="2.6825488"/>
 <node id="3518805881" visible="true" version="1" changeset="31163587" timestamp="2015-05-15T07:43:32Z" user="Laurent3180" uid="2313146" lat="44.7305654" lon="2.6830320"/>
 <node id="3518805882" visible="true" version="2" changeset="187995760" timestamp="2026-08-25T15:16:46Z" user="Yod4z" uid="318821" lat="44.7306212" lon="2.6833672"/>
 <node id="3518805883" visible="true" version="2" changeset="187995760" timestamp="2026-08-25T15:16:46Z" user="Yod4z" uid="318821" lat="44.7304312" lon="2.6837694"/>
 <node id="3518805884" visible="true" version="2" changeset="187995760" timestamp="2026-08-25T15:16:46Z" user="Yod4z" uid="318821" lat="44.7302821" lon="2.6841458"/>
 <node id="3518805885" visible="true" version="2" changeset="187995760" timestamp="2026-08-25T15:16:46Z" user="Yod4z" uid="318821" lat="44.7302954" lon="2.6844768"/>
 <node id="3518805886" visible="true" version="2" changeset="187995760" timestamp="2026-08-25T15:16:46Z" user="Yod4z" uid="318821" lat="44.7303064" lon="2.6851748"/>
 <node id="3518805887" visible="true" version="1" changeset="31163587" timestamp="2015-05-15T07:43:32Z" user="Laurent3180" uid="2313146" lat="44.7304406" lon="2.6853846"/>
 <node id="3518805888" visible="true" version="2" changeset="187995760" timestamp="2026-08-25T15:16:46Z" user="Yod4z" uid="318821" lat="44.7305941" lon="2.6854650"/>
 <node id="3518805889" visible="true" version="1" changeset="31163587" timestamp="2015-05-15T07:43:32Z" user="Laurent3180" uid="2313146" lat="44.7308636" lon="2.6853895"/>
 <node id="3518805890" visible="true" version="1" changeset="31163587" timestamp="2015-05-15T07:43:32Z" user="Laurent3180" uid="2313146" lat="44.7310162" lon="2.6852870"/>
 <node id="3518805891" visible="true" version="2" changeset="187995760" timestamp="2026-08-25T15:16:46Z" user="Yod4z" uid="318821" lat="44.7312354" lon="2.6850201"/>
 <node id="3518805892" visible="true" version="2" changeset="187995760" timestamp="2026-08-25T15:16:46Z" user="Yod4z" uid="318821" lat="44.7314157" lon="2.6848119"/>
 <node id="3518806293" visible="true" version="2" changeset="187995760" timestamp="2026-08-25T15:16:46Z" user="Yod4z" uid="318821" lat="44.7317695" lon="2.6843758"/>
 <node id="3518806294" visible="true" version="2" changeset="187995760" timestamp="2026-08-25T15:16:46Z" user="Yod4z" uid="318821" lat="44.7319631" lon="2.6839115"/>
 <node id="3518806295" visible="true" version="2" changeset="187995760" timestamp="2026-08-25T15:16:46Z" user="Yod4z" uid="318821" lat="44.7321930" lon="2.6833610"/>
 <node id="3518806296" visible="true" version="2" changeset="187995760" timestamp="2026-08-25T15:16:46Z" user="Yod4z" uid="318821" lat="44.7323489" lon="2.6829213"/>
 <node id="3518806297" visible="true" version="3" changeset="187995760" timestamp="2026-08-25T15:16:46Z" user="Yod4z" uid="318821" lat="44.7323660" lon="2.6825417"/>
 <node id="3518806298" visible="true" version="2" changeset="187995760" timestamp="2026-08-25T15:16:46Z" user="Yod4z" uid="318821" lat="44.7323110" lon="2.6821924"/>
 <node id="3518806299" visible="true" version="4" changeset="187995760" timestamp="2026-08-25T15:16:46Z" user="Yod4z" uid="318821" lat="44.7323285" lon="2.6816807"/>
 <node id="3518806300" visible="true" version="4" changeset="187995760" timestamp="2026-08-25T15:16:46Z" user="Yod4z" uid="318821" lat="44.7328194" lon="2.6817693"/>
 <node id="3518806301" visible="true" version="2" changeset="92042899" timestamp="2020-10-06T10:54:03Z" user="rvilleglas" uid="3318566" lat="44.7331968" lon="2.6819542"/>
 <node id="3518806302" visible="true" version="3" changeset="187995760" timestamp="2026-08-25T15:16:46Z" user="Yod4z" uid="318821" lat="44.7335353" lon="2.6819684"/>
 <node id="3518806303" visible="true" version="2" changeset="124334033" timestamp="2022-08-01T09:07:43Z" user="maferikotupi" uid="2115804" lat="44.7338460" lon="2.6820412"/>
 <node id="3518806304" visible="true" version="1" changeset="31163587" timestamp="2015-05-15T07:43:32Z" user="Laurent3180" uid="2313146" lat="44.7340398" lon="2.6822608"/>
 <node id="3518806305" visible="true" version="1" changeset="31163587" timestamp="2015-05-15T07:43:32Z" user="Laurent3180" uid="2313146" lat="44.7341404" lon="2.6826415"/>
 <node id="3518806306" visible="true" version="2" changeset="92042899" timestamp="2020-10-06T10:54:03Z" user="rvilleglas" uid="3318566" lat="44.7342388" lon="2.6828497"/>
 <node id="3518806307" visible="true" version="2" changeset="92042899" timestamp="2020-10-06T10:54:03Z" user="rvilleglas" uid="3318566" lat="44.7343734" lon="2.6829097"/>
 <node id="3518806308" visible="true" version="2" changeset="92042899" timestamp="2020-10-06T10:54:03Z" user="rvilleglas" uid="3318566" lat="44.7345992" lon="2.6827314"/>
 <node id="3518806309" visible="true" version="2" changeset="92042899" timestamp="2020-10-06T10:54:03Z" user="rvilleglas" uid="3318566" lat="44.7348779" lon="2.6825678"/>
 <node id="3518806310" visible="true" version="2" changeset="92042899" timestamp="2020-10-06T10:54:03Z" user="rvilleglas" uid="3318566" lat="44.7351584" lon="2.6824806"/>
 <node id="3518806311" visible="true" version="2" changeset="92042899" timestamp="2020-10-06T10:54:03Z" user="rvilleglas" uid="3318566" lat="44.7352613" lon="2.6823827"/>
 <node id="3518806312" visible="true" version="2" changeset="92049901" timestamp="2020-10-06T12:28:28Z" user="rvilleglas" uid="3318566" lat="44.7353800" lon="2.6821698"/>
 <node id="3518806313" visible="true" version="2" changeset="92049901" timestamp="2020-10-06T12:28:28Z" user="rvilleglas" uid="3318566" lat="44.7354148" lon="2.6820082"/>
 <node id="3518806314" visible="true" version="2" changeset="92049901" timestamp="2020-10-06T12:28:28Z" user="rvilleglas" uid="3318566" lat="44.7354562" lon="2.6816693"/>
 <node id="3518806315" visible="true" version="2" changeset="92049901" timestamp="2020-10-06T12:28:28Z" user="rvilleglas" uid="3318566" lat="44.7354509" lon="2.6814111"/>
 <node id="3518806316" visible="true" version="2" changeset="92049901" timestamp="2020-10-06T12:28:28Z" user="rvilleglas" uid="3318566" lat="44.7354728" lon="2.6813011"/>
 <node id="3518806317" visible="true" version="2" changeset="92049901" timestamp="2020-10-06T12:28:28Z" user="rvilleglas" uid="3318566" lat="44.7356414" lon="2.6810208"/>
 <node id="3518806318" visible="true" version="2" changeset="92049901" timestamp="2020-10-06T12:28:28Z" user="rvilleglas" uid="3318566" lat="44.7357091" lon="2.6808934"/>
 <node id="3518806319" visible="true" version="2" changeset="92049901" timestamp="2020-10-06T12:28:28Z" user="rvilleglas" uid="3318566" lat="44.7356715" lon="2.6805436"/>
 <node id="3518806320" visible="true" version="2" changeset="92049901" timestamp="2020-10-06T12:28:28Z" user="rvilleglas" uid="3318566" lat="44.7355368" lon="2.6803120"/>
 <node id="3518806321" visible="true" version="2" changeset="92049901" timestamp="2020-10-06T12:28:28Z" user="rvilleglas" uid="3318566" lat="44.7354584" lon="2.6801739"/>
 <node id="3518806322" visible="true" version="2" changeset="92049901" timestamp="2020-10-06T12:28:28Z" user="rvilleglas" uid="3318566" lat="44.7354334" lon="2.6797918"/>
 <node id="3518806323" visible="true" version="2" changeset="92049901" timestamp="2020-10-06T12:28:28Z" user="rvilleglas" uid="3318566" lat="44.7354765" lon="2.6794411"/>
 <node id="3518806324" visible="true" version="2" changeset="92049901" timestamp="2020-10-06T12:28:28Z" user="rvilleglas" uid="3318566" lat="44.7357316" lon="2.6787257"/>
 <node id="3518806325" visible="true" version="2" changeset="92049901" timestamp="2020-10-06T12:28:28Z" user="rvilleglas" uid="3318566" lat="44.7358042" lon="2.6785046"/>
 <node id="3518806326" visible="true" version="3" changeset="124334033" timestamp="2022-08-01T09:07:43Z" user="maferikotupi" uid="2115804" lat="44.7359692" lon="2.6784065"/>
 <node id="3519081378" visible="true" version="1" changeset="31167755" timestamp="2015-05-15T10:18:40Z" user="Yod4z" uid="318821" lat="44.7357281" lon="2.6783135"/>
 <node id="3519081379" visible="true" version="1" changeset="31167755" timestamp="2015-05-15T10:18:40Z" user="Yod4z" uid="318821" lat="44.7355795" lon="2.6808831"/>
 <node id="3519081380" visible="true" version="2" changeset="92042899" timestamp="2020-10-06T10:54:03Z" user="rvilleglas" uid="3318566" lat="44.7341695" lon="2.6825637"/>
 <node id="3519081381" visible="true" version="2" changeset="92042899" timestamp="2020-10-06T10:54:03Z" user="rvilleglas" uid="3318566" lat="44.7337818" lon="2.6819381"/>
 <node id="3519081382" visible="true" version="1" changeset="31167755" timestamp="2015-05-15T10:18:40Z" user="Yod4z" uid="318821" lat="44.7334740" lon="2.6818782"/>
 <node id="3519081383" visible="true" version="2" changeset="92042899" timestamp="2020-10-06T10:54:03Z" user="rvilleglas" uid="3318566" lat="44.7333702" lon="2.6817966"/>
 <node id="3519081384" visible="true" version="1" changeset="31167755" timestamp="2015-05-15T10:18:40Z" user="Yod4z" uid="318821" lat="44.7325937" lon="2.6814007"/>
 <node id="3519081385" visible="true" version="2" changeset="187995760" timestamp="2026-08-25T15:16:46Z" user="Yod4z" uid="318821" lat="44.7323064" lon="2.6827945"/>
 <node id="3519081386" visible="true" version="1" changeset="31167755" timestamp="2015-05-15T10:18:40Z" user="Yod4z" uid="318821" lat="44.7310637" lon="2.6801374"/>
 <node id="3519081387" visible="true" version="1" changeset="31167755" timestamp="2015-05-15T10:18:40Z" user="Yod4z" uid="318821" lat="44.7306025" lon="2.6825729"/>
 <node id="3519081388" visible="true" version="1" changeset="31167755" timestamp="2015-05-15T10:18:40Z" user="Yod4z" uid="318821" lat="44.7299165" lon="2.6812049"/>
 <node id="3519081389" visible="true" version="1" changeset="31167755" timestamp="2015-05-15T10:18:40Z" user="Yod4z" uid="318821" lat="44.7359605" lon="2.6778279"/>
 <node id="3519081390" visible="true" version="2" changeset="187995760" timestamp="2026-08-25T15:16:46Z" user="Yod4z" uid="318821" lat="44.7359449" lon="2.6778062"/>
 <node id="3519081391" visible="true" version="1" changeset="31167755" timestamp="2015-05-15T10:18:40Z" user="Yod4z" uid="318821" lat="44.7359818" lon="2.6779665"/>
 <node id="3519109099" visible="true" version="1" changeset="31168142" timestamp="2015-05-15T10:36:42Z" user="Yod4z" uid="318821" lat="44.7300850" lon="2.6803982"/>
 <node id="3519109100" visible="true" version="1" changeset="31168142" timestamp="2015-05-15T10:36:42Z" user="Yod4z" uid="318821" lat="44.7300945" lon="2.6807495"/>
 <node id="3519109101" visible="true" version="1" changeset="31168142" timestamp="2015-05-15T10:36:42Z" user="Yod4z" uid="318821" lat="44.7303918" lon="2.6805564"/>
 <node id="3519109102" visible="true" version="1" changeset="31168142" timestamp="2015-05-15T10:36:42Z" user="Yod4z" uid="318821" lat="44.7309444" lon="2.6800280"/>
 <node id="3519109103" visible="true" version="1" changeset="31168142" timestamp="2015-05-15T10:36:42Z" user="Yod4z" uid="318821" lat="44.7313731" lon="2.6799046"/>
 <node id="3519109104" visible="true" version="1" changeset="31168142" timestamp="2015-05-15T10:36:42Z" user="Yod4z" uid="318821" lat="44.7321067" lon="2.6795425"/>
 <node id="3519109105" visible="true" version="1" changeset="31168142" timestamp="2015-05-15T10:36:42Z" user="Yod4z" uid="318821" lat="44.7324688" lon="2.6791617"/>
 <node id="3519109106" visible="true" version="1" changeset="31168142" timestamp="2015-05-15T10:36:42Z" user="Yod4z" uid="318821" lat="44.7319638" lon="2.6782712"/>
 <node id="3519109107" visible="true" version="1" changeset="31168142" timestamp="2015-05-15T10:36:42Z" user="Yod4z" uid="318821" lat="44.7318076" lon="2.6782014"/>
 <node id="3519109108" visible="true" version="1" changeset="31168142" timestamp="2015-05-15T10:36:42Z" user="Yod4z" uid="318821" lat="44.7313140" lon="2.6784160"/>
 <node id="3519109109" visible="true" version="1" changeset="31168142" timestamp="2015-05-15T10:36:42Z" user="Yod4z" uid="318821" lat="44.7318018" lon="2.6791375"/>
 <node id="3519109110" visible="true" version="1" changeset="31168142" timestamp="2015-05-15T10:36:42Z" user="Yod4z" uid="318821" lat="44.7317352" lon="2.6792502"/>
 <node id="3519109111" visible="true" version="1" changeset="31168142" timestamp="2015-05-15T10:36:42Z" user="Yod4z" uid="318821" lat="44.7311197" lon="2.6796981"/>
 <node id="3519109112" visible="true" version="1" changeset="31168142" timestamp="2015-05-15T10:36:42Z" user="Yod4z" uid="318821" lat="44.7306700" lon="2.6799529"/>
 <node id="3519109113" visible="true" version="1" changeset="31168142" timestamp="2015-05-15T10:36:42Z" user="Yod4z" uid="318821" lat="44.7303079" lon="2.6803150"/>
 <node id="3519109114" visible="true" version="1" changeset="31168142" timestamp="2015-05-15T10:36:42Z" user="Yod4z" uid="318821" lat="44.7313998" lon="2.6788076"/>
 <node id="3519109115" visible="true" version="1" changeset="31168142" timestamp="2015-05-15T10:36:42Z" user="Yod4z" uid="318821" lat="44.7314551" lon="2.6790195"/>
 <node id="3519109116" visible="true" version="1" changeset="31168142" timestamp="2015-05-15T10:36:42Z" user="Yod4z" uid="318821" lat="44.7312531" lon="2.6790249"/>
 <node id="3519109117" visible="true" version="1" changeset="31168142" timestamp="2015-05-15T10:36:42Z" user="Yod4z" uid="318821" lat="44.7311769" lon="2.6789471"/>
 <node id="3519109118" visible="true" version="1" changeset="31168142" timestamp="2015-05-15T10:36:42Z" user="Yod4z" uid="318821" lat="44.7312359" lon="2.6787969"/>
 <node id="3519109119" visible="true" version="2" changeset="71073939" timestamp="2019-06-09T15:16:57Z" user="InfosReseaux" uid="93222" lat="44.7333054" lon="2.6777324"/>
 <node id="3519109120" visible="true" version="1" changeset="31168142" timestamp="2015-05-15T10:36:42Z" user="Yod4z" uid="318821" lat="44.7327865" lon="2.6773149"/>
 <node id="3519109121" visible="true" version="1" changeset="31168142" timestamp="2015-05-15T10:36:42Z" user="Yod4z" uid="318821" lat="44.7324245" lon="2.6770849"/>
 <node id="3519109122" visible="true" version="1" changeset="31168142" timestamp="2015-05-15T10:36:42Z" user="Yod4z" uid="318821" lat="44.7320574" lon="2.6770955"/>
 <node id="3519109123" visible="true" version="1" changeset="31168142" timestamp="2015-05-15T10:36:42Z" user="Yod4z" uid="318821" lat="44.7317280" lon="2.6771238"/>
 <node id="3519109124" visible="true" version="1" changeset="31168142" timestamp="2015-05-15T10:36:42Z" user="Yod4z" uid="318821" lat="44.7315420" lon="2.6767699"/>
 <node id="3519109125" visible="true" version="1" changeset="31168142" timestamp="2015-05-15T10:36:42Z" user="Yod4z" uid="318821" lat="44.7308480" lon="2.6763240"/>
 <node id="3519109126" visible="true" version="1" changeset="31168142" timestamp="2015-05-15T10:36:42Z" user="Yod4z" uid="318821" lat="44.7304533" lon="2.6757825"/>
 <node id="3519109127" visible="true" version="1" changeset="31168142" timestamp="2015-05-15T10:36:42Z" user="Yod4z" uid="318821" lat="44.7301139" lon="2.6752091"/>
 <node id="3519109128" visible="true" version="1" changeset="31168142" timestamp="2015-05-15T10:36:42Z" user="Yod4z" uid="318821" lat="44.7292791" lon="2.6749366"/>
 <node id="3519109129" visible="true" version="1" changeset="31168142" timestamp="2015-05-15T10:36:42Z" user="Yod4z" uid="318821" lat="44.7286807" lon="2.6744730"/>
 <node id="3519109130" visible="true" version="1" changeset="31168142" timestamp="2015-05-15T10:36:42Z" user="Yod4z" uid="318821" lat="44.7284694" lon="2.6743845"/>
 <node id="3519109131" visible="true" version="1" changeset="31168142" timestamp="2015-05-15T10:36:42Z" user="Yod4z" uid="318821" lat="44.7280194" lon="2.6748481"/>
 <node id="3519109132" visible="true" version="1" changeset="31168142" timestamp="2015-05-15T10:36:42Z" user="Yod4z" uid="318821" lat="44.7282155" lon="2.6758993"/>
 <node id="3519109133" visible="true" version="2" changeset="106142915" timestamp="2021-06-10T09:08:17Z" user="JSERIEYE" uid="11361025" lat="44.7283837" lon="2.6767595"/>
 <node id="3519109134" visible="true" version="2" changeset="106142915" timestamp="2021-06-10T09:08:17Z" user="JSERIEYE" uid="11361025" lat="44.7285825" lon="2.6771142"/>
 <node id="3519109135" visible="true" version="2" changeset="106142915" timestamp="2021-06-10T09:08:17Z" user="JSERIEYE" uid="11361025" lat="44.7286998" lon="2.6764133"/>
 <node id="3519109136" visible="true" version="2" changeset="106142915" timestamp="2021-06-10T09:08:17Z" user="JSERIEYE" uid="11361025" lat="44.7285777" lon="2.6759488"/>
 <node id="3519109137" visible="true" version="1" changeset="31168142" timestamp="2015-05-15T10:36:42Z" user="Yod4z" uid="318821" lat="44.7285927" lon="2.6754710"/>
 <node id="3519109138" visible="true" version="1" changeset="31168142" timestamp="2015-05-15T10:36:42Z" user="Yod4z" uid="318821" lat="44.7284518" lon="2.6750640"/>
 <node id="3519109139" visible="true" version="1" changeset="31168142" timestamp="2015-05-15T10:36:42Z" user="Yod4z" uid="318821" lat="44.7289824" lon="2.6751525"/>
 <node id="3519109140" visible="true" version="1" changeset="31168142" timestamp="2015-05-15T10:36:42Z" user="Yod4z" uid="318821" lat="44.7294702" lon="2.6756126"/>
 <node id="3519109141" visible="true" version="1" changeset="31168142" timestamp="2015-05-15T10:36:42Z" user="Yod4z" uid="318821" lat="44.7298373" lon="2.6756374"/>
 <node id="3519109142" visible="true" version="1" changeset="31168142" timestamp="2015-05-15T10:36:42Z" user="Yod4z" uid="318821" lat="44.7301993" lon="2.6759276"/>
 <node id="3519109143" visible="true" version="1" changeset="31168142" timestamp="2015-05-15T10:36:42Z" user="Yod4z" uid="318821" lat="44.7304231" lon="2.6765611"/>
 <node id="3519109144" visible="true" version="1" changeset="31168142" timestamp="2015-05-15T10:36:42Z" user="Yod4z" uid="318821" lat="44.7307399" lon="2.6766920"/>
 <node id="3519109145" visible="true" version="1" changeset="31168142" timestamp="2015-05-15T10:36:42Z" user="Yod4z" uid="318821" lat="44.7305891" lon="2.6773786"/>
 <node id="3519109146" visible="true" version="1" changeset="31168142" timestamp="2015-05-15T10:36:42Z" user="Yod4z" uid="318821" lat="44.7308531" lon="2.6774565"/>
 <node id="3519109147" visible="true" version="1" changeset="31168142" timestamp="2015-05-15T10:36:42Z" user="Yod4z" uid="318821" lat="44.7309310" lon="2.6776759"/>
 <node id="3519109148" visible="true" version="1" changeset="31168142" timestamp="2015-05-15T10:36:42Z" user="Yod4z" uid="318821" lat="44.7311045" lon="2.6776866"/>
 <node id="3519109149" visible="true" version="1" changeset="31168142" timestamp="2015-05-15T10:36:42Z" user="Yod4z" uid="318821" lat="44.7310090" lon="2.6779732"/>
 <node id="3519109150" visible="true" version="1" changeset="31168142" timestamp="2015-05-15T10:36:42Z" user="Yod4z" uid="318821" lat="44.7311498" lon="2.6781608"/>
 <node id="3519109151" visible="true" version="1" changeset="31168142" timestamp="2015-05-15T10:36:42Z" user="Yod4z" uid="318821" lat="44.7312403" lon="2.6782387"/>
 <node id="3519109152" visible="true" version="1" changeset="31168142" timestamp="2015-05-15T10:36:42Z" user="Yod4z" uid="318821" lat="44.7320096" lon="2.6779201"/>
 <node id="3519109153" visible="true" version="1" changeset="31168142" timestamp="2015-05-15T10:36:42Z" user="Yod4z" uid="318821" lat="44.7333196" lon="2.6781396"/>
 <node id="3519109154" visible="true" version="2" changeset="71073939" timestamp="2019-06-09T15:16:57Z" user="InfosReseaux" uid="93222" lat="44.7334074" lon="2.6779041"/>
 <node id="3519109156" visible="true" version="1" changeset="31168142" timestamp="2015-05-15T10:36:42Z" user="Yod4z" uid="318821" lat="44.7258631" lon="2.6709033"/>
 <node id="3519109162" visible="true" version="2" changeset="106142915" timestamp="2021-06-10T09:08:17Z" user="JSERIEYE" uid="11361025" lat="44.7164453" lon="2.6645798"/>
 <node id="3519109163" visible="true" version="1" changeset="31168142" timestamp="2015-05-15T10:36:43Z" user="Yod4z" uid="318821" lat="44.7215810" lon="2.6530603"/>
 <node id="3994394588" visible="true" version="1" changeset="37070040" timestamp="2016-02-07T22:35:06Z" user="baxt" uid="2059184" lat="44.7423515" lon="2.6800054"/>
 <node id="3995771638" visible="true" version="2" changeset="86516588" timestamp="2020-06-11T11:57:58Z" user="jcphal" uid="387627" lat="44.7356991" lon="2.7281019"/>
 <node id="3995773191" visible="true" version="2" changeset="109757271" timestamp="2021-08-16T15:06:41Z" user="Yod4z" uid="318821" lat="44.7398594" lon="2.7126711"/>
 <node id="3995773381" visible="true" version="2" changeset="124331770" timestamp="2022-08-01T08:16:56Z" user="maferikotupi" uid="2115804" lat="44.7433070" lon="2.7006318"/>
 <node id="4028754997" visible="true" version="2" changeset="124334033" timestamp="2022-08-01T09:07:43Z" user="maferikotupi" uid="2115804" lat="44.7356275" lon="2.6768194"/>
 <node id="4028755000" visible="true" version="2" changeset="124334033" timestamp="2022-08-01T09:07:43Z" user="maferikotupi" uid="2115804" lat="44.7356555" lon="2.6768874"/>
 <node id="4028755003" visible="true" version="2" changeset="124334033" timestamp="2022-08-01T09:07:43Z" user="maferikotupi" uid="2115804" lat="44.7357015" lon="2.6768554"/>
 <node id="4028755005" visible="true" version="2" changeset="124334033" timestamp="2022-08-01T09:07:43Z" user="maferikotupi" uid="2115804" lat="44.7357135" lon="2.6768774"/>
 <node id="4028755006" visible="true" version="2" changeset="124334033" timestamp="2022-08-01T09:07:43Z" user="maferikotupi" uid="2115804" lat="44.7357195" lon="2.6767414"/>
 <node id="4028755010" visible="true" version="2" changeset="124334033" timestamp="2022-08-01T09:07:43Z" user="maferikotupi" uid="2115804" lat="44.7357585" lon="2.6768394"/>
 <node id="4028755016" visible="true" version="2" changeset="95475252" timestamp="2020-12-08T09:39:02Z" user="JFK73" uid="662440" lat="44.7359865" lon="2.6781984"/>
 <node id="4028755021" visible="true" version="2" changeset="95475252" timestamp="2020-12-08T09:39:02Z" user="JFK73" uid="662440" lat="44.7360005" lon="2.6781594"/>
 <node id="4028755031" visible="true" version="2" changeset="95475252" timestamp="2020-12-08T09:39:02Z" user="JFK73" uid="662440" lat="44.7360255" lon="2.6781054"/>
 <node id="4028755032" visible="true" version="2" changeset="95475252" timestamp="2020-12-08T09:39:02Z" user="JFK73" uid="662440" lat="44.7360275" lon="2.6782294"/>
 <node id="4028755038" visible="true" version="2" changeset="95475252" timestamp="2020-12-08T09:39:02Z" user="JFK73" uid="662440" lat="44.7360375" lon="2.6782004"/>
 <node id="4028755050" visible="true" version="2" changeset="95475252" timestamp="2020-12-08T09:39:02Z" user="JFK73" uid="662440" lat="44.7360595" lon="2.6780524"/>
 <node id="4028755051" visible="true" version="2" changeset="95475252" timestamp="2020-12-08T09:39:02Z" user="JFK73" uid="662440" lat="44.7360595" lon="2.6781514"/>
 <node id="4028755066" visible="true" version="2" changeset="95475252" timestamp="2020-12-08T09:39:02Z" user="JFK73" uid="662440" lat="44.7360905" lon="2.6781014"/>
 <node id="4028755068" visible="true" version="2" changeset="95475252" timestamp="2020-12-08T09:39:02Z" user="JFK73" uid="662440" lat="44.7360935" lon="2.6780084"/>
 <node id="4028755084" visible="true" version="2" changeset="95475252" timestamp="2020-12-08T09:39:02Z" user="JFK73" uid="662440" lat="44.7361245" lon="2.6780574"/>
 <node id="4028755288" visible="true" version="1" changeset="37469739" timestamp="2016-02-26T19:30:20Z" user="Thierry_la_Fronde_12" uid="161646" lat="44.7366100" lon="2.6858600"/>
 <node id="4028755300" visible="true" version="1" changeset="37469739" timestamp="2016-02-26T19:30:20Z" user="Thierry_la_Fronde_12" uid="161646" lat="44.7366340" lon="2.6859620"/>
 <node id="4028755369" visible="true" version="1" changeset="37469739" timestamp="2016-02-26T19:30:21Z" user="Thierry_la_Fronde_12" uid="161646" lat="44.7367420" lon="2.6858010"/>
 <node id="4028755375" visible="true" version="1" changeset="37469739" timestamp="2016-02-26T19:30:21Z" user="Thierry_la_Fronde_12" uid="161646" lat="44.7367640" lon="2.6858990"/>
 <node id="4028755536" visible="true" version="1" changeset="37469739" timestamp="2016-02-26T19:30:24Z" user="Thierry_la_Fronde_12" uid="161646" lat="44.7370750" lon="2.6789760"/>
 <node id="4028755543" visible="true" version="1" changeset="37469739" timestamp="2016-02-26T19:30:24Z" user="Thierry_la_Fronde_12" uid="161646" lat="44.7370900" lon="2.6789330"/>
 <node id="4028755558" visible="true" version="1" changeset="37469739" timestamp="2016-02-26T19:30:24Z" user="Thierry_la_Fronde_12" uid="161646" lat="44.7371250" lon="2.6789770"/>
 <node id="4028755559" visible="true" version="1" changeset="37469739" timestamp="2016-02-26T19:30:24Z" user="Thierry_la_Fronde_12" uid="161646" lat="44.7371260" lon="2.6789590"/>
 <node id="4028755564" visible="true" version="1" changeset="37469739" timestamp="2016-02-26T19:30:24Z" user="Thierry_la_Fronde_12" uid="161646" lat="44.7371330" lon="2.6789410"/>
 <node id="4028755565" visible="true" version="1" changeset="37469739" timestamp="2016-02-26T19:30:24Z" user="Thierry_la_Fronde_12" uid="161646" lat="44.7371370" lon="2.6790200"/>
 <node id="4028755571" visible="true" version="1" changeset="37469739" timestamp="2016-02-26T19:30:24Z" user="Thierry_la_Fronde_12" uid="161646" lat="44.7371470" lon="2.6789930"/>
 <node id="4028755574" visible="true" version="1" changeset="37469739" timestamp="2016-02-26T19:30:24Z" user="Thierry_la_Fronde_12" uid="161646" lat="44.7371550" lon="2.6790290"/>
 <node id="4028755577" visible="true" version="1" changeset="37469739" timestamp="2016-02-26T19:30:25Z" user="Thierry_la_Fronde_12" uid="161646" lat="44.7371590" lon="2.6789590"/>
 <node id="4028755584" visible="true" version="1" changeset="37469739" timestamp="2016-02-26T19:30:25Z" user="Thierry_la_Fronde_12" uid="161646" lat="44.7371690" lon="2.6915300"/>
 <node id="4028755586" visible="true" version="1" changeset="37469739" timestamp="2016-02-26T19:30:25Z" user="Thierry_la_Fronde_12" uid="161646" lat="44.7371720" lon="2.6789870"/>
 <node id="4028755596" visible="true" version="1" changeset="37469739" timestamp="2016-02-26T19:30:25Z" user="Thierry_la_Fronde_12" uid="161646" lat="44.7372060" lon="2.6790320"/>
 <node id="4028755599" visible="true" version="1" changeset="37469739" timestamp="2016-02-26T19:30:25Z" user="Thierry_la_Fronde_12" uid="161646" lat="44.7372080" lon="2.6790140"/>
 <node id="4028755601" visible="true" version="1" changeset="37469739" timestamp="2016-02-26T19:30:25Z" user="Thierry_la_Fronde_12" uid="161646" lat="44.7372150" lon="2.6789960"/>
 <node id="4028755602" visible="true" version="1" changeset="37469739" timestamp="2016-02-26T19:30:25Z" user="Thierry_la_Fronde_12" uid="161646" lat="44.7372170" lon="2.6790750"/>
 <node id="4028755604" visible="true" version="1" changeset="37469739" timestamp="2016-02-26T19:30:25Z" user="Thierry_la_Fronde_12" uid="161646" lat="44.7372270" lon="2.6790480"/>
 <node id="4028755607" visible="true" version="1" changeset="37469739" timestamp="2016-02-26T19:30:25Z" user="Thierry_la_Fronde_12" uid="161646" lat="44.7372350" lon="2.6913620"/>
 <node id="4028755609" visible="true" version="1" changeset="37469739" timestamp="2016-02-26T19:30:25Z" user="Thierry_la_Fronde_12" uid="161646" lat="44.7372400" lon="2.6790160"/>
 <node id="4028755610" visible="true" version="1" changeset="37469739" timestamp="2016-02-26T19:30:25Z" user="Thierry_la_Fronde_12" uid="161646" lat="44.7372430" lon="2.6790770"/>
 <node id="4028755613" visible="true" version="1" changeset="37469739" timestamp="2016-02-26T19:30:25Z" user="Thierry_la_Fronde_12" uid="161646" lat="44.7372580" lon="2.6790270"/>
 <node id="4028755618" visible="true" version="1" changeset="37469739" timestamp="2016-02-26T19:30:25Z" user="Thierry_la_Fronde_12" uid="161646" lat="44.7372850" lon="2.6790540"/>
 <node id="4028755619" visible="true" version="1" changeset="37469739" timestamp="2016-02-26T19:30:25Z" user="Thierry_la_Fronde_12" uid="161646" lat="44.7372880" lon="2.6790440"/>
 <node id="4028755620" visible="true" version="1" changeset="37469739" timestamp="2016-02-26T19:30:25Z" user="Thierry_la_Fronde_12" uid="161646" lat="44.7372930" lon="2.6790290"/>
 <node id="4028755623" visible="true" version="1" changeset="37469739" timestamp="2016-02-26T19:30:25Z" user="Thierry_la_Fronde_12" uid="161646" lat="44.7372980" lon="2.6797980"/>
 <node id="4028755624" visible="true" version="1" changeset="37469739" timestamp="2016-02-26T19:30:25Z" user="Thierry_la_Fronde_12" uid="161646" lat="44.7373030" lon="2.6791130"/>
 <node id="4028755625" visible="true" version="1" changeset="37469739" timestamp="2016-02-26T19:30:25Z" user="Thierry_la_Fronde_12" uid="161646" lat="44.7373080" lon="2.6916330"/>
 <node id="4028755626" visible="true" version="1" changeset="37469739" timestamp="2016-02-26T19:30:25Z" user="Thierry_la_Fronde_12" uid="161646" lat="44.7373150" lon="2.6790720"/>
 <node id="4028755628" visible="true" version="1" changeset="37469739" timestamp="2016-02-26T19:30:25Z" user="Thierry_la_Fronde_12" uid="161646" lat="44.7373160" lon="2.6795540"/>
 <node id="4028755629" visible="true" version="1" changeset="37469739" timestamp="2016-02-26T19:30:25Z" user="Thierry_la_Fronde_12" uid="161646" lat="44.7373190" lon="2.6914210"/>
 <node id="4028755630" visible="true" version="1" changeset="37469739" timestamp="2016-02-26T19:30:25Z" user="Thierry_la_Fronde_12" uid="161646" lat="44.7373210" lon="2.6796090"/>
 <node id="4028755631" visible="true" version="1" changeset="37469739" timestamp="2016-02-26T19:30:25Z" user="Thierry_la_Fronde_12" uid="161646" lat="44.7373230" lon="2.6790460"/>
 <node id="4028755633" visible="true" version="1" changeset="37469739" timestamp="2016-02-26T19:30:25Z" user="Thierry_la_Fronde_12" uid="161646" lat="44.7373330" lon="2.6795140"/>
 <node id="4028755635" visible="true" version="1" changeset="37469739" timestamp="2016-02-26T19:30:25Z" user="Thierry_la_Fronde_12" uid="161646" lat="44.7373360" lon="2.6795690"/>
 <node id="4028755640" visible="true" version="1" changeset="37469739" timestamp="2016-02-26T19:30:26Z" user="Thierry_la_Fronde_12" uid="161646" lat="44.7373520" lon="2.6795290"/>
 <node id="4028755641" visible="true" version="1" changeset="37469739" timestamp="2016-02-26T19:30:26Z" user="Thierry_la_Fronde_12" uid="161646" lat="44.7373560" lon="2.6796360"/>
 <node id="4028755642" visible="true" version="1" changeset="37469739" timestamp="2016-02-26T19:30:26Z" user="Thierry_la_Fronde_12" uid="161646" lat="44.7373650" lon="2.6794940"/>
 <node id="4028755651" visible="true" version="1" changeset="37469739" timestamp="2016-02-26T19:30:26Z" user="Thierry_la_Fronde_12" uid="161646" lat="44.7373920" lon="2.6912450"/>
 <node id="4028755656" visible="true" version="1" changeset="37469739" timestamp="2016-02-26T19:30:26Z" user="Thierry_la_Fronde_12" uid="161646" lat="44.7373990" lon="2.6798780"/>
 <node id="4028755657" visible="true" version="1" changeset="37469739" timestamp="2016-02-26T19:30:26Z" user="Thierry_la_Fronde_12" uid="161646" lat="44.7373990" lon="2.6914010"/>
 <node id="4028755660" visible="true" version="1" changeset="37469739" timestamp="2016-02-26T19:30:26Z" user="Thierry_la_Fronde_12" uid="161646" lat="44.7374090" lon="2.6912590"/>
 <node id="4028755664" visible="true" version="1" changeset="37469739" timestamp="2016-02-26T19:30:26Z" user="Thierry_la_Fronde_12" uid="161646" lat="44.7374150" lon="2.6798290"/>
 <node id="4028755671" visible="true" version="1" changeset="37469739" timestamp="2016-02-26T19:30:26Z" user="Thierry_la_Fronde_12" uid="161646" lat="44.7374300" lon="2.6798380"/>
 <node id="4028755674" visible="true" version="1" changeset="37469739" timestamp="2016-02-26T19:30:26Z" user="Thierry_la_Fronde_12" uid="161646" lat="44.7374360" lon="2.6914270"/>
 <node id="4028755684" visible="true" version="1" changeset="37469739" timestamp="2016-02-26T19:30:26Z" user="Thierry_la_Fronde_12" uid="161646" lat="44.7374570" lon="2.6796740"/>
 <node id="4028755686" visible="true" version="1" changeset="37469739" timestamp="2016-02-26T19:30:26Z" user="Thierry_la_Fronde_12" uid="161646" lat="44.7374660" lon="2.6796490"/>
 <node id="4028755689" visible="true" version="1" changeset="37469739" timestamp="2016-02-26T19:30:26Z" user="Thierry_la_Fronde_12" uid="161646" lat="44.7374770" lon="2.6796560"/>
 <node id="4028755691" visible="true" version="1" changeset="37469739" timestamp="2016-02-26T19:30:26Z" user="Thierry_la_Fronde_12" uid="161646" lat="44.7374800" lon="2.6913140"/>
 <node id="4028755692" visible="true" version="1" changeset="37469739" timestamp="2016-02-26T19:30:26Z" user="Thierry_la_Fronde_12" uid="161646" lat="44.7374810" lon="2.6796910"/>
 <node id="4028755697" visible="true" version="1" changeset="37469739" timestamp="2016-02-26T19:30:27Z" user="Thierry_la_Fronde_12" uid="161646" lat="44.7374980" lon="2.6795950"/>
 <node id="4028755801" visible="true" version="1" changeset="37469739" timestamp="2016-02-26T19:30:28Z" user="Thierry_la_Fronde_12" uid="161646" lat="44.7378310" lon="2.6803780"/>
 <node id="4028755804" visible="true" version="1" changeset="37469739" timestamp="2016-02-26T19:30:28Z" user="Thierry_la_Fronde_12" uid="161646" lat="44.7378570" lon="2.6803030"/>
 <node id="4028755806" visible="true" version="1" changeset="37469739" timestamp="2016-02-26T19:30:28Z" user="Thierry_la_Fronde_12" uid="161646" lat="44.7378640" lon="2.6802670"/>
 <node id="4028755809" visible="true" version="1" changeset="37469739" timestamp="2016-02-26T19:30:28Z" user="Thierry_la_Fronde_12" uid="161646" lat="44.7378690" lon="2.6803110"/>
 <node id="4028755811" visible="true" version="1" changeset="37469739" timestamp="2016-02-26T19:30:28Z" user="Thierry_la_Fronde_12" uid="161646" lat="44.7378800" lon="2.6802780"/>
 <node id="4028755816" visible="true" version="1" changeset="37469739" timestamp="2016-02-26T19:30:28Z" user="Thierry_la_Fronde_12" uid="161646" lat="44.7378920" lon="2.6801880"/>
 <node id="4028755825" visible="true" version="1" changeset="37469739" timestamp="2016-02-26T19:30:29Z" user="Thierry_la_Fronde_12" uid="161646" lat="44.7379150" lon="2.6804340"/>
 <node id="4028755831" visible="true" version="1" changeset="37469739" timestamp="2016-02-26T19:30:29Z" user="Thierry_la_Fronde_12" uid="161646" lat="44.7379290" lon="2.6802140"/>
 <node id="4028755837" visible="true" version="1" changeset="37469739" timestamp="2016-02-26T19:30:29Z" user="Thierry_la_Fronde_12" uid="161646" lat="44.7379410" lon="2.6803600"/>
 <node id="4028755841" visible="true" version="1" changeset="37469739" timestamp="2016-02-26T19:30:29Z" user="Thierry_la_Fronde_12" uid="161646" lat="44.7379500" lon="2.6803660"/>
 <node id="4028755843" visible="true" version="1" changeset="37469739" timestamp="2016-02-26T19:30:29Z" user="Thierry_la_Fronde_12" uid="161646" lat="44.7379540" lon="2.6802930"/>
 <node id="4028755844" visible="true" version="1" changeset="37469739" timestamp="2016-02-26T19:30:29Z" user="Thierry_la_Fronde_12" uid="161646" lat="44.7379550" lon="2.6803220"/>
 <node id="4028755847" visible="true" version="1" changeset="37469739" timestamp="2016-02-26T19:30:29Z" user="Thierry_la_Fronde_12" uid="161646" lat="44.7379630" lon="2.6803000"/>
 <node id="4028755848" visible="true" version="1" changeset="37469739" timestamp="2016-02-26T19:30:29Z" user="Thierry_la_Fronde_12" uid="161646" lat="44.7379630" lon="2.6803270"/>
 <node id="4028755850" visible="true" version="1" changeset="37469739" timestamp="2016-02-26T19:30:29Z" user="Thierry_la_Fronde_12" uid="161646" lat="44.7379700" lon="2.6802420"/>
 <node id="4028755855" visible="true" version="1" changeset="37469739" timestamp="2016-02-26T19:30:29Z" user="Thierry_la_Fronde_12" uid="161646" lat="44.7379730" lon="2.6804740"/>
 <node id="4028755857" visible="true" version="1" changeset="37469739" timestamp="2016-02-26T19:30:29Z" user="Thierry_la_Fronde_12" uid="161646" lat="44.7379870" lon="2.6803160"/>
 <node id="4028755862" visible="true" version="1" changeset="37469739" timestamp="2016-02-26T19:30:29Z" user="Thierry_la_Fronde_12" uid="161646" lat="44.7379990" lon="2.6803990"/>
 <node id="4028755892" visible="true" version="1" changeset="37469739" timestamp="2016-02-26T19:30:30Z" user="Thierry_la_Fronde_12" uid="161646" lat="44.7381220" lon="2.6829830"/>
 <node id="4028755893" visible="true" version="1" changeset="37469739" timestamp="2016-02-26T19:30:30Z" user="Thierry_la_Fronde_12" uid="161646" lat="44.7381270" lon="2.6829460"/>
 <node id="4028755900" visible="true" version="1" changeset="37469739" timestamp="2016-02-26T19:30:30Z" user="Thierry_la_Fronde_12" uid="161646" lat="44.7381710" lon="2.6830010"/>
 <node id="4028755901" visible="true" version="1" changeset="37469739" timestamp="2016-02-26T19:30:30Z" user="Thierry_la_Fronde_12" uid="161646" lat="44.7381790" lon="2.6829630"/>
 <node id="4028755907" visible="true" version="1" changeset="37469739" timestamp="2016-02-26T19:30:30Z" user="Thierry_la_Fronde_12" uid="161646" lat="44.7382020" lon="2.6797960"/>
 <node id="4028755910" visible="true" version="1" changeset="37469739" timestamp="2016-02-26T19:30:30Z" user="Thierry_la_Fronde_12" uid="161646" lat="44.7382070" lon="2.6797270"/>
 <node id="4028755912" visible="true" version="1" changeset="37469739" timestamp="2016-02-26T19:30:30Z" user="Thierry_la_Fronde_12" uid="161646" lat="44.7382260" lon="2.6798030"/>
 <node id="4028755915" visible="true" version="1" changeset="37469739" timestamp="2016-02-26T19:30:30Z" user="Thierry_la_Fronde_12" uid="161646" lat="44.7382320" lon="2.6797340"/>
 <node id="4028755941" visible="true" version="3" changeset="168606755" timestamp="2025-07-07T13:50:27Z" user="Ptigrouick" uid="195175" lat="44.7384028" lon="2.6790770"/>
 <node id="4028755942" visible="true" version="3" changeset="168606755" timestamp="2025-07-07T13:50:27Z" user="Ptigrouick" uid="195175" lat="44.7384038" lon="2.6791150"/>
 <node id="4028755946" visible="true" version="3" changeset="168606755" timestamp="2025-07-07T13:50:27Z" user="Ptigrouick" uid="195175" lat="44.7384118" lon="2.6790770"/>
 <node id="4028755947" visible="true" version="3" changeset="168606755" timestamp="2025-07-07T13:50:27Z" user="Ptigrouick" uid="195175" lat="44.7384118" lon="2.6791130"/>
 <node id="4028756080" visible="true" version="2" changeset="124332718" timestamp="2022-08-01T08:38:20Z" user="maferikotupi" uid="2115804" lat="44.7387332" lon="2.6776102"/>
 <node id="4028756091" visible="true" version="2" changeset="124332718" timestamp="2022-08-01T08:38:20Z" user="maferikotupi" uid="2115804" lat="44.7387482" lon="2.6776662"/>
 <node id="4028756131" visible="true" version="2" changeset="124332718" timestamp="2022-08-01T08:38:20Z" user="maferikotupi" uid="2115804" lat="44.7387992" lon="2.6775772"/>
 <node id="4028756151" visible="true" version="2" changeset="124332718" timestamp="2022-08-01T08:38:20Z" user="maferikotupi" uid="2115804" lat="44.7388142" lon="2.6776302"/>
 <node id="4028756289" visible="true" version="1" changeset="37469739" timestamp="2016-02-26T19:30:34Z" user="Thierry_la_Fronde_12" uid="161646" lat="44.7388340" lon="2.6809100"/>
 <node id="4028756298" visible="true" version="1" changeset="37469739" timestamp="2016-02-26T19:30:34Z" user="Thierry_la_Fronde_12" uid="161646" lat="44.7388550" lon="2.6808550"/>
 <node id="4028756311" visible="true" version="1" changeset="37469739" timestamp="2016-02-26T19:30:35Z" user="Thierry_la_Fronde_12" uid="161646" lat="44.7388720" lon="2.6809380"/>
 <node id="4028756322" visible="true" version="1" changeset="37469739" timestamp="2016-02-26T19:30:35Z" user="Thierry_la_Fronde_12" uid="161646" lat="44.7388930" lon="2.6808830"/>
 <node id="4028756513" visible="true" version="2" changeset="124332718" timestamp="2022-08-01T08:38:20Z" user="maferikotupi" uid="2115804" lat="44.7390640" lon="2.6774902"/>
 <node id="4028756514" visible="true" version="2" changeset="124332718" timestamp="2022-08-01T08:38:20Z" user="maferikotupi" uid="2115804" lat="44.7390650" lon="2.6775112"/>
 <node id="4028756533" visible="true" version="2" changeset="124332718" timestamp="2022-08-01T08:38:20Z" user="maferikotupi" uid="2115804" lat="44.7390900" lon="2.6774872"/>
 <node id="4028756534" visible="true" version="2" changeset="124332718" timestamp="2022-08-01T08:38:20Z" user="maferikotupi" uid="2115804" lat="44.7390910" lon="2.6775112"/>
 <node id="4028756607" visible="true" version="3" changeset="168606755" timestamp="2025-07-07T13:50:27Z" user="Ptigrouick" uid="195175" lat="44.7392688" lon="2.6815452"/>
 <node id="4028756618" visible="true" version="3" changeset="168606755" timestamp="2025-07-07T13:50:27Z" user="Ptigrouick" uid="195175" lat="44.7392960" lon="2.6814476"/>
 <node id="4028756626" visible="true" version="3" changeset="168606755" timestamp="2025-07-07T13:50:27Z" user="Ptigrouick" uid="195175" lat="44.7393440" lon="2.6812055"/>
 <node id="4028756630" visible="true" version="3" changeset="168606755" timestamp="2025-07-07T13:50:27Z" user="Ptigrouick" uid="195175" lat="44.7393640" lon="2.6811335"/>
 <node id="4028756631" visible="true" version="3" changeset="168606755" timestamp="2025-07-07T13:50:27Z" user="Ptigrouick" uid="195175" lat="44.7393660" lon="2.6813725"/>
 <node id="4028756632" visible="true" version="3" changeset="168606755" timestamp="2025-07-07T13:50:27Z" user="Ptigrouick" uid="195175" lat="44.7393670" lon="2.6814135"/>
 <node id="4028756635" visible="true" version="3" changeset="168606755" timestamp="2025-07-07T13:50:27Z" user="Ptigrouick" uid="195175" lat="44.7393750" lon="2.6813755"/>
 <node id="4028756638" visible="true" version="3" changeset="168606755" timestamp="2025-07-07T13:50:27Z" user="Ptigrouick" uid="195175" lat="44.7393900" lon="2.6812745"/>
 <node id="4028756642" visible="true" version="3" changeset="168606755" timestamp="2025-07-07T13:50:27Z" user="Ptigrouick" uid="195175" lat="44.7394040" lon="2.6814375"/>
 <node id="4028756644" visible="true" version="3" changeset="168606755" timestamp="2025-07-07T13:50:27Z" user="Ptigrouick" uid="195175" lat="44.7394006" lon="2.6816181"/>
 <node id="4028756650" visible="true" version="3" changeset="168606755" timestamp="2025-07-07T13:50:27Z" user="Ptigrouick" uid="195175" lat="44.7394300" lon="2.6813365"/>
 <node id="4028756652" visible="true" version="2" changeset="114663933" timestamp="2021-12-07T14:38:21Z" user="Eric V" uid="163480" lat="44.7394034" lon="2.6900083"/>
 <node id="4028756655" visible="true" version="3" changeset="168606755" timestamp="2025-07-07T13:50:27Z" user="Ptigrouick" uid="195175" lat="44.7394278" lon="2.6815205"/>
 <node id="4028756660" visible="true" version="2" changeset="114663933" timestamp="2021-12-07T14:38:21Z" user="Eric V" uid="163480" lat="44.7394391" lon="2.6901445"/>
 <node id="4028756669" visible="true" version="3" changeset="168606755" timestamp="2025-07-07T13:50:27Z" user="Ptigrouick" uid="195175" lat="44.7394980" lon="2.6814405"/>
 <node id="4028756672" visible="true" version="3" changeset="168606755" timestamp="2025-07-07T13:50:27Z" user="Ptigrouick" uid="195175" lat="44.7395140" lon="2.6813545"/>
 <node id="4028756676" visible="true" version="3" changeset="168606755" timestamp="2025-07-07T13:50:27Z" user="Ptigrouick" uid="195175" lat="44.7395220" lon="2.6814045"/>
 <node id="4028756679" visible="true" version="2" changeset="114663933" timestamp="2021-12-07T14:38:21Z" user="Eric V" uid="163480" lat="44.7395118" lon="2.6899520"/>
 <node id="4028756685" visible="true" version="2" changeset="114663933" timestamp="2021-12-07T14:38:21Z" user="Eric V" uid="163480" lat="44.7395474" lon="2.6900882"/>
 <node id="4028756687" visible="true" version="2" changeset="114663933" timestamp="2021-12-07T14:38:21Z" user="Eric V" uid="163480" lat="44.7395614" lon="2.6901307"/>
 <node id="4028756789" visible="true" version="2" changeset="114663933" timestamp="2021-12-07T14:38:21Z" user="Eric V" uid="163480" lat="44.7395789" lon="2.6902012"/>
 <node id="4028756790" visible="true" version="2" changeset="114663933" timestamp="2021-12-07T14:38:21Z" user="Eric V" uid="163480" lat="44.7395849" lon="2.6901191"/>
 <node id="4028756792" visible="true" version="2" changeset="114663933" timestamp="2021-12-07T14:38:21Z" user="Eric V" uid="163480" lat="44.7396024" lon="2.6901896"/>
 <node id="4032457660" visible="true" version="1" changeset="37516119" timestamp="2016-02-29T08:25:42Z" user="Yod4z" uid="318821" lat="44.7336561" lon="2.6977557"/>
 <node id="4032457661" visible="true" version="1" changeset="37516119" timestamp="2016-02-29T08:25:42Z" user="Yod4z" uid="318821" lat="44.7319637" lon="2.6973247"/>
 <node id="4032457662" visible="true" version="1" changeset="37516119" timestamp="2016-02-29T08:25:42Z" user="Yod4z" uid="318821" lat="44.7316980" lon="2.6973979"/>
 <node id="4032457663" visible="true" version="1" changeset="37516119" timestamp="2016-02-29T08:25:42Z" user="Yod4z" uid="318821" lat="44.7311493" lon="2.6985200"/>
 <node id="4032457664" visible="true" version="1" changeset="37516119" timestamp="2016-02-29T08:25:42Z" user="Yod4z" uid="318821" lat="44.7316345" lon="2.6987964"/>
 <node id="4032457665" visible="true" version="1" changeset="37516119" timestamp="2016-02-29T08:25:42Z" user="Yod4z" uid="318821" lat="44.7312243" lon="2.6998778"/>
 <node id="4032457666" visible="true" version="1" changeset="37516119" timestamp="2016-02-29T08:25:42Z" user="Yod4z" uid="318821" lat="44.7322410" lon="2.7016829"/>
 <node id="4032457667" visible="true" version="1" changeset="37516119" timestamp="2016-02-29T08:25:42Z" user="Yod4z" uid="318821" lat="44.7330150" lon="2.7013495"/>
 <node id="4032457668" visible="true" version="1" changeset="37516119" timestamp="2016-02-29T08:25:42Z" user="Yod4z" uid="318821" lat="44.7330034" lon="2.7015447"/>
 <node id="4032457669" visible="true" version="1" changeset="37516119" timestamp="2016-02-29T08:25:42Z" user="Yod4z" uid="318821" lat="44.7334424" lon="2.7011381"/>
 <node id="4032457670" visible="true" version="1" changeset="37516119" timestamp="2016-02-29T08:25:42Z" user="Yod4z" uid="318821" lat="44.7337948" lon="2.6998290"/>
 <node id="4032457671" visible="true" version="1" changeset="37516119" timestamp="2016-02-29T08:25:42Z" user="Yod4z" uid="318821" lat="44.7338583" lon="2.6989021"/>
 <node id="4032457708" visible="true" version="2" changeset="109759009" timestamp="2021-08-16T15:43:08Z" user="Yod4z" uid="318821" lat="44.7284618" lon="2.6833584"/>
 <node id="4032457709" visible="true" version="2" changeset="109759009" timestamp="2021-08-16T15:43:08Z" user="Yod4z" uid="318821" lat="44.7282820" lon="2.6830524"/>
 <node id="4032457710" visible="true" version="1" changeset="37516119" timestamp="2016-02-29T08:25:42Z" user="Yod4z" uid="318821" lat="44.7280257" lon="2.6829565"/>
 <node id="4032457711" visible="true" version="2" changeset="109759009" timestamp="2021-08-16T15:43:08Z" user="Yod4z" uid="318821" lat="44.7263390" lon="2.6852487"/>
 <node id="4032457712" visible="true" version="1" changeset="37516119" timestamp="2016-02-29T08:25:42Z" user="Yod4z" uid="318821" lat="44.7268823" lon="2.6860464"/>
 <node id="4032457713" visible="true" version="1" changeset="37516119" timestamp="2016-02-29T08:25:42Z" user="Yod4z" uid="318821" lat="44.7267451" lon="2.6870978"/>
 <node id="4032457714" visible="true" version="1" changeset="37516119" timestamp="2016-02-29T08:25:42Z" user="Yod4z" uid="318821" lat="44.7261277" lon="2.6876557"/>
 <node id="4032457715" visible="true" version="1" changeset="37516119" timestamp="2016-02-29T08:25:42Z" user="Yod4z" uid="318821" lat="44.7253730" lon="2.6876343"/>
 <node id="4032457716" visible="true" version="2" changeset="109759009" timestamp="2021-08-16T15:43:08Z" user="Yod4z" uid="318821" lat="44.7258765" lon="2.6881774"/>
 <node id="4032457717" visible="true" version="2" changeset="109759009" timestamp="2021-08-16T15:43:08Z" user="Yod4z" uid="318821" lat="44.7272074" lon="2.6884302"/>
 <node id="4032457718" visible="true" version="2" changeset="109759009" timestamp="2021-08-16T15:43:08Z" user="Yod4z" uid="318821" lat="44.7278451" lon="2.6872433"/>
 <node id="4032457719" visible="true" version="2" changeset="109759009" timestamp="2021-08-16T15:43:08Z" user="Yod4z" uid="318821" lat="44.7288282" lon="2.6869282"/>
 <node id="4032457720" visible="true" version="2" changeset="109759009" timestamp="2021-08-16T15:43:08Z" user="Yod4z" uid="318821" lat="44.7293470" lon="2.6863241"/>
 <node id="4032457721" visible="true" version="1" changeset="37516119" timestamp="2016-02-29T08:25:43Z" user="Yod4z" uid="318821" lat="44.7292071" lon="2.6861322"/>
 <node id="4032457722" visible="true" version="1" changeset="37516119" timestamp="2016-02-29T08:25:43Z" user="Yod4z" uid="318821" lat="44.7285973" lon="2.6865721"/>
 <node id="4032457723" visible="true" version="1" changeset="37516119" timestamp="2016-02-29T08:25:43Z" user="Yod4z" uid="318821" lat="44.7287345" lon="2.6851452"/>
 <node id="4032457724" visible="true" version="2" changeset="109759009" timestamp="2021-08-16T15:43:08Z" user="Yod4z" uid="318821" lat="44.7285558" lon="2.6852024"/>
 <node id="4032457725" visible="true" version="2" changeset="109759009" timestamp="2021-08-16T15:43:08Z" user="Yod4z" uid="318821" lat="44.7284751" lon="2.6847281"/>
 <node id="4032457726" visible="true" version="2" changeset="109759009" timestamp="2021-08-16T15:43:08Z" user="Yod4z" uid="318821" lat="44.7288320" lon="2.6841211"/>
 <node id="4504419996" visible="true" version="2" changeset="138082845" timestamp="2023-07-03T22:52:47Z" user="InfosReseaux" uid="93222" lat="44.4452452" lon="2.7116608">
  <tag k="operator" v="RTE"/>
  <tag k="operator:wikidata" v="Q2178795"/>
  <tag k="power" v="tower"/>
 </node>
 <node id="4504419997" visible="true" version="2" changeset="138082845" timestamp="2023-07-03T22:52:47Z" user="InfosReseaux" uid="93222" lat="44.4416923" lon="2.7132825">
  <tag k="operator" v="RTE"/>
  <tag k="operator:wikidata" v="Q2178795"/>
  <tag k="power" v="tower"/>
 </node>
 <node id="4563720026" visible="true" version="2" changeset="44562703" timestamp="2016-12-21T11:05:45Z" user="Yod4z" uid="318821" lat="44.7340542" lon="2.6756482"/>
 <node id="4563720030" visible="true" version="2" changeset="44562703" timestamp="2016-12-21T11:05:45Z" user="Yod4z" uid="318821" lat="44.7338661" lon="2.6754465"/>
 <node id="4563720031" visible="true" version="2" changeset="44562703" timestamp="2016-12-21T11:05:45Z" user="Yod4z" uid="318821" lat="44.7339667" lon="2.6755476"/>
 <node id="4563720038" visible="true" version="2" changeset="44562703" timestamp="2016-12-21T11:05:45Z" user="Yod4z" uid="318821" lat="44.7341881" lon="2.6756471"/>
 <node id="4563720041" visible="true" version="2" changeset="44562703" timestamp="2016-12-21T11:05:45Z" user="Yod4z" uid="318821" lat="44.7343663" lon="2.6756094"/>
 <node id="4563720045" visible="true" version="2" changeset="44562703" timestamp="2016-12-21T11:05:45Z" user="Yod4z" uid="318821" lat="44.7341188" lon="2.6756167"/>
 <node id="4563720046" visible="true" version="2" changeset="44562703" timestamp="2016-12-21T11:05:45Z" user="Yod4z" uid="318821" lat="44.7342812" lon="2.6755778"/>
 <node id="4564812065" visible="true" version="2" changeset="71073939" timestamp="2019-06-09T15:16:57Z" user="InfosReseaux" uid="93222" lat="44.7247701" lon="2.6526778"/>
 <node id="4564933504" visible="true" version="1" changeset="44562817" timestamp="2016-12-21T11:12:46Z" user="Yod4z" uid="318821" lat="44.7339259" lon="2.6773955"/>
 <node id="4564933505" visible="true" version="2" changeset="44563070" timestamp="2016-12-21T12:18:56Z" user="Thierry_la_Fronde_12" uid="161646" lat="44.7251398" lon="2.6922987"/>
 <node id="4564933506" visible="true" version="1" changeset="44562817" timestamp="2016-12-21T11:12:46Z" user="Yod4z" uid="318821" lat="44.7253128" lon="2.6916646"/>
 <node id="4564933507" visible="true" version="1" changeset="44562817" timestamp="2016-12-21T11:12:47Z" user="Yod4z" uid="318821" lat="44.7254840" lon="2.6913961"/>
 <node id="4564933508" visible="true" version="1" changeset="44562817" timestamp="2016-12-21T11:12:47Z" user="Yod4z" uid="318821" lat="44.7255550" lon="2.6908078"/>
 <node id="4564933509" visible="true" version="1" changeset="44562817" timestamp="2016-12-21T11:12:47Z" user="Yod4z" uid="318821" lat="44.7257443" lon="2.6902716"/>
 <node id="4564933510" visible="true" version="1" changeset="44562817" timestamp="2016-12-21T11:12:47Z" user="Yod4z" uid="318821" lat="44.7257111" lon="2.6898949"/>
 <node id="4564933511" visible="true" version="1" changeset="44562817" timestamp="2016-12-21T11:12:47Z" user="Yod4z" uid="318821" lat="44.7256083" lon="2.6896241"/>
 <node id="4564933512" visible="true" version="1" changeset="44562817" timestamp="2016-12-21T11:12:47Z" user="Yod4z" uid="318821" lat="44.7256831" lon="2.6894691"/>
 <node id="4564933513" visible="true" version="1" changeset="44562817" timestamp="2016-12-21T11:12:47Z" user="Yod4z" uid="318821" lat="44.7258336" lon="2.6894910"/>
 <node id="4564933514" visible="true" version="1" changeset="44562817" timestamp="2016-12-21T11:12:47Z" user="Yod4z" uid="318821" lat="44.7259727" lon="2.6892679"/>
 <node id="4564933515" visible="true" version="1" changeset="44562817" timestamp="2016-12-21T11:12:47Z" user="Yod4z" uid="318821" lat="44.7261151" lon="2.6892483"/>
 <node id="4564933516" visible="true" version="1" changeset="44562817" timestamp="2016-12-21T11:12:47Z" user="Yod4z" uid="318821" lat="44.7261497" lon="2.6891388"/>
 <node id="4564933518" visible="true" version="1" changeset="44562817" timestamp="2016-12-21T11:12:47Z" user="Yod4z" uid="318821" lat="44.7241577" lon="2.6570260"/>
 <node id="4564933519" visible="true" version="2" changeset="71073939" timestamp="2019-06-09T15:16:57Z" user="InfosReseaux" uid="93222" lat="44.7234668" lon="2.6577896"/>
 <node id="4564933520" visible="true" version="2" changeset="71073939" timestamp="2019-06-09T15:16:57Z" user="InfosReseaux" uid="93222" lat="44.7228769" lon="2.6591316"/>
 <node id="4564933521" visible="true" version="2" changeset="71073939" timestamp="2019-06-09T15:16:57Z" user="InfosReseaux" uid="93222" lat="44.7220392" lon="2.6617680"/>
 <node id="4564933522" visible="true" version="2" changeset="71073939" timestamp="2019-06-09T15:16:57Z" user="InfosReseaux" uid="93222" lat="44.7215526" lon="2.6634164"/>
 <node id="4564933523" visible="true" version="1" changeset="44562817" timestamp="2016-12-21T11:12:47Z" user="Yod4z" uid="318821" lat="44.7220101" lon="2.6650283"/>
 <node id="4564933524" visible="true" version="1" changeset="44562817" timestamp="2016-12-21T11:12:47Z" user="Yod4z" uid="318821" lat="44.7244220" lon="2.6665673"/>
 <node id="4564933525" visible="true" version="1" changeset="44562817" timestamp="2016-12-21T11:12:47Z" user="Yod4z" uid="318821" lat="44.7255319" lon="2.6675711"/>
 <node id="4564933526" visible="true" version="1" changeset="44562817" timestamp="2016-12-21T11:12:47Z" user="Yod4z" uid="318821" lat="44.7266021" lon="2.6697210"/>
 <node id="4564933527" visible="true" version="1" changeset="44562817" timestamp="2016-12-21T11:12:47Z" user="Yod4z" uid="318821" lat="44.7283370" lon="2.6713093"/>
 <node id="4564933528" visible="true" version="2" changeset="124482881" timestamp="2022-08-04T14:05:17Z" user="Thierry_la_Fronde_12" uid="161646" lat="44.7314306" lon="2.6746776"/>
 <node id="4564933529" visible="true" version="2" changeset="124482881" timestamp="2022-08-04T14:05:17Z" user="Thierry_la_Fronde_12" uid="161646" lat="44.7322861" lon="2.6751048"/>
 <node id="4564933530" visible="true" version="1" changeset="44562817" timestamp="2016-12-21T11:12:47Z" user="Yod4z" uid="318821" lat="44.7340434" lon="2.6776454"/>
 <node id="4564933531" visible="true" version="1" changeset="44562817" timestamp="2016-12-21T11:12:47Z" user="Yod4z" uid="318821" lat="44.7344445" lon="2.6783209"/>
 <node id="4564933532" visible="true" version="1" changeset="44562817" timestamp="2016-12-21T11:12:47Z" user="Yod4z" uid="318821" lat="44.7344327" lon="2.6789090"/>
 <node id="4564933533" visible="true" version="1" changeset="44562817" timestamp="2016-12-21T11:12:47Z" user="Yod4z" uid="318821" lat="44.7342409" lon="2.6795056"/>
 <node id="4564933534" visible="true" version="1" changeset="44562817" timestamp="2016-12-21T11:12:47Z" user="Yod4z" uid="318821" lat="44.7333164" lon="2.6803814"/>
 <node id="4564933535" visible="true" version="1" changeset="44562817" timestamp="2016-12-21T11:12:47Z" user="Yod4z" uid="318821" lat="44.7326293" lon="2.6806603"/>
 <node id="4564933536" visible="true" version="1" changeset="44562817" timestamp="2016-12-21T11:12:47Z" user="Yod4z" uid="318821" lat="44.7317863" lon="2.6809137"/>
 <node id="4564933537" visible="true" version="1" changeset="44562817" timestamp="2016-12-21T11:12:47Z" user="Yod4z" uid="318821" lat="44.7314495" lon="2.6815638"/>
 <node id="4564933538" visible="true" version="1" changeset="44562817" timestamp="2016-12-21T11:12:47Z" user="Yod4z" uid="318821" lat="44.7309943" lon="2.6848214"/>
 <node id="4564933539" visible="true" version="1" changeset="44562817" timestamp="2016-12-21T11:12:47Z" user="Yod4z" uid="318821" lat="44.7309672" lon="2.6849890"/>
 <node id="4564933540" visible="true" version="1" changeset="44562817" timestamp="2016-12-21T11:12:47Z" user="Yod4z" uid="318821" lat="44.7308599" lon="2.6850650"/>
 <node id="4564933541" visible="true" version="1" changeset="44562817" timestamp="2016-12-21T11:12:47Z" user="Yod4z" uid="318821" lat="44.7306397" lon="2.6851076"/>
 <node id="4564933542" visible="true" version="1" changeset="44562817" timestamp="2016-12-21T11:12:47Z" user="Yod4z" uid="318821" lat="44.7305065" lon="2.6855116"/>
 <node id="4564933543" visible="true" version="1" changeset="44562817" timestamp="2016-12-21T11:12:47Z" user="Yod4z" uid="318821" lat="44.7303782" lon="2.6857686"/>
 <node id="4564933544" visible="true" version="1" changeset="44562817" timestamp="2016-12-21T11:12:47Z" user="Yod4z" uid="318821" lat="44.7301849" lon="2.6858149"/>
 <node id="4564933545" visible="true" version="1" changeset="44562817" timestamp="2016-12-21T11:12:47Z" user="Yod4z" uid="318821" lat="44.7301213" lon="2.6861431"/>
 <node id="4564933546" visible="true" version="1" changeset="44562817" timestamp="2016-12-21T11:12:47Z" user="Yod4z" uid="318821" lat="44.7299981" lon="2.6862795"/>
 <node id="4564933547" visible="true" version="1" changeset="44562817" timestamp="2016-12-21T11:12:47Z" user="Yod4z" uid="318821" lat="44.7297831" lon="2.6862656"/>
 <node id="4564933548" visible="true" version="1" changeset="44562817" timestamp="2016-12-21T11:12:47Z" user="Yod4z" uid="318821" lat="44.7296813" lon="2.6863905"/>
 <node id="4564933549" visible="true" version="1" changeset="44562817" timestamp="2016-12-21T11:12:47Z" user="Yod4z" uid="318821" lat="44.7295738" lon="2.6863798"/>
 <node id="4564933550" visible="true" version="1" changeset="44562817" timestamp="2016-12-21T11:12:47Z" user="Yod4z" uid="318821" lat="44.7294425" lon="2.6865199"/>
 <node id="4564933551" visible="true" version="1" changeset="44562817" timestamp="2016-12-21T11:12:47Z" user="Yod4z" uid="318821" lat="44.7291478" lon="2.6868193"/>
 <node id="4564933552" visible="true" version="1" changeset="44562817" timestamp="2016-12-21T11:12:47Z" user="Yod4z" uid="318821" lat="44.7290971" lon="2.6869477"/>
 <node id="4564933553" visible="true" version="1" changeset="44562817" timestamp="2016-12-21T11:12:47Z" user="Yod4z" uid="318821" lat="44.7289977" lon="2.6869520"/>
 <node id="4564933554" visible="true" version="1" changeset="44562817" timestamp="2016-12-21T11:12:47Z" user="Yod4z" uid="318821" lat="44.7288314" lon="2.6870546"/>
 <node id="4564933555" visible="true" version="1" changeset="44562817" timestamp="2016-12-21T11:12:47Z" user="Yod4z" uid="318821" lat="44.7287645" lon="2.6871681"/>
 <node id="4564933556" visible="true" version="1" changeset="44562817" timestamp="2016-12-21T11:12:47Z" user="Yod4z" uid="318821" lat="44.7287135" lon="2.6871910"/>
 <node id="4564933557" visible="true" version="1" changeset="44562817" timestamp="2016-12-21T11:12:47Z" user="Yod4z" uid="318821" lat="44.7287401" lon="2.6871004"/>
 <node id="4564933558" visible="true" version="1" changeset="44562817" timestamp="2016-12-21T11:12:47Z" user="Yod4z" uid="318821" lat="44.7286970" lon="2.6870516"/>
 <node id="4564933559" visible="true" version="1" changeset="44562817" timestamp="2016-12-21T11:12:47Z" user="Yod4z" uid="318821" lat="44.7286087" lon="2.6871840"/>
 <node id="4564933560" visible="true" version="1" changeset="44562817" timestamp="2016-12-21T11:12:47Z" user="Yod4z" uid="318821" lat="44.7282870" lon="2.6874533"/>
 <node id="4564933561" visible="true" version="1" changeset="44562817" timestamp="2016-12-21T11:12:47Z" user="Yod4z" uid="318821" lat="44.7281392" lon="2.6874578"/>
 <node id="4564933562" visible="true" version="1" changeset="44562817" timestamp="2016-12-21T11:12:47Z" user="Yod4z" uid="318821" lat="44.7277935" lon="2.6877876"/>
 <node id="4564933563" visible="true" version="1" changeset="44562817" timestamp="2016-12-21T11:12:47Z" user="Yod4z" uid="318821" lat="44.7277083" lon="2.6880632"/>
 <node id="4564933564" visible="true" version="1" changeset="44562817" timestamp="2016-12-21T11:12:47Z" user="Yod4z" uid="318821" lat="44.7275263" lon="2.6883242"/>
 <node id="4564933565" visible="true" version="1" changeset="44562817" timestamp="2016-12-21T11:12:47Z" user="Yod4z" uid="318821" lat="44.7272503" lon="2.6886046"/>
 <node id="4564933566" visible="true" version="1" changeset="44562817" timestamp="2016-12-21T11:12:47Z" user="Yod4z" uid="318821" lat="44.7269357" lon="2.6885233"/>
 <node id="4564933567" visible="true" version="1" changeset="44562817" timestamp="2016-12-21T11:12:47Z" user="Yod4z" uid="318821" lat="44.7266057" lon="2.6887098"/>
 <node id="4565013128" visible="true" version="1" changeset="44563070" timestamp="2016-12-21T12:18:48Z" user="Thierry_la_Fronde_12" uid="161646" lat="44.7230016" lon="2.7110750"/>
 <node id="4565013298" visible="true" version="1" changeset="44563070" timestamp="2016-12-21T12:18:49Z" user="Thierry_la_Fronde_12" uid="161646" lat="44.7137536" lon="2.7201401"/>
 <node id="4565013559" visible="true" version="1" changeset="44563070" timestamp="2016-12-21T12:18:51Z" user="Thierry_la_Fronde_12" uid="161646" lat="44.7226524" lon="2.7109821"/>
 <node id="4565013701" visible="true" version="2" changeset="46371969" timestamp="2017-02-24T16:09:07Z" user="Thierry_la_Fronde_12" uid="161646" lat="44.7210295" lon="2.6996122"/>
 <node id="4703792041" visible="true" version="1" changeset="46371969" timestamp="2017-02-24T16:09:04Z" user="Thierry_la_Fronde_12" uid="161646" lat="44.7213384" lon="2.7000149"/>
 <node id="4703792042" visible="true" version="1" changeset="46371969" timestamp="2017-02-24T16:09:04Z" user="Thierry_la_Fronde_12" uid="161646" lat="44.7393869" lon="2.6972774"/>
 <node id="4703792043" visible="true" version="2" changeset="114663604" timestamp="2021-12-07T14:29:19Z" user="Eric V" uid="163480" lat="44.7394244" lon="2.6973188">
  <tag k="highway" v="give_way"/>
 </node>
 <node id="4703792044" visible="true" version="1" changeset="46371969" timestamp="2017-02-24T16:09:04Z" user="Thierry_la_Fronde_12" uid="161646" lat="44.7394267" lon="2.6974441">
  <tag k="historic" v="wayside_cross"/>
 </node>
 <node id="4703792045" visible="true" version="2" changeset="114663604" timestamp="2021-12-07T14:29:19Z" user="Eric V" uid="163480" lat="44.7395776" lon="2.6976005"/>
 <node id="4703792046" visible="true" version="1" changeset="46371969" timestamp="2017-02-24T16:09:04Z" user="Thierry_la_Fronde_12" uid="161646" lat="44.7397328" lon="2.6974001"/>
 <node id="4703792047" visible="true" version="1" changeset="46371969" timestamp="2017-02-24T16:09:04Z" user="Thierry_la_Fronde_12" uid="161646" lat="44.7399098" lon="2.6971509"/>
 <node id="4703792048" visible="true" version="1" changeset="46371969" timestamp="2017-02-24T16:09:04Z" user="Thierry_la_Fronde_12" uid="161646" lat="44.7400755" lon="2.6968603"/>
 <node id="4703792049" visible="true" version="1" changeset="46371969" timestamp="2017-02-24T16:09:04Z" user="Thierry_la_Fronde_12" uid="161646" lat="44.7402553" lon="2.6965934"/>
 <node id="4703792050" visible="true" version="1" changeset="46371969" timestamp="2017-02-24T16:09:04Z" user="Thierry_la_Fronde_12" uid="161646" lat="44.7404055" lon="2.6963344"/>
 <node id="4703792051" visible="true" version="1" changeset="46371969" timestamp="2017-02-24T16:09:04Z" user="Thierry_la_Fronde_12" uid="161646" lat="44.7405291" lon="2.6960062"/>
 <node id="4703792052" visible="true" version="1" changeset="46371969" timestamp="2017-02-24T16:09:04Z" user="Thierry_la_Fronde_12" uid="161646" lat="44.7406092" lon="2.6956938"/>
 <node id="4703792053" visible="true" version="1" changeset="46371969" timestamp="2017-02-24T16:09:04Z" user="Thierry_la_Fronde_12" uid="161646" lat="44.7406920" lon="2.6954012"/>
 <node id="4703792054" visible="true" version="1" changeset="46371969" timestamp="2017-02-24T16:09:04Z" user="Thierry_la_Fronde_12" uid="161646" lat="44.7407622" lon="2.6952054"/>
 <node id="4703792055" visible="true" version="1" changeset="46371969" timestamp="2017-02-24T16:09:04Z" user="Thierry_la_Fronde_12" uid="161646" lat="44.7408591" lon="2.6950097"/>
 <node id="4703792056" visible="true" version="1" changeset="46371969" timestamp="2017-02-24T16:09:04Z" user="Thierry_la_Fronde_12" uid="161646" lat="44.7409490" lon="2.6948396"/>
 <node id="4703792057" visible="true" version="1" changeset="46371969" timestamp="2017-02-24T16:09:04Z" user="Thierry_la_Fronde_12" uid="161646" lat="44.7410726" lon="2.6946815"/>
 <node id="4703792058" visible="true" version="1" changeset="46371969" timestamp="2017-02-24T16:09:04Z" user="Thierry_la_Fronde_12" uid="161646" lat="44.7413015" lon="2.6944086"/>
 <node id="4703792059" visible="true" version="1" changeset="46371969" timestamp="2017-02-24T16:09:04Z" user="Thierry_la_Fronde_12" uid="161646" lat="44.7413872" lon="2.6942939"/>
 <node id="4703792060" visible="true" version="1" changeset="46371969" timestamp="2017-02-24T16:09:04Z" user="Thierry_la_Fronde_12" uid="161646" lat="44.7415360" lon="2.6940626"/>
 <node id="4703792061" visible="true" version="1" changeset="46371969" timestamp="2017-02-24T16:09:04Z" user="Thierry_la_Fronde_12" uid="161646" lat="44.7417242" lon="2.6938076"/>
 <node id="4703792062" visible="true" version="1" changeset="46371969" timestamp="2017-02-24T16:09:04Z" user="Thierry_la_Fronde_12" uid="161646" lat="44.7419208" lon="2.6935308"/>
 <node id="4703792063" visible="true" version="1" changeset="46371969" timestamp="2017-02-24T16:09:04Z" user="Thierry_la_Fronde_12" uid="161646" lat="44.7420781" lon="2.6933311"/>
 <node id="4703792064" visible="true" version="1" changeset="46371969" timestamp="2017-02-24T16:09:04Z" user="Thierry_la_Fronde_12" uid="161646" lat="44.7421975" lon="2.6932164"/>
 <node id="4703792065" visible="true" version="1" changeset="46371969" timestamp="2017-02-24T16:09:04Z" user="Thierry_la_Fronde_12" uid="161646" lat="44.7423632" lon="2.6931432"/>
 <node id="4703792066" visible="true" version="1" changeset="46371969" timestamp="2017-02-24T16:09:04Z" user="Thierry_la_Fronde_12" uid="161646" lat="44.7424952" lon="2.6930800"/>
 <node id="4703792067" visible="true" version="1" changeset="46371969" timestamp="2017-02-24T16:09:04Z" user="Thierry_la_Fronde_12" uid="161646" lat="44.7426047" lon="2.6930009"/>
 <node id="4703792068" visible="true" version="1" changeset="46371969" timestamp="2017-02-24T16:09:04Z" user="Thierry_la_Fronde_12" uid="161646" lat="44.7427185" lon="2.6928961"/>
 <node id="4703792069" visible="true" version="1" changeset="46371969" timestamp="2017-02-24T16:09:04Z" user="Thierry_la_Fronde_12" uid="161646" lat="44.7428856" lon="2.6926786"/>
 <node id="4703792070" visible="true" version="1" changeset="46371969" timestamp="2017-02-24T16:09:04Z" user="Thierry_la_Fronde_12" uid="161646" lat="44.7429993" lon="2.6925659"/>
 <node id="4703792071" visible="true" version="1" changeset="46371969" timestamp="2017-02-24T16:09:04Z" user="Thierry_la_Fronde_12" uid="161646" lat="44.7431075" lon="2.6924888"/>
 <node id="4703792072" visible="true" version="1" changeset="46371969" timestamp="2017-02-24T16:09:04Z" user="Thierry_la_Fronde_12" uid="161646" lat="44.7432353" lon="2.6924038"/>
 <node id="4703792073" visible="true" version="1" changeset="46371969" timestamp="2017-02-24T16:09:04Z" user="Thierry_la_Fronde_12" uid="161646" lat="44.7433504" lon="2.6923563"/>
 <node id="4703792074" visible="true" version="1" changeset="46371969" timestamp="2017-02-24T16:09:04Z" user="Thierry_la_Fronde_12" uid="161646" lat="44.7434838" lon="2.6923326"/>
 <node id="4703792075" visible="true" version="1" changeset="46371969" timestamp="2017-02-24T16:09:04Z" user="Thierry_la_Fronde_12" uid="161646" lat="44.7436116" lon="2.6923484"/>
 <node id="4703792076" visible="true" version="1" changeset="46371969" timestamp="2017-02-24T16:09:04Z" user="Thierry_la_Fronde_12" uid="161646" lat="44.7437492" lon="2.6923880"/>
 <node id="4703792077" visible="true" version="1" changeset="46371969" timestamp="2017-02-24T16:09:04Z" user="Thierry_la_Fronde_12" uid="161646" lat="44.7438883" lon="2.6924137"/>
 <node id="4703792078" visible="true" version="1" changeset="46371969" timestamp="2017-02-24T16:09:04Z" user="Thierry_la_Fronde_12" uid="161646" lat="44.7439767" lon="2.6924157"/>
 <node id="4703792079" visible="true" version="1" changeset="46371969" timestamp="2017-02-24T16:09:04Z" user="Thierry_la_Fronde_12" uid="161646" lat="44.7440582" lon="2.6923860"/>
 <node id="4703792080" visible="true" version="1" changeset="46371969" timestamp="2017-02-24T16:09:04Z" user="Thierry_la_Fronde_12" uid="161646" lat="44.7441396" lon="2.6923425"/>
 <node id="4703792081" visible="true" version="1" changeset="46371969" timestamp="2017-02-24T16:09:04Z" user="Thierry_la_Fronde_12" uid="161646" lat="44.7442337" lon="2.6922259"/>
 <node id="4703792082" visible="true" version="1" changeset="46371969" timestamp="2017-02-24T16:09:04Z" user="Thierry_la_Fronde_12" uid="161646" lat="44.7442913" lon="2.6921171"/>
 <node id="4703792083" visible="true" version="1" changeset="46371969" timestamp="2017-02-24T16:09:04Z" user="Thierry_la_Fronde_12" uid="161646" lat="44.7443447" lon="2.6919827"/>
 <node id="4703792084" visible="true" version="1" changeset="46371969" timestamp="2017-02-24T16:09:04Z" user="Thierry_la_Fronde_12" uid="161646" lat="44.7443671" lon="2.6918937"/>
 <node id="4703792085" visible="true" version="1" changeset="46371969" timestamp="2017-02-24T16:09:04Z" user="Thierry_la_Fronde_12" uid="161646" lat="44.7443699" lon="2.6918265"/>
 <node id="4703792086" visible="true" version="1" changeset="46371969" timestamp="2017-02-24T16:09:04Z" user="Thierry_la_Fronde_12" uid="161646" lat="44.7443531" lon="2.6917592"/>
 <node id="4703792087" visible="true" version="1" changeset="46371969" timestamp="2017-02-24T16:09:04Z" user="Thierry_la_Fronde_12" uid="161646" lat="44.7443208" lon="2.6916999"/>
 <node id="4703792088" visible="true" version="1" changeset="46371969" timestamp="2017-02-24T16:09:04Z" user="Thierry_la_Fronde_12" uid="161646" lat="44.7442759" lon="2.6916742"/>
 <node id="4767747989" visible="true" version="3" changeset="135719098" timestamp="2023-05-04T22:30:42Z" user="InfosReseaux" uid="93222" lat="44.4117392" lon="2.7299725">
  <tag k="design:ref" v="B1"/>
  <tag k="line_attachment" v="suspension"/>
  <tag k="operator" v="RTE"/>
  <tag k="operator:wikidata" v="Q2178795"/>
  <tag k="power" v="tower"/>
 </node>
 <node id="4767752421" visible="true" version="3" changeset="135719098" timestamp="2023-05-04T22:30:42Z" user="InfosReseaux" uid="93222" lat="44.4147893" lon="2.7280885">
  <tag k="design:ref" v="B1"/>
  <tag k="line_attachment" v="suspension"/>
  <tag k="operator" v="RTE"/>
  <tag k="operator:wikidata" v="Q2178795"/>
  <tag k="power" v="tower"/>
 </node>
 <node id="4767757121" visible="true" version="3" changeset="135719098" timestamp="2023-05-04T22:30:42Z" user="InfosReseaux" uid="93222" lat="44.5001724" lon="2.7011528">
  <tag k="design:ref" v="B1"/>
  <tag k="line_attachment" v="suspension"/>
  <tag k="operator" v="RTE"/>
  <tag k="operator:wikidata" v="Q2178795"/>
  <tag k="power" v="tower"/>
 </node>
 <node id="4767757122" visible="true" version="3" changeset="135719098" timestamp="2023-05-04T22:30:42Z" user="InfosReseaux" uid="93222" lat="44.4702755" lon="2.7010537">
  <tag k="design:ref" v="B1"/>
  <tag k="line_attachment" v="suspension"/>
  <tag k="operator" v="RTE"/>
  <tag k="operator:wikidata" v="Q2178795"/>
  <tag k="power" v="tower"/>
 </node>
 <node id="4767757123" visible="true" version="4" changeset="135719098" timestamp="2023-05-04T22:30:42Z" user="InfosReseaux" uid="93222" lat="44.4587463" lon="2.7062225">
  <tag k="design:ref" v="B1"/>
  <tag k="line_attachment" v="suspension"/>
  <tag k="operator" v="RTE"/>
  <tag k="operator:wikidata" v="Q2178795"/>
  <tag k="power" v="tower"/>
 </node>
 <node id="4767757124" visible="true" version="4" changeset="135719098" timestamp="2023-05-04T22:30:42Z" user="InfosReseaux" uid="93222" lat="44.4555765" lon="2.7076534">
  <tag k="design:ref" v="B1"/>
  <tag k="line_attachment" v="suspension"/>
  <tag k="operator" v="RTE"/>
  <tag k="operator:wikidata" v="Q2178795"/>
  <tag k="power" v="tower"/>
 </node>
 <node id="4767757125" visible="true" version="3" changeset="135719098" timestamp="2023-05-04T22:30:42Z" user="InfosReseaux" uid="93222" lat="44.4531764" lon="2.7087029">
  <tag k="design:ref" v="B1"/>
  <tag k="line_attachment" v="suspension"/>
  <tag k="operator" v="RTE"/>
  <tag k="operator:wikidata" v="Q2178795"/>
  <tag k="power" v="tower"/>
 </node>
 <node id="4767757174" visible="true" version="3" changeset="135719098" timestamp="2023-05-04T22:30:42Z" user="InfosReseaux" uid="93222" lat="44.6093233" lon="2.7034119">
  <tag k="design:ref" v="B1"/>
  <tag k="line_attachment" v="suspension"/>
  <tag k="operator" v="RTE"/>
  <tag k="operator:wikidata" v="Q2178795"/>
  <tag k="power" v="tower"/>
 </node>
 <node id="4767757175" visible="true" version="3" changeset="135719098" timestamp="2023-05-04T22:30:42Z" user="InfosReseaux" uid="93222" lat="44.6041034" lon="2.7010867">
  <tag k="design:ref" v="B1"/>
  <tag k="line_attachment" v="suspension"/>
  <tag k="operator" v="RTE"/>
  <tag k="operator:wikidata" v="Q2178795"/>
  <tag k="power" v="tower"/>
 </node>
 <node id="4767757176" visible="true" version="3" changeset="138082845" timestamp="2023-07-03T22:52:47Z" user="InfosReseaux" uid="93222" lat="44.6040719" lon="2.7004233">
  <tag k="operator" v="RTE"/>
  <tag k="operator:wikidata" v="Q2178795"/>
  <tag k="power" v="tower"/>
 </node>
 <node id="4767757177" visible="true" version="3" changeset="135719098" timestamp="2023-05-04T22:30:42Z" user="InfosReseaux" uid="93222" lat="44.6129533" lon="2.7050008">
  <tag k="design:ref" v="B1"/>
  <tag k="line_attachment" v="suspension"/>
  <tag k="operator" v="RTE"/>
  <tag k="operator:wikidata" v="Q2178795"/>
  <tag k="power" v="tower"/>
 </node>
 <node id="4767758526" visible="true" version="3" changeset="135719098" timestamp="2023-05-04T22:30:42Z" user="InfosReseaux" uid="93222" lat="44.5912490" lon="2.6977941">
  <tag k="design:ref" v="B1"/>
  <tag k="line_attachment" v="suspension"/>
  <tag k="operator" v="RTE"/>
  <tag k="operator:wikidata" v="Q2178795"/>
  <tag k="power" v="tower"/>
 </node>
 <node id="4767760495" visible="true" version="3" changeset="138082845" timestamp="2023-07-03T22:52:47Z" user="InfosReseaux" uid="93222" lat="44.6482629" lon="2.7104312">
  <tag k="operator" v="RTE"/>
  <tag k="operator:wikidata" v="Q2178795"/>
  <tag k="power" v="tower"/>
 </node>
 <node id="4767760496" visible="true" version="3" changeset="135719098" timestamp="2023-05-04T22:30:42Z" user="InfosReseaux" uid="93222" lat="44.6414894" lon="2.7133985">
  <tag k="design:ref" v="B1"/>
  <tag k="line_attachment" v="suspension"/>
  <tag k="operator" v="RTE"/>
  <tag k="operator:wikidata" v="Q2178795"/>
  <tag k="power" v="tower"/>
 </node>
 <node id="4767762503" visible="true" version="3" changeset="138082845" timestamp="2023-07-03T22:52:47Z" user="InfosReseaux" uid="93222" lat="44.6218511" lon="2.7082593">
  <tag k="operator" v="RTE"/>
  <tag k="operator:wikidata" v="Q2178795"/>
  <tag k="power" v="tower"/>
 </node>
 <node id="4767762504" visible="true" version="4" changeset="145901245" timestamp="2024-01-04T23:50:29Z" user="Ptigrouick" uid="195175" lat="44.6216787" lon="2.7088531">
  <tag k="design:ref" v="B1"/>
  <tag k="height" v="45"/>
  <tag k="line_attachment" v="suspension"/>
  <tag k="operator" v="RTE"/>
  <tag k="operator:wikidata" v="Q2178795"/>
  <tag k="power" v="tower"/>
  <tag k="ref" v="296"/>
  <tag k="source" v="data.gouv.fr:RTE - 2023-12"/>
 </node>
 <node id="4767763121" visible="true" version="3" changeset="135719098" timestamp="2023-05-04T22:30:42Z" user="InfosReseaux" uid="93222" lat="44.6270808" lon="2.7112466">
  <tag k="design:ref" v="B1"/>
  <tag k="line_attachment" v="suspension"/>
  <tag k="operator" v="RTE"/>
  <tag k="operator:wikidata" v="Q2178795"/>
  <tag k="power" v="tower"/>
 </node>
 <node id="4767763122" visible="true" version="3" changeset="138082845" timestamp="2023-07-03T22:52:47Z" user="InfosReseaux" uid="93222" lat="44.6273643" lon="2.7106338">
  <tag k="operator" v="RTE"/>
  <tag k="operator:wikidata" v="Q2178795"/>
  <tag k="power" v="tower"/>
 </node>
 <node id="4767764231" visible="true" version="3" changeset="135719098" timestamp="2023-05-04T22:30:42Z" user="InfosReseaux" uid="93222" lat="44.6645658" lon="2.7091219">
  <tag k="design:ref" v="B1"/>
  <tag k="line_attachment" v="suspension"/>
  <tag k="operator" v="RTE"/>
  <tag k="operator:wikidata" v="Q2178795"/>
  <tag k="power" v="tower"/>
 </node>
 <node id="4767764626" visible="true" version="4" changeset="145901245" timestamp="2024-01-04T23:50:29Z" user="Ptigrouick" uid="195175" lat="44.6535827" lon="2.7111638">
  <tag k="design:ref" v="B1"/>
  <tag k="height" v="61"/>
  <tag k="line_attachment" v="suspension"/>
  <tag k="operator" v="RTE"/>
  <tag k="operator:wikidata" v="Q2178795"/>
  <tag k="power" v="tower"/>
  <tag k="ref" v="303"/>
  <tag k="source" v="data.gouv.fr:RTE - 2023-12"/>
 </node>
 <node id="4767766122" visible="true" version="3" changeset="135719098" timestamp="2023-05-04T22:30:42Z" user="InfosReseaux" uid="93222" lat="44.7518554" lon="2.6983831">
  <tag k="design:ref" v="B1"/>
  <tag k="line_attachment" v="suspension"/>
  <tag k="operator" v="RTE"/>
  <tag k="operator:wikidata" v="Q2178795"/>
  <tag k="power" v="tower"/>
 </node>
 <node id="4767766630" visible="true" version="3" changeset="135719098" timestamp="2023-05-04T22:30:42Z" user="InfosReseaux" uid="93222" lat="44.7493725" lon="2.6980317">
  <tag k="design:ref" v="B1"/>
  <tag k="line_attachment" v="suspension"/>
  <tag k="operator" v="RTE"/>
  <tag k="operator:wikidata" v="Q2178795"/>
  <tag k="power" v="tower"/>
 </node>
 <node id="4767767221" visible="true" version="3" changeset="135719098" timestamp="2023-05-04T22:30:42Z" user="InfosReseaux" uid="93222" lat="44.7367741" lon="2.6970789">
  <tag k="design:ref" v="B1"/>
  <tag k="line_attachment" v="suspension"/>
  <tag k="operator" v="RTE"/>
  <tag k="operator:wikidata" v="Q2178795"/>
  <tag k="power" v="tower"/>
 </node>
 <node id="4767769421" visible="true" version="3" changeset="135719098" timestamp="2023-05-04T22:30:42Z" user="InfosReseaux" uid="93222" lat="44.7626226" lon="2.6998768">
  <tag k="design:ref" v="B1"/>
  <tag k="line_attachment" v="suspension"/>
  <tag k="operator" v="RTE"/>
  <tag k="operator:wikidata" v="Q2178795"/>
  <tag k="power" v="tower"/>
 </node>
 <node id="4783039932" visible="true" version="3" changeset="138082845" timestamp="2023-07-03T22:52:47Z" user="InfosReseaux" uid="93222" lat="44.7062751" lon="2.7008838">
  <tag k="operator" v="RTE"/>
  <tag k="operator:wikidata" v="Q2178795"/>
  <tag k="power" v="tower"/>
 </node>
 <node id="4783040305" visible="true" version="3" changeset="138082845" timestamp="2023-07-03T22:52:47Z" user="InfosReseaux" uid="93222" lat="44.6400646" lon="2.7117579">
  <tag k="operator" v="RTE"/>
  <tag k="operator:wikidata" v="Q2178795"/>
  <tag k="power" v="tower"/>
 </node>
 <node id="4783041022" visible="true" version="3" changeset="138082845" timestamp="2023-07-03T22:52:47Z" user="InfosReseaux" uid="93222" lat="44.6152333" lon="2.7053458">
  <tag k="operator" v="RTE"/>
  <tag k="operator:wikidata" v="Q2178795"/>
  <tag k="power" v="tower"/>
 </node>
 <node id="4783041023" visible="true" version="3" changeset="138082845" timestamp="2023-07-03T22:52:47Z" user="InfosReseaux" uid="93222" lat="44.6094292" lon="2.7027785">
  <tag k="operator" v="RTE"/>
  <tag k="operator:wikidata" v="Q2178795"/>
  <tag k="power" v="tower"/>
 </node>
 <node id="6535366849" visible="true" version="1" changeset="71073939" timestamp="2019-06-09T15:16:57Z" user="InfosReseaux" uid="93222" lat="44.7243137" lon="2.6526779">
  <tag k="waterway" v="weir"/>
 </node>
 <node id="6535366860" visible="true" version="1" changeset="71073939" timestamp="2019-06-09T15:16:57Z" user="InfosReseaux" uid="93222" lat="44.7334884" lon="2.6779470"/>
 <node id="6535366861" visible="true" version="1" changeset="71073939" timestamp="2019-06-09T15:16:57Z" user="InfosReseaux" uid="93222" lat="44.7262397" lon="2.6776439"/>
 <node id="6535366862" visible="true" version="1" changeset="71073939" timestamp="2019-06-09T15:16:57Z" user="InfosReseaux" uid="93222" lat="44.7264532" lon="2.6783144"/>
 <node id="6535366863" visible="true" version="1" changeset="71073939" timestamp="2019-06-09T15:16:57Z" user="InfosReseaux" uid="93222" lat="44.7265294" lon="2.6782715"/>
 <node id="6535366864" visible="true" version="1" changeset="71073939" timestamp="2019-06-09T15:16:57Z" user="InfosReseaux" uid="93222" lat="44.7266132" lon="2.6781642"/>
 <node id="6535366865" visible="true" version="1" changeset="71073939" timestamp="2019-06-09T15:16:57Z" user="InfosReseaux" uid="93222" lat="44.7267695" lon="2.6778960"/>
 <node id="6535366866" visible="true" version="1" changeset="71073939" timestamp="2019-06-09T15:16:57Z" user="InfosReseaux" uid="93222" lat="44.7269143" lon="2.6776224"/>
 <node id="6535366867" visible="true" version="1" changeset="71073939" timestamp="2019-06-09T15:16:57Z" user="InfosReseaux" uid="93222" lat="44.7271049" lon="2.6774722"/>
 <node id="6535366868" visible="true" version="1" changeset="71073939" timestamp="2019-06-09T15:16:57Z" user="InfosReseaux" uid="93222" lat="44.7272649" lon="2.6773864"/>
 <node id="6535366869" visible="true" version="1" changeset="71073939" timestamp="2019-06-09T15:16:57Z" user="InfosReseaux" uid="93222" lat="44.7272688" lon="2.6772147"/>
 <node id="6535366870" visible="true" version="1" changeset="71073939" timestamp="2019-06-09T15:16:57Z" user="InfosReseaux" uid="93222" lat="44.7273297" lon="2.6769090"/>
 <node id="6535366871" visible="true" version="1" changeset="71073939" timestamp="2019-06-09T15:16:57Z" user="InfosReseaux" uid="93222" lat="44.7273259" lon="2.6766461"/>
 <node id="6535366872" visible="true" version="1" changeset="71073939" timestamp="2019-06-09T15:16:57Z" user="InfosReseaux" uid="93222" lat="44.7273755" lon="2.6762062"/>
 <node id="6535366873" visible="true" version="1" changeset="71073939" timestamp="2019-06-09T15:16:57Z" user="InfosReseaux" uid="93222" lat="44.7278595" lon="2.6760614"/>
 <node id="6535366874" visible="true" version="1" changeset="71073939" timestamp="2019-06-09T15:16:57Z" user="InfosReseaux" uid="93222" lat="44.7281441" lon="2.6761106"/>
 <node id="6535366875" visible="true" version="1" changeset="71073939" timestamp="2019-06-09T15:16:57Z" user="InfosReseaux" uid="93222" lat="44.7335036" lon="2.6782581"/>
 <node id="6535366876" visible="true" version="1" changeset="71073939" timestamp="2019-06-09T15:16:57Z" user="InfosReseaux" uid="93222" lat="44.7334312" lon="2.6780570"/>
 <node id="6535366877" visible="true" version="1" changeset="71073939" timestamp="2019-06-09T15:16:57Z" user="InfosReseaux" uid="93222" lat="44.7339085" lon="2.6776721"/>
 <node id="6535366878" visible="true" version="1" changeset="71073939" timestamp="2019-06-09T15:16:57Z" user="InfosReseaux" uid="93222" lat="44.7339452" lon="2.6777311"/>
 <node id="6535366879" visible="true" version="1" changeset="71073939" timestamp="2019-06-09T15:16:57Z" user="InfosReseaux" uid="93222" lat="44.7339666" lon="2.6777230"/>
 <node id="6535366880" visible="true" version="1" changeset="71073939" timestamp="2019-06-09T15:16:57Z" user="InfosReseaux" uid="93222" lat="44.7339485" lon="2.6776318"/>
 <node id="6535366881" visible="true" version="1" changeset="71073939" timestamp="2019-06-09T15:16:57Z" user="InfosReseaux" uid="93222" lat="44.7340319" lon="2.6775889"/>
 <node id="6535366882" visible="true" version="1" changeset="71073939" timestamp="2019-06-09T15:16:57Z" user="InfosReseaux" uid="93222" lat="44.7340690" lon="2.6776526"/>
 <node id="6535366883" visible="true" version="1" changeset="71073939" timestamp="2019-06-09T15:16:57Z" user="InfosReseaux" uid="93222" lat="44.7340852" lon="2.6776419"/>
 <node id="6535366884" visible="true" version="1" changeset="71073939" timestamp="2019-06-09T15:16:57Z" user="InfosReseaux" uid="93222" lat="44.7340771" lon="2.6775500"/>
 <node id="6535366885" visible="true" version="1" changeset="71073939" timestamp="2019-06-09T15:16:57Z" user="InfosReseaux" uid="93222" lat="44.7341605" lon="2.6775071"/>
 <node id="6535366886" visible="true" version="1" changeset="71073939" timestamp="2019-06-09T15:16:57Z" user="InfosReseaux" uid="93222" lat="44.7341938" lon="2.6775681"/>
 <node id="6535366887" visible="true" version="1" changeset="71073939" timestamp="2019-06-09T15:16:57Z" user="InfosReseaux" uid="93222" lat="44.7342067" lon="2.6775607"/>
 <node id="6535366888" visible="true" version="1" changeset="71073939" timestamp="2019-06-09T15:16:57Z" user="InfosReseaux" uid="93222" lat="44.7341972" lon="2.6774856"/>
 <node id="6535366889" visible="true" version="1" changeset="71073939" timestamp="2019-06-09T15:16:57Z" user="InfosReseaux" uid="93222" lat="44.7344239" lon="2.6773462"/>
 <node id="6535366890" visible="true" version="1" changeset="71073939" timestamp="2019-06-09T15:16:57Z" user="InfosReseaux" uid="93222" lat="44.7345135" lon="2.6770672"/>
 <node id="6535366891" visible="true" version="1" changeset="71073939" timestamp="2019-06-09T15:16:57Z" user="InfosReseaux" uid="93222" lat="44.7345192" lon="2.6769814"/>
 <node id="6535366892" visible="true" version="1" changeset="71073939" timestamp="2019-06-09T15:16:57Z" user="InfosReseaux" uid="93222" lat="44.7344601" lon="2.6769304"/>
 <node id="6535366893" visible="true" version="1" changeset="71073939" timestamp="2019-06-09T15:16:57Z" user="InfosReseaux" uid="93222" lat="44.7344125" lon="2.6768661"/>
 <node id="6535366894" visible="true" version="1" changeset="71073939" timestamp="2019-06-09T15:16:57Z" user="InfosReseaux" uid="93222" lat="44.7344277" lon="2.6766649"/>
 <node id="6535366895" visible="true" version="1" changeset="71073939" timestamp="2019-06-09T15:16:57Z" user="InfosReseaux" uid="93222" lat="44.7344734" lon="2.6766407"/>
 <node id="6535366896" visible="true" version="1" changeset="71073939" timestamp="2019-06-09T15:16:57Z" user="InfosReseaux" uid="93222" lat="44.7345325" lon="2.6766917"/>
 <node id="6535366897" visible="true" version="1" changeset="71073939" timestamp="2019-06-09T15:16:57Z" user="InfosReseaux" uid="93222" lat="44.7345744" lon="2.6766756"/>
 <node id="6535366898" visible="true" version="1" changeset="71073939" timestamp="2019-06-09T15:16:57Z" user="InfosReseaux" uid="93222" lat="44.7345668" lon="2.6765925"/>
 <node id="6535366899" visible="true" version="1" changeset="71073939" timestamp="2019-06-09T15:16:57Z" user="InfosReseaux" uid="93222" lat="44.7345020" lon="2.6764879"/>
 <node id="6535366900" visible="true" version="1" changeset="71073939" timestamp="2019-06-09T15:16:57Z" user="InfosReseaux" uid="93222" lat="44.7344563" lon="2.6763993"/>
 <node id="6535366901" visible="true" version="1" changeset="71073939" timestamp="2019-06-09T15:16:57Z" user="InfosReseaux" uid="93222" lat="44.7344391" lon="2.6761419"/>
 <node id="6535366902" visible="true" version="1" changeset="71073939" timestamp="2019-06-09T15:16:57Z" user="InfosReseaux" uid="93222" lat="44.7344106" lon="2.6758361"/>
 <node id="6535366903" visible="true" version="1" changeset="71073939" timestamp="2019-06-09T15:16:57Z" user="InfosReseaux" uid="93222" lat="44.7337284" lon="2.6752835"/>
 <node id="6535366904" visible="true" version="1" changeset="71073939" timestamp="2019-06-09T15:16:57Z" user="InfosReseaux" uid="93222" lat="44.7336217" lon="2.6750368"/>
 <node id="6535366905" visible="true" version="1" changeset="71073939" timestamp="2019-06-09T15:16:57Z" user="InfosReseaux" uid="93222" lat="44.7336141" lon="2.6746613"/>
 <node id="6535366906" visible="true" version="1" changeset="71073939" timestamp="2019-06-09T15:16:57Z" user="InfosReseaux" uid="93222" lat="44.7336141" lon="2.6744467"/>
 <node id="6535366907" visible="true" version="1" changeset="71073939" timestamp="2019-06-09T15:16:57Z" user="InfosReseaux" uid="93222" lat="44.7335112" lon="2.6741731"/>
 <node id="6535366908" visible="true" version="1" changeset="71073939" timestamp="2019-06-09T15:16:57Z" user="InfosReseaux" uid="93222" lat="44.7331759" lon="2.6740712"/>
 <node id="6535366909" visible="true" version="1" changeset="71073939" timestamp="2019-06-09T15:16:57Z" user="InfosReseaux" uid="93222" lat="44.7328253" lon="2.6738137"/>
 <node id="6535366910" visible="true" version="1" changeset="71073939" timestamp="2019-06-09T15:16:57Z" user="InfosReseaux" uid="93222" lat="44.7327948" lon="2.6734650"/>
 <node id="6535366911" visible="true" version="1" changeset="71073939" timestamp="2019-06-09T15:16:57Z" user="InfosReseaux" uid="93222" lat="44.7326614" lon="2.6730734"/>
 <node id="6535366912" visible="true" version="1" changeset="71073939" timestamp="2019-06-09T15:16:57Z" user="InfosReseaux" uid="93222" lat="44.7327071" lon="2.6728266"/>
 <node id="6535366913" visible="true" version="1" changeset="71073939" timestamp="2019-06-09T15:16:57Z" user="InfosReseaux" uid="93222" lat="44.7328176" lon="2.6727569"/>
 <node id="6535366914" visible="true" version="1" changeset="71073939" timestamp="2019-06-09T15:16:57Z" user="InfosReseaux" uid="93222" lat="44.7329739" lon="2.6728749"/>
 <node id="6535366915" visible="true" version="1" changeset="71073939" timestamp="2019-06-09T15:16:57Z" user="InfosReseaux" uid="93222" lat="44.7330768" lon="2.6730198"/>
 <node id="6535366916" visible="true" version="1" changeset="71073939" timestamp="2019-06-09T15:16:57Z" user="InfosReseaux" uid="93222" lat="44.7331949" lon="2.6730788"/>
 <node id="6535366917" visible="true" version="1" changeset="71073939" timestamp="2019-06-09T15:16:57Z" user="InfosReseaux" uid="93222" lat="44.7331835" lon="2.6729071"/>
 <node id="6535366918" visible="true" version="1" changeset="71073939" timestamp="2019-06-09T15:16:57Z" user="InfosReseaux" uid="93222" lat="44.7330882" lon="2.6724940"/>
 <node id="6535366919" visible="true" version="1" changeset="71073939" timestamp="2019-06-09T15:16:57Z" user="InfosReseaux" uid="93222" lat="44.7329205" lon="2.6720810"/>
 <node id="6535366920" visible="true" version="1" changeset="71073939" timestamp="2019-06-09T15:16:57Z" user="InfosReseaux" uid="93222" lat="44.7327605" lon="2.6718986"/>
 <node id="6535366921" visible="true" version="1" changeset="71073939" timestamp="2019-06-09T15:16:57Z" user="InfosReseaux" uid="93222" lat="44.7325966" lon="2.6718718"/>
 <node id="6535366922" visible="true" version="1" changeset="71073939" timestamp="2019-06-09T15:16:57Z" user="InfosReseaux" uid="93222" lat="44.7324556" lon="2.6718986"/>
 <node id="6535366923" visible="true" version="1" changeset="71073939" timestamp="2019-06-09T15:16:57Z" user="InfosReseaux" uid="93222" lat="44.7322308" lon="2.6718289"/>
 <node id="6535366924" visible="true" version="1" changeset="71073939" timestamp="2019-06-09T15:16:57Z" user="InfosReseaux" uid="93222" lat="44.7320517" lon="2.6716304"/>
 <node id="6535366925" visible="true" version="1" changeset="71073939" timestamp="2019-06-09T15:16:57Z" user="InfosReseaux" uid="93222" lat="44.7316553" lon="2.6713890"/>
 <node id="6535366926" visible="true" version="1" changeset="71073939" timestamp="2019-06-09T15:16:57Z" user="InfosReseaux" uid="93222" lat="44.7311561" lon="2.6712817"/>
 <node id="6535366927" visible="true" version="1" changeset="71073939" timestamp="2019-06-09T15:16:57Z" user="InfosReseaux" uid="93222" lat="44.7306759" lon="2.6713461"/>
 <node id="6535366928" visible="true" version="1" changeset="71073939" timestamp="2019-06-09T15:16:57Z" user="InfosReseaux" uid="93222" lat="44.7303367" lon="2.6713675"/>
 <node id="6535366929" visible="true" version="1" changeset="71073939" timestamp="2019-06-09T15:16:57Z" user="InfosReseaux" uid="93222" lat="44.7300509" lon="2.6712012"/>
 <node id="6535366930" visible="true" version="1" changeset="71073939" timestamp="2019-06-09T15:16:57Z" user="InfosReseaux" uid="93222" lat="44.7298565" lon="2.6707882"/>
 <node id="6535366931" visible="true" version="1" changeset="71073939" timestamp="2019-06-09T15:16:57Z" user="InfosReseaux" uid="93222" lat="44.7298680" lon="2.6705253"/>
 <node id="6535366932" visible="true" version="1" changeset="71073939" timestamp="2019-06-09T15:16:57Z" user="InfosReseaux" uid="93222" lat="44.7299289" lon="2.6703590"/>
 <node id="6535366933" visible="true" version="1" changeset="71073939" timestamp="2019-06-09T15:16:57Z" user="InfosReseaux" uid="93222" lat="44.7300356" lon="2.6702678"/>
 <node id="6535366934" visible="true" version="1" changeset="71073939" timestamp="2019-06-09T15:16:57Z" user="InfosReseaux" uid="93222" lat="44.7301690" lon="2.6703483"/>
 <node id="6535366935" visible="true" version="1" changeset="71073939" timestamp="2019-06-09T15:16:57Z" user="InfosReseaux" uid="93222" lat="44.7303253" lon="2.6705521"/>
 <node id="6535366936" visible="true" version="1" changeset="71073939" timestamp="2019-06-09T15:16:57Z" user="InfosReseaux" uid="93222" lat="44.7303786" lon="2.6704019"/>
 <node id="6535366937" visible="true" version="1" changeset="71073939" timestamp="2019-06-09T15:16:57Z" user="InfosReseaux" uid="93222" lat="44.7303443" lon="2.6700693"/>
 <node id="6535366938" visible="true" version="1" changeset="71073939" timestamp="2019-06-09T15:16:57Z" user="InfosReseaux" uid="93222" lat="44.7301728" lon="2.6695168"/>
 <node id="6535366939" visible="true" version="1" changeset="71073939" timestamp="2019-06-09T15:16:57Z" user="InfosReseaux" uid="93222" lat="44.7299670" lon="2.6694524"/>
 <node id="6535366940" visible="true" version="1" changeset="71073939" timestamp="2019-06-09T15:16:57Z" user="InfosReseaux" uid="93222" lat="44.7296279" lon="2.6694256"/>
 <node id="6535366941" visible="true" version="1" changeset="71073939" timestamp="2019-06-09T15:16:57Z" user="InfosReseaux" uid="93222" lat="44.7293801" lon="2.6694846"/>
 <node id="6535366942" visible="true" version="1" changeset="71073939" timestamp="2019-06-09T15:16:57Z" user="InfosReseaux" uid="93222" lat="44.7293230" lon="2.6696509"/>
 <node id="6535366943" visible="true" version="1" changeset="71073939" timestamp="2019-06-09T15:16:57Z" user="InfosReseaux" uid="93222" lat="44.7293268" lon="2.6698065"/>
 <node id="6535366944" visible="true" version="1" changeset="71073939" timestamp="2019-06-09T15:16:57Z" user="InfosReseaux" uid="93222" lat="44.7291248" lon="2.6699245"/>
 <node id="6535366945" visible="true" version="1" changeset="71073939" timestamp="2019-06-09T15:16:57Z" user="InfosReseaux" uid="93222" lat="44.7286065" lon="2.6699701"/>
 <node id="6535366946" visible="true" version="1" changeset="71073939" timestamp="2019-06-09T15:16:57Z" user="InfosReseaux" uid="93222" lat="44.7281663" lon="2.6698869"/>
 <node id="6535366947" visible="true" version="1" changeset="71073939" timestamp="2019-06-09T15:16:57Z" user="InfosReseaux" uid="93222" lat="44.7275470" lon="2.6694632"/>
 <node id="6535366948" visible="true" version="1" changeset="71073939" timestamp="2019-06-09T15:16:57Z" user="InfosReseaux" uid="93222" lat="44.7273793" lon="2.6691198"/>
 <node id="6535366949" visible="true" version="1" changeset="71073939" timestamp="2019-06-09T15:16:57Z" user="InfosReseaux" uid="93222" lat="44.7271163" lon="2.6688784"/>
 <node id="6535366950" visible="true" version="1" changeset="71073939" timestamp="2019-06-09T15:16:57Z" user="InfosReseaux" uid="93222" lat="44.7270591" lon="2.6686585"/>
 <node id="6535366951" visible="true" version="1" changeset="71073939" timestamp="2019-06-09T15:16:57Z" user="InfosReseaux" uid="93222" lat="44.7271506" lon="2.6682937"/>
 <node id="6535366952" visible="true" version="1" changeset="71073939" timestamp="2019-06-09T15:16:57Z" user="InfosReseaux" uid="93222" lat="44.7272497" lon="2.6681542"/>
 <node id="6535366953" visible="true" version="1" changeset="71073939" timestamp="2019-06-09T15:16:57Z" user="InfosReseaux" uid="93222" lat="44.7274022" lon="2.6680201"/>
 <node id="6535366954" visible="true" version="1" changeset="71073939" timestamp="2019-06-09T15:16:57Z" user="InfosReseaux" uid="93222" lat="44.7275470" lon="2.6677841"/>
 <node id="6535366955" visible="true" version="1" changeset="71073939" timestamp="2019-06-09T15:16:57Z" user="InfosReseaux" uid="93222" lat="44.7277642" lon="2.6676017"/>
 <node id="6535366956" visible="true" version="1" changeset="71073939" timestamp="2019-06-09T15:16:57Z" user="InfosReseaux" uid="93222" lat="44.7279853" lon="2.6675159"/>
 <node id="6535366957" visible="true" version="1" changeset="71073939" timestamp="2019-06-09T15:16:57Z" user="InfosReseaux" uid="93222" lat="44.7282597" lon="2.6674622"/>
 <node id="6535366958" visible="true" version="1" changeset="71073939" timestamp="2019-06-09T15:16:57Z" user="InfosReseaux" uid="93222" lat="44.7284655" lon="2.6673657"/>
 <node id="6535366959" visible="true" version="1" changeset="71073939" timestamp="2019-06-09T15:16:57Z" user="InfosReseaux" uid="93222" lat="44.7279052" lon="2.6658583"/>
 <node id="6535366960" visible="true" version="1" changeset="71073939" timestamp="2019-06-09T15:16:57Z" user="InfosReseaux" uid="93222" lat="44.7278443" lon="2.6658636"/>
 <node id="6535366961" visible="true" version="1" changeset="71073939" timestamp="2019-06-09T15:16:57Z" user="InfosReseaux" uid="93222" lat="44.7277985" lon="2.6659387"/>
 <node id="6535366962" visible="true" version="1" changeset="71073939" timestamp="2019-06-09T15:16:57Z" user="InfosReseaux" uid="93222" lat="44.7276613" lon="2.6660728"/>
 <node id="6535366963" visible="true" version="1" changeset="71073939" timestamp="2019-06-09T15:16:57Z" user="InfosReseaux" uid="93222" lat="44.7275051" lon="2.6661962"/>
 <node id="6535366964" visible="true" version="1" changeset="71073939" timestamp="2019-06-09T15:16:57Z" user="InfosReseaux" uid="93222" lat="44.7273107" lon="2.6663357"/>
 <node id="6535366965" visible="true" version="1" changeset="71073939" timestamp="2019-06-09T15:16:57Z" user="InfosReseaux" uid="93222" lat="44.7270591" lon="2.6666307"/>
 <node id="6535366966" visible="true" version="1" changeset="71073939" timestamp="2019-06-09T15:16:57Z" user="InfosReseaux" uid="93222" lat="44.7268762" lon="2.6666897"/>
 <node id="6535366967" visible="true" version="1" changeset="71073939" timestamp="2019-06-09T15:16:57Z" user="InfosReseaux" uid="93222" lat="44.7266361" lon="2.6665610"/>
 <node id="6535366968" visible="true" version="1" changeset="71073939" timestamp="2019-06-09T15:16:57Z" user="InfosReseaux" uid="93222" lat="44.7264303" lon="2.6661855"/>
 <node id="6535366969" visible="true" version="1" changeset="71073939" timestamp="2019-06-09T15:16:57Z" user="InfosReseaux" uid="93222" lat="44.7261330" lon="2.6659870"/>
 <node id="6535366970" visible="true" version="1" changeset="71073939" timestamp="2019-06-09T15:16:57Z" user="InfosReseaux" uid="93222" lat="44.7258776" lon="2.6658475"/>
 <node id="6535366971" visible="true" version="1" changeset="71073939" timestamp="2019-06-09T15:16:57Z" user="InfosReseaux" uid="93222" lat="44.7255804" lon="2.6657671"/>
 <node id="6535366972" visible="true" version="1" changeset="71073939" timestamp="2019-06-09T15:16:57Z" user="InfosReseaux" uid="93222" lat="44.7253441" lon="2.6655686"/>
 <node id="6535366973" visible="true" version="1" changeset="71073939" timestamp="2019-06-09T15:16:57Z" user="InfosReseaux" uid="93222" lat="44.7252297" lon="2.6651663"/>
 <node id="6535366974" visible="true" version="1" changeset="71073939" timestamp="2019-06-09T15:16:57Z" user="InfosReseaux" uid="93222" lat="44.7252259" lon="2.6648551"/>
 <node id="6535366975" visible="true" version="1" changeset="71073939" timestamp="2019-06-09T15:16:57Z" user="InfosReseaux" uid="93222" lat="44.7252450" lon="2.6645011"/>
 <node id="6535366976" visible="true" version="1" changeset="71073939" timestamp="2019-06-09T15:16:57Z" user="InfosReseaux" uid="93222" lat="44.7251611" lon="2.6643133"/>
 <node id="6535366977" visible="true" version="1" changeset="71073939" timestamp="2019-06-09T15:16:57Z" user="InfosReseaux" uid="93222" lat="44.7249019" lon="2.6641846"/>
 <node id="6535366978" visible="true" version="1" changeset="71073939" timestamp="2019-06-09T15:16:57Z" user="InfosReseaux" uid="93222" lat="44.7247342" lon="2.6642597"/>
 <node id="6535366979" visible="true" version="1" changeset="71073939" timestamp="2019-06-09T15:16:57Z" user="InfosReseaux" uid="93222" lat="44.7245665" lon="2.6642704"/>
 <node id="6535366980" visible="true" version="1" changeset="71073939" timestamp="2019-06-09T15:16:57Z" user="InfosReseaux" uid="93222" lat="44.7243988" lon="2.6640987"/>
 <node id="6535366981" visible="true" version="1" changeset="71073939" timestamp="2019-06-09T15:16:57Z" user="InfosReseaux" uid="93222" lat="44.7241892" lon="2.6640719"/>
 <node id="6535366982" visible="true" version="1" changeset="71073939" timestamp="2019-06-09T15:16:57Z" user="InfosReseaux" uid="93222" lat="44.7239796" lon="2.6641577"/>
 <node id="6535366983" visible="true" version="1" changeset="71073939" timestamp="2019-06-09T15:16:57Z" user="InfosReseaux" uid="93222" lat="44.7237090" lon="2.6641899"/>
 <node id="6535366984" visible="true" version="1" changeset="71073939" timestamp="2019-06-09T15:16:57Z" user="InfosReseaux" uid="93222" lat="44.7234688" lon="2.6640558"/>
 <node id="6535366985" visible="true" version="1" changeset="71073939" timestamp="2019-06-09T15:16:57Z" user="InfosReseaux" uid="93222" lat="44.7232859" lon="2.6638788"/>
 <node id="6535366986" visible="true" version="1" changeset="71073939" timestamp="2019-06-09T15:16:57Z" user="InfosReseaux" uid="93222" lat="44.7232478" lon="2.6636481"/>
 <node id="6535366987" visible="true" version="1" changeset="71073939" timestamp="2019-06-09T15:16:57Z" user="InfosReseaux" uid="93222" lat="44.7232897" lon="2.6634872"/>
 <node id="6535366988" visible="true" version="1" changeset="71073939" timestamp="2019-06-09T15:16:57Z" user="InfosReseaux" uid="93222" lat="44.7233812" lon="2.6632726"/>
 <node id="6535366989" visible="true" version="1" changeset="71073939" timestamp="2019-06-09T15:16:57Z" user="InfosReseaux" uid="93222" lat="44.7233621" lon="2.6631707"/>
 <node id="6535366990" visible="true" version="1" changeset="71073939" timestamp="2019-06-09T15:16:57Z" user="InfosReseaux" uid="93222" lat="44.7232097" lon="2.6630741"/>
 <node id="6535366991" visible="true" version="1" changeset="71073939" timestamp="2019-06-09T15:16:57Z" user="InfosReseaux" uid="93222" lat="44.7232020" lon="2.6629078"/>
 <node id="6535366992" visible="true" version="1" changeset="71073939" timestamp="2019-06-09T15:16:57Z" user="InfosReseaux" uid="93222" lat="44.7231525" lon="2.6626396"/>
 <node id="6535366993" visible="true" version="1" changeset="71073939" timestamp="2019-06-09T15:16:57Z" user="InfosReseaux" uid="93222" lat="44.7230343" lon="2.6623553"/>
 <node id="6535366994" visible="true" version="1" changeset="71073939" timestamp="2019-06-09T15:16:57Z" user="InfosReseaux" uid="93222" lat="44.7230267" lon="2.6621729"/>
 <node id="6535366995" visible="true" version="1" changeset="71073939" timestamp="2019-06-09T15:16:57Z" user="InfosReseaux" uid="93222" lat="44.7231563" lon="2.6621246"/>
 <node id="6535366996" visible="true" version="1" changeset="71073939" timestamp="2019-06-09T15:16:57Z" user="InfosReseaux" uid="93222" lat="44.7234803" lon="2.6620817"/>
 <node id="6535366997" visible="true" version="1" changeset="71073939" timestamp="2019-06-09T15:16:57Z" user="InfosReseaux" uid="93222" lat="44.7236670" lon="2.6620442"/>
 <node id="6535366998" visible="true" version="1" changeset="71073939" timestamp="2019-06-09T15:16:57Z" user="InfosReseaux" uid="93222" lat="44.7238500" lon="2.6618779"/>
 <node id="6535366999" visible="true" version="1" changeset="71073939" timestamp="2019-06-09T15:16:57Z" user="InfosReseaux" uid="93222" lat="44.7241663" lon="2.6617706"/>
 <node id="6535367000" visible="true" version="1" changeset="71073939" timestamp="2019-06-09T15:16:57Z" user="InfosReseaux" uid="93222" lat="44.7243226" lon="2.6617008"/>
 <node id="6535367001" visible="true" version="1" changeset="71073939" timestamp="2019-06-09T15:16:57Z" user="InfosReseaux" uid="93222" lat="44.7245513" lon="2.6617920"/>
 <node id="6535367002" visible="true" version="1" changeset="71073939" timestamp="2019-06-09T15:16:57Z" user="InfosReseaux" uid="93222" lat="44.7246999" lon="2.6618349"/>
 <node id="6535367003" visible="true" version="1" changeset="71073939" timestamp="2019-06-09T15:16:57Z" user="InfosReseaux" uid="93222" lat="44.7249324" lon="2.6618510"/>
 <node id="6535367004" visible="true" version="1" changeset="71073939" timestamp="2019-06-09T15:16:57Z" user="InfosReseaux" uid="93222" lat="44.7252602" lon="2.6619744"/>
 <node id="6535367005" visible="true" version="1" changeset="71073939" timestamp="2019-06-09T15:16:57Z" user="InfosReseaux" uid="93222" lat="44.7255689" lon="2.6622212"/>
 <node id="6535367006" visible="true" version="1" changeset="71073939" timestamp="2019-06-09T15:16:57Z" user="InfosReseaux" uid="93222" lat="44.7256490" lon="2.6623660"/>
 <node id="6535367007" visible="true" version="1" changeset="71073939" timestamp="2019-06-09T15:16:57Z" user="InfosReseaux" uid="93222" lat="44.7256909" lon="2.6625967"/>
 <node id="6535367008" visible="true" version="1" changeset="71073939" timestamp="2019-06-09T15:16:57Z" user="InfosReseaux" uid="93222" lat="44.7258243" lon="2.6627523"/>
 <node id="6535367009" visible="true" version="1" changeset="71073939" timestamp="2019-06-09T15:16:57Z" user="InfosReseaux" uid="93222" lat="44.7260034" lon="2.6627952"/>
 <node id="6535367010" visible="true" version="1" changeset="71073939" timestamp="2019-06-09T15:16:57Z" user="InfosReseaux" uid="93222" lat="44.7261673" lon="2.6627093"/>
 <node id="6535367011" visible="true" version="1" changeset="71073939" timestamp="2019-06-09T15:16:57Z" user="InfosReseaux" uid="93222" lat="44.7263464" lon="2.6626182"/>
 <node id="6535367012" visible="true" version="1" changeset="71073939" timestamp="2019-06-09T15:16:57Z" user="InfosReseaux" uid="93222" lat="44.7265484" lon="2.6626342"/>
 <node id="6535367013" visible="true" version="1" changeset="71073939" timestamp="2019-06-09T15:16:57Z" user="InfosReseaux" uid="93222" lat="44.7267314" lon="2.6627576"/>
 <node id="6535367014" visible="true" version="1" changeset="71073939" timestamp="2019-06-09T15:16:57Z" user="InfosReseaux" uid="93222" lat="44.7269562" lon="2.6593834"/>
 <node id="6535367015" visible="true" version="1" changeset="71073939" timestamp="2019-06-09T15:16:57Z" user="InfosReseaux" uid="93222" lat="44.7269219" lon="2.6591876"/>
 <node id="6535367016" visible="true" version="1" changeset="71073939" timestamp="2019-06-09T15:16:57Z" user="InfosReseaux" uid="93222" lat="44.7269581" lon="2.6596811"/>
 <node id="6535367018" visible="true" version="1" changeset="71073939" timestamp="2019-06-09T15:16:57Z" user="InfosReseaux" uid="93222" lat="44.7242826" lon="2.6526779"/>
 <node id="7612211243" visible="true" version="1" changeset="86516588" timestamp="2020-06-11T11:57:58Z" user="jcphal" uid="387627" lat="44.7359996" lon="2.7280305"/>
 <node id="7612211244" visible="true" version="1" changeset="86516588" timestamp="2020-06-11T11:57:58Z" user="jcphal" uid="387627" lat="44.7366503" lon="2.7277650"/>
 <node id="7612211245" visible="true" version="1" changeset="86516588" timestamp="2020-06-11T11:57:58Z" user="jcphal" uid="387627" lat="44.7371933" lon="2.7282397"/>
 <node id="7980921540" visible="true" version="1" changeset="92042899" timestamp="2020-10-06T10:54:03Z" user="rvilleglas" uid="3318566" lat="44.7362368" lon="2.6773462">
  <tag k="leisure" v="picnic_table"/>
 </node>
 <node id="7980921541" visible="true" version="1" changeset="92042899" timestamp="2020-10-06T10:54:03Z" user="rvilleglas" uid="3318566" lat="44.7361797" lon="2.6773033">
  <tag k="leisure" v="picnic_table"/>
 </node>
 <node id="7980921542" visible="true" version="1" changeset="92042899" timestamp="2020-10-06T10:54:03Z" user="rvilleglas" uid="3318566" lat="44.7357224" lon="2.6771624">
  <tag k="leisure" v="picnic_table"/>
 </node>
 <node id="7980921543" visible="true" version="1" changeset="92042899" timestamp="2020-10-06T10:54:03Z" user="rvilleglas" uid="3318566" lat="44.7359091" lon="2.6771517">
  <tag k="leisure" v="picnic_table"/>
 </node>
 <node id="7980921544" visible="true" version="1" changeset="92042899" timestamp="2020-10-06T10:54:03Z" user="rvilleglas" uid="3318566" lat="44.7357510" lon="2.6771530">
  <tag k="amenity" v="bbq"/>
  <tag k="fuel" v="charcoal"/>
 </node>
 <node id="7980921545" visible="true" version="1" changeset="92042899" timestamp="2020-10-06T10:54:03Z" user="rvilleglas" uid="3318566" lat="44.7358729" lon="2.6771396">
  <tag k="amenity" v="bbq"/>
  <tag k="fuel" v="charcoal"/>
 </node>
 <node id="7980921546" visible="true" version="1" changeset="92042899" timestamp="2020-10-06T10:54:03Z" user="rvilleglas" uid="3318566" lat="44.7361935" lon="2.6773415">
  <tag k="amenity" v="bbq"/>
  <tag k="fuel" v="charcoal"/>
 </node>
 <node id="7980921547" visible="true" version="1" changeset="92042899" timestamp="2020-10-06T10:54:03Z" user="rvilleglas" uid="3318566" lat="44.7362097" lon="2.6773515">
  <tag k="amenity" v="bbq"/>
  <tag k="fuel" v="charcoal"/>
 </node>
 <node id="7980921548" visible="true" version="3" changeset="187995760" timestamp="2026-08-25T15:16:46Z" user="Yod4z" uid="318821" lat="44.7324490" lon="2.6816795"/>
 <node id="7980921549" visible="true" version="1" changeset="92042899" timestamp="2020-10-06T10:54:03Z" user="rvilleglas" uid="3318566" lat="44.7352051" lon="2.6824524"/>
 <node id="7980921550" visible="true" version="1" changeset="92042899" timestamp="2020-10-06T10:54:03Z" user="rvilleglas" uid="3318566" lat="44.7351198" lon="2.6825000"/>
 <node id="7980921551" visible="true" version="1" changeset="92042899" timestamp="2020-10-06T10:54:03Z" user="rvilleglas" uid="3318566" lat="44.7350289" lon="2.6825275"/>
 <node id="7980921552" visible="true" version="1" changeset="92042899" timestamp="2020-10-06T10:54:03Z" user="rvilleglas" uid="3318566" lat="44.7347897" lon="2.6826134"/>
 <node id="7980921553" visible="true" version="1" changeset="92042899" timestamp="2020-10-06T10:54:03Z" user="rvilleglas" uid="3318566" lat="44.7344987" lon="2.6828467"/>
 <node id="7980921554" visible="true" version="1" changeset="92042899" timestamp="2020-10-06T10:54:03Z" user="rvilleglas" uid="3318566" lat="44.7345401" lon="2.6827984"/>
 <node id="7980921555" visible="true" version="1" changeset="92042899" timestamp="2020-10-06T10:54:03Z" user="rvilleglas" uid="3318566" lat="44.7346816" lon="2.6826697"/>
 <node id="7980921556" visible="true" version="1" changeset="92042899" timestamp="2020-10-06T10:54:03Z" user="rvilleglas" uid="3318566" lat="44.7342750" lon="2.6828836"/>
 <node id="7980921557" visible="true" version="1" changeset="92042899" timestamp="2020-10-06T10:54:03Z" user="rvilleglas" uid="3318566" lat="44.7343239" lon="2.6829024"/>
 <node id="7980921558" visible="true" version="1" changeset="92042899" timestamp="2020-10-06T10:54:03Z" user="rvilleglas" uid="3318566" lat="44.7344144" lon="2.6829044"/>
 <node id="7980921559" visible="true" version="1" changeset="92042899" timestamp="2020-10-06T10:54:03Z" user="rvilleglas" uid="3318566" lat="44.7344520" lon="2.6828822"/>
 <node id="7980921560" visible="true" version="1" changeset="92042899" timestamp="2020-10-06T10:54:03Z" user="rvilleglas" uid="3318566" lat="44.7342210" lon="2.6826549"/>
 <node id="7980921561" visible="true" version="1" changeset="92042899" timestamp="2020-10-06T10:54:03Z" user="rvilleglas" uid="3318566" lat="44.7341138" lon="2.6823793"/>
 <node id="7980921562" visible="true" version="1" changeset="92042899" timestamp="2020-10-06T10:54:03Z" user="rvilleglas" uid="3318566" lat="44.7338885" lon="2.6819864"/>
 <node id="7980921563" visible="true" version="1" changeset="92042899" timestamp="2020-10-06T10:54:03Z" user="rvilleglas" uid="3318566" lat="44.7339761" lon="2.6820776"/>
 <node id="7980921564" visible="true" version="1" changeset="92042899" timestamp="2020-10-06T10:54:03Z" user="rvilleglas" uid="3318566" lat="44.7334412" lon="2.6818295"/>
 <node id="7980921565" visible="true" version="1" changeset="92042899" timestamp="2020-10-06T10:54:03Z" user="rvilleglas" uid="3318566" lat="44.7327567" lon="2.6790735"/>
 <node id="7980921566" visible="true" version="1" changeset="92042899" timestamp="2020-10-06T10:54:03Z" user="rvilleglas" uid="3318566" lat="44.7330930" lon="2.6789890"/>
 <node id="7980921567" visible="true" version="1" changeset="92042899" timestamp="2020-10-06T10:54:03Z" user="rvilleglas" uid="3318566" lat="44.7333988" lon="2.6789045"/>
 <node id="7980921568" visible="true" version="1" changeset="92042899" timestamp="2020-10-06T10:54:03Z" user="rvilleglas" uid="3318566" lat="44.7334693" lon="2.6788335"/>
 <node id="7980921569" visible="true" version="1" changeset="92042899" timestamp="2020-10-06T10:54:03Z" user="rvilleglas" uid="3318566" lat="44.7335331" lon="2.6786926"/>
 <node id="7980921570" visible="true" version="1" changeset="92042899" timestamp="2020-10-06T10:54:03Z" user="rvilleglas" uid="3318566" lat="44.7336093" lon="2.6783654"/>
 <node id="7980921571" visible="true" version="1" changeset="92042899" timestamp="2020-10-06T10:54:03Z" user="rvilleglas" uid="3318566" lat="44.7360701" lon="2.6778746"/>
 <node id="7980921572" visible="true" version="1" changeset="92042899" timestamp="2020-10-06T10:54:03Z" user="rvilleglas" uid="3318566" lat="44.7361092" lon="2.6778652"/>
 <node id="7980921573" visible="true" version="1" changeset="92042899" timestamp="2020-10-06T10:54:03Z" user="rvilleglas" uid="3318566" lat="44.7360949" lon="2.6778330"/>
 <node id="7980921574" visible="true" version="1" changeset="92042899" timestamp="2020-10-06T10:54:03Z" user="rvilleglas" uid="3318566" lat="44.7360654" lon="2.6777861"/>
 <node id="7980921575" visible="true" version="1" changeset="92042899" timestamp="2020-10-06T10:54:03Z" user="rvilleglas" uid="3318566" lat="44.7360282" lon="2.6777230"/>
 <node id="7980921576" visible="true" version="1" changeset="92042899" timestamp="2020-10-06T10:54:03Z" user="rvilleglas" uid="3318566" lat="44.7360025" lon="2.6776439"/>
 <node id="7980921577" visible="true" version="1" changeset="92042899" timestamp="2020-10-06T10:54:03Z" user="rvilleglas" uid="3318566" lat="44.7360063" lon="2.6775996"/>
 <node id="7980921578" visible="true" version="1" changeset="92042899" timestamp="2020-10-06T10:54:03Z" user="rvilleglas" uid="3318566" lat="44.7360177" lon="2.6775447"/>
 <node id="7980921579" visible="true" version="1" changeset="92042899" timestamp="2020-10-06T10:54:03Z" user="rvilleglas" uid="3318566" lat="44.7360463" lon="2.6775058"/>
 <node id="7980921580" visible="true" version="1" changeset="92042899" timestamp="2020-10-06T10:54:03Z" user="rvilleglas" uid="3318566" lat="44.7360968" lon="2.6774696"/>
 <node id="7980921581" visible="true" version="1" changeset="92042899" timestamp="2020-10-06T10:54:03Z" user="rvilleglas" uid="3318566" lat="44.7361216" lon="2.6774400"/>
 <node id="7980921582" visible="true" version="1" changeset="92042899" timestamp="2020-10-06T10:54:03Z" user="rvilleglas" uid="3318566" lat="44.7360958" lon="2.6773113"/>
 <node id="7980921583" visible="true" version="1" changeset="92042899" timestamp="2020-10-06T10:54:03Z" user="rvilleglas" uid="3318566" lat="44.7360425" lon="2.6772724"/>
 <node id="7980959748" visible="true" version="1" changeset="92043054" timestamp="2020-10-06T10:55:47Z" user="rvilleglas" uid="3318566" lat="44.7325242" lon="2.6784995">
  <tag k="leisure" v="picnic_table"/>
 </node>
 <node id="7981280088" visible="true" version="1" changeset="92049901" timestamp="2020-10-06T12:28:28Z" user="rvilleglas" uid="3318566" lat="44.7361985" lon="2.6773539">
  <tag k="amenity" v="drinking_water"/>
 </node>
 <node id="7981280089" visible="true" version="1" changeset="92049901" timestamp="2020-10-06T12:28:28Z" user="rvilleglas" uid="3318566" lat="44.7360268" lon="2.6783379">
  <tag k="amenity" v="shower"/>
 </node>
 <node id="7981280090" visible="true" version="1" changeset="92049901" timestamp="2020-10-06T12:28:28Z" user="rvilleglas" uid="3318566" lat="44.7360320" lon="2.6782085">
  <tag k="amenity" v="toilets"/>
 </node>
 <node id="7981280091" visible="true" version="1" changeset="92049901" timestamp="2020-10-06T12:28:28Z" user="rvilleglas" uid="3318566" lat="44.7353328" lon="2.6822881"/>
 <node id="7981280092" visible="true" version="1" changeset="92049901" timestamp="2020-10-06T12:28:28Z" user="rvilleglas" uid="3318566" lat="44.7354290" lon="2.6819193"/>
 <node id="7981280093" visible="true" version="1" changeset="92049901" timestamp="2020-10-06T12:28:28Z" user="rvilleglas" uid="3318566" lat="44.7354395" lon="2.6818120"/>
 <node id="7981280094" visible="true" version="1" changeset="92049901" timestamp="2020-10-06T12:28:28Z" user="rvilleglas" uid="3318566" lat="44.7357148" lon="2.6807767"/>
 <node id="7981280095" visible="true" version="1" changeset="92049901" timestamp="2020-10-06T12:28:28Z" user="rvilleglas" uid="3318566" lat="44.7357043" lon="2.6807231"/>
 <node id="7981280096" visible="true" version="1" changeset="92049901" timestamp="2020-10-06T12:28:28Z" user="rvilleglas" uid="3318566" lat="44.7356071" lon="2.6804119"/>
 <node id="7981280097" visible="true" version="1" changeset="92049901" timestamp="2020-10-06T12:28:28Z" user="rvilleglas" uid="3318566" lat="44.7353937" lon="2.6799399"/>
 <node id="7981280098" visible="true" version="1" changeset="92049901" timestamp="2020-10-06T12:28:28Z" user="rvilleglas" uid="3318566" lat="44.7354013" lon="2.6800378"/>
 <node id="7981280099" visible="true" version="1" changeset="92049901" timestamp="2020-10-06T12:28:28Z" user="rvilleglas" uid="3318566" lat="44.7356529" lon="2.6789877"/>
 <node id="7981280100" visible="true" version="1" changeset="92049901" timestamp="2020-10-06T12:28:28Z" user="rvilleglas" uid="3318566" lat="44.7355585" lon="2.6791674"/>
 <node id="7981280101" visible="true" version="1" changeset="92049901" timestamp="2020-10-06T12:28:28Z" user="rvilleglas" uid="3318566" lat="44.7357624" lon="2.6786095"/>
 <node id="7981281291" visible="true" version="1" changeset="92049958" timestamp="2020-10-06T12:29:21Z" user="rvilleglas" uid="3318566" lat="44.7388880" lon="2.6784653">
  <tag k="amenity" v="toilets"/>
 </node>
 <node id="8204956368" visible="true" version="2" changeset="176205712" timestamp="2025-12-21T08:02:01Z" user="K12230LF" uid="21876225" lat="44.7369608" lon="2.6791434">
  <tag k="amenity" v="charging_station"/>
  <tag k="capacity" v="2"/>
  <tag k="fee" v="yes"/>
  <tag k="motorcar" v="yes"/>
  <tag k="network" v="Révéo"/>
  <tag k="opening_hours" v="24/7"/>
  <tag k="operator" v="Bouygues Énergies et Services"/>
  <tag k="operator:wikidata" v="Q3046208"/>
  <tag k="owner" v="SIEDA 12"/>
  <tag k="ref:EU:EVSE" v="FR*S12*P12250*001"/>
  <tag k="socket:type2" v="2"/>
  <tag k="socket:typee" v="2"/>
  <tag k="source" v="data.gouv.fr:Etalab - 01/2020"/>
 </node>
 <node id="8204975906" visible="true" version="1" changeset="95475252" timestamp="2020-12-08T09:39:02Z" user="JFK73" uid="662440" lat="44.7363769" lon="2.6778249"/>
 <node id="8204975907" visible="true" version="1" changeset="95475252" timestamp="2020-12-08T09:39:02Z" user="JFK73" uid="662440" lat="44.7362864" lon="2.6778880"/>
 <node id="8204975908" visible="true" version="1" changeset="95475252" timestamp="2020-12-08T09:39:02Z" user="JFK73" uid="662440" lat="44.7361387" lon="2.6780905"/>
 <node id="8204975909" visible="true" version="1" changeset="95475252" timestamp="2020-12-08T09:39:02Z" user="JFK73" uid="662440" lat="44.7360873" lon="2.6781683"/>
 <node id="8204975910" visible="true" version="1" changeset="95475252" timestamp="2020-12-08T09:39:02Z" user="JFK73" uid="662440" lat="44.7360777" lon="2.6782286"/>
 <node id="8204975911" visible="true" version="1" changeset="95475252" timestamp="2020-12-08T09:39:02Z" user="JFK73" uid="662440" lat="44.7361606" lon="2.6782581"/>
 <node id="8204975912" visible="true" version="1" changeset="95475252" timestamp="2020-12-08T09:39:02Z" user="JFK73" uid="662440" lat="44.7364150" lon="2.6783842"/>
 <node id="8204975913" visible="true" version="1" changeset="95475252" timestamp="2020-12-08T09:39:02Z" user="JFK73" uid="662440" lat="44.7364750" lon="2.6784284"/>
 <node id="8204975914" visible="true" version="1" changeset="95475252" timestamp="2020-12-08T09:39:02Z" user="JFK73" uid="662440" lat="44.7372905" lon="2.6791835"/>
 <node id="8204975915" visible="true" version="1" changeset="95475252" timestamp="2020-12-08T09:39:02Z" user="JFK73" uid="662440" lat="44.7373267" lon="2.6790829"/>
 <node id="8204975916" visible="true" version="1" changeset="95475252" timestamp="2020-12-08T09:39:02Z" user="JFK73" uid="662440" lat="44.7367732" lon="2.6780516"/>
 <node id="8204991717" visible="true" version="1" changeset="95475252" timestamp="2020-12-08T09:39:02Z" user="JFK73" uid="662440" lat="44.7367808" lon="2.6779416"/>
 <node id="8204991718" visible="true" version="1" changeset="95475252" timestamp="2020-12-08T09:39:02Z" user="JFK73" uid="662440" lat="44.7365750" lon="2.6778236"/>
 <node id="8204991719" visible="true" version="1" changeset="95475252" timestamp="2020-12-08T09:39:02Z" user="JFK73" uid="662440" lat="44.7364398" lon="2.6777914"/>
 <node id="8204991720" visible="true" version="1" changeset="95475252" timestamp="2020-12-08T09:39:02Z" user="JFK73" uid="662440" lat="44.7358672" lon="2.6784861"/>
 <node id="8204991721" visible="true" version="2" changeset="124334033" timestamp="2022-08-01T09:07:43Z" user="maferikotupi" uid="2115804" lat="44.7359053" lon="2.6782058"/>
 <node id="8204991722" visible="true" version="1" changeset="95475252" timestamp="2020-12-08T09:39:02Z" user="JFK73" uid="662440" lat="44.7353775" lon="2.6799399"/>
 <node id="8284471979" visible="true" version="2" changeset="138082845" timestamp="2023-07-03T22:52:47Z" user="InfosReseaux" uid="93222" lat="44.7621462" lon="2.6989567">
  <tag k="operator" v="RTE"/>
  <tag k="operator:wikidata" v="Q2178795"/>
  <tag k="power" v="tower"/>
 </node>
 <node id="8820365095" visible="true" version="1" changeset="106142915" timestamp="2021-06-10T09:08:17Z" user="JSERIEYE" uid="11361025" lat="44.7260609" lon="2.6627651"/>
 <node id="8820365096" visible="true" version="1" changeset="106142915" timestamp="2021-06-10T09:08:17Z" user="JSERIEYE" uid="11361025" lat="44.7242264" lon="2.6617438"/>
 <node id="8820365097" visible="true" version="1" changeset="106142915" timestamp="2021-06-10T09:08:17Z" user="JSERIEYE" uid="11361025" lat="44.7232209" lon="2.6621160"/>
 <node id="8820365101" visible="true" version="1" changeset="106142915" timestamp="2021-06-10T09:08:17Z" user="JSERIEYE" uid="11361025" lat="44.7285666" lon="2.6699626"/>
 <node id="8820384552" visible="true" version="1" changeset="106142915" timestamp="2021-06-10T09:08:17Z" user="JSERIEYE" uid="11361025" lat="44.7171413" lon="2.6635524"/>
 <node id="8820384553" visible="true" version="1" changeset="106142915" timestamp="2021-06-10T09:08:17Z" user="JSERIEYE" uid="11361025" lat="44.7203139" lon="2.6673104"/>
 <node id="8820384572" visible="true" version="1" changeset="106142915" timestamp="2021-06-10T09:08:17Z" user="JSERIEYE" uid="11361025" lat="44.7259375" lon="2.6710963"/>
 <node id="8820384573" visible="true" version="1" changeset="106142915" timestamp="2021-06-10T09:08:17Z" user="JSERIEYE" uid="11361025" lat="44.7263118" lon="2.6718153"/>
 <node id="8820384574" visible="true" version="1" changeset="106142915" timestamp="2021-06-10T09:08:17Z" user="JSERIEYE" uid="11361025" lat="44.7264513" lon="2.6770038"/>
 <node id="8820384580" visible="true" version="1" changeset="106142915" timestamp="2021-06-10T09:08:17Z" user="JSERIEYE" uid="11361025" lat="44.7243983" lon="2.6689360"/>
 <node id="8820384653" visible="true" version="1" changeset="106142915" timestamp="2021-06-10T09:08:17Z" user="JSERIEYE" uid="11361025" lat="44.7205121" lon="2.6697786"/>
 <node id="8820384692" visible="true" version="1" changeset="106142915" timestamp="2021-06-10T09:08:17Z" user="JSERIEYE" uid="11361025" lat="44.7205570" lon="2.6676679"/>
 <node id="8820384698" visible="true" version="1" changeset="106142915" timestamp="2021-06-10T09:08:17Z" user="JSERIEYE" uid="11361025" lat="44.7207615" lon="2.6695603"/>
 <node id="8820384772" visible="true" version="1" changeset="106142915" timestamp="2021-06-10T09:08:17Z" user="JSERIEYE" uid="11361025" lat="44.7286945" lon="2.6770561"/>
 <node id="8820384773" visible="true" version="1" changeset="106142915" timestamp="2021-06-10T09:08:17Z" user="JSERIEYE" uid="11361025" lat="44.7274634" lon="2.6771823"/>
 <node id="8820384774" visible="true" version="1" changeset="106142915" timestamp="2021-06-10T09:08:17Z" user="JSERIEYE" uid="11361025" lat="44.7279169" lon="2.6767437"/>
 <node id="8820384775" visible="true" version="1" changeset="106142915" timestamp="2021-06-10T09:08:17Z" user="JSERIEYE" uid="11361025" lat="44.7273265" lon="2.6766886"/>
 <node id="8820384777" visible="true" version="1" changeset="106142915" timestamp="2021-06-10T09:08:17Z" user="JSERIEYE" uid="11361025" lat="44.7291363" lon="2.6766996">
  <tag k="natural" v="tree"/>
 </node>
 <node id="8820384779" visible="true" version="1" changeset="106142915" timestamp="2021-06-10T09:08:17Z" user="JSERIEYE" uid="11361025" lat="44.7292468" lon="2.6792531">
  <tag k="natural" v="tree"/>
 </node>
 <node id="8820384780" visible="true" version="1" changeset="106142915" timestamp="2021-06-10T09:08:17Z" user="JSERIEYE" uid="11361025" lat="44.7295212" lon="2.6791512">
  <tag k="natural" v="tree"/>
 </node>
 <node id="8820384805" visible="true" version="2" changeset="124732479" timestamp="2022-08-10T13:35:50Z" user="Yod4z" uid="318821" lat="44.7249614" lon="2.6857479"/>
 <node id="8820384956" visible="true" version="1" changeset="106142915" timestamp="2021-06-10T09:08:17Z" user="JSERIEYE" uid="11361025" lat="44.7224362" lon="2.6518021"/>
 <node id="8820384980" visible="true" version="1" changeset="106142915" timestamp="2021-06-10T09:08:17Z" user="JSERIEYE" uid="11361025" lat="44.7244210" lon="2.6488758"/>
 <node id="8820384991" visible="true" version="1" changeset="106142915" timestamp="2021-06-10T09:08:17Z" user="JSERIEYE" uid="11361025" lat="44.7233595" lon="2.6504360"/>
 <node id="8977960135" visible="true" version="1" changeset="109109622" timestamp="2021-08-03T18:55:03Z" user="Remigribi" uid="10489937" lat="44.7360498" lon="2.6780687">
  <tag k="amenity" v="boat_rental"/>
  <tag k="kayak_rental" v="yes"/>
  <tag k="motorboat_rental" v="no"/>
  <tag k="pedalboat_rental" v="yes"/>
 </node>
 <node id="9010503408" visible="true" version="1" changeset="109757271" timestamp="2021-08-16T15:06:41Z" user="Yod4z" uid="318821" lat="44.7378673" lon="2.7209514"/>
 <node id="9010525136" visible="true" version="1" changeset="109757286" timestamp="2021-08-16T15:06:56Z" user="Remigribi" uid="10489937" lat="44.7358674" lon="2.6781230"/>
 <node id="9010525137" visible="true" version="1" changeset="109757286" timestamp="2021-08-16T15:06:56Z" user="Remigribi" uid="10489937" lat="44.7357372" lon="2.6780268"/>
 <node id="9010525138" visible="true" version="1" changeset="109757286" timestamp="2021-08-16T15:06:56Z" user="Remigribi" uid="10489937" lat="44.7356042" lon="2.6779278"/>
 <node id="9010525139" visible="true" version="1" changeset="109757286" timestamp="2021-08-16T15:06:56Z" user="Remigribi" uid="10489937" lat="44.7354891" lon="2.6779219"/>
 <node id="9010525140" visible="true" version="1" changeset="109757286" timestamp="2021-08-16T15:06:56Z" user="Remigribi" uid="10489937" lat="44.7354095" lon="2.6781054"/>
 <node id="9010525141" visible="true" version="1" changeset="109757286" timestamp="2021-08-16T15:06:56Z" user="Remigribi" uid="10489937" lat="44.7353214" lon="2.6785846"/>
 <node id="9010525142" visible="true" version="1" changeset="109757286" timestamp="2021-08-16T15:06:56Z" user="Remigribi" uid="10489937" lat="44.7352985" lon="2.6788695"/>
 <node id="9010525143" visible="true" version="1" changeset="109757286" timestamp="2021-08-16T15:06:56Z" user="Remigribi" uid="10489937" lat="44.7355540" lon="2.6790331"/>
 <node id="9010537029" visible="true" version="1" changeset="109757271" timestamp="2021-08-16T15:06:41Z" user="Yod4z" uid="318821" lat="44.7384670" lon="2.7196434"/>
 <node id="9010537030" visible="true" version="1" changeset="109757271" timestamp="2021-08-16T15:06:41Z" user="Yod4z" uid="318821" lat="44.7387042" lon="2.7192556"/>
 <node id="9010537031" visible="true" version="1" changeset="109757271" timestamp="2021-08-16T15:06:41Z" user="Yod4z" uid="318821" lat="44.7387369" lon="2.7178376"/>
 <node id="9010537032" visible="true" version="2" changeset="136275070" timestamp="2023-05-18T22:12:41Z" user="InfosReseaux" uid="93222" lat="44.7379895" lon="2.7213424">
  <tag k="operator" v="Enedis"/>
  <tag k="operator:wikidata" v="Q3587594"/>
  <tag k="power" v="pole"/>
 </node>
 <node id="9010537033" visible="true" version="2" changeset="136275070" timestamp="2023-05-18T22:12:41Z" user="InfosReseaux" uid="93222" lat="44.7380694" lon="2.7199590">
  <tag k="operator" v="Enedis"/>
  <tag k="operator:wikidata" v="Q3587594"/>
  <tag k="power" v="pole"/>
 </node>
 <node id="9010537034" visible="true" version="2" changeset="136275070" timestamp="2023-05-18T22:12:41Z" user="InfosReseaux" uid="93222" lat="44.7381039" lon="2.7192188">
  <tag k="operator" v="Enedis"/>
  <tag k="operator:wikidata" v="Q3587594"/>
  <tag k="power" v="pole"/>
 </node>
 <node id="9010537035" visible="true" version="2" changeset="136275070" timestamp="2023-05-18T22:12:41Z" user="InfosReseaux" uid="93222" lat="44.7383113" lon="2.7184354">
  <tag k="operator" v="Enedis"/>
  <tag k="operator:wikidata" v="Q3587594"/>
  <tag k="power" v="pole"/>
 </node>
 <node id="9010537036" visible="true" version="2" changeset="136275070" timestamp="2023-05-18T22:12:41Z" user="InfosReseaux" uid="93222" lat="44.7385039" lon="2.7177330">
  <tag k="operator" v="Enedis"/>
  <tag k="operator:wikidata" v="Q3587594"/>
  <tag k="power" v="pole"/>
 </node>
 <node id="9010537037" visible="true" version="2" changeset="136275070" timestamp="2023-05-18T22:12:41Z" user="InfosReseaux" uid="93222" lat="44.7387534" lon="2.7168210">
  <tag k="operator" v="Enedis"/>
  <tag k="operator:wikidata" v="Q3587594"/>
  <tag k="power" v="pole"/>
 </node>
 <node id="9010537038" visible="true" version="2" changeset="136275070" timestamp="2023-05-18T22:12:41Z" user="InfosReseaux" uid="93222" lat="44.7389405" lon="2.7161354">
  <tag k="operator" v="Enedis"/>
  <tag k="operator:wikidata" v="Q3587594"/>
  <tag k="power" v="pole"/>
 </node>
 <node id="9010537039" visible="true" version="2" changeset="136275070" timestamp="2023-05-18T22:12:41Z" user="InfosReseaux" uid="93222" lat="44.7392283" lon="2.7150463">
  <tag k="operator" v="Enedis"/>
  <tag k="operator:wikidata" v="Q3587594"/>
  <tag k="power" v="pole"/>
 </node>
 <node id="9010537040" visible="true" version="2" changeset="136275070" timestamp="2023-05-18T22:12:41Z" user="InfosReseaux" uid="93222" lat="44.7394635" lon="2.7142021">
  <tag k="operator" v="Enedis"/>
  <tag k="operator:wikidata" v="Q3587594"/>
  <tag k="power" v="pole"/>
 </node>
 <node id="9010537041" visible="true" version="2" changeset="136275070" timestamp="2023-05-18T22:12:41Z" user="InfosReseaux" uid="93222" lat="44.7397032" lon="2.7132809">
  <tag k="operator" v="Enedis"/>
  <tag k="operator:wikidata" v="Q3587594"/>
  <tag k="power" v="pole"/>
 </node>
 <node id="9010537042" visible="true" version="2" changeset="136275070" timestamp="2023-05-18T22:12:41Z" user="InfosReseaux" uid="93222" lat="44.7397546" lon="2.7120713">
  <tag k="operator" v="Enedis"/>
  <tag k="operator:wikidata" v="Q3587594"/>
  <tag k="power" v="pole"/>
 </node>
 <node id="9010537043" visible="true" version="2" changeset="136275070" timestamp="2023-05-18T22:12:41Z" user="InfosReseaux" uid="93222" lat="44.7397927" lon="2.7110743">
  <tag k="operator" v="Enedis"/>
  <tag k="operator:wikidata" v="Q3587594"/>
  <tag k="power" v="pole"/>
 </node>
 <node id="9010537044" visible="true" version="2" changeset="136275070" timestamp="2023-05-18T22:12:41Z" user="InfosReseaux" uid="93222" lat="44.7398251" lon="2.7103388">
  <tag k="operator" v="Enedis"/>
  <tag k="operator:wikidata" v="Q3587594"/>
  <tag k="power" v="pole"/>
 </node>
 <node id="9010537045" visible="true" version="2" changeset="136275070" timestamp="2023-05-18T22:12:41Z" user="InfosReseaux" uid="93222" lat="44.7398665" lon="2.7093837">
  <tag k="operator" v="Enedis"/>
  <tag k="operator:wikidata" v="Q3587594"/>
  <tag k="power" v="pole"/>
 </node>
 <node id="9010537046" visible="true" version="2" changeset="136275070" timestamp="2023-05-18T22:12:41Z" user="InfosReseaux" uid="93222" lat="44.7399047" lon="2.7084836">
  <tag k="operator" v="Enedis"/>
  <tag k="operator:wikidata" v="Q3587594"/>
  <tag k="power" v="pole"/>
 </node>
 <node id="9010537047" visible="true" version="2" changeset="136275070" timestamp="2023-05-18T22:12:41Z" user="InfosReseaux" uid="93222" lat="44.7399611" lon="2.7074620">
  <tag k="operator" v="Enedis"/>
  <tag k="operator:wikidata" v="Q3587594"/>
  <tag k="power" v="pole"/>
 </node>
 <node id="9010537048" visible="true" version="2" changeset="136275070" timestamp="2023-05-18T22:12:41Z" user="InfosReseaux" uid="93222" lat="44.7400150" lon="2.7064568">
  <tag k="operator" v="Enedis"/>
  <tag k="operator:wikidata" v="Q3587594"/>
  <tag k="power" v="pole"/>
 </node>
 <node id="9010537049" visible="true" version="2" changeset="136275070" timestamp="2023-05-18T22:12:41Z" user="InfosReseaux" uid="93222" lat="44.7400639" lon="2.7055170">
  <tag k="operator" v="Enedis"/>
  <tag k="operator:wikidata" v="Q3587594"/>
  <tag k="power" v="pole"/>
 </node>
 <node id="9010537059" visible="true" version="2" changeset="136275070" timestamp="2023-05-18T22:12:41Z" user="InfosReseaux" uid="93222" lat="44.7379326" lon="2.7222487">
  <tag k="operator" v="Enedis"/>
  <tag k="operator:wikidata" v="Q3587594"/>
  <tag k="power" v="pole"/>
 </node>
 <node id="9010537060" visible="true" version="2" changeset="136275070" timestamp="2023-05-18T22:12:41Z" user="InfosReseaux" uid="93222" lat="44.7378849" lon="2.7231634">
  <tag k="operator" v="Enedis"/>
  <tag k="operator:wikidata" v="Q3587594"/>
  <tag k="power" v="pole"/>
 </node>
 <node id="9010537061" visible="true" version="2" changeset="136275070" timestamp="2023-05-18T22:12:41Z" user="InfosReseaux" uid="93222" lat="44.7378330" lon="2.7240985">
  <tag k="operator" v="Enedis"/>
  <tag k="operator:wikidata" v="Q3587594"/>
  <tag k="power" v="pole"/>
 </node>
 <node id="9010537062" visible="true" version="2" changeset="136275070" timestamp="2023-05-18T22:12:41Z" user="InfosReseaux" uid="93222" lat="44.7377868" lon="2.7249095">
  <tag k="operator" v="Enedis"/>
  <tag k="operator:wikidata" v="Q3587594"/>
  <tag k="power" v="pole"/>
 </node>
 <node id="9010537063" visible="true" version="2" changeset="136275070" timestamp="2023-05-18T22:12:41Z" user="InfosReseaux" uid="93222" lat="44.7377276" lon="2.7259482">
  <tag k="operator" v="Enedis"/>
  <tag k="operator:wikidata" v="Q3587594"/>
  <tag k="power" v="pole"/>
 </node>
 <node id="9010537064" visible="true" version="2" changeset="136275070" timestamp="2023-05-18T22:12:41Z" user="InfosReseaux" uid="93222" lat="44.7376712" lon="2.7268630">
  <tag k="operator" v="Enedis"/>
  <tag k="operator:wikidata" v="Q3587594"/>
  <tag k="power" v="pole"/>
 </node>
 <node id="9010537065" visible="true" version="2" changeset="136275070" timestamp="2023-05-18T22:12:41Z" user="InfosReseaux" uid="93222" lat="44.7376539" lon="2.7271841">
  <tag k="operator" v="Enedis"/>
  <tag k="operator:wikidata" v="Q3587594"/>
  <tag k="power" v="pole"/>
 </node>
 <node id="9010537066" visible="true" version="2" changeset="136275070" timestamp="2023-05-18T22:12:41Z" user="InfosReseaux" uid="93222" lat="44.7375249" lon="2.7276732">
  <tag k="operator" v="Enedis"/>
  <tag k="operator:wikidata" v="Q3587594"/>
  <tag k="power" v="pole"/>
 </node>
 <node id="9010537067" visible="true" version="2" changeset="136275070" timestamp="2023-05-18T22:12:41Z" user="InfosReseaux" uid="93222" lat="44.7374100" lon="2.7281061">
  <tag k="operator" v="Enedis"/>
  <tag k="operator:wikidata" v="Q3587594"/>
  <tag k="power" v="pole"/>
 </node>
 <node id="9010537068" visible="true" version="3" changeset="136275070" timestamp="2023-05-18T22:12:41Z" user="InfosReseaux" uid="93222" lat="44.7373269" lon="2.7284604">
  <tag k="location:transition" v="yes"/>
  <tag k="operator" v="Enedis"/>
  <tag k="operator:wikidata" v="Q3587594"/>
  <tag k="power" v="pole"/>
  <tag k="substation" v="minor_distribution"/>
  <tag k="transformer" v="main"/>
  <tag k="voltage:primary" v="20000"/>
  <tag k="voltage:secondary" v="400"/>
 </node>
 <node id="9010537107" visible="true" version="1" changeset="109757271" timestamp="2021-08-16T15:06:41Z" user="Yod4z" uid="318821" lat="44.7391840" lon="2.6988938"/>
 <node id="9010537108" visible="true" version="1" changeset="109757271" timestamp="2021-08-16T15:06:41Z" user="Yod4z" uid="318821" lat="44.7392299" lon="2.6993375"/>
 <node id="9010537109" visible="true" version="1" changeset="109757271" timestamp="2021-08-16T15:06:41Z" user="Yod4z" uid="318821" lat="44.7388666" lon="2.6993837"/>
 <node id="9010537110" visible="true" version="1" changeset="109757271" timestamp="2021-08-16T15:06:41Z" user="Yod4z" uid="318821" lat="44.7387813" lon="2.6991403"/>
 <node id="9010537111" visible="true" version="1" changeset="109757271" timestamp="2021-08-16T15:06:41Z" user="Yod4z" uid="318821" lat="44.7388644" lon="2.6990417"/>
 <node id="9010537112" visible="true" version="1" changeset="109757271" timestamp="2021-08-16T15:06:41Z" user="Yod4z" uid="318821" lat="44.7393030" lon="2.6994433"/>
 <node id="9010537113" visible="true" version="1" changeset="109757271" timestamp="2021-08-16T15:06:41Z" user="Yod4z" uid="318821" lat="44.7396035" lon="2.7006179"/>
 <node id="9010537114" visible="true" version="1" changeset="109757271" timestamp="2021-08-16T15:06:41Z" user="Yod4z" uid="318821" lat="44.7397586" lon="2.7023968"/>
 <node id="9010537115" visible="true" version="1" changeset="109757271" timestamp="2021-08-16T15:06:41Z" user="Yod4z" uid="318821" lat="44.7400889" lon="2.7033170"/>
 <node id="9010537117" visible="true" version="1" changeset="109757271" timestamp="2021-08-16T15:06:41Z" user="Yod4z" uid="318821" lat="44.7396256" lon="2.7153766"/>
 <node id="9010537234" visible="true" version="3" changeset="138082845" timestamp="2023-07-03T22:52:47Z" user="InfosReseaux" uid="93222" lat="44.7207672" lon="2.6875296">
  <tag k="material" v="metal"/>
  <tag k="operator" v="Enedis"/>
  <tag k="operator:wikidata" v="Q3587594"/>
  <tag k="power" v="tower"/>
  <tag k="source" v="ortho hr 2019"/>
 </node>
 <node id="9010606956" visible="true" version="1" changeset="109759009" timestamp="2021-08-16T15:43:08Z" user="Yod4z" uid="318821" lat="44.7257800" lon="2.6878316"/>
 <node id="9010606978" visible="true" version="1" changeset="109759009" timestamp="2021-08-16T15:43:08Z" user="Yod4z" uid="318821" lat="44.7282798" lon="2.6834814"/>
 <node id="9010606979" visible="true" version="1" changeset="109759009" timestamp="2021-08-16T15:43:08Z" user="Yod4z" uid="318821" lat="44.7291932" lon="2.6866757"/>
 <node id="9010606980" visible="true" version="1" changeset="109759009" timestamp="2021-08-16T15:43:08Z" user="Yod4z" uid="318821" lat="44.7276218" lon="2.6876386"/>
 <node id="9010606981" visible="true" version="1" changeset="109759009" timestamp="2021-08-16T15:43:08Z" user="Yod4z" uid="318821" lat="44.7274699" lon="2.6881299"/>
 <node id="9010606982" visible="true" version="1" changeset="109759009" timestamp="2021-08-16T15:43:08Z" user="Yod4z" uid="318821" lat="44.7265985" lon="2.6883197"/>
 <node id="9010606983" visible="true" version="1" changeset="109759009" timestamp="2021-08-16T15:43:08Z" user="Yod4z" uid="318821" lat="44.7262639" lon="2.6882787"/>
 <node id="9010606984" visible="true" version="1" changeset="109759009" timestamp="2021-08-16T15:43:08Z" user="Yod4z" uid="318821" lat="44.7263860" lon="2.6884762"/>
 <node id="9010606985" visible="true" version="1" changeset="109759009" timestamp="2021-08-16T15:43:08Z" user="Yod4z" uid="318821" lat="44.7272927" lon="2.6837399"/>
 <node id="9010606986" visible="true" version="1" changeset="109759009" timestamp="2021-08-16T15:43:08Z" user="Yod4z" uid="318821" lat="44.7321764" lon="2.6899091"/>
 <node id="9010606987" visible="true" version="1" changeset="109759009" timestamp="2021-08-16T15:43:08Z" user="Yod4z" uid="318821" lat="44.7309683" lon="2.6889542"/>
 <node id="9010606988" visible="true" version="1" changeset="109759009" timestamp="2021-08-16T15:43:08Z" user="Yod4z" uid="318821" lat="44.7306749" lon="2.6894301"/>
 <node id="9010606989" visible="true" version="1" changeset="109759009" timestamp="2021-08-16T15:43:08Z" user="Yod4z" uid="318821" lat="44.7319510" lon="2.6904345"/>
 <node id="9010606990" visible="true" version="1" changeset="109759009" timestamp="2021-08-16T15:43:08Z" user="Yod4z" uid="318821" lat="44.7322771" lon="2.6896088"/>
 <node id="9010606991" visible="true" version="1" changeset="109759009" timestamp="2021-08-16T15:43:08Z" user="Yod4z" uid="318821" lat="44.7324544" lon="2.6892883"/>
 <node id="9010606992" visible="true" version="1" changeset="109759009" timestamp="2021-08-16T15:43:08Z" user="Yod4z" uid="318821" lat="44.7325135" lon="2.6892853"/>
 <node id="9010606993" visible="true" version="1" changeset="109759009" timestamp="2021-08-16T15:43:08Z" user="Yod4z" uid="318821" lat="44.7327389" lon="2.6890234"/>
 <node id="9010606994" visible="true" version="1" changeset="109759009" timestamp="2021-08-16T15:43:08Z" user="Yod4z" uid="318821" lat="44.7325507" lon="2.6887553"/>
 <node id="9010606995" visible="true" version="1" changeset="109759009" timestamp="2021-08-16T15:43:08Z" user="Yod4z" uid="318821" lat="44.7323471" lon="2.6887060"/>
 <node id="9010606996" visible="true" version="1" changeset="109759009" timestamp="2021-08-16T15:43:08Z" user="Yod4z" uid="318821" lat="44.7322071" lon="2.6894301"/>
 <node id="9010606997" visible="true" version="1" changeset="109759009" timestamp="2021-08-16T15:43:08Z" user="Yod4z" uid="318821" lat="44.7311783" lon="2.6859018"/>
 <node id="9010606998" visible="true" version="1" changeset="109759009" timestamp="2021-08-16T15:43:08Z" user="Yod4z" uid="318821" lat="44.7313921" lon="2.6868369"/>
 <node id="9010606999" visible="true" version="1" changeset="109759009" timestamp="2021-08-16T15:43:08Z" user="Yod4z" uid="318821" lat="44.7317040" lon="2.6876825"/>
 <node id="9010607000" visible="true" version="1" changeset="109759009" timestamp="2021-08-16T15:43:08Z" user="Yod4z" uid="318821" lat="44.7318773" lon="2.6875199"/>
 <node id="9010607001" visible="true" version="1" changeset="109759009" timestamp="2021-08-16T15:43:08Z" user="Yod4z" uid="318821" lat="44.7321776" lon="2.6877963"/>
 <node id="9010607002" visible="true" version="1" changeset="109759009" timestamp="2021-08-16T15:43:08Z" user="Yod4z" uid="318821" lat="44.7326975" lon="2.6881053"/>
 <node id="9010607003" visible="true" version="1" changeset="109759009" timestamp="2021-08-16T15:43:08Z" user="Yod4z" uid="318821" lat="44.7330498" lon="2.6887232"/>
 <node id="9010607004" visible="true" version="1" changeset="109759009" timestamp="2021-08-16T15:43:08Z" user="Yod4z" uid="318821" lat="44.7333502" lon="2.6891379"/>
 <node id="9010607005" visible="true" version="1" changeset="109759009" timestamp="2021-08-16T15:43:08Z" user="Yod4z" uid="318821" lat="44.7332982" lon="2.6895851"/>
 <node id="9010607006" visible="true" version="1" changeset="109759009" timestamp="2021-08-16T15:43:08Z" user="Yod4z" uid="318821" lat="44.7331885" lon="2.6896827"/>
 <node id="9010607007" visible="true" version="1" changeset="109759009" timestamp="2021-08-16T15:43:08Z" user="Yod4z" uid="318821" lat="44.7333155" lon="2.6898534"/>
 <node id="9010607008" visible="true" version="1" changeset="109759009" timestamp="2021-08-16T15:43:08Z" user="Yod4z" uid="318821" lat="44.7334600" lon="2.6894225"/>
 <node id="9010607009" visible="true" version="1" changeset="109759009" timestamp="2021-08-16T15:43:08Z" user="Yod4z" uid="318821" lat="44.7336101" lon="2.6893981"/>
 <node id="9010607010" visible="true" version="1" changeset="109759009" timestamp="2021-08-16T15:43:08Z" user="Yod4z" uid="318821" lat="44.7333964" lon="2.6884387"/>
 <node id="9010607011" visible="true" version="1" changeset="109759009" timestamp="2021-08-16T15:43:08Z" user="Yod4z" uid="318821" lat="44.7333271" lon="2.6872271"/>
 <node id="9010607012" visible="true" version="1" changeset="109759009" timestamp="2021-08-16T15:43:08Z" user="Yod4z" uid="318821" lat="44.7332058" lon="2.6869832"/>
 <node id="9010607013" visible="true" version="1" changeset="109759009" timestamp="2021-08-16T15:43:08Z" user="Yod4z" uid="318821" lat="44.7326686" lon="2.6862108"/>
 <node id="9010607014" visible="true" version="1" changeset="109759009" timestamp="2021-08-16T15:43:08Z" user="Yod4z" uid="318821" lat="44.7321083" lon="2.6859343"/>
 <node id="9010607015" visible="true" version="1" changeset="109759009" timestamp="2021-08-16T15:43:08Z" user="Yod4z" uid="318821" lat="44.7320332" lon="2.6857798"/>
 <node id="9010607016" visible="true" version="1" changeset="109759009" timestamp="2021-08-16T15:43:08Z" user="Yod4z" uid="318821" lat="44.7317271" lon="2.6857880"/>
 <node id="9010607017" visible="true" version="1" changeset="109759009" timestamp="2021-08-16T15:43:08Z" user="Yod4z" uid="318821" lat="44.7343379" lon="2.6904470"/>
 <node id="9010607018" visible="true" version="1" changeset="109759009" timestamp="2021-08-16T15:43:08Z" user="Yod4z" uid="318821" lat="44.7341820" lon="2.6904389"/>
 <node id="9010607019" visible="true" version="1" changeset="109759009" timestamp="2021-08-16T15:43:08Z" user="Yod4z" uid="318821" lat="44.7341820" lon="2.6907316"/>
 <node id="9010607020" visible="true" version="1" changeset="109759009" timestamp="2021-08-16T15:43:08Z" user="Yod4z" uid="318821" lat="44.7340607" lon="2.6907560"/>
 <node id="9010607021" visible="true" version="1" changeset="109759009" timestamp="2021-08-16T15:43:08Z" user="Yod4z" uid="318821" lat="44.7341358" lon="2.6912682"/>
 <node id="9010607022" visible="true" version="1" changeset="109759009" timestamp="2021-08-16T15:43:08Z" user="Yod4z" uid="318821" lat="44.7339278" lon="2.6913739"/>
 <node id="9010607023" visible="true" version="1" changeset="109759009" timestamp="2021-08-16T15:43:08Z" user="Yod4z" uid="318821" lat="44.7339220" lon="2.6915935"/>
 <node id="9010607024" visible="true" version="1" changeset="109759009" timestamp="2021-08-16T15:43:08Z" user="Yod4z" uid="318821" lat="44.7328766" lon="2.6917154"/>
 <node id="9010607025" visible="true" version="1" changeset="109759009" timestamp="2021-08-16T15:43:08Z" user="Yod4z" uid="318821" lat="44.7330903" lon="2.6922602"/>
 <node id="9010607026" visible="true" version="1" changeset="109759009" timestamp="2021-08-16T15:43:08Z" user="Yod4z" uid="318821" lat="44.7330036" lon="2.6926180"/>
 <node id="9010607027" visible="true" version="1" changeset="109759009" timestamp="2021-08-16T15:43:08Z" user="Yod4z" uid="318821" lat="44.7327437" lon="2.6929595"/>
 <node id="9010607028" visible="true" version="1" changeset="109759009" timestamp="2021-08-16T15:43:08Z" user="Yod4z" uid="318821" lat="44.7324029" lon="2.6929107"/>
 <node id="9010607029" visible="true" version="1" changeset="109759009" timestamp="2021-08-16T15:43:08Z" user="Yod4z" uid="318821" lat="44.7325415" lon="2.6932522"/>
 <node id="9010607030" visible="true" version="1" changeset="109759009" timestamp="2021-08-16T15:43:08Z" user="Yod4z" uid="318821" lat="44.7322065" lon="2.6937156"/>
 <node id="9010607031" visible="true" version="1" changeset="109759009" timestamp="2021-08-16T15:43:08Z" user="Yod4z" uid="318821" lat="44.7320737" lon="2.6944556"/>
 <node id="9010607032" visible="true" version="1" changeset="109759009" timestamp="2021-08-16T15:43:08Z" user="Yod4z" uid="318821" lat="44.7321834" lon="2.6947808"/>
 <node id="9010607033" visible="true" version="1" changeset="109759009" timestamp="2021-08-16T15:43:08Z" user="Yod4z" uid="318821" lat="44.7323963" lon="2.6950261"/>
 <node id="9010607034" visible="true" version="1" changeset="109759009" timestamp="2021-08-16T15:43:08Z" user="Yod4z" uid="318821" lat="44.7325517" lon="2.6949152"/>
 <node id="9010607035" visible="true" version="1" changeset="109759009" timestamp="2021-08-16T15:43:08Z" user="Yod4z" uid="318821" lat="44.7323372" lon="2.6941880"/>
 <node id="9010607036" visible="true" version="1" changeset="109759009" timestamp="2021-08-16T15:43:08Z" user="Yod4z" uid="318821" lat="44.7324948" lon="2.6937382"/>
 <node id="9010607037" visible="true" version="1" changeset="109759009" timestamp="2021-08-16T15:43:08Z" user="Yod4z" uid="318821" lat="44.7333309" lon="2.6927399"/>
 <node id="9010607038" visible="true" version="1" changeset="109759009" timestamp="2021-08-16T15:43:08Z" user="Yod4z" uid="318821" lat="44.7334579" lon="2.6927738"/>
 <node id="9010607039" visible="true" version="1" changeset="109759009" timestamp="2021-08-16T15:43:08Z" user="Yod4z" uid="318821" lat="44.7343203" lon="2.6916000"/>
 <node id="9010607040" visible="true" version="1" changeset="109759009" timestamp="2021-08-16T15:43:08Z" user="Yod4z" uid="318821" lat="44.7363296" lon="2.6925846"/>
 <node id="9010607041" visible="true" version="1" changeset="109759009" timestamp="2021-08-16T15:43:08Z" user="Yod4z" uid="318821" lat="44.7362552" lon="2.6919191"/>
 <node id="9010607042" visible="true" version="1" changeset="109759009" timestamp="2021-08-16T15:43:08Z" user="Yod4z" uid="318821" lat="44.7359094" lon="2.6914076"/>
 <node id="9010607043" visible="true" version="1" changeset="109759009" timestamp="2021-08-16T15:43:08Z" user="Yod4z" uid="318821" lat="44.7357124" lon="2.6913583"/>
 <node id="9010607044" visible="true" version="1" changeset="109759009" timestamp="2021-08-16T15:43:08Z" user="Yod4z" uid="318821" lat="44.7356249" lon="2.6910626"/>
 <node id="9010607045" visible="true" version="1" changeset="109759009" timestamp="2021-08-16T15:43:08Z" user="Yod4z" uid="318821" lat="44.7354016" lon="2.6908654"/>
 <node id="9010607046" visible="true" version="1" changeset="109759009" timestamp="2021-08-16T15:43:08Z" user="Yod4z" uid="318821" lat="44.7353578" lon="2.6906559"/>
 <node id="9010607047" visible="true" version="1" changeset="109759009" timestamp="2021-08-16T15:43:08Z" user="Yod4z" uid="318821" lat="44.7352134" lon="2.6904217"/>
 <node id="9010607048" visible="true" version="1" changeset="109759009" timestamp="2021-08-16T15:43:08Z" user="Yod4z" uid="318821" lat="44.7352440" lon="2.6908038"/>
 <node id="9010607049" visible="true" version="1" changeset="109759009" timestamp="2021-08-16T15:43:08Z" user="Yod4z" uid="318821" lat="44.7350646" lon="2.6909763"/>
 <node id="9010607050" visible="true" version="1" changeset="109759009" timestamp="2021-08-16T15:43:08Z" user="Yod4z" uid="318821" lat="44.7347450" lon="2.6918451"/>
 <node id="9010607051" visible="true" version="1" changeset="109759009" timestamp="2021-08-16T15:43:08Z" user="Yod4z" uid="318821" lat="44.7346137" lon="2.6918883"/>
 <node id="9010607052" visible="true" version="1" changeset="109759009" timestamp="2021-08-16T15:43:08Z" user="Yod4z" uid="318821" lat="44.7345437" lon="2.6922272"/>
 <node id="9010607053" visible="true" version="1" changeset="109759009" timestamp="2021-08-16T15:43:08Z" user="Yod4z" uid="318821" lat="44.7340796" lon="2.6928126"/>
 <node id="9010607054" visible="true" version="1" changeset="109759009" timestamp="2021-08-16T15:43:08Z" user="Yod4z" uid="318821" lat="44.7339833" lon="2.6931269"/>
 <node id="9010607055" visible="true" version="1" changeset="109759009" timestamp="2021-08-16T15:43:08Z" user="Yod4z" uid="318821" lat="44.7338564" lon="2.6932994"/>
 <node id="9010607056" visible="true" version="1" changeset="109759009" timestamp="2021-08-16T15:43:08Z" user="Yod4z" uid="318821" lat="44.7341453" lon="2.6936198"/>
 <node id="9010607057" visible="true" version="1" changeset="109759009" timestamp="2021-08-16T15:43:08Z" user="Yod4z" uid="318821" lat="44.7343073" lon="2.6936815"/>
 <node id="9010607058" visible="true" version="1" changeset="109759009" timestamp="2021-08-16T15:43:08Z" user="Yod4z" uid="318821" lat="44.7345918" lon="2.6935274"/>
 <node id="9010607059" visible="true" version="1" changeset="109759009" timestamp="2021-08-16T15:43:08Z" user="Yod4z" uid="318821" lat="44.7348369" lon="2.6930221"/>
 <node id="9010607060" visible="true" version="1" changeset="109759009" timestamp="2021-08-16T15:43:08Z" user="Yod4z" uid="318821" lat="44.7351390" lon="2.6932932"/>
 <node id="9010607061" visible="true" version="1" changeset="109759009" timestamp="2021-08-16T15:43:08Z" user="Yod4z" uid="318821" lat="44.7352922" lon="2.6936691"/>
 <node id="9010607062" visible="true" version="1" changeset="109759009" timestamp="2021-08-16T15:43:08Z" user="Yod4z" uid="318821" lat="44.7353622" lon="2.6935767"/>
 <node id="9010607063" visible="true" version="1" changeset="109759009" timestamp="2021-08-16T15:43:08Z" user="Yod4z" uid="318821" lat="44.7353403" lon="2.6926647"/>
 <node id="9010607064" visible="true" version="1" changeset="109759009" timestamp="2021-08-16T15:43:08Z" user="Yod4z" uid="318821" lat="44.7359838" lon="2.6922149"/>
 <node id="9010607065" visible="true" version="1" changeset="109759009" timestamp="2021-08-16T15:43:08Z" user="Yod4z" uid="318821" lat="44.7361064" lon="2.6924922"/>
 <node id="9010607066" visible="true" version="1" changeset="109759009" timestamp="2021-08-16T15:43:08Z" user="Yod4z" uid="318821" lat="44.7329678" lon="2.6952567"/>
 <node id="9010607067" visible="true" version="1" changeset="109759009" timestamp="2021-08-16T15:43:08Z" user="Yod4z" uid="318821" lat="44.7325830" lon="2.6950699"/>
 <node id="9010607068" visible="true" version="1" changeset="109759009" timestamp="2021-08-16T15:43:08Z" user="Yod4z" uid="318821" lat="44.7324868" lon="2.6950886"/>
 <node id="9010607069" visible="true" version="1" changeset="109759009" timestamp="2021-08-16T15:43:08Z" user="Yod4z" uid="318821" lat="44.7325730" lon="2.6954622"/>
 <node id="9010607070" visible="true" version="1" changeset="109759009" timestamp="2021-08-16T15:43:08Z" user="Yod4z" uid="318821" lat="44.7326858" lon="2.6955462"/>
 <node id="9010607071" visible="true" version="1" changeset="109759009" timestamp="2021-08-16T15:43:08Z" user="Yod4z" uid="318821" lat="44.7329578" lon="2.6954855"/>
 <node id="9010607072" visible="true" version="1" changeset="109759009" timestamp="2021-08-16T15:43:08Z" user="Yod4z" uid="318821" lat="44.7331569" lon="2.6955789"/>
 <node id="9010607073" visible="true" version="1" changeset="109759009" timestamp="2021-08-16T15:43:08Z" user="Yod4z" uid="318821" lat="44.7328616" lon="2.6949952"/>
 <node id="9010607074" visible="true" version="1" changeset="109759009" timestamp="2021-08-16T15:43:08Z" user="Yod4z" uid="318821" lat="44.7327621" lon="2.6950092"/>
 <node id="9010607075" visible="true" version="1" changeset="109759009" timestamp="2021-08-16T15:43:08Z" user="Yod4z" uid="318821" lat="44.7326825" lon="2.6949391"/>
 <node id="9010607076" visible="true" version="1" changeset="109759009" timestamp="2021-08-16T15:43:08Z" user="Yod4z" uid="318821" lat="44.7328119" lon="2.6943928"/>
 <node id="9010607077" visible="true" version="1" changeset="109759009" timestamp="2021-08-16T15:43:08Z" user="Yod4z" uid="318821" lat="44.7330939" lon="2.6940518"/>
 <node id="9010607078" visible="true" version="1" changeset="109759009" timestamp="2021-08-16T15:43:08Z" user="Yod4z" uid="318821" lat="44.7332398" lon="2.6939911"/>
 <node id="9010607079" visible="true" version="1" changeset="109759009" timestamp="2021-08-16T15:43:08Z" user="Yod4z" uid="318821" lat="44.7332299" lon="2.6942573"/>
 <node id="9010607080" visible="true" version="1" changeset="109759009" timestamp="2021-08-16T15:43:08Z" user="Yod4z" uid="318821" lat="44.7329678" lon="2.6946029"/>
 <node id="9010607081" visible="true" version="1" changeset="109759009" timestamp="2021-08-16T15:43:08Z" user="Yod4z" uid="318821" lat="44.7329545" lon="2.6949298"/>
 <node id="9010607086" visible="true" version="1" changeset="109759009" timestamp="2021-08-16T15:43:08Z" user="Yod4z" uid="318821" lat="44.7263211" lon="2.6954513"/>
 <node id="9010607087" visible="true" version="1" changeset="109759009" timestamp="2021-08-16T15:43:08Z" user="Yod4z" uid="318821" lat="44.7256006" lon="2.6966521"/>
 <node id="9010607088" visible="true" version="1" changeset="109759009" timestamp="2021-08-16T15:43:08Z" user="Yod4z" uid="318821" lat="44.7251666" lon="2.6971260"/>
 <node id="9010607089" visible="true" version="1" changeset="109759009" timestamp="2021-08-16T15:43:08Z" user="Yod4z" uid="318821" lat="44.7246358" lon="2.6987711"/>
 <node id="9010607091" visible="true" version="1" changeset="109759009" timestamp="2021-08-16T15:43:08Z" user="Yod4z" uid="318821" lat="44.7223022" lon="2.7007418"/>
 <node id="9010607092" visible="true" version="1" changeset="109759009" timestamp="2021-08-16T15:43:08Z" user="Yod4z" uid="318821" lat="44.7379995" lon="2.6873181"/>
 <node id="9010607093" visible="true" version="1" changeset="109759009" timestamp="2021-08-16T15:43:08Z" user="Yod4z" uid="318821" lat="44.7379359" lon="2.6874848"/>
 <node id="9010607094" visible="true" version="1" changeset="109759009" timestamp="2021-08-16T15:43:08Z" user="Yod4z" uid="318821" lat="44.7376731" lon="2.6876637"/>
 <node id="9010607095" visible="true" version="1" changeset="109759009" timestamp="2021-08-16T15:43:08Z" user="Yod4z" uid="318821" lat="44.7375980" lon="2.6874279"/>
 <node id="9010607096" visible="true" version="1" changeset="109759009" timestamp="2021-08-16T15:43:08Z" user="Yod4z" uid="318821" lat="44.7370378" lon="2.6873709"/>
 <node id="9010607097" visible="true" version="1" changeset="109759009" timestamp="2021-08-16T15:43:08Z" user="Yod4z" uid="318821" lat="44.7367461" lon="2.6873506"/>
 <node id="9010607098" visible="true" version="1" changeset="109759009" timestamp="2021-08-16T15:43:08Z" user="Yod4z" uid="318821" lat="44.7367259" lon="2.6875173"/>
 <node id="9010607099" visible="true" version="1" changeset="109759009" timestamp="2021-08-16T15:43:08Z" user="Yod4z" uid="318821" lat="44.7364082" lon="2.6875498"/>
 <node id="9010607100" visible="true" version="1" changeset="109759009" timestamp="2021-08-16T15:43:08Z" user="Yod4z" uid="318821" lat="44.7360877" lon="2.6874157"/>
 <node id="9010607101" visible="true" version="1" changeset="109759009" timestamp="2021-08-16T15:43:08Z" user="Yod4z" uid="318821" lat="44.7355187" lon="2.6868994"/>
 <node id="9010607102" visible="true" version="1" changeset="109759009" timestamp="2021-08-16T15:43:08Z" user="Yod4z" uid="318821" lat="44.7354321" lon="2.6866676"/>
 <node id="9010607103" visible="true" version="1" changeset="109759009" timestamp="2021-08-16T15:43:08Z" user="Yod4z" uid="318821" lat="44.7355361" lon="2.6865985"/>
 <node id="9010607104" visible="true" version="1" changeset="109759009" timestamp="2021-08-16T15:43:08Z" user="Yod4z" uid="318821" lat="44.7355014" lon="2.6864887"/>
 <node id="9010607105" visible="true" version="1" changeset="109759009" timestamp="2021-08-16T15:43:08Z" user="Yod4z" uid="318821" lat="44.7356025" lon="2.6863302"/>
 <node id="9010607106" visible="true" version="1" changeset="109759009" timestamp="2021-08-16T15:43:08Z" user="Yod4z" uid="318821" lat="44.7355881" lon="2.6854846"/>
 <node id="9010607107" visible="true" version="1" changeset="109759009" timestamp="2021-08-16T15:43:08Z" user="Yod4z" uid="318821" lat="44.7365122" lon="2.6848422"/>
 <node id="9010607108" visible="true" version="1" changeset="109759009" timestamp="2021-08-16T15:43:08Z" user="Yod4z" uid="318821" lat="44.7367634" lon="2.6847975"/>
 <node id="9010607109" visible="true" version="1" changeset="109759009" timestamp="2021-08-16T15:43:08Z" user="Yod4z" uid="318821" lat="44.7368559" lon="2.6841064"/>
 <node id="9010607110" visible="true" version="1" changeset="109759009" timestamp="2021-08-16T15:43:08Z" user="Yod4z" uid="318821" lat="44.7369656" lon="2.6840413"/>
 <node id="9010607111" visible="true" version="1" changeset="109759009" timestamp="2021-08-16T15:43:08Z" user="Yod4z" uid="318821" lat="44.7369598" lon="2.6841958"/>
 <node id="9010607112" visible="true" version="1" changeset="109759009" timestamp="2021-08-16T15:43:08Z" user="Yod4z" uid="318821" lat="44.7370176" lon="2.6842446"/>
 <node id="9010607113" visible="true" version="1" changeset="109759009" timestamp="2021-08-16T15:43:08Z" user="Yod4z" uid="318821" lat="44.7369974" lon="2.6843137"/>
 <node id="9010607114" visible="true" version="1" changeset="109759009" timestamp="2021-08-16T15:43:08Z" user="Yod4z" uid="318821" lat="44.7368847" lon="2.6843300"/>
 <node id="9010607115" visible="true" version="1" changeset="109759009" timestamp="2021-08-16T15:43:08Z" user="Yod4z" uid="318821" lat="44.7368934" lon="2.6845292"/>
 <node id="9010607116" visible="true" version="1" changeset="109759009" timestamp="2021-08-16T15:43:08Z" user="Yod4z" uid="318821" lat="44.7370465" lon="2.6846024"/>
 <node id="9010607117" visible="true" version="1" changeset="109759009" timestamp="2021-08-16T15:43:08Z" user="Yod4z" uid="318821" lat="44.7372977" lon="2.6850292"/>
 <node id="9010607118" visible="true" version="1" changeset="109759009" timestamp="2021-08-16T15:43:08Z" user="Yod4z" uid="318821" lat="44.7371995" lon="2.6851431"/>
 <node id="9010607119" visible="true" version="1" changeset="109759009" timestamp="2021-08-16T15:43:08Z" user="Yod4z" uid="318821" lat="44.7369425" lon="2.6848869"/>
 <node id="9010607120" visible="true" version="1" changeset="109759009" timestamp="2021-08-16T15:43:08Z" user="Yod4z" uid="318821" lat="44.7367490" lon="2.6849967"/>
 <node id="9010607121" visible="true" version="1" changeset="109759009" timestamp="2021-08-16T15:43:08Z" user="Yod4z" uid="318821" lat="44.7369107" lon="2.6853707"/>
 <node id="9010607122" visible="true" version="1" changeset="109759009" timestamp="2021-08-16T15:43:08Z" user="Yod4z" uid="318821" lat="44.7367779" lon="2.6854927"/>
 <node id="9010607123" visible="true" version="1" changeset="109759009" timestamp="2021-08-16T15:43:08Z" user="Yod4z" uid="318821" lat="44.7365266" lon="2.6852569"/>
 <node id="9010607124" visible="true" version="1" changeset="109759009" timestamp="2021-08-16T15:43:08Z" user="Yod4z" uid="318821" lat="44.7364862" lon="2.6856675"/>
 <node id="9010607125" visible="true" version="1" changeset="109759009" timestamp="2021-08-16T15:43:08Z" user="Yod4z" uid="318821" lat="44.7365180" lon="2.6860375"/>
 <node id="9010607126" visible="true" version="1" changeset="109759009" timestamp="2021-08-16T15:43:08Z" user="Yod4z" uid="318821" lat="44.7367981" lon="2.6859033"/>
 <node id="9010607127" visible="true" version="1" changeset="109759009" timestamp="2021-08-16T15:43:08Z" user="Yod4z" uid="318821" lat="44.7367837" lon="2.6857122"/>
 <node id="9010607128" visible="true" version="1" changeset="109759009" timestamp="2021-08-16T15:43:08Z" user="Yod4z" uid="318821" lat="44.7368818" lon="2.6856756"/>
 <node id="9010607129" visible="true" version="1" changeset="109759009" timestamp="2021-08-16T15:43:08Z" user="Yod4z" uid="318821" lat="44.7369050" lon="2.6858261"/>
 <node id="9010607130" visible="true" version="1" changeset="109759009" timestamp="2021-08-16T15:43:08Z" user="Yod4z" uid="318821" lat="44.7371649" lon="2.6858749"/>
 <node id="9010607131" visible="true" version="1" changeset="109759009" timestamp="2021-08-16T15:43:08Z" user="Yod4z" uid="318821" lat="44.7372573" lon="2.6860090"/>
 <node id="9010607132" visible="true" version="1" changeset="109759009" timestamp="2021-08-16T15:43:08Z" user="Yod4z" uid="318821" lat="44.7373266" lon="2.6862245"/>
 <node id="9010607133" visible="true" version="1" changeset="109759009" timestamp="2021-08-16T15:43:08Z" user="Yod4z" uid="318821" lat="44.7374161" lon="2.6861350"/>
 <node id="9010607134" visible="true" version="1" changeset="109759009" timestamp="2021-08-16T15:43:08Z" user="Yod4z" uid="318821" lat="44.7374999" lon="2.6861960"/>
 <node id="9010607135" visible="true" version="1" changeset="109759009" timestamp="2021-08-16T15:43:08Z" user="Yod4z" uid="318821" lat="44.7372804" lon="2.6863952"/>
 <node id="9010607136" visible="true" version="1" changeset="109759009" timestamp="2021-08-16T15:43:08Z" user="Yod4z" uid="318821" lat="44.7373872" lon="2.6869603"/>
 <node id="9010607137" visible="true" version="1" changeset="109759009" timestamp="2021-08-16T15:43:08Z" user="Yod4z" uid="318821" lat="44.7375894" lon="2.6871270"/>
 <node id="9010607138" visible="true" version="1" changeset="109759009" timestamp="2021-08-16T15:43:08Z" user="Yod4z" uid="318821" lat="44.7379927" lon="2.6897075"/>
 <node id="9010607139" visible="true" version="1" changeset="109759009" timestamp="2021-08-16T15:43:08Z" user="Yod4z" uid="318821" lat="44.7379267" lon="2.6897567"/>
 <node id="9010607140" visible="true" version="1" changeset="109759009" timestamp="2021-08-16T15:43:08Z" user="Yod4z" uid="318821" lat="44.7379597" lon="2.6897321">
  <tag k="direction" v="backward"/>
  <tag k="highway" v="give_way"/>
 </node>
 <node id="9010607141" visible="true" version="3" changeset="124732479" timestamp="2022-08-10T13:35:50Z" user="Yod4z" uid="318821" lat="44.7380720" lon="2.6894861">
  <tag k="direction" v="backward"/>
  <tag k="highway" v="give_way"/>
 </node>
 <node id="9010607142" visible="true" version="1" changeset="109759009" timestamp="2021-08-16T15:43:08Z" user="Yod4z" uid="318821" lat="44.7383689" lon="2.6893872"/>
 <node id="9010607143" visible="true" version="1" changeset="109759009" timestamp="2021-08-16T15:43:08Z" user="Yod4z" uid="318821" lat="44.7385508" lon="2.6894341"/>
 <node id="9010607144" visible="true" version="1" changeset="109759009" timestamp="2021-08-16T15:43:08Z" user="Yod4z" uid="318821" lat="44.7388642" lon="2.6896165"/>
 <node id="9010607145" visible="true" version="1" changeset="109759009" timestamp="2021-08-16T15:43:08Z" user="Yod4z" uid="318821" lat="44.7390290" lon="2.6896903"/>
 <node id="9010607146" visible="true" version="1" changeset="109759009" timestamp="2021-08-16T15:43:08Z" user="Yod4z" uid="318821" lat="44.7392329" lon="2.6897198"/>
 <node id="9010607147" visible="true" version="1" changeset="109759009" timestamp="2021-08-16T15:43:08Z" user="Yod4z" uid="318821" lat="44.7394634" lon="2.6896742"/>
 <node id="9010607148" visible="true" version="1" changeset="109759009" timestamp="2021-08-16T15:43:08Z" user="Yod4z" uid="318821" lat="44.7397416" lon="2.6895977"/>
 <node id="9010607149" visible="true" version="1" changeset="109759009" timestamp="2021-08-16T15:43:08Z" user="Yod4z" uid="318821" lat="44.7399975" lon="2.6896274"/>
 <node id="9010607150" visible="true" version="1" changeset="109759009" timestamp="2021-08-16T15:43:08Z" user="Yod4z" uid="318821" lat="44.7403444" lon="2.6895973"/>
 <node id="9010607151" visible="true" version="1" changeset="109759009" timestamp="2021-08-16T15:43:08Z" user="Yod4z" uid="318821" lat="44.7406285" lon="2.6894894"/>
 <node id="9010607152" visible="true" version="1" changeset="109759009" timestamp="2021-08-16T15:43:08Z" user="Yod4z" uid="318821" lat="44.7408648" lon="2.6892027"/>
 <node id="9010607153" visible="true" version="1" changeset="109759009" timestamp="2021-08-16T15:43:08Z" user="Yod4z" uid="318821" lat="44.7381982" lon="2.6857561"/>
 <node id="9010607154" visible="true" version="1" changeset="109759009" timestamp="2021-08-16T15:43:08Z" user="Yod4z" uid="318821" lat="44.7380076" lon="2.6856869"/>
 <node id="9010607155" visible="true" version="1" changeset="109759009" timestamp="2021-08-16T15:43:08Z" user="Yod4z" uid="318821" lat="44.7377015" lon="2.6859512"/>
 <node id="9010607156" visible="true" version="1" changeset="109759009" timestamp="2021-08-16T15:43:08Z" user="Yod4z" uid="318821" lat="44.7378921" lon="2.6861260"/>
 <node id="9010607157" visible="true" version="1" changeset="109759009" timestamp="2021-08-16T15:43:08Z" user="Yod4z" uid="318821" lat="44.7379210" lon="2.6863415"/>
 <node id="9010607158" visible="true" version="1" changeset="109759009" timestamp="2021-08-16T15:43:08Z" user="Yod4z" uid="318821" lat="44.7381693" lon="2.6862073"/>
 <node id="9010607159" visible="true" version="1" changeset="109759009" timestamp="2021-08-16T15:43:08Z" user="Yod4z" uid="318821" lat="44.7384234" lon="2.6857113"/>
 <node id="9010607160" visible="true" version="1" changeset="109759009" timestamp="2021-08-16T15:43:08Z" user="Yod4z" uid="318821" lat="44.7383281" lon="2.6860854"/>
 <node id="9010607161" visible="true" version="1" changeset="109759009" timestamp="2021-08-16T15:43:08Z" user="Yod4z" uid="318821" lat="44.7385736" lon="2.6867521"/>
 <node id="9010607162" visible="true" version="1" changeset="109759009" timestamp="2021-08-16T15:43:08Z" user="Yod4z" uid="318821" lat="44.7387960" lon="2.6871871"/>
 <node id="9010607163" visible="true" version="1" changeset="109759009" timestamp="2021-08-16T15:43:08Z" user="Yod4z" uid="318821" lat="44.7388191" lon="2.6875489"/>
 <node id="9010607164" visible="true" version="1" changeset="109759009" timestamp="2021-08-16T15:43:08Z" user="Yod4z" uid="318821" lat="44.7389432" lon="2.6875977"/>
 <node id="9010607165" visible="true" version="1" changeset="109759009" timestamp="2021-08-16T15:43:08Z" user="Yod4z" uid="318821" lat="44.7388999" lon="2.6878945"/>
 <node id="9010607166" visible="true" version="1" changeset="109759009" timestamp="2021-08-16T15:43:08Z" user="Yod4z" uid="318821" lat="44.7389201" lon="2.6881140"/>
 <node id="9010607167" visible="true" version="1" changeset="109759009" timestamp="2021-08-16T15:43:08Z" user="Yod4z" uid="318821" lat="44.7390183" lon="2.6882360"/>
 <node id="9010607168" visible="true" version="1" changeset="109759009" timestamp="2021-08-16T15:43:08Z" user="Yod4z" uid="318821" lat="44.7394371" lon="2.6879799"/>
 <node id="9010607169" visible="true" version="1" changeset="109759009" timestamp="2021-08-16T15:43:08Z" user="Yod4z" uid="318821" lat="44.7396363" lon="2.6875408"/>
 <node id="9010607170" visible="true" version="1" changeset="109759009" timestamp="2021-08-16T15:43:08Z" user="Yod4z" uid="318821" lat="44.7398298" lon="2.6873579"/>
 <node id="9010607171" visible="true" version="1" changeset="109759009" timestamp="2021-08-16T15:43:08Z" user="Yod4z" uid="318821" lat="44.7397807" lon="2.6871383"/>
 <node id="9010607172" visible="true" version="1" changeset="109759009" timestamp="2021-08-16T15:43:08Z" user="Yod4z" uid="318821" lat="44.7395641" lon="2.6870936"/>
 <node id="9010607173" visible="true" version="1" changeset="109759009" timestamp="2021-08-16T15:43:08Z" user="Yod4z" uid="318821" lat="44.7396132" lon="2.6868171"/>
 <node id="9010607174" visible="true" version="1" changeset="109759009" timestamp="2021-08-16T15:43:08Z" user="Yod4z" uid="318821" lat="44.7395035" lon="2.6866545"/>
 <node id="9010607175" visible="true" version="1" changeset="109759009" timestamp="2021-08-16T15:43:08Z" user="Yod4z" uid="318821" lat="44.7393735" lon="2.6866261"/>
 <node id="9010607176" visible="true" version="1" changeset="109759009" timestamp="2021-08-16T15:43:08Z" user="Yod4z" uid="318821" lat="44.7388826" lon="2.6868619"/>
 <node id="9010607204" visible="true" version="1" changeset="109759009" timestamp="2021-08-16T15:43:08Z" user="Yod4z" uid="318821" lat="44.7398446" lon="2.6933963"/>
 <node id="9010607205" visible="true" version="1" changeset="109759009" timestamp="2021-08-16T15:43:08Z" user="Yod4z" uid="318821" lat="44.7398796" lon="2.6942990"/>
 <node id="9010607206" visible="true" version="1" changeset="109759009" timestamp="2021-08-16T15:43:08Z" user="Yod4z" uid="318821" lat="44.7399277" lon="2.6944901"/>
 <node id="9010607207" visible="true" version="1" changeset="109759009" timestamp="2021-08-16T15:43:08Z" user="Yod4z" uid="318821" lat="44.7399168" lon="2.6947674"/>
 <node id="9010607208" visible="true" version="1" changeset="109759009" timestamp="2021-08-16T15:43:08Z" user="Yod4z" uid="318821" lat="44.7397176" lon="2.6952480"/>
 <node id="9010607209" visible="true" version="1" changeset="109759009" timestamp="2021-08-16T15:43:08Z" user="Yod4z" uid="318821" lat="44.7395163" lon="2.6954175"/>
 <node id="9010607210" visible="true" version="1" changeset="109759009" timestamp="2021-08-16T15:43:08Z" user="Yod4z" uid="318821" lat="44.7393128" lon="2.6953959"/>
 <node id="9010607211" visible="true" version="1" changeset="109759009" timestamp="2021-08-16T15:43:08Z" user="Yod4z" uid="318821" lat="44.7391771" lon="2.6956886"/>
 <node id="9010607212" visible="true" version="1" changeset="109759009" timestamp="2021-08-16T15:43:08Z" user="Yod4z" uid="318821" lat="44.7389757" lon="2.6951217"/>
 <node id="9010607213" visible="true" version="1" changeset="109759009" timestamp="2021-08-16T15:43:08Z" user="Yod4z" uid="318821" lat="44.7392143" lon="2.6950323"/>
 <node id="9010607214" visible="true" version="1" changeset="109759009" timestamp="2021-08-16T15:43:08Z" user="Yod4z" uid="318821" lat="44.7390698" lon="2.6946133"/>
 <node id="9010607215" visible="true" version="1" changeset="109759009" timestamp="2021-08-16T15:43:08Z" user="Yod4z" uid="318821" lat="44.7390239" lon="2.6942651"/>
 <node id="9010607216" visible="true" version="1" changeset="109759009" timestamp="2021-08-16T15:43:08Z" user="Yod4z" uid="318821" lat="44.7388510" lon="2.6940803"/>
 <node id="9010607217" visible="true" version="1" changeset="109759009" timestamp="2021-08-16T15:43:08Z" user="Yod4z" uid="318821" lat="44.7385621" lon="2.6942405"/>
 <node id="9010607218" visible="true" version="1" changeset="109759009" timestamp="2021-08-16T15:43:08Z" user="Yod4z" uid="318821" lat="44.7386518" lon="2.6944777"/>
 <node id="9010607219" visible="true" version="1" changeset="109759009" timestamp="2021-08-16T15:43:08Z" user="Yod4z" uid="318821" lat="44.7385862" lon="2.6944808"/>
 <node id="9010607220" visible="true" version="1" changeset="109759009" timestamp="2021-08-16T15:43:08Z" user="Yod4z" uid="318821" lat="44.7383279" lon="2.6942374"/>
 <node id="9010607221" visible="true" version="1" changeset="109759009" timestamp="2021-08-16T15:43:08Z" user="Yod4z" uid="318821" lat="44.7379909" lon="2.6931652"/>
 <node id="9010607222" visible="true" version="1" changeset="109759009" timestamp="2021-08-16T15:43:08Z" user="Yod4z" uid="318821" lat="44.7378245" lon="2.6919975"/>
 <node id="9010607223" visible="true" version="1" changeset="109759009" timestamp="2021-08-16T15:43:08Z" user="Yod4z" uid="318821" lat="44.7379405" lon="2.6905987"/>
 <node id="9010607224" visible="true" version="1" changeset="109759009" timestamp="2021-08-16T15:43:08Z" user="Yod4z" uid="318821" lat="44.7382032" lon="2.6904200"/>
 <node id="9010607225" visible="true" version="1" changeset="109759009" timestamp="2021-08-16T15:43:08Z" user="Yod4z" uid="318821" lat="44.7380872" lon="2.6902475"/>
 <node id="9010607226" visible="true" version="1" changeset="109759009" timestamp="2021-08-16T15:43:08Z" user="Yod4z" uid="318821" lat="44.7380631" lon="2.6901057"/>
 <node id="9010607227" visible="true" version="1" changeset="109759009" timestamp="2021-08-16T15:43:08Z" user="Yod4z" uid="318821" lat="44.7382885" lon="2.6899147"/>
 <node id="9010607228" visible="true" version="1" changeset="109759009" timestamp="2021-08-16T15:43:08Z" user="Yod4z" uid="318821" lat="44.7383301" lon="2.6900472"/>
 <node id="9010607229" visible="true" version="1" changeset="109759009" timestamp="2021-08-16T15:43:08Z" user="Yod4z" uid="318821" lat="44.7381966" lon="2.6901889"/>
 <node id="9010607230" visible="true" version="1" changeset="109759009" timestamp="2021-08-16T15:43:08Z" user="Yod4z" uid="318821" lat="44.7383126" lon="2.6903861"/>
 <node id="9010607231" visible="true" version="1" changeset="109759009" timestamp="2021-08-16T15:43:08Z" user="Yod4z" uid="318821" lat="44.7383651" lon="2.6902814"/>
 <node id="9010607232" visible="true" version="1" changeset="109759009" timestamp="2021-08-16T15:43:08Z" user="Yod4z" uid="318821" lat="44.7386431" lon="2.6901766"/>
 <node id="9010607233" visible="true" version="1" changeset="109759009" timestamp="2021-08-16T15:43:08Z" user="Yod4z" uid="318821" lat="44.7392033" lon="2.6904939"/>
 <node id="9010607234" visible="true" version="1" changeset="109759009" timestamp="2021-08-16T15:43:08Z" user="Yod4z" uid="318821" lat="44.7394309" lon="2.6904755"/>
 <node id="9010607235" visible="true" version="1" changeset="109759009" timestamp="2021-08-16T15:43:08Z" user="Yod4z" uid="318821" lat="44.7397461" lon="2.6906511"/>
 <node id="9010607236" visible="true" version="1" changeset="109759009" timestamp="2021-08-16T15:43:08Z" user="Yod4z" uid="318821" lat="44.7398708" lon="2.6903984"/>
 <node id="9010607237" visible="true" version="1" changeset="109759009" timestamp="2021-08-16T15:43:08Z" user="Yod4z" uid="318821" lat="44.7399890" lon="2.6905679"/>
 <node id="9010607238" visible="true" version="1" changeset="109759009" timestamp="2021-08-16T15:43:08Z" user="Yod4z" uid="318821" lat="44.7400153" lon="2.6906881"/>
 <node id="9010607239" visible="true" version="1" changeset="109759009" timestamp="2021-08-16T15:43:08Z" user="Yod4z" uid="318821" lat="44.7398139" lon="2.6907959"/>
 <node id="9010607240" visible="true" version="1" changeset="109759009" timestamp="2021-08-16T15:43:08Z" user="Yod4z" uid="318821" lat="44.7398292" lon="2.6909160"/>
 <node id="9010607241" visible="true" version="1" changeset="109759009" timestamp="2021-08-16T15:43:08Z" user="Yod4z" uid="318821" lat="44.7396870" lon="2.6917264"/>
 <node id="9010607242" visible="true" version="1" changeset="109759009" timestamp="2021-08-16T15:43:08Z" user="Yod4z" uid="318821" lat="44.7396345" lon="2.6918743"/>
 <node id="9010607243" visible="true" version="1" changeset="109759009" timestamp="2021-08-16T15:43:08Z" user="Yod4z" uid="318821" lat="44.7396804" lon="2.6919667"/>
 <node id="9010607244" visible="true" version="1" changeset="109759009" timestamp="2021-08-16T15:43:08Z" user="Yod4z" uid="318821" lat="44.7397505" lon="2.6922594"/>
 <node id="9010607245" visible="true" version="1" changeset="109759009" timestamp="2021-08-16T15:43:08Z" user="Yod4z" uid="318821" lat="44.7397964" lon="2.6923672"/>
 <node id="9010607246" visible="true" version="1" changeset="109759009" timestamp="2021-08-16T15:43:08Z" user="Yod4z" uid="318821" lat="44.7397680" lon="2.6925336"/>
 <node id="9010607247" visible="true" version="1" changeset="109759009" timestamp="2021-08-16T15:43:08Z" user="Yod4z" uid="318821" lat="44.7394747" lon="2.6931067"/>
 <node id="9010607248" visible="true" version="1" changeset="109759009" timestamp="2021-08-16T15:43:08Z" user="Yod4z" uid="318821" lat="44.7394309" lon="2.6935781"/>
 <node id="9010607249" visible="true" version="1" changeset="109759009" timestamp="2021-08-16T15:43:08Z" user="Yod4z" uid="318821" lat="44.7395075" lon="2.6938985"/>
 <node id="9010607250" visible="true" version="1" changeset="109759009" timestamp="2021-08-16T15:43:08Z" user="Yod4z" uid="318821" lat="44.7397176" lon="2.6940772"/>
 <node id="9010607251" visible="true" version="1" changeset="109759009" timestamp="2021-08-16T15:43:08Z" user="Yod4z" uid="318821" lat="44.7381843" lon="2.6913489"/>
 <node id="9010607252" visible="true" version="1" changeset="109759009" timestamp="2021-08-16T15:43:08Z" user="Yod4z" uid="318821" lat="44.7384355" lon="2.6922718"/>
 <node id="9010607253" visible="true" version="1" changeset="109759009" timestamp="2021-08-16T15:43:08Z" user="Yod4z" uid="318821" lat="44.7384644" lon="2.6927596"/>
 <node id="9010607254" visible="true" version="1" changeset="109759009" timestamp="2021-08-16T15:43:08Z" user="Yod4z" uid="318821" lat="44.7389495" lon="2.6926539"/>
 <node id="9010607255" visible="true" version="1" changeset="109759009" timestamp="2021-08-16T15:43:08Z" user="Yod4z" uid="318821" lat="44.7393076" lon="2.6926580"/>
 <node id="9010607256" visible="true" version="1" changeset="109759009" timestamp="2021-08-16T15:43:08Z" user="Yod4z" uid="318821" lat="44.7393711" lon="2.6923084"/>
 <node id="9010607257" visible="true" version="1" changeset="109759009" timestamp="2021-08-16T15:43:08Z" user="Yod4z" uid="318821" lat="44.7393018" lon="2.6918652"/>
 <node id="9010607258" visible="true" version="1" changeset="109759009" timestamp="2021-08-16T15:43:08Z" user="Yod4z" uid="318821" lat="44.7394664" lon="2.6916498"/>
 <node id="9010607259" visible="true" version="1" changeset="109759009" timestamp="2021-08-16T15:43:08Z" user="Yod4z" uid="318821" lat="44.7393567" lon="2.6914709"/>
 <node id="9010607260" visible="true" version="1" changeset="109759009" timestamp="2021-08-16T15:43:08Z" user="Yod4z" uid="318821" lat="44.7384326" lon="2.6909790"/>
 <node id="9019969103" visible="true" version="1" changeset="109931497" timestamp="2021-08-19T12:16:58Z" user="Yod4z" uid="318821" lat="44.7352977" lon="2.7272735"/>
 <node id="9318406350" visible="true" version="3" changeset="138082845" timestamp="2023-07-03T22:52:47Z" user="InfosReseaux" uid="93222" lat="44.7474393" lon="2.6967216">
  <tag k="operator" v="Enedis"/>
  <tag k="operator:wikidata" v="Q3587594"/>
  <tag k="power" v="tower"/>
 </node>
 <node id="9318406389" visible="true" version="2" changeset="136275070" timestamp="2023-05-18T22:12:47Z" user="InfosReseaux" uid="93222" lat="44.7393394" lon="2.6984129">
  <tag k="location:transition" v="yes"/>
  <tag k="operator" v="Enedis"/>
  <tag k="operator:wikidata" v="Q3587594"/>
  <tag k="power" v="pole"/>
 </node>
 <node id="9318406390" visible="true" version="2" changeset="136275070" timestamp="2023-05-18T22:12:47Z" user="InfosReseaux" uid="93222" lat="44.7394723" lon="2.6993987">
  <tag k="operator" v="Enedis"/>
  <tag k="operator:wikidata" v="Q3587594"/>
  <tag k="power" v="pole"/>
 </node>
 <node id="9318406391" visible="true" version="2" changeset="136275070" timestamp="2023-05-18T22:12:47Z" user="InfosReseaux" uid="93222" lat="44.7396282" lon="2.7004354">
  <tag k="operator" v="Enedis"/>
  <tag k="operator:wikidata" v="Q3587594"/>
  <tag k="power" v="pole"/>
 </node>
 <node id="9318406392" visible="true" version="2" changeset="136275070" timestamp="2023-05-18T22:12:47Z" user="InfosReseaux" uid="93222" lat="44.7398361" lon="2.7017730">
  <tag k="operator" v="Enedis"/>
  <tag k="operator:wikidata" v="Q3587594"/>
  <tag k="power" v="pole"/>
 </node>
 <node id="9318406393" visible="true" version="2" changeset="136275070" timestamp="2023-05-18T22:12:47Z" user="InfosReseaux" uid="93222" lat="44.7401552" lon="2.7036655">
  <tag k="operator" v="Enedis"/>
  <tag k="operator:wikidata" v="Q3587594"/>
  <tag k="power" v="pole"/>
 </node>
 <node id="9318406394" visible="true" version="2" changeset="136275070" timestamp="2023-05-18T22:12:47Z" user="InfosReseaux" uid="93222" lat="44.7401076" lon="2.7045782">
  <tag k="operator" v="Enedis"/>
  <tag k="operator:wikidata" v="Q3587594"/>
  <tag k="power" v="pole"/>
 </node>
 <node id="9318406395" visible="true" version="1" changeset="114663604" timestamp="2021-12-07T14:29:19Z" user="Eric V" uid="163480" lat="44.7396163" lon="2.6975505">
  <tag k="direction" v="backward"/>
  <tag k="highway" v="give_way"/>
 </node>
 <node id="9318406396" visible="true" version="1" changeset="114663604" timestamp="2021-12-07T14:29:19Z" user="Eric V" uid="163480" lat="44.7393311" lon="2.6974964">
  <tag k="direction" v="forward"/>
  <tag k="highway" v="give_way"/>
 </node>
 <node id="9318411756" visible="true" version="2" changeset="136275070" timestamp="2023-05-18T22:12:47Z" user="InfosReseaux" uid="93222" lat="44.7380424" lon="2.6956434">
  <tag k="location:transition" v="yes"/>
  <tag k="operator" v="Enedis"/>
  <tag k="operator:wikidata" v="Q3587594"/>
  <tag k="power" v="pole"/>
 </node>
 <node id="9318411757" visible="true" version="2" changeset="136275070" timestamp="2023-05-18T22:12:47Z" user="InfosReseaux" uid="93222" lat="44.7379341" lon="2.6945620">
  <tag k="operator" v="Enedis"/>
  <tag k="operator:wikidata" v="Q3587594"/>
  <tag k="power" v="pole"/>
 </node>
 <node id="9318411758" visible="true" version="2" changeset="136275070" timestamp="2023-05-18T22:12:47Z" user="InfosReseaux" uid="93222" lat="44.7378287" lon="2.6934033">
  <tag k="operator" v="Enedis"/>
  <tag k="operator:wikidata" v="Q3587594"/>
  <tag k="power" v="pole"/>
 </node>
 <node id="9318411759" visible="true" version="2" changeset="136275070" timestamp="2023-05-18T22:12:47Z" user="InfosReseaux" uid="93222" lat="44.7376886" lon="2.6918564">
  <tag k="operator" v="Enedis"/>
  <tag k="operator:wikidata" v="Q3587594"/>
  <tag k="power" v="pole"/>
 </node>
 <node id="9318411760" visible="true" version="2" changeset="136275070" timestamp="2023-05-18T22:12:47Z" user="InfosReseaux" uid="93222" lat="44.7378344" lon="2.6908644">
  <tag k="operator" v="Enedis"/>
  <tag k="operator:wikidata" v="Q3587594"/>
  <tag k="power" v="pole"/>
 </node>
 <node id="9318411761" visible="true" version="2" changeset="136275070" timestamp="2023-05-18T22:12:47Z" user="InfosReseaux" uid="93222" lat="44.7379110" lon="2.6898704">
  <tag k="operator" v="Enedis"/>
  <tag k="operator:wikidata" v="Q3587594"/>
  <tag k="power" v="pole"/>
 </node>
 <node id="9318411762" visible="true" version="2" changeset="136275070" timestamp="2023-05-18T22:12:47Z" user="InfosReseaux" uid="93222" lat="44.7380106" lon="2.6889902">
  <tag k="operator" v="Enedis"/>
  <tag k="operator:wikidata" v="Q3587594"/>
  <tag k="power" v="pole"/>
 </node>
 <node id="9318411763" visible="true" version="2" changeset="136275070" timestamp="2023-05-18T22:12:47Z" user="InfosReseaux" uid="93222" lat="44.7380943" lon="2.6879596">
  <tag k="operator" v="Enedis"/>
  <tag k="operator:wikidata" v="Q3587594"/>
  <tag k="power" v="pole"/>
 </node>
 <node id="9318411764" visible="true" version="2" changeset="136275070" timestamp="2023-05-18T22:12:47Z" user="InfosReseaux" uid="93222" lat="44.7382488" lon="2.6860794">
  <tag k="operator" v="Enedis"/>
  <tag k="operator:wikidata" v="Q3587594"/>
  <tag k="power" v="pole"/>
 </node>
 <node id="9318411765" visible="true" version="3" changeset="168577109" timestamp="2025-07-06T20:08:26Z" user="johanbont" uid="12992964" lat="44.7383749" lon="2.6850328">
  <tag k="operator" v="Enedis"/>
  <tag k="operator:wikidata" v="Q3587594"/>
  <tag k="power" v="pole"/>
 </node>
 <node id="9318411766" visible="true" version="2" changeset="136275070" timestamp="2023-05-18T22:12:47Z" user="InfosReseaux" uid="93222" lat="44.7382301" lon="2.6840263">
  <tag k="operator" v="Enedis"/>
  <tag k="operator:wikidata" v="Q3587594"/>
  <tag k="power" v="pole"/>
 </node>
 <node id="9318411767" visible="true" version="2" changeset="136275070" timestamp="2023-05-18T22:12:47Z" user="InfosReseaux" uid="93222" lat="44.7381041" lon="2.6825095">
  <tag k="operator" v="Enedis"/>
  <tag k="operator:wikidata" v="Q3587594"/>
  <tag k="power" v="pole"/>
 </node>
 <node id="9318411768" visible="true" version="2" changeset="136275070" timestamp="2023-05-18T22:12:47Z" user="InfosReseaux" uid="93222" lat="44.7379631" lon="2.6819164">
  <tag k="operator" v="Enedis"/>
  <tag k="operator:wikidata" v="Q3587594"/>
  <tag k="power" v="pole"/>
 </node>
 <node id="9318411769" visible="true" version="2" changeset="136275070" timestamp="2023-05-18T22:12:47Z" user="InfosReseaux" uid="93222" lat="44.7378221" lon="2.6812883">
  <tag k="location:transition" v="yes"/>
  <tag k="operator" v="Enedis"/>
  <tag k="operator:wikidata" v="Q3587594"/>
  <tag k="power" v="pole"/>
 </node>
 <node id="9318411770" visible="true" version="2" changeset="124732479" timestamp="2022-08-10T13:35:50Z" user="Yod4z" uid="318821" lat="44.7377794" lon="2.6915847"/>
 <node id="9318411771" visible="true" version="2" changeset="136275070" timestamp="2023-05-18T22:12:47Z" user="InfosReseaux" uid="93222" lat="44.7382033" lon="2.6891426">
  <tag k="operator" v="Enedis"/>
  <tag k="operator:wikidata" v="Q3587594"/>
  <tag k="power" v="pole"/>
 </node>
 <node id="9318411772" visible="true" version="2" changeset="136275070" timestamp="2023-05-18T22:12:47Z" user="InfosReseaux" uid="93222" lat="44.7389209" lon="2.6895919">
  <tag k="operator" v="Enedis"/>
  <tag k="operator:wikidata" v="Q3587594"/>
  <tag k="power" v="pole"/>
 </node>
 <node id="9318411773" visible="true" version="2" changeset="136275070" timestamp="2023-05-18T22:12:47Z" user="InfosReseaux" uid="93222" lat="44.7396010" lon="2.6896711">
  <tag k="operator" v="Enedis"/>
  <tag k="operator:wikidata" v="Q3587594"/>
  <tag k="power" v="pole"/>
 </node>
 <node id="9318411774" visible="true" version="2" changeset="136275070" timestamp="2023-05-18T22:12:47Z" user="InfosReseaux" uid="93222" lat="44.7400148" lon="2.6898495">
  <tag k="location:transition" v="yes"/>
  <tag k="operator" v="Enedis"/>
  <tag k="operator:wikidata" v="Q3587594"/>
  <tag k="power" v="pole"/>
  <tag k="substation" v="minor_distribution"/>
  <tag k="transformer" v="main"/>
  <tag k="voltage:primary" v="20000"/>
  <tag k="voltage:secondary" v="400"/>
 </node>
 <node id="9318411779" visible="true" version="2" changeset="136275070" timestamp="2023-05-18T22:12:47Z" user="InfosReseaux" uid="93222" lat="44.7385711" lon="2.6839675">
  <tag k="location:transition" v="yes"/>
  <tag k="operator" v="Enedis"/>
  <tag k="operator:wikidata" v="Q3587594"/>
  <tag k="power" v="pole"/>
  <tag k="substation" v="minor_distribution"/>
  <tag k="transformer" v="main"/>
  <tag k="voltage:primary" v="20000"/>
  <tag k="voltage:secondary" v="400"/>
 </node>
 <node id="9318411780" visible="true" version="1" changeset="114663933" timestamp="2021-12-07T14:38:21Z" user="Eric V" uid="163480" lat="44.7386715" lon="2.6836217"/>
 <node id="9318411781" visible="true" version="2" changeset="136275070" timestamp="2023-05-18T22:12:47Z" user="InfosReseaux" uid="93222" lat="44.7373277" lon="2.6831828">
  <tag k="operator" v="Enedis"/>
  <tag k="operator:wikidata" v="Q3587594"/>
  <tag k="power" v="pole"/>
 </node>
 <node id="9318411782" visible="true" version="2" changeset="136275070" timestamp="2023-05-18T22:12:47Z" user="InfosReseaux" uid="93222" lat="44.7365768" lon="2.6838333">
  <tag k="operator" v="Enedis"/>
  <tag k="operator:wikidata" v="Q3587594"/>
  <tag k="power" v="pole"/>
 </node>
 <node id="9318411783" visible="true" version="2" changeset="136275070" timestamp="2023-05-18T22:12:47Z" user="InfosReseaux" uid="93222" lat="44.7359732" lon="2.6843456">
  <tag k="operator" v="Enedis"/>
  <tag k="operator:wikidata" v="Q3587594"/>
  <tag k="power" v="pole"/>
 </node>
 <node id="9318411784" visible="true" version="2" changeset="136275070" timestamp="2023-05-18T22:12:47Z" user="InfosReseaux" uid="93222" lat="44.7354057" lon="2.6848558">
  <tag k="operator" v="Enedis"/>
  <tag k="operator:wikidata" v="Q3587594"/>
  <tag k="power" v="pole"/>
 </node>
 <node id="9318411785" visible="true" version="2" changeset="136275070" timestamp="2023-05-18T22:12:47Z" user="InfosReseaux" uid="93222" lat="44.7349099" lon="2.6852704">
  <tag k="operator" v="Enedis"/>
  <tag k="operator:wikidata" v="Q3587594"/>
  <tag k="power" v="pole"/>
 </node>
 <node id="9318411786" visible="true" version="2" changeset="136275070" timestamp="2023-05-18T22:12:47Z" user="InfosReseaux" uid="93222" lat="44.7346163" lon="2.6857292">
  <tag k="location:transition" v="yes"/>
  <tag k="operator" v="Enedis"/>
  <tag k="operator:wikidata" v="Q3587594"/>
  <tag k="power" v="pole"/>
  <tag k="substation" v="minor_distribution"/>
  <tag k="transformer" v="main"/>
  <tag k="voltage:primary" v="20000"/>
  <tag k="voltage:secondary" v="400"/>
 </node>
 <node id="9318436717" visible="true" version="1" changeset="114663604" timestamp="2021-12-07T14:29:19Z" user="Eric V" uid="163480" lat="44.7584951" lon="2.7075726"/>
 <node id="9385752716" visible="true" version="1" changeset="115672985" timestamp="2022-01-02T14:50:41Z" user="InfosReseaux" uid="93222" lat="44.7255918" lon="2.6569855"/>
 <node id="9923948203" visible="true" version="1" changeset="124331770" timestamp="2022-08-01T08:16:56Z" user="maferikotupi" uid="2115804" lat="44.7465123" lon="2.7015638"/>
 <node id="9923948204" visible="true" version="1" changeset="124331770" timestamp="2022-08-01T08:16:56Z" user="maferikotupi" uid="2115804" lat="44.7472552" lon="2.7027038"/>
 <node id="9923948205" visible="true" version="1" changeset="124331770" timestamp="2022-08-01T08:16:56Z" user="maferikotupi" uid="2115804" lat="44.7481277" lon="2.7036506"/>
 <node id="9923985243" visible="true" version="1" changeset="124331770" timestamp="2022-08-01T08:16:56Z" user="maferikotupi" uid="2115804" lat="44.7484066" lon="2.7055336"/>
 <node id="9923985252" visible="true" version="1" changeset="124331770" timestamp="2022-08-01T08:16:56Z" user="maferikotupi" uid="2115804" lat="44.7484621" lon="2.7056684"/>
 <node id="9923985255" visible="true" version="1" changeset="124331770" timestamp="2022-08-01T08:16:56Z" user="maferikotupi" uid="2115804" lat="44.7483848" lon="2.7054799"/>
 <node id="9923985256" visible="true" version="1" changeset="124331770" timestamp="2022-08-01T08:16:56Z" user="maferikotupi" uid="2115804" lat="44.7493125" lon="2.7070624"/>
 <node id="9923985257" visible="true" version="1" changeset="124331770" timestamp="2022-08-01T08:16:56Z" user="maferikotupi" uid="2115804" lat="44.7495602" lon="2.7072394"/>
 <node id="9923985258" visible="true" version="1" changeset="124331770" timestamp="2022-08-01T08:16:56Z" user="maferikotupi" uid="2115804" lat="44.7508516" lon="2.7060726"/>
 <node id="9923985259" visible="true" version="1" changeset="124331770" timestamp="2022-08-01T08:16:56Z" user="maferikotupi" uid="2115804" lat="44.7528403" lon="2.7051580"/>
 <node id="9923985260" visible="true" version="1" changeset="124331770" timestamp="2022-08-01T08:16:56Z" user="maferikotupi" uid="2115804" lat="44.7530822" lon="2.7053592"/>
 <node id="9923985261" visible="true" version="1" changeset="124331770" timestamp="2022-08-01T08:16:56Z" user="maferikotupi" uid="2115804" lat="44.7534574" lon="2.7061263"/>
 <node id="9923985262" visible="true" version="1" changeset="124331770" timestamp="2022-08-01T08:16:56Z" user="maferikotupi" uid="2115804" lat="44.7536936" lon="2.7066037"/>
 <node id="9923985263" visible="true" version="1" changeset="124331770" timestamp="2022-08-01T08:16:56Z" user="maferikotupi" uid="2115804" lat="44.7543450" lon="2.7072984"/>
 <node id="9923985274" visible="true" version="1" changeset="124331770" timestamp="2022-08-01T08:16:56Z" user="maferikotupi" uid="2115804" lat="44.7542345" lon="2.7071750"/>
 <node id="9923985275" visible="true" version="1" changeset="124331770" timestamp="2022-08-01T08:16:56Z" user="maferikotupi" uid="2115804" lat="44.7562471" lon="2.7062138"/>
 <node id="9923985279" visible="true" version="1" changeset="124331770" timestamp="2022-08-01T08:16:56Z" user="maferikotupi" uid="2115804" lat="44.7560173" lon="2.7062952"/>
 <node id="9923985280" visible="true" version="1" changeset="124331770" timestamp="2022-08-01T08:16:56Z" user="maferikotupi" uid="2115804" lat="44.7571544" lon="2.7060270"/>
 <node id="9923985281" visible="true" version="1" changeset="124331770" timestamp="2022-08-01T08:16:56Z" user="maferikotupi" uid="2115804" lat="44.7574192" lon="2.7063838"/>
 <node id="9923985283" visible="true" version="1" changeset="124331770" timestamp="2022-08-01T08:16:56Z" user="maferikotupi" uid="2115804" lat="44.7574934" lon="2.7064669"/>
 <node id="9923985284" visible="true" version="1" changeset="124331770" timestamp="2022-08-01T08:16:56Z" user="maferikotupi" uid="2115804" lat="44.7591952" lon="2.7069873"/>
 <node id="9923985285" visible="true" version="1" changeset="124331770" timestamp="2022-08-01T08:16:56Z" user="maferikotupi" uid="2115804" lat="44.7584857" lon="2.7076766"/>
 <node id="9924006910" visible="true" version="1" changeset="124332718" timestamp="2022-08-01T08:38:20Z" user="maferikotupi" uid="2115804" lat="44.7376182" lon="2.6792827"/>
 <node id="9924006911" visible="true" version="1" changeset="124332718" timestamp="2022-08-01T08:38:20Z" user="maferikotupi" uid="2115804" lat="44.7376096" lon="2.6792331"/>
 <node id="9924006912" visible="true" version="1" changeset="124332718" timestamp="2022-08-01T08:38:20Z" user="maferikotupi" uid="2115804" lat="44.7373800" lon="2.6790775"/>
 <node id="9924006913" visible="true" version="1" changeset="124332718" timestamp="2022-08-01T08:38:20Z" user="maferikotupi" uid="2115804" lat="44.7375565" lon="2.6793576"/>
 <node id="9924006914" visible="true" version="1" changeset="124332718" timestamp="2022-08-01T08:38:20Z" user="maferikotupi" uid="2115804" lat="44.7375885" lon="2.6792714"/>
 <node id="9924006915" visible="true" version="1" changeset="124332718" timestamp="2022-08-01T08:38:20Z" user="maferikotupi" uid="2115804" lat="44.7373445" lon="2.6790918"/>
 <node id="9924006916" visible="true" version="1" changeset="124332718" timestamp="2022-08-01T08:38:20Z" user="maferikotupi" uid="2115804" lat="44.7373125" lon="2.6791781"/>
 <node id="9924014417" visible="true" version="1" changeset="124332718" timestamp="2022-08-01T08:38:20Z" user="maferikotupi" uid="2115804" lat="44.7373473" lon="2.6794017"/>
 <node id="9924014418" visible="true" version="1" changeset="124332718" timestamp="2022-08-01T08:38:20Z" user="maferikotupi" uid="2115804" lat="44.7375206" lon="2.6795266"/>
 <node id="9924014419" visible="true" version="1" changeset="124332718" timestamp="2022-08-01T08:38:20Z" user="maferikotupi" uid="2115804" lat="44.7375428" lon="2.6794655"/>
 <node id="9924014420" visible="true" version="1" changeset="124332718" timestamp="2022-08-01T08:38:20Z" user="maferikotupi" uid="2115804" lat="44.7373695" lon="2.6793406"/>
 <node id="9924014421" visible="true" version="2" changeset="154594883" timestamp="2024-07-30T08:40:03Z" user="vincent_95" uid="49047" lat="44.7372979" lon="2.6794690"/>
 <node id="9924014422" visible="true" version="2" changeset="154594883" timestamp="2024-07-30T08:40:03Z" user="vincent_95" uid="49047" lat="44.7372372" lon="2.6794644"/>
 <node id="9924014423" visible="true" version="2" changeset="154594883" timestamp="2024-07-30T08:40:03Z" user="vincent_95" uid="49047" lat="44.7371799" lon="2.6798145"/>
 <node id="9924014424" visible="true" version="2" changeset="154594883" timestamp="2024-07-30T08:40:03Z" user="vincent_95" uid="49047" lat="44.7372471" lon="2.6798567"/>
 <node id="9924014425" visible="true" version="1" changeset="124332718" timestamp="2022-08-01T08:38:20Z" user="maferikotupi" uid="2115804" lat="44.7372848" lon="2.6797313"/>
 <node id="9924014426" visible="true" version="1" changeset="124332718" timestamp="2022-08-01T08:38:20Z" user="maferikotupi" uid="2115804" lat="44.7372948" lon="2.6795952"/>
 <node id="9924014427" visible="true" version="1" changeset="124332718" timestamp="2022-08-01T08:38:20Z" user="maferikotupi" uid="2115804" lat="44.7372868" lon="2.6792812"/>
 <node id="9924014428" visible="true" version="2" changeset="154594883" timestamp="2024-07-30T08:40:03Z" user="vincent_95" uid="49047" lat="44.7372795" lon="2.6794215"/>
 <node id="9924014429" visible="true" version="1" changeset="124332718" timestamp="2022-08-01T08:38:20Z" user="maferikotupi" uid="2115804" lat="44.7373481" lon="2.6794229"/>
 <node id="9924014430" visible="true" version="1" changeset="124332718" timestamp="2022-08-01T08:38:20Z" user="maferikotupi" uid="2115804" lat="44.7375348" lon="2.6795583"/>
 <node id="9924014431" visible="true" version="1" changeset="124332718" timestamp="2022-08-01T08:38:20Z" user="maferikotupi" uid="2115804" lat="44.7375761" lon="2.6794549"/>
 <node id="9924014432" visible="true" version="2" changeset="154594883" timestamp="2024-07-30T08:40:03Z" user="vincent_95" uid="49047" lat="44.7370314" lon="2.6791077"/>
 <node id="9924014433" visible="true" version="2" changeset="154594883" timestamp="2024-07-30T08:40:03Z" user="vincent_95" uid="49047" lat="44.7369494" lon="2.6789723"/>
 <node id="9924014434" visible="true" version="1" changeset="124332718" timestamp="2022-08-01T08:38:20Z" user="maferikotupi" uid="2115804" lat="44.7372506" lon="2.6792367"/>
 <node id="9924014435" visible="true" version="1" changeset="124332718" timestamp="2022-08-01T08:38:20Z" user="maferikotupi" uid="2115804" lat="44.7372771" lon="2.6792800"/>
 <node id="9924014436" visible="true" version="1" changeset="124332718" timestamp="2022-08-01T08:38:20Z" user="maferikotupi" uid="2115804" lat="44.7373629" lon="2.6792908"/>
 <node id="9924014437" visible="true" version="1" changeset="124332718" timestamp="2022-08-01T08:38:20Z" user="maferikotupi" uid="2115804" lat="44.7375672" lon="2.6794497"/>
 <node id="9924014438" visible="true" version="2" changeset="154594883" timestamp="2024-07-30T08:40:03Z" user="vincent_95" uid="49047" lat="44.7370665" lon="2.6790190"/>
 <node id="9924014439" visible="true" version="2" changeset="154594883" timestamp="2024-07-30T08:40:03Z" user="vincent_95" uid="49047" lat="44.7370410" lon="2.6790875"/>
 <node id="9924014440" visible="true" version="1" changeset="124332718" timestamp="2022-08-01T08:38:20Z" user="maferikotupi" uid="2115804" lat="44.7372762" lon="2.6791683"/>
 <node id="9924014441" visible="true" version="1" changeset="124332718" timestamp="2022-08-01T08:38:20Z" user="maferikotupi" uid="2115804" lat="44.7372626" lon="2.6793205"/>
 <node id="9924014442" visible="true" version="1" changeset="124332718" timestamp="2022-08-01T08:38:20Z" user="maferikotupi" uid="2115804" lat="44.7372392" lon="2.6793830"/>
 <node id="9924014443" visible="true" version="1" changeset="124332718" timestamp="2022-08-01T08:38:20Z" user="maferikotupi" uid="2115804" lat="44.7371007" lon="2.6792805"/>
 <node id="9924014444" visible="true" version="1" changeset="124332718" timestamp="2022-08-01T08:38:20Z" user="maferikotupi" uid="2115804" lat="44.7371240" lon="2.6792180"/>
 <node id="9924014445" visible="true" version="1" changeset="124332718" timestamp="2022-08-01T08:38:20Z" user="maferikotupi" uid="2115804" lat="44.7370775" lon="2.6791689"/>
 <node id="9924014446" visible="true" version="1" changeset="124332718" timestamp="2022-08-01T08:38:20Z" user="maferikotupi" uid="2115804" lat="44.7370560" lon="2.6792322"/>
 <node id="9924014447" visible="true" version="1" changeset="124332718" timestamp="2022-08-01T08:38:20Z" user="maferikotupi" uid="2115804" lat="44.7369566" lon="2.6791652"/>
 <node id="9924014448" visible="true" version="1" changeset="124332718" timestamp="2022-08-01T08:38:20Z" user="maferikotupi" uid="2115804" lat="44.7369782" lon="2.6791019"/>
 <node id="9924014449" visible="true" version="1" changeset="124332718" timestamp="2022-08-01T08:38:20Z" user="maferikotupi" uid="2115804" lat="44.7370504" lon="2.6793203"/>
 <node id="9924014450" visible="true" version="1" changeset="124332718" timestamp="2022-08-01T08:38:20Z" user="maferikotupi" uid="2115804" lat="44.7367360" lon="2.6795845"/>
 <node id="9924014451" visible="true" version="1" changeset="124332718" timestamp="2022-08-01T08:38:20Z" user="maferikotupi" uid="2115804" lat="44.7370609" lon="2.6797883"/>
 <node id="9924014452" visible="true" version="1" changeset="124332718" timestamp="2022-08-01T08:38:20Z" user="maferikotupi" uid="2115804" lat="44.7371866" lon="2.6794128"/>
 <node id="9924014453" visible="true" version="1" changeset="124332718" timestamp="2022-08-01T08:38:20Z" user="maferikotupi" uid="2115804" lat="44.7370371" lon="2.6792546"/>
 <node id="9924014454" visible="true" version="1" changeset="124332718" timestamp="2022-08-01T08:38:20Z" user="maferikotupi" uid="2115804" lat="44.7368999" lon="2.6791486"/>
 <node id="9924014455" visible="true" version="1" changeset="124332718" timestamp="2022-08-01T08:38:20Z" user="maferikotupi" uid="2115804" lat="44.7388480" lon="2.6765120"/>
 <node id="9924014456" visible="true" version="1" changeset="124332718" timestamp="2022-08-01T08:38:20Z" user="maferikotupi" uid="2115804" lat="44.7388023" lon="2.6765281">
  <tag k="direction" v="backward"/>
  <tag k="highway" v="give_way"/>
 </node>
 <node id="9924014457" visible="true" version="1" changeset="124332718" timestamp="2022-08-01T08:38:20Z" user="maferikotupi" uid="2115804" lat="44.7392977" lon="2.6762438"/>
 <node id="9924014458" visible="true" version="1" changeset="124332718" timestamp="2022-08-01T08:38:20Z" user="maferikotupi" uid="2115804" lat="44.7388842" lon="2.6782165"/>
 <node id="9924014459" visible="true" version="2" changeset="154593627" timestamp="2024-07-30T08:08:03Z" user="vincent_95" uid="49047" lat="44.7387232" lon="2.6786497"/>
 <node id="9924014460" visible="true" version="1" changeset="124332718" timestamp="2022-08-01T08:38:20Z" user="maferikotupi" uid="2115804" lat="44.7387404" lon="2.6792707"/>
 <node id="9924014461" visible="true" version="2" changeset="154593627" timestamp="2024-07-30T08:08:03Z" user="vincent_95" uid="49047" lat="44.7392276" lon="2.6789629"/>
 <node id="9924014462" visible="true" version="1" changeset="124332718" timestamp="2022-08-01T08:38:20Z" user="maferikotupi" uid="2115804" lat="44.7387318" lon="2.6790172"/>
 <node id="9924014463" visible="true" version="1" changeset="124332718" timestamp="2022-08-01T08:38:20Z" user="maferikotupi" uid="2115804" lat="44.7391938" lon="2.6802899"/>
 <node id="9924014464" visible="true" version="2" changeset="154593627" timestamp="2024-07-30T08:08:03Z" user="vincent_95" uid="49047" lat="44.7390967" lon="2.6803214"/>
 <node id="9924014465" visible="true" version="2" changeset="154593627" timestamp="2024-07-30T08:08:03Z" user="vincent_95" uid="49047" lat="44.7393200" lon="2.6798386"/>
 <node id="9924014466" visible="true" version="2" changeset="168606755" timestamp="2025-07-07T13:50:27Z" user="Ptigrouick" uid="195175" lat="44.7392751" lon="2.6806154"/>
 <node id="9924014467" visible="true" version="2" changeset="168606755" timestamp="2025-07-07T13:50:27Z" user="Ptigrouick" uid="195175" lat="44.7392429" lon="2.6806103"/>
 <node id="9924014468" visible="true" version="2" changeset="168606755" timestamp="2025-07-07T13:50:27Z" user="Ptigrouick" uid="195175" lat="44.7392504" lon="2.6805166"/>
 <node id="9924014469" visible="true" version="2" changeset="168606755" timestamp="2025-07-07T13:50:27Z" user="Ptigrouick" uid="195175" lat="44.7392666" lon="2.6807221"/>
 <node id="9924014470" visible="true" version="2" changeset="168606755" timestamp="2025-07-07T13:50:27Z" user="Ptigrouick" uid="195175" lat="44.7393406" lon="2.6807338"/>
 <node id="9924014471" visible="true" version="2" changeset="168606755" timestamp="2025-07-07T13:50:27Z" user="Ptigrouick" uid="195175" lat="44.7393565" lon="2.6805333"/>
 <node id="9924014472" visible="true" version="1" changeset="124332718" timestamp="2022-08-01T08:38:20Z" user="maferikotupi" uid="2115804" lat="44.7392678" lon="2.6799851"/>
 <node id="9924014473" visible="true" version="1" changeset="124332718" timestamp="2022-08-01T08:38:20Z" user="maferikotupi" uid="2115804" lat="44.7393006" lon="2.6800545"/>
 <node id="9924014474" visible="true" version="1" changeset="124332718" timestamp="2022-08-01T08:38:20Z" user="maferikotupi" uid="2115804" lat="44.7393044" lon="2.6800509"/>
 <node id="9924014475" visible="true" version="1" changeset="124332718" timestamp="2022-08-01T08:38:20Z" user="maferikotupi" uid="2115804" lat="44.7393119" lon="2.6800667"/>
 <node id="9924014476" visible="true" version="1" changeset="124332718" timestamp="2022-08-01T08:38:20Z" user="maferikotupi" uid="2115804" lat="44.7392994" lon="2.6800801"/>
 <node id="9924014477" visible="true" version="1" changeset="124332718" timestamp="2022-08-01T08:38:20Z" user="maferikotupi" uid="2115804" lat="44.7392992" lon="2.6801482"/>
 <node id="9924014478" visible="true" version="1" changeset="124332718" timestamp="2022-08-01T08:38:20Z" user="maferikotupi" uid="2115804" lat="44.7393729" lon="2.6801486"/>
 <node id="9924014479" visible="true" version="1" changeset="124332718" timestamp="2022-08-01T08:38:20Z" user="maferikotupi" uid="2115804" lat="44.7393733" lon="2.6800186"/>
 <node id="9924014480" visible="true" version="1" changeset="124332718" timestamp="2022-08-01T08:38:20Z" user="maferikotupi" uid="2115804" lat="44.7393301" lon="2.6799270"/>
 <node id="9924014481" visible="true" version="2" changeset="168606755" timestamp="2025-07-07T13:50:27Z" user="Ptigrouick" uid="195175" lat="44.7391030" lon="2.6805875"/>
 <node id="9924014482" visible="true" version="2" changeset="168606755" timestamp="2025-07-07T13:50:27Z" user="Ptigrouick" uid="195175" lat="44.7390925" lon="2.6807215"/>
 <node id="9924014483" visible="true" version="2" changeset="168606755" timestamp="2025-07-07T13:50:27Z" user="Ptigrouick" uid="195175" lat="44.7390243" lon="2.6807110"/>
 <node id="9924014484" visible="true" version="2" changeset="168606755" timestamp="2025-07-07T13:50:27Z" user="Ptigrouick" uid="195175" lat="44.7390347" lon="2.6805769"/>
 <node id="9924014485" visible="true" version="1" changeset="124332718" timestamp="2022-08-01T08:38:20Z" user="maferikotupi" uid="2115804" lat="44.7379002" lon="2.6800485"/>
 <node id="9924014486" visible="true" version="2" changeset="154593627" timestamp="2024-07-30T08:08:03Z" user="vincent_95" uid="49047" lat="44.7378678" lon="2.6798534"/>
 <node id="9924014487" visible="true" version="2" changeset="154593627" timestamp="2024-07-30T08:08:03Z" user="vincent_95" uid="49047" lat="44.7381602" lon="2.6793612"/>
 <node id="9924014488" visible="true" version="2" changeset="154594883" timestamp="2024-07-30T08:40:03Z" user="vincent_95" uid="49047" lat="44.7388490" lon="2.6783694"/>
 <node id="9924014489" visible="true" version="1" changeset="124332718" timestamp="2022-08-01T08:38:20Z" user="maferikotupi" uid="2115804" lat="44.7388957" lon="2.6781696">
  <tag k="direction" v="backward"/>
  <tag k="highway" v="give_way"/>
 </node>
 <node id="9924014490" visible="true" version="1" changeset="124332718" timestamp="2022-08-01T08:38:20Z" user="maferikotupi" uid="2115804" lat="44.7390976" lon="2.6763242"/>
 <node id="9924014491" visible="true" version="1" changeset="124332718" timestamp="2022-08-01T08:38:20Z" user="maferikotupi" uid="2115804" lat="44.7394253" lon="2.6804146"/>
 <node id="9924014492" visible="true" version="1" changeset="124332718" timestamp="2022-08-01T08:38:20Z" user="maferikotupi" uid="2115804" lat="44.7393996" lon="2.6795791"/>
 <node id="9924014493" visible="true" version="1" changeset="124332718" timestamp="2022-08-01T08:38:20Z" user="maferikotupi" uid="2115804" lat="44.7392205" lon="2.6788335"/>
 <node id="9924014494" visible="true" version="1" changeset="124332718" timestamp="2022-08-01T08:38:20Z" user="maferikotupi" uid="2115804" lat="44.7393138" lon="2.6790480">
  <tag k="direction" v="backward"/>
  <tag k="highway" v="give_way"/>
 </node>
 <node id="9924014495" visible="true" version="1" changeset="124332718" timestamp="2022-08-01T08:38:20Z" user="maferikotupi" uid="2115804" lat="44.7393510" lon="2.6790735"/>
 <node id="9924014496" visible="true" version="2" changeset="154594883" timestamp="2024-07-30T08:40:03Z" user="vincent_95" uid="49047" lat="44.7394729" lon="2.6790815"/>
 <node id="9924014497" visible="true" version="1" changeset="124332718" timestamp="2022-08-01T08:38:20Z" user="maferikotupi" uid="2115804" lat="44.7395491" lon="2.6792854"/>
 <node id="9924014498" visible="true" version="1" changeset="124332718" timestamp="2022-08-01T08:38:20Z" user="maferikotupi" uid="2115804" lat="44.7413610" lon="2.6799814"/>
 <node id="9924014500" visible="true" version="1" changeset="124332718" timestamp="2022-08-01T08:38:20Z" user="maferikotupi" uid="2115804" lat="44.7453388" lon="2.6806265"/>
 <node id="9924014501" visible="true" version="1" changeset="124332718" timestamp="2022-08-01T08:38:20Z" user="maferikotupi" uid="2115804" lat="44.7447139" lon="2.6804656"/>
 <node id="9924014525" visible="true" version="1" changeset="124332718" timestamp="2022-08-01T08:38:20Z" user="maferikotupi" uid="2115804" lat="44.7497125" lon="2.6846766"/>
 <node id="9924014527" visible="true" version="1" changeset="124332718" timestamp="2022-08-01T08:38:20Z" user="maferikotupi" uid="2115804" lat="44.7483429" lon="2.6838425"/>
 <node id="9924014528" visible="true" version="1" changeset="124332718" timestamp="2022-08-01T08:38:20Z" user="maferikotupi" uid="2115804" lat="44.7483353" lon="2.6825175"/>
 <node id="9924014529" visible="true" version="1" changeset="124332718" timestamp="2022-08-01T08:38:20Z" user="maferikotupi" uid="2115804" lat="44.7483772" lon="2.6830217"/>
 <node id="9924203688" visible="true" version="1" changeset="124334033" timestamp="2022-08-01T09:07:43Z" user="maferikotupi" uid="2115804" lat="44.7275965" lon="2.6646620"/>
 <node id="9924203689" visible="true" version="1" changeset="124334033" timestamp="2022-08-01T09:07:43Z" user="maferikotupi" uid="2115804" lat="44.7278576" lon="2.6653835"/>
 <node id="9924203690" visible="true" version="1" changeset="124334033" timestamp="2022-08-01T09:07:43Z" user="maferikotupi" uid="2115804" lat="44.7286770" lon="2.6671484"/>
 <node id="9924203691" visible="true" version="1" changeset="124334033" timestamp="2022-08-01T09:07:43Z" user="maferikotupi" uid="2115804" lat="44.7290009" lon="2.6673388"/>
 <node id="9924203692" visible="true" version="1" changeset="124334033" timestamp="2022-08-01T09:07:43Z" user="maferikotupi" uid="2115804" lat="44.7296545" lon="2.6676258"/>
 <node id="9924203693" visible="true" version="1" changeset="124334033" timestamp="2022-08-01T09:07:43Z" user="maferikotupi" uid="2115804" lat="44.7299956" lon="2.6679866"/>
 <node id="9924203696" visible="true" version="1" changeset="124334033" timestamp="2022-08-01T09:07:43Z" user="maferikotupi" uid="2115804" lat="44.7309617" lon="2.6693559"/>
 <node id="9924203697" visible="true" version="1" changeset="124334033" timestamp="2022-08-01T09:07:43Z" user="maferikotupi" uid="2115804" lat="44.7311618" lon="2.6695302"/>
 <node id="9924203705" visible="true" version="1" changeset="124334033" timestamp="2022-08-01T09:07:43Z" user="maferikotupi" uid="2115804" lat="44.7328577" lon="2.6709893"/>
 <node id="9924203706" visible="true" version="1" changeset="124334033" timestamp="2022-08-01T09:07:43Z" user="maferikotupi" uid="2115804" lat="44.7333683" lon="2.6714292"/>
 <node id="9924203710" visible="true" version="1" changeset="124334033" timestamp="2022-08-01T09:07:43Z" user="maferikotupi" uid="2115804" lat="44.7249477" lon="2.6854277"/>
 <node id="9924203712" visible="true" version="1" changeset="124334033" timestamp="2022-08-01T09:07:43Z" user="maferikotupi" uid="2115804" lat="44.7356038" lon="2.6769376"/>
 <node id="9924203713" visible="true" version="1" changeset="124334033" timestamp="2022-08-01T09:07:43Z" user="maferikotupi" uid="2115804" lat="44.7355304" lon="2.6769711"/>
 <node id="9924203714" visible="true" version="1" changeset="124334033" timestamp="2022-08-01T09:07:43Z" user="maferikotupi" uid="2115804" lat="44.7355204" lon="2.6769277"/>
 <node id="9924203715" visible="true" version="1" changeset="124334033" timestamp="2022-08-01T09:07:43Z" user="maferikotupi" uid="2115804" lat="44.7355938" lon="2.6768942"/>
 <node id="9924203716" visible="true" version="1" changeset="124334033" timestamp="2022-08-01T09:07:43Z" user="maferikotupi" uid="2115804" lat="44.7362521" lon="2.6774642"/>
 <node id="9924203717" visible="true" version="1" changeset="124334033" timestamp="2022-08-01T09:07:43Z" user="maferikotupi" uid="2115804" lat="44.7362721" lon="2.6776358"/>
 <node id="9924203718" visible="true" version="1" changeset="124334033" timestamp="2022-08-01T09:07:43Z" user="maferikotupi" uid="2115804" lat="44.7360520" lon="2.6779363"/>
 <node id="9924203719" visible="true" version="1" changeset="124334033" timestamp="2022-08-01T09:07:43Z" user="maferikotupi" uid="2115804" lat="44.7357138" lon="2.6784700"/>
 <node id="9924203720" visible="true" version="1" changeset="124334033" timestamp="2022-08-01T09:07:43Z" user="maferikotupi" uid="2115804" lat="44.7357415" lon="2.6784834"/>
 <node id="9924203721" visible="true" version="1" changeset="124334033" timestamp="2022-08-01T09:07:43Z" user="maferikotupi" uid="2115804" lat="44.7362540" lon="2.6783413"/>
 <node id="9924203722" visible="true" version="1" changeset="124334033" timestamp="2022-08-01T09:07:43Z" user="maferikotupi" uid="2115804" lat="44.7359253" lon="2.6782233"/>
 <node id="9924203723" visible="true" version="1" changeset="124334033" timestamp="2022-08-01T09:07:43Z" user="maferikotupi" uid="2115804" lat="44.7359606" lon="2.6782380"/>
 <node id="9924203724" visible="true" version="1" changeset="124334033" timestamp="2022-08-01T09:07:43Z" user="maferikotupi" uid="2115804" lat="44.7359009" lon="2.6784598"/>
 <node id="9924203725" visible="true" version="1" changeset="124334033" timestamp="2022-08-01T09:07:43Z" user="maferikotupi" uid="2115804" lat="44.7358739" lon="2.6783721"/>
 <node id="9924203726" visible="true" version="1" changeset="124334033" timestamp="2022-08-01T09:07:43Z" user="maferikotupi" uid="2115804" lat="44.7358824" lon="2.6782836"/>
 <node id="9924203727" visible="true" version="2" changeset="187995760" timestamp="2026-08-25T15:16:46Z" user="Yod4z" uid="318821" lat="44.7325959" lon="2.6817285"/>
 <node id="9924203728" visible="true" version="2" changeset="187995760" timestamp="2026-08-25T15:16:46Z" user="Yod4z" uid="318821" lat="44.7322874" lon="2.6818076"/>
 <node id="9924203729" visible="true" version="2" changeset="187995760" timestamp="2026-08-25T15:16:46Z" user="Yod4z" uid="318821" lat="44.7323641" lon="2.6826918"/>
 <node id="9924203730" visible="true" version="1" changeset="124334033" timestamp="2022-08-01T09:07:43Z" user="maferikotupi" uid="2115804" lat="44.7339533" lon="2.6821232"/>
 <node id="9924203731" visible="true" version="1" changeset="124334033" timestamp="2022-08-01T09:07:43Z" user="maferikotupi" uid="2115804" lat="44.7349517" lon="2.6775661"/>
 <node id="9924203732" visible="true" version="1" changeset="124334033" timestamp="2022-08-01T09:07:43Z" user="maferikotupi" uid="2115804" lat="44.7347402" lon="2.6774776"/>
 <node id="9924203733" visible="true" version="2" changeset="187995760" timestamp="2026-08-25T15:16:46Z" user="Yod4z" uid="318821" lat="44.7348268" lon="2.6771463"/>
 <node id="9924203735" visible="true" version="1" changeset="124334033" timestamp="2022-08-01T09:07:43Z" user="maferikotupi" uid="2115804" lat="44.7378007" lon="2.6756911"/>
 <node id="9924203737" visible="true" version="1" changeset="124334033" timestamp="2022-08-01T09:07:43Z" user="maferikotupi" uid="2115804" lat="44.7374376" lon="2.6758635"/>
 <node id="9924203741" visible="true" version="1" changeset="124334033" timestamp="2022-08-01T09:07:43Z" user="maferikotupi" uid="2115804" lat="44.7366048" lon="2.6753011"/>
 <node id="9924203742" visible="true" version="1" changeset="124334033" timestamp="2022-08-01T09:07:43Z" user="maferikotupi" uid="2115804" lat="44.7370955" lon="2.6759990"/>
 <node id="9924203743" visible="true" version="1" changeset="124334033" timestamp="2022-08-01T09:07:43Z" user="maferikotupi" uid="2115804" lat="44.7370857" lon="2.6759595"/>
 <node id="9924203744" visible="true" version="1" changeset="124334033" timestamp="2022-08-01T09:07:43Z" user="maferikotupi" uid="2115804" lat="44.7369485" lon="2.6758844"/>
 <node id="9924203745" visible="true" version="1" changeset="124334033" timestamp="2022-08-01T09:07:43Z" user="maferikotupi" uid="2115804" lat="44.7368913" lon="2.6758200"/>
 <node id="9924203746" visible="true" version="1" changeset="124334033" timestamp="2022-08-01T09:07:43Z" user="maferikotupi" uid="2115804" lat="44.7368303" lon="2.6756966"/>
 <node id="9924203747" visible="true" version="1" changeset="124334033" timestamp="2022-08-01T09:07:43Z" user="maferikotupi" uid="2115804" lat="44.7367351" lon="2.6755142"/>
 <node id="9924203748" visible="true" version="1" changeset="124334033" timestamp="2022-08-01T09:07:43Z" user="maferikotupi" uid="2115804" lat="44.7366150" lon="2.6753533"/>
 <node id="9924203749" visible="true" version="1" changeset="124334033" timestamp="2022-08-01T09:07:43Z" user="maferikotupi" uid="2115804" lat="44.7364645" lon="2.6745889"/>
 <node id="9924203762" visible="true" version="1" changeset="124334033" timestamp="2022-08-01T09:07:43Z" user="maferikotupi" uid="2115804" lat="44.7380821" lon="2.6783466"/>
 <node id="9924203763" visible="true" version="1" changeset="124334033" timestamp="2022-08-01T09:07:43Z" user="maferikotupi" uid="2115804" lat="44.7382517" lon="2.6779067"/>
 <node id="9924203764" visible="true" version="1" changeset="124334033" timestamp="2022-08-01T09:07:43Z" user="maferikotupi" uid="2115804" lat="44.7380573" lon="2.6776761"/>
 <node id="9924203765" visible="true" version="1" changeset="124334033" timestamp="2022-08-01T09:07:43Z" user="maferikotupi" uid="2115804" lat="44.7387623" lon="2.6769063"/>
 <node id="9924203766" visible="true" version="1" changeset="124334033" timestamp="2022-08-01T09:07:43Z" user="maferikotupi" uid="2115804" lat="44.7387166" lon="2.6765281"/>
 <node id="9924203767" visible="true" version="1" changeset="124334033" timestamp="2022-08-01T09:07:43Z" user="maferikotupi" uid="2115804" lat="44.7391605" lon="2.6770887"/>
 <node id="9924203768" visible="true" version="1" changeset="124334033" timestamp="2022-08-01T09:07:43Z" user="maferikotupi" uid="2115804" lat="44.7391967" lon="2.6777887"/>
 <node id="9924203769" visible="true" version="1" changeset="124334033" timestamp="2022-08-01T09:07:43Z" user="maferikotupi" uid="2115804" lat="44.7399607" lon="2.6773757"/>
 <node id="9924203770" visible="true" version="1" changeset="124334033" timestamp="2022-08-01T09:07:43Z" user="maferikotupi" uid="2115804" lat="44.7401817" lon="2.6780757"/>
 <node id="9924203771" visible="true" version="1" changeset="124334033" timestamp="2022-08-01T09:07:43Z" user="maferikotupi" uid="2115804" lat="44.7402807" lon="2.6783520"/>
 <node id="9924203772" visible="true" version="1" changeset="124334033" timestamp="2022-08-01T09:07:43Z" user="maferikotupi" uid="2115804" lat="44.7400616" lon="2.6785263"/>
 <node id="9924203773" visible="true" version="1" changeset="124334033" timestamp="2022-08-01T09:07:43Z" user="maferikotupi" uid="2115804" lat="44.7401493" lon="2.6790869"/>
 <node id="9924203774" visible="true" version="1" changeset="124334033" timestamp="2022-08-01T09:07:43Z" user="maferikotupi" uid="2115804" lat="44.7401378" lon="2.6796931"/>
 <node id="9924203775" visible="true" version="1" changeset="124334033" timestamp="2022-08-01T09:07:43Z" user="maferikotupi" uid="2115804" lat="44.7399149" lon="2.6797226"/>
 <node id="9924203776" visible="true" version="1" changeset="124334033" timestamp="2022-08-01T09:07:43Z" user="maferikotupi" uid="2115804" lat="44.7396292" lon="2.6799050"/>
 <node id="9924203777" visible="true" version="1" changeset="124334033" timestamp="2022-08-01T09:07:43Z" user="maferikotupi" uid="2115804" lat="44.7396120" lon="2.6801705"/>
 <node id="9924203778" visible="true" version="1" changeset="124334033" timestamp="2022-08-01T09:07:43Z" user="maferikotupi" uid="2115804" lat="44.7394653" lon="2.6802590"/>
 <node id="9924203779" visible="true" version="1" changeset="124334033" timestamp="2022-08-01T09:07:43Z" user="maferikotupi" uid="2115804" lat="44.7394558" lon="2.6806855"/>
 <node id="9924203780" visible="true" version="1" changeset="124334033" timestamp="2022-08-01T09:07:43Z" user="maferikotupi" uid="2115804" lat="44.7393834" lon="2.6810986"/>
 <node id="9924203781" visible="true" version="1" changeset="124334033" timestamp="2022-08-01T09:07:43Z" user="maferikotupi" uid="2115804" lat="44.7395663" lon="2.6813588"/>
 <node id="9924203782" visible="true" version="1" changeset="124334033" timestamp="2022-08-01T09:07:43Z" user="maferikotupi" uid="2115804" lat="44.7394634" lon="2.6818067"/>
 <node id="9924203783" visible="true" version="1" changeset="124334033" timestamp="2022-08-01T09:07:43Z" user="maferikotupi" uid="2115804" lat="44.7390557" lon="2.6814687"/>
 <node id="9924203784" visible="true" version="1" changeset="124334033" timestamp="2022-08-01T09:07:43Z" user="maferikotupi" uid="2115804" lat="44.7391052" lon="2.6812166"/>
 <node id="9924203785" visible="true" version="1" changeset="124334033" timestamp="2022-08-01T09:07:43Z" user="maferikotupi" uid="2115804" lat="44.7383107" lon="2.6806962"/>
 <node id="9924203786" visible="true" version="1" changeset="124334033" timestamp="2022-08-01T09:07:43Z" user="maferikotupi" uid="2115804" lat="44.7382117" lon="2.6810771"/>
 <node id="9924203787" visible="true" version="1" changeset="124334033" timestamp="2022-08-01T09:07:43Z" user="maferikotupi" uid="2115804" lat="44.7378935" lon="2.6810208"/>
 <node id="9924203788" visible="true" version="1" changeset="124334033" timestamp="2022-08-01T09:07:43Z" user="maferikotupi" uid="2115804" lat="44.7379868" lon="2.6807526"/>
 <node id="9924203789" visible="true" version="1" changeset="124334033" timestamp="2022-08-01T09:07:43Z" user="maferikotupi" uid="2115804" lat="44.7376687" lon="2.6805246"/>
 <node id="9924203790" visible="true" version="1" changeset="124334033" timestamp="2022-08-01T09:07:43Z" user="maferikotupi" uid="2115804" lat="44.7378268" lon="2.6800337"/>
 <node id="9924203791" visible="true" version="1" changeset="124334033" timestamp="2022-08-01T09:07:43Z" user="maferikotupi" uid="2115804" lat="44.7378097" lon="2.6798755"/>
 <node id="9924203792" visible="true" version="1" changeset="124334033" timestamp="2022-08-01T09:07:43Z" user="maferikotupi" uid="2115804" lat="44.7378840" lon="2.6795697"/>
 <node id="9924203793" visible="true" version="1" changeset="124334033" timestamp="2022-08-01T09:07:43Z" user="maferikotupi" uid="2115804" lat="44.7379907" lon="2.6795483"/>
 <node id="9924203794" visible="true" version="1" changeset="124334033" timestamp="2022-08-01T09:07:43Z" user="maferikotupi" uid="2115804" lat="44.7381164" lon="2.6793712"/>
 <node id="9924203795" visible="true" version="1" changeset="124334033" timestamp="2022-08-01T09:07:43Z" user="maferikotupi" uid="2115804" lat="44.7382460" lon="2.6791888"/>
 <node id="9924203796" visible="true" version="1" changeset="124334033" timestamp="2022-08-01T09:07:43Z" user="maferikotupi" uid="2115804" lat="44.7381831" lon="2.6789823"/>
 <node id="9924203797" visible="true" version="1" changeset="124334033" timestamp="2022-08-01T09:07:43Z" user="maferikotupi" uid="2115804" lat="44.7384765" lon="2.6783627"/>
 <node id="9924294878" visible="true" version="1" changeset="124334894" timestamp="2022-08-01T09:27:03Z" user="KP_Tech" uid="16410020" lat="44.7387488" lon="2.6787280"/>
 <node id="9924294879" visible="true" version="1" changeset="124334894" timestamp="2022-08-01T09:27:03Z" user="KP_Tech" uid="16410020" lat="44.7387342" lon="2.6787522"/>
 <node id="9931863344" visible="true" version="1" changeset="124482881" timestamp="2022-08-04T14:05:17Z" user="Thierry_la_Fronde_12" uid="161646" lat="44.7332249" lon="2.6771419"/>
 <node id="9931863345" visible="true" version="1" changeset="124482881" timestamp="2022-08-04T14:05:17Z" user="Thierry_la_Fronde_12" uid="161646" lat="44.7335846" lon="2.6771327"/>
 <node id="9931863346" visible="true" version="1" changeset="124482881" timestamp="2022-08-04T14:05:17Z" user="Thierry_la_Fronde_12" uid="161646" lat="44.7323188" lon="2.6752959"/>
 <node id="9931863347" visible="true" version="1" changeset="124482881" timestamp="2022-08-04T14:05:17Z" user="Thierry_la_Fronde_12" uid="161646" lat="44.7325234" lon="2.6757525"/>
 <node id="9931863348" visible="true" version="1" changeset="124482881" timestamp="2022-08-04T14:05:17Z" user="Thierry_la_Fronde_12" uid="161646" lat="44.7324807" lon="2.6760741"/>
 <node id="9931863349" visible="true" version="1" changeset="124482881" timestamp="2022-08-04T14:05:17Z" user="Thierry_la_Fronde_12" uid="161646" lat="44.7326209" lon="2.6764798"/>
 <node id="9931863350" visible="true" version="1" changeset="124482881" timestamp="2022-08-04T14:05:17Z" user="Thierry_la_Fronde_12" uid="161646" lat="44.7324514" lon="2.6762594"/>
 <node id="9931863351" visible="true" version="1" changeset="124482881" timestamp="2022-08-04T14:05:17Z" user="Thierry_la_Fronde_12" uid="161646" lat="44.7321338" lon="2.6750122"/>
 <node id="9931863352" visible="true" version="1" changeset="124482881" timestamp="2022-08-04T14:05:17Z" user="Thierry_la_Fronde_12" uid="161646" lat="44.7320456" lon="2.6750672"/>
 <node id="9931863353" visible="true" version="1" changeset="124482881" timestamp="2022-08-04T14:05:17Z" user="Thierry_la_Fronde_12" uid="161646" lat="44.7318717" lon="2.6747660"/>
 <node id="9931863354" visible="true" version="1" changeset="124482881" timestamp="2022-08-04T14:05:17Z" user="Thierry_la_Fronde_12" uid="161646" lat="44.7317257" lon="2.6748296"/>
 <node id="9931863355" visible="true" version="1" changeset="124482881" timestamp="2022-08-04T14:05:17Z" user="Thierry_la_Fronde_12" uid="161646" lat="44.7311789" lon="2.6744034"/>
 <node id="9931863356" visible="true" version="1" changeset="124482881" timestamp="2022-08-04T14:05:17Z" user="Thierry_la_Fronde_12" uid="161646" lat="44.7311936" lon="2.6740944"/>
 <node id="9931863357" visible="true" version="1" changeset="124482881" timestamp="2022-08-04T14:05:17Z" user="Thierry_la_Fronde_12" uid="161646" lat="44.7310020" lon="2.6739972"/>
 <node id="9931863358" visible="true" version="1" changeset="124482881" timestamp="2022-08-04T14:05:17Z" user="Thierry_la_Fronde_12" uid="161646" lat="44.7307324" lon="2.6742622"/>
 <node id="9945194369" visible="true" version="1" changeset="124732479" timestamp="2022-08-10T13:35:50Z" user="Yod4z" uid="318821" lat="44.7278853" lon="2.6804889"/>
 <node id="9945194370" visible="true" version="1" changeset="124732479" timestamp="2022-08-10T13:35:50Z" user="Yod4z" uid="318821" lat="44.7264657" lon="2.6824641"/>
 <node id="9945194371" visible="true" version="1" changeset="124732479" timestamp="2022-08-10T13:35:50Z" user="Yod4z" uid="318821" lat="44.7248381" lon="2.6879046"/>
 <node id="9945194372" visible="true" version="1" changeset="124732479" timestamp="2022-08-10T13:35:50Z" user="Yod4z" uid="318821" lat="44.7247848" lon="2.6900471"/>
 <node id="9945194373" visible="true" version="1" changeset="124732479" timestamp="2022-08-10T13:35:50Z" user="Yod4z" uid="318821" lat="44.7244396" lon="2.6909692"/>
 <node id="9945194399" visible="true" version="1" changeset="124732479" timestamp="2022-08-10T13:35:50Z" user="Yod4z" uid="318821" lat="44.7330385" lon="2.6843190">
  <tag k="name" v="Fariboules"/>
  <tag k="place" v="isolated_dwelling"/>
 </node>
 <node id="9945194401" visible="true" version="1" changeset="124732479" timestamp="2022-08-10T13:35:50Z" user="Yod4z" uid="318821" lat="44.7369053" lon="2.6875440"/>
 <node id="9945194402" visible="true" version="1" changeset="124732479" timestamp="2022-08-10T13:35:50Z" user="Yod4z" uid="318821" lat="44.7350295" lon="2.6857367"/>
 <node id="9945194403" visible="true" version="1" changeset="124732479" timestamp="2022-08-10T13:35:50Z" user="Yod4z" uid="318821" lat="44.7343949" lon="2.6878679"/>
 <node id="9945194404" visible="true" version="1" changeset="124732479" timestamp="2022-08-10T13:35:50Z" user="Yod4z" uid="318821" lat="44.7339871" lon="2.6874817"/>
 <node id="9945194405" visible="true" version="1" changeset="124732479" timestamp="2022-08-10T13:35:50Z" user="Yod4z" uid="318821" lat="44.7338118" lon="2.6876962"/>
 <node id="9945194406" visible="true" version="1" changeset="124732479" timestamp="2022-08-10T13:35:50Z" user="Yod4z" uid="318821" lat="44.7339833" lon="2.6881308"/>
 <node id="9945194407" visible="true" version="1" changeset="124732479" timestamp="2022-08-10T13:35:50Z" user="Yod4z" uid="318821" lat="44.7342463" lon="2.6880771"/>
 <node id="9945194408" visible="true" version="1" changeset="124732479" timestamp="2022-08-10T13:35:50Z" user="Yod4z" uid="318821" lat="44.7378340" lon="2.6895774"/>
 <node id="9945194409" visible="true" version="1" changeset="124732479" timestamp="2022-08-10T13:35:50Z" user="Yod4z" uid="318821" lat="44.7372472" lon="2.6911461">
  <tag k="name" v="Prat del Mas"/>
  <tag k="place" v="isolated_dwelling"/>
 </node>
 <node id="9945194410" visible="true" version="1" changeset="124732479" timestamp="2022-08-10T13:35:50Z" user="Yod4z" uid="318821" lat="44.7378230" lon="2.6924835"/>
 <node id="9945194411" visible="true" version="1" changeset="124732479" timestamp="2022-08-10T13:35:50Z" user="Yod4z" uid="318821" lat="44.7380887" lon="2.6937086"/>
 <node id="9945194412" visible="true" version="1" changeset="124732479" timestamp="2022-08-10T13:35:50Z" user="Yod4z" uid="318821" lat="44.7383696" lon="2.6943559"/>
 <node id="9945194413" visible="true" version="1" changeset="124732479" timestamp="2022-08-10T13:35:50Z" user="Yod4z" uid="318821" lat="44.7387090" lon="2.6946916"/>
 <node id="9945194414" visible="true" version="1" changeset="124732479" timestamp="2022-08-10T13:35:50Z" user="Yod4z" uid="318821" lat="44.7391286" lon="2.6957182"/>
 <node id="9945194415" visible="true" version="1" changeset="124732479" timestamp="2022-08-10T13:35:50Z" user="Yod4z" uid="318821" lat="44.7305382" lon="2.6819366"/>
 <node id="9945194416" visible="true" version="1" changeset="124732479" timestamp="2022-08-10T13:35:50Z" user="Yod4z" uid="318821" lat="44.7301931" lon="2.6824223"/>
 <node id="9945194417" visible="true" version="1" changeset="124732479" timestamp="2022-08-10T13:35:50Z" user="Yod4z" uid="318821" lat="44.7301600" lon="2.6828566"/>
 <node id="9945194418" visible="true" version="1" changeset="124732479" timestamp="2022-08-10T13:35:50Z" user="Yod4z" uid="318821" lat="44.7300273" lon="2.6829220"/>
 <node id="9945194419" visible="true" version="1" changeset="124732479" timestamp="2022-08-10T13:35:50Z" user="Yod4z" uid="318821" lat="44.7302894" lon="2.6834124"/>
 <node id="9945194420" visible="true" version="1" changeset="124732479" timestamp="2022-08-10T13:35:50Z" user="Yod4z" uid="318821" lat="44.7304619" lon="2.6836085"/>
 <node id="9945194421" visible="true" version="1" changeset="124732479" timestamp="2022-08-10T13:35:50Z" user="Yod4z" uid="318821" lat="44.7304453" lon="2.6839120"/>
 <node id="9945194422" visible="true" version="1" changeset="124732479" timestamp="2022-08-10T13:35:50Z" user="Yod4z" uid="318821" lat="44.7303557" lon="2.6841736"/>
 <node id="9945194423" visible="true" version="1" changeset="124732479" timestamp="2022-08-10T13:35:50Z" user="Yod4z" uid="318821" lat="44.7306742" lon="2.6844444"/>
 <node id="9945194424" visible="true" version="1" changeset="124732479" timestamp="2022-08-10T13:35:50Z" user="Yod4z" uid="318821" lat="44.7307903" lon="2.6844164"/>
 <node id="9945194425" visible="true" version="1" changeset="124732479" timestamp="2022-08-10T13:35:50Z" user="Yod4z" uid="318821" lat="44.7307771" lon="2.6842203"/>
 <node id="9945194426" visible="true" version="1" changeset="124732479" timestamp="2022-08-10T13:35:50Z" user="Yod4z" uid="318821" lat="44.7305979" lon="2.6839728"/>
 <node id="9945194427" visible="true" version="1" changeset="124732479" timestamp="2022-08-10T13:35:50Z" user="Yod4z" uid="318821" lat="44.7307007" lon="2.6834917"/>
 <node id="9945194428" visible="true" version="1" changeset="124732479" timestamp="2022-08-10T13:35:50Z" user="Yod4z" uid="318821" lat="44.7305680" lon="2.6825904"/>
 <node id="9945194429" visible="true" version="1" changeset="124732479" timestamp="2022-08-10T13:35:50Z" user="Yod4z" uid="318821" lat="44.7305813" lon="2.6819787"/>
 <node id="9945297852" visible="true" version="1" changeset="124734572" timestamp="2022-08-10T14:23:34Z" user="Yod4z" uid="318821" lat="44.7421264" lon="2.6754085"/>
 <node id="9945297853" visible="true" version="1" changeset="124734572" timestamp="2022-08-10T14:23:34Z" user="Yod4z" uid="318821" lat="44.7428122" lon="2.6752552"/>
 <node id="9945297854" visible="true" version="1" changeset="124734572" timestamp="2022-08-10T14:23:34Z" user="Yod4z" uid="318821" lat="44.7440300" lon="2.6760851"/>
 <node id="9945297855" visible="true" version="1" changeset="124734572" timestamp="2022-08-10T14:23:34Z" user="Yod4z" uid="318821" lat="44.7438715" lon="2.6757026"/>
 <node id="9945297856" visible="true" version="1" changeset="124734572" timestamp="2022-08-10T14:23:34Z" user="Yod4z" uid="318821" lat="44.7432956" lon="2.6751455"/>
 <node id="9945297857" visible="true" version="1" changeset="124734572" timestamp="2022-08-10T14:23:34Z" user="Yod4z" uid="318821" lat="44.7448194" lon="2.6756355"/>
 <node id="9945297858" visible="true" version="1" changeset="124734572" timestamp="2022-08-10T14:23:34Z" user="Yod4z" uid="318821" lat="44.7440575" lon="2.6746750"/>
 <node id="9945297859" visible="true" version="1" changeset="124734572" timestamp="2022-08-10T14:23:34Z" user="Yod4z" uid="318821" lat="44.7451373" lon="2.6748056"/>
 <node id="9945297860" visible="true" version="1" changeset="124734572" timestamp="2022-08-10T14:23:34Z" user="Yod4z" uid="318821" lat="44.7453364" lon="2.6751799"/>
 <node id="9945297861" visible="true" version="1" changeset="124734572" timestamp="2022-08-10T14:23:34Z" user="Yod4z" uid="318821" lat="44.7455544" lon="2.6795227"/>
 <node id="9945297862" visible="true" version="1" changeset="124734572" timestamp="2022-08-10T14:23:34Z" user="Yod4z" uid="318821" lat="44.7460788" lon="2.6805666"/>
 <node id="9945297894" visible="true" version="1" changeset="124734572" timestamp="2022-08-10T14:23:34Z" user="Yod4z" uid="318821" lat="44.7406561" lon="2.6758090"/>
 <node id="9945297895" visible="true" version="1" changeset="124734572" timestamp="2022-08-10T14:23:34Z" user="Yod4z" uid="318821" lat="44.7400607" lon="2.6761267"/>
 <node id="9945297896" visible="true" version="1" changeset="124734572" timestamp="2022-08-10T14:23:34Z" user="Yod4z" uid="318821" lat="44.7398989" lon="2.6759718"/>
 <node id="11023952832" visible="true" version="1" changeset="138082845" timestamp="2023-07-03T22:52:47Z" user="InfosReseaux" uid="93222" lat="44.5800006" lon="2.6954850">
  <tag k="operator" v="RTE"/>
  <tag k="operator:wikidata" v="Q2178795"/>
  <tag k="power" v="tower"/>
 </node>
 <node id="11023952833" visible="true" version="1" changeset="138082845" timestamp="2023-07-03T22:52:47Z" user="InfosReseaux" uid="93222" lat="44.6629959" lon="2.7082620">
  <tag k="operator" v="RTE"/>
  <tag k="operator:wikidata" v="Q2178795"/>
  <tag k="power" v="tower"/>
 </node>
 <node id="11023952834" visible="true" version="1" changeset="138082845" timestamp="2023-07-03T22:52:47Z" user="InfosReseaux" uid="93222" lat="44.6666438" lon="2.7075576">
  <tag k="operator" v="RTE"/>
  <tag k="operator:wikidata" v="Q2178795"/>
  <tag k="power" v="tower"/>
 </node>
 <node id="11023952835" visible="true" version="1" changeset="138082845" timestamp="2023-07-03T22:52:47Z" user="InfosReseaux" uid="93222" lat="44.6819546" lon="2.7049434">
  <tag k="operator" v="RTE"/>
  <tag k="operator:wikidata" v="Q2178795"/>
  <tag k="power" v="tower"/>
 </node>
 <node id="11023952836" visible="true" version="1" changeset="138082845" timestamp="2023-07-03T22:52:47Z" user="InfosReseaux" uid="93222" lat="44.6896996" lon="2.7036581">
  <tag k="operator" v="RTE"/>
  <tag k="operator:wikidata" v="Q2178795"/>
  <tag k="power" v="tower"/>
 </node>
 <node id="11023952837" visible="true" version="1" changeset="138082845" timestamp="2023-07-03T22:52:47Z" user="InfosReseaux" uid="93222" lat="44.6924192" lon="2.7032247">
  <tag k="operator" v="RTE"/>
  <tag k="operator:wikidata" v="Q2178795"/>
  <tag k="power" v="tower"/>
 </node>
 <node id="11023952838" visible="true" version="1" changeset="138082845" timestamp="2023-07-03T22:52:47Z" user="InfosReseaux" uid="93222" lat="44.7023723" lon="2.7015853">
  <tag k="operator" v="RTE"/>
  <tag k="operator:wikidata" v="Q2178795"/>
  <tag k="power" v="tower"/>
 </node>
 <node id="11023952839" visible="true" version="1" changeset="138082845" timestamp="2023-07-03T22:52:47Z" user="InfosReseaux" uid="93222" lat="44.7199818" lon="2.6984533">
  <tag k="operator" v="RTE"/>
  <tag k="operator:wikidata" v="Q2178795"/>
  <tag k="power" v="tower"/>
 </node>
 <node id="11023952840" visible="true" version="1" changeset="138082845" timestamp="2023-07-03T22:52:47Z" user="InfosReseaux" uid="93222" lat="44.7226409" lon="2.6979974">
  <tag k="operator" v="RTE"/>
  <tag k="operator:wikidata" v="Q2178795"/>
  <tag k="power" v="tower"/>
 </node>
 <node id="11023952841" visible="true" version="1" changeset="138082845" timestamp="2023-07-03T22:52:47Z" user="InfosReseaux" uid="93222" lat="44.7475219" lon="2.6971489">
  <tag k="operator" v="RTE"/>
  <tag k="operator:wikidata" v="Q2178795"/>
  <tag k="power" v="tower"/>
 </node>
 <node id="11068335506" visible="true" version="1" changeset="139022409" timestamp="2023-07-26T07:24:24Z" user="phd0" uid="459331" lat="44.4541219" lon="2.7076439">
  <tag k="operator" v="RTE"/>
  <tag k="operator:wikidata" v="Q2178795"/>
  <tag k="power" v="tower"/>
 </node>
 <node id="11068345017" visible="true" version="1" changeset="139022352" timestamp="2023-07-26T07:23:18Z" user="phd0" uid="459331" lat="44.4947223" lon="2.7004513">
  <tag k="operator" v="RTE"/>
  <tag k="operator:wikidata" v="Q2178795"/>
  <tag k="power" v="tower"/>
 </node>
 <node id="11068345738" visible="true" version="1" changeset="139022379" timestamp="2023-07-26T07:23:52Z" user="phd0" uid="459331" lat="44.4712176" lon="2.6999253">
  <tag k="operator" v="RTE"/>
  <tag k="operator:wikidata" v="Q2178795"/>
  <tag k="power" v="tower"/>
 </node>
 <node id="12082477029" visible="true" version="1" changeset="154593627" timestamp="2024-07-30T08:08:03Z" user="vincent_95" uid="49047" lat="44.7391348" lon="2.6789971"/>
 <node id="12082477030" visible="true" version="1" changeset="154593627" timestamp="2024-07-30T08:08:03Z" user="vincent_95" uid="49047" lat="44.7386508" lon="2.6788777"/>
 <node id="12082477031" visible="true" version="1" changeset="154593627" timestamp="2024-07-30T08:08:03Z" user="vincent_95" uid="49047" lat="44.7386908" lon="2.6805414"/>
 <node id="12082487919" visible="true" version="1" changeset="154594883" timestamp="2024-07-30T08:40:03Z" user="vincent_95" uid="49047" lat="44.7257285" lon="2.6552560"/>
 <node id="12082487920" visible="true" version="1" changeset="154594883" timestamp="2024-07-30T08:40:03Z" user="vincent_95" uid="49047" lat="44.7378325" lon="2.6787664"/>
 <node id="12082487921" visible="true" version="1" changeset="154594883" timestamp="2024-07-30T08:40:03Z" user="vincent_95" uid="49047" lat="44.7376649" lon="2.6792210"/>
 <node id="12082487922" visible="true" version="1" changeset="154594883" timestamp="2024-07-30T08:40:03Z" user="vincent_95" uid="49047" lat="44.7366527" lon="2.6780898"/>
 <node id="12082487923" visible="true" version="1" changeset="154594883" timestamp="2024-07-30T08:40:03Z" user="vincent_95" uid="49047" lat="44.7365317" lon="2.6780161"/>
 <node id="12082487924" visible="true" version="1" changeset="154594883" timestamp="2024-07-30T08:40:03Z" user="vincent_95" uid="49047" lat="44.7363483" lon="2.6780744"/>
 <node id="12082487925" visible="true" version="1" changeset="154594883" timestamp="2024-07-30T08:40:03Z" user="vincent_95" uid="49047" lat="44.7363497" lon="2.6781240"/>
 <node id="12082487926" visible="true" version="1" changeset="154594883" timestamp="2024-07-30T08:40:03Z" user="vincent_95" uid="49047" lat="44.7364669" lon="2.6781864"/>
 <node id="12082487927" visible="true" version="1" changeset="154594883" timestamp="2024-07-30T08:40:03Z" user="vincent_95" uid="49047" lat="44.7373719" lon="2.6787020"/>
 <node id="12082487928" visible="true" version="1" changeset="154594883" timestamp="2024-07-30T08:40:03Z" user="vincent_95" uid="49047" lat="44.7373572" lon="2.6788509"/>
 <node id="12082487929" visible="true" version="1" changeset="154594883" timestamp="2024-07-30T08:40:03Z" user="vincent_95" uid="49047" lat="44.7373090" lon="2.6789045"/>
 <node id="12082487930" visible="true" version="1" changeset="154594883" timestamp="2024-07-30T08:40:03Z" user="vincent_95" uid="49047" lat="44.7372476" lon="2.6789193"/>
 <node id="12082487931" visible="true" version="1" changeset="154594883" timestamp="2024-07-30T08:40:03Z" user="vincent_95" uid="49047" lat="44.7386280" lon="2.6784566"/>
 <node id="12082487932" visible="true" version="1" changeset="154594883" timestamp="2024-07-30T08:40:03Z" user="vincent_95" uid="49047" lat="44.7387748" lon="2.6785510"/>
 <node id="12082487933" visible="true" version="1" changeset="154594883" timestamp="2024-07-30T08:40:03Z" user="vincent_95" uid="49047" lat="44.7388190" lon="2.6784667"/>
 <node id="12459378534" visible="true" version="1" changeset="160725833" timestamp="2024-12-28T18:38:57Z" user="InfosReseaux" uid="93222" lat="44.7813140" lon="2.6910799">
  <tag k="operator" v="RTE"/>
  <tag k="operator:wikidata" v="Q2178795"/>
  <tag k="power" v="connection"/>
 </node>
 <node id="12566062366" visible="true" version="1" changeset="162256007" timestamp="2025-02-07T18:11:37Z" user="Olyon" uid="1443767" lat="44.7352680" lon="2.6866561">
  <tag k="name" v="Perpignou"/>
  <tag k="place" v="isolated_dwelling"/>
 </node>
 <node id="12566062374" visible="true" version="1" changeset="162256007" timestamp="2025-02-07T18:11:37Z" user="Olyon" uid="1443767" lat="44.7372076" lon="2.6852345">
  <tag k="name" v="La Jordie"/>
  <tag k="place" v="isolated_dwelling"/>
 </node>
 <node id="12601699558" visible="true" version="1" changeset="162715231" timestamp="2025-02-19T19:48:00Z" user="Olyon" uid="1443767" lat="44.7387659" lon="2.6831149"/>
 <node id="12601699559" visible="true" version="1" changeset="162715231" timestamp="2025-02-19T19:48:00Z" user="Olyon" uid="1443767" lat="44.7383946" lon="2.6829654"/>
 <node id="12601699560" visible="true" version="1" changeset="162715231" timestamp="2025-02-19T19:48:00Z" user="Olyon" uid="1443767" lat="44.7385565" lon="2.6817048"/>
 <node id="12961524071" visible="true" version="1" changeset="168275210" timestamp="2025-06-29T17:23:26Z" user="Nzau" uid="15118949" lat="44.7392334" lon="2.6815157"/>
 <node id="12962190250" visible="true" version="1" changeset="168281637" timestamp="2025-06-29T20:17:03Z" user="Nzau" uid="15118949" lat="44.7394480" lon="2.6976009">
  <tag k="emergency" v="fire_hydrant"/>
  <tag k="fire_hydrant:diameter" v="65"/>
  <tag k="fire_hydrant:type" v="pillar"/>
  <tag k="ref:FR:SIS" v="12250005"/>
 </node>
 <node id="12962200201" visible="true" version="1" changeset="168281628" timestamp="2025-06-29T20:16:49Z" user="Nzau" uid="15118949" lat="44.7368393" lon="2.6760526">
  <tag k="emergency" v="fire_hydrant"/>
  <tag k="fire_hydrant:diameter" v="65"/>
  <tag k="fire_hydrant:type" v="pillar"/>
  <tag k="ref:FR:SIS" v="12250006"/>
 </node>
 <node id="12983519095" visible="true" version="1" changeset="168577109" timestamp="2025-07-06T20:08:26Z" user="johanbont" uid="12992964" lat="44.7383776" lon="2.6850267">
  <tag k="emergency" v="fire_hydrant"/>
  <tag k="fire_hydrant:diameter" v="65"/>
  <tag k="fire_hydrant:type" v="pillar"/>
  <tag k="ref:FR:SIS" v="12250007"/>
 </node>
 <node id="12985242806" visible="true" version="1" changeset="168592926" timestamp="2025-07-07T08:36:28Z" user="caboulot" uid="80638" lat="44.7393045" lon="2.6788962">
  <tag k="emergency" v="fire_hydrant"/>
  <tag k="fire_hydrant:diameter" v="65"/>
  <tag k="fire_hydrant:type" v="pillar"/>
  <tag k="ref:FR:SIS" v="12250009"/>
 </node>
 <node id="12985676514" visible="true" version="1" changeset="168606755" timestamp="2025-07-07T13:50:27Z" user="Ptigrouick" uid="195175" lat="44.7393986" lon="2.6807298"/>
 <node id="12985676515" visible="true" version="1" changeset="168606755" timestamp="2025-07-07T13:50:27Z" user="Ptigrouick" uid="195175" lat="44.7391899" lon="2.6806718"/>
 <node id="12985676516" visible="true" version="1" changeset="168606755" timestamp="2025-07-07T13:50:27Z" user="Ptigrouick" uid="195175" lat="44.7391531" lon="2.6806662"/>
 <node id="12985676517" visible="true" version="1" changeset="168606755" timestamp="2025-07-07T13:50:27Z" user="Ptigrouick" uid="195175" lat="44.7391624" lon="2.6805447"/>
 <node id="12985676518" visible="true" version="1" changeset="168606755" timestamp="2025-07-07T13:50:27Z" user="Ptigrouick" uid="195175" lat="44.7391991" lon="2.6805503"/>
 <node id="12985676519" visible="true" version="1" changeset="168606755" timestamp="2025-07-07T13:50:27Z" user="Ptigrouick" uid="195175" lat="44.7384003" lon="2.6791230">
  <tag k="emergency" v="fire_hydrant"/>
  <tag k="fire_hydrant:diameter" v="65"/>
  <tag k="fire_hydrant:type" v="pillar"/>
  <tag k="ref:FR:SIS" v="12250010"/>
 </node>
 <node id="12989892988" visible="true" version="1" changeset="168700784" timestamp="2025-07-09T14:56:09Z" user="johanbont" uid="12992964" lat="44.7368084" lon="2.6784895">
  <tag k="emergency" v="fire_hydrant"/>
  <tag k="fire_hydrant:diameter" v="100"/>
  <tag k="fire_hydrant:type" v="pillar"/>
  <tag k="ref:FR:SIS" v="12250013"/>
 </node>
 <node id="13076278488" visible="true" version="1" changeset="170579156" timestamp="2025-08-17T17:36:28Z" user="Niconil" uid="217235" lat="44.7270896" lon="2.6941301"/>
 <node id="13335482559" visible="true" version="1" changeset="175186547" timestamp="2025-11-27T08:24:51Z" user="NC12" uid="1558855" lat="44.7369180" lon="2.6741932"/>
 <node id="13335482560" visible="true" version="1" changeset="175186547" timestamp="2025-11-27T08:24:51Z" user="NC12" uid="1558855" lat="44.7364150" lon="2.6744579"/>
 <node id="13335482561" visible="true" version="1" changeset="175186547" timestamp="2025-11-27T08:24:51Z" user="NC12" uid="1558855" lat="44.7365445" lon="2.6752161"/>
 <node id="13335482562" visible="true" version="1" changeset="175186547" timestamp="2025-11-27T08:24:51Z" user="NC12" uid="1558855" lat="44.7365979" lon="2.6753985"/>
 <node id="13335482563" visible="true" version="1" changeset="175186547" timestamp="2025-11-27T08:24:51Z" user="NC12" uid="1558855" lat="44.7367327" lon="2.6755897"/>
 <node id="13335482564" visible="true" version="1" changeset="175186547" timestamp="2025-11-27T08:24:51Z" user="NC12" uid="1558855" lat="44.7367414" lon="2.6760559"/>
 <node id="13335482565" visible="true" version="1" changeset="175186547" timestamp="2025-11-27T08:24:51Z" user="NC12" uid="1558855" lat="44.7371689" lon="2.6759450"/>
 <node id="13335482566" visible="true" version="1" changeset="175186547" timestamp="2025-11-27T08:24:51Z" user="NC12" uid="1558855" lat="44.7374009" lon="2.6758341"/>
 <node id="13335482567" visible="true" version="1" changeset="175186547" timestamp="2025-11-27T08:24:51Z" user="NC12" uid="1558855" lat="44.7377701" lon="2.6756636"/>
 <node id="13335482568" visible="true" version="1" changeset="175186547" timestamp="2025-11-27T08:24:51Z" user="NC12" uid="1558855" lat="44.7376548" lon="2.6752097"/>
 <node id="13335482569" visible="true" version="1" changeset="175186547" timestamp="2025-11-27T08:24:51Z" user="NC12" uid="1558855" lat="44.7374199" lon="2.6752959"/>
 <node id="13335482570" visible="true" version="1" changeset="175186547" timestamp="2025-11-27T08:24:51Z" user="NC12" uid="1558855" lat="44.7373061" lon="2.6748523"/>
 <node id="13335482571" visible="true" version="1" changeset="175186547" timestamp="2025-11-27T08:24:51Z" user="NC12" uid="1558855" lat="44.7372419" lon="2.6747968"/>
 <node id="13335482572" visible="true" version="1" changeset="175186547" timestamp="2025-11-27T08:24:51Z" user="NC12" uid="1558855" lat="44.7370960" lon="2.6743942"/>
 <node id="13335482573" visible="true" version="1" changeset="175186547" timestamp="2025-11-27T08:24:51Z" user="NC12" uid="1558855" lat="44.7369297" lon="2.6743778"/>
 <node id="13335510175" visible="true" version="1" changeset="175186876" timestamp="2025-11-27T08:33:53Z" user="NC12" uid="1558855" lat="44.7355238" lon="2.6756889"/>
 <node id="13335510176" visible="true" version="1" changeset="175186876" timestamp="2025-11-27T08:33:53Z" user="NC12" uid="1558855" lat="44.7353654" lon="2.6757598"/>
 <node id="13335510177" visible="true" version="1" changeset="175186876" timestamp="2025-11-27T08:33:53Z" user="NC12" uid="1558855" lat="44.7354070" lon="2.6760895"/>
 <node id="13335510178" visible="true" version="1" changeset="175186876" timestamp="2025-11-27T08:33:53Z" user="NC12" uid="1558855" lat="44.7355070" lon="2.6760823"/>
 <node id="13671939574" visible="true" version="1" changeset="180309444" timestamp="2026-03-23T15:28:38Z" user="caboulot" uid="80638" lat="44.7389933" lon="2.6784258"/>
 <node id="13671939575" visible="true" version="1" changeset="180309444" timestamp="2026-03-23T15:28:38Z" user="caboulot" uid="80638" lat="44.7389576" lon="2.6784278"/>
 <node id="13671939576" visible="true" version="1" changeset="180309444" timestamp="2026-03-23T15:28:38Z" user="caboulot" uid="80638" lat="44.7389209" lon="2.6784358"/>
 <node id="13671939577" visible="true" version="1" changeset="180309444" timestamp="2026-03-23T15:28:38Z" user="caboulot" uid="80638" lat="44.7388899" lon="2.6784519"/>
 <node id="13671939578" visible="true" version="1" changeset="180309444" timestamp="2026-03-23T15:28:38Z" user="caboulot" uid="80638" lat="44.7388718" lon="2.6784667"/>
 <node id="13671939579" visible="true" version="1" changeset="180309444" timestamp="2026-03-23T15:28:38Z" user="caboulot" uid="80638" lat="44.7388585" lon="2.6784358"/>
 <node id="13671939580" visible="true" version="1" changeset="180309444" timestamp="2026-03-23T15:28:38Z" user="caboulot" uid="80638" lat="44.7388871" lon="2.6783285"/>
 <node id="13671939581" visible="true" version="1" changeset="180309444" timestamp="2026-03-23T15:28:38Z" user="caboulot" uid="80638" lat="44.7388966" lon="2.6782762"/>
 <node id="13671939582" visible="true" version="1" changeset="180309444" timestamp="2026-03-23T15:28:38Z" user="caboulot" uid="80638" lat="44.7389385" lon="2.6782729"/>
 <node id="13671939583" visible="true" version="1" changeset="180309444" timestamp="2026-03-23T15:28:38Z" user="caboulot" uid="80638" lat="44.7390076" lon="2.6784258"/>
 <node id="13671939584" visible="true" version="1" changeset="180309444" timestamp="2026-03-23T15:28:38Z" user="caboulot" uid="80638" lat="44.7389104" lon="2.6783969">
  <tag k="natural" v="tree"/>
 </node>
 <node id="13671939585" visible="true" version="1" changeset="180309444" timestamp="2026-03-23T15:28:38Z" user="caboulot" uid="80638" lat="44.7389690" lon="2.6783802">
  <tag k="natural" v="tree"/>
 </node>
 <node id="13686718161" visible="true" version="1" changeset="180549033" timestamp="2026-03-28T16:09:22Z" user="AurélienQ" uid="14238921" lat="44.7288820" lon="2.6719811"/>
 <node id="14115064334" visible="true" version="1" changeset="187887276" timestamp="2026-08-23T13:16:50Z" user="MatthieuMartin" uid="46239" lat="44.7319488" lon="2.6906580"/>
 <node id="14115064335" visible="true" version="1" changeset="187887276" timestamp="2026-08-23T13:16:50Z" user="MatthieuMartin" uid="46239" lat="44.7318802" lon="2.6909396"/>
 <node id="14115064336" visible="true" version="1" changeset="187887276" timestamp="2026-08-23T13:16:50Z" user="MatthieuMartin" uid="46239" lat="44.7318058" lon="2.6918918"/>
 <node id="14115064337" visible="true" version="1" changeset="187887276" timestamp="2026-08-23T13:16:50Z" user="MatthieuMartin" uid="46239" lat="44.7318078" lon="2.6928654"/>
 <node id="14115064338" visible="true" version="1" changeset="187887276" timestamp="2026-08-23T13:16:50Z" user="MatthieuMartin" uid="46239" lat="44.7317944" lon="2.6938981"/>
 <node id="14115064339" visible="true" version="1" changeset="187887276" timestamp="2026-08-23T13:16:50Z" user="MatthieuMartin" uid="46239" lat="44.7317811" lon="2.6944023"/>
 <node id="14115064340" visible="true" version="1" changeset="187887276" timestamp="2026-08-23T13:16:50Z" user="MatthieuMartin" uid="46239" lat="44.7317639" lon="2.6945204"/>
 <node id="14115064341" visible="true" version="1" changeset="187887276" timestamp="2026-08-23T13:16:50Z" user="MatthieuMartin" uid="46239" lat="44.7317144" lon="2.6945981"/>
 <node id="14115064342" visible="true" version="1" changeset="187887276" timestamp="2026-08-23T13:16:50Z" user="MatthieuMartin" uid="46239" lat="44.7318682" lon="2.6930020">
  <tag k="height" v="23"/>
  <tag k="man_made" v="mast"/>
  <tag k="operator" v="SFR"/>
  <tag k="ref:FR:ANFR" v="2717292"/>
  <tag k="source" v="data.gouv.fr:ANFR - 2023-01"/>
  <tag k="tower:type" v="communication"/>
 </node>
 <node id="14122857946" visible="true" version="1" changeset="187995760" timestamp="2026-08-25T15:16:46Z" user="Yod4z" uid="318821" lat="44.7334385" lon="2.6821236"/>
 <node id="14122857947" visible="true" version="1" changeset="187995760" timestamp="2026-08-25T15:16:46Z" user="Yod4z" uid="318821" lat="44.7333147" lon="2.6821286"/>
 <node id="14122857948" visible="true" version="1" changeset="187995760" timestamp="2026-08-25T15:16:46Z" user="Yod4z" uid="318821" lat="44.7322660" lon="2.6816769">
  <tag k="bench" v="yes"/>
  <tag k="covered" v="no"/>
  <tag k="leisure" v="picnic_table"/>
  <tag k="source" v="PCRS 2022"/>
 </node>
 <node id="14122857949" visible="true" version="1" changeset="187995760" timestamp="2026-08-25T15:16:46Z" user="Yod4z" uid="318821" lat="44.7322455" lon="2.6816531">
  <tag k="leaf_cycle" v="deciduous"/>
  <tag k="leaf_type" v="broadleaved"/>
  <tag k="natural" v="tree"/>
  <tag k="source" v="PCRS 2022;ortho express IGN 2025"/>
 </node>
 <node id="14122857950" visible="true" version="1" changeset="187995760" timestamp="2026-08-25T15:16:46Z" user="Yod4z" uid="318821" lat="44.7322451" lon="2.6817031">
  <tag k="leaf_cycle" v="deciduous"/>
  <tag k="leaf_type" v="broadleaved"/>
  <tag k="natural" v="tree"/>
  <tag k="source" v="PCRS 2022;ortho express IGN 2025"/>
 </node>
 <node id="14122857951" visible="true" version="1" changeset="187995760" timestamp="2026-08-25T15:16:46Z" user="Yod4z" uid="318821" lat="44.7322929" lon="2.6817069"/>
 <node id="14122857952" visible="true" version="1" changeset="187995760" timestamp="2026-08-25T15:16:46Z" user="Yod4z" uid="318821" lat="44.7322778" lon="2.6816884"/>
 <node id="14122857953" visible="true" version="1" changeset="187995760" timestamp="2026-08-25T15:16:46Z" user="Yod4z" uid="318821" lat="44.7323887" lon="2.6816729"/>
 <node id="14122857954" visible="true" version="1" changeset="187995760" timestamp="2026-08-25T15:16:46Z" user="Yod4z" uid="318821" lat="44.7323722" lon="2.6819211">
  <tag k="leaf_cycle" v="deciduous"/>
  <tag k="leaf_type" v="broadleaved"/>
  <tag k="natural" v="tree"/>
  <tag k="source" v="PCRS 2022;ortho express IGN 2025"/>
 </node>
 <node id="14122857955" visible="true" version="1" changeset="187995760" timestamp="2026-08-25T15:16:46Z" user="Yod4z" uid="318821" lat="44.7323366" lon="2.6817324">
  <tag k="leaf_cycle" v="evergreen"/>
  <tag k="leaf_type" v="needleleaved"/>
  <tag k="natural" v="tree"/>
  <tag k="source" v="PCRS 2022;ortho express IGN 2025"/>
 </node>
 <node id="14122857956" visible="true" version="1" changeset="187995760" timestamp="2026-08-25T15:16:46Z" user="Yod4z" uid="318821" lat="44.7325431" lon="2.6817684">
  <tag k="leaf_cycle" v="deciduous"/>
  <tag k="leaf_type" v="broadleaved"/>
  <tag k="natural" v="tree"/>
  <tag k="source" v="PCRS 2022;ortho express IGN 2025"/>
 </node>
 <node id="14122857957" visible="true" version="1" changeset="187995760" timestamp="2026-08-25T15:16:46Z" user="Yod4z" uid="318821" lat="44.7328267" lon="2.6818219">
  <tag k="leaf_cycle" v="deciduous"/>
  <tag k="leaf_type" v="broadleaved"/>
  <tag k="natural" v="tree"/>
  <tag k="source" v="PCRS 2022;ortho express IGN 2025"/>
 </node>
 <node id="14122857958" visible="true" version="1" changeset="187995760" timestamp="2026-08-25T15:16:46Z" user="Yod4z" uid="318821" lat="44.7327391" lon="2.6817971">
  <tag k="leaf_cycle" v="deciduous"/>
  <tag k="leaf_type" v="broadleaved"/>
  <tag k="natural" v="tree"/>
  <tag k="source" v="PCRS 2022;ortho express IGN 2025"/>
 </node>
 <node id="14122857959" visible="true" version="1" changeset="187995760" timestamp="2026-08-25T15:16:46Z" user="Yod4z" uid="318821" lat="44.7322516" lon="2.6822155"/>
 <node id="14122857960" visible="true" version="1" changeset="187995760" timestamp="2026-08-25T15:16:46Z" user="Yod4z" uid="318821" lat="44.7323048" lon="2.6831294"/>
 <node id="14122857961" visible="true" version="1" changeset="187995760" timestamp="2026-08-25T15:16:46Z" user="Yod4z" uid="318821" lat="44.7315729" lon="2.6846343"/>
 <node id="14122857962" visible="true" version="1" changeset="187995760" timestamp="2026-08-25T15:16:46Z" user="Yod4z" uid="318821" lat="44.7317096" lon="2.6844752"/>
 <node id="14122857963" visible="true" version="1" changeset="187995760" timestamp="2026-08-25T15:16:46Z" user="Yod4z" uid="318821" lat="44.7307391" lon="2.6854426"/>
 <node id="14122857964" visible="true" version="1" changeset="187995760" timestamp="2026-08-25T15:16:46Z" user="Yod4z" uid="318821" lat="44.7304937" lon="2.6854395"/>
 <node id="14122857965" visible="true" version="1" changeset="187995760" timestamp="2026-08-25T15:16:46Z" user="Yod4z" uid="318821" lat="44.7305476" lon="2.6854678"/>
 <node id="14122857966" visible="true" version="1" changeset="187995760" timestamp="2026-08-25T15:16:46Z" user="Yod4z" uid="318821" lat="44.7303478" lon="2.6852548"/>
 <node id="14122857967" visible="true" version="1" changeset="187995760" timestamp="2026-08-25T15:16:46Z" user="Yod4z" uid="318821" lat="44.7302853" lon="2.6849855"/>
 <node id="14122857968" visible="true" version="1" changeset="187995760" timestamp="2026-08-25T15:16:46Z" user="Yod4z" uid="318821" lat="44.7302755" lon="2.6842088"/>
 <node id="14122857969" visible="true" version="1" changeset="187995760" timestamp="2026-08-25T15:16:46Z" user="Yod4z" uid="318821" lat="44.7303828" lon="2.6838672"/>
 <node id="14122857970" visible="true" version="1" changeset="187995760" timestamp="2026-08-25T15:16:46Z" user="Yod4z" uid="318821" lat="44.7305502" lon="2.6836661"/>
 <node id="14122857971" visible="true" version="1" changeset="187995760" timestamp="2026-08-25T15:16:46Z" user="Yod4z" uid="318821" lat="44.7306287" lon="2.6834820"/>
 <node id="14122857972" visible="true" version="1" changeset="187995760" timestamp="2026-08-25T15:16:46Z" user="Yod4z" uid="318821" lat="44.7306066" lon="2.6835740"/>
 <node id="14122857973" visible="true" version="1" changeset="187995760" timestamp="2026-08-25T15:16:46Z" user="Yod4z" uid="318821" lat="44.7304570" lon="2.6816580"/>
 <node id="14122857974" visible="true" version="1" changeset="187995760" timestamp="2026-08-25T15:16:46Z" user="Yod4z" uid="318821" lat="44.7304247" lon="2.6815712"/>
 <node id="14122857975" visible="true" version="1" changeset="187995760" timestamp="2026-08-25T15:16:46Z" user="Yod4z" uid="318821" lat="44.7300072" lon="2.6813142"/>
 <node id="14122857976" visible="true" version="1" changeset="187995760" timestamp="2026-08-25T15:16:46Z" user="Yod4z" uid="318821" lat="44.7297464" lon="2.6810359"/>
 <node id="14122857977" visible="true" version="1" changeset="187995760" timestamp="2026-08-25T15:16:46Z" user="Yod4z" uid="318821" lat="44.7297543" lon="2.6809886"/>
 <node id="14122857978" visible="true" version="1" changeset="187995760" timestamp="2026-08-25T15:16:46Z" user="Yod4z" uid="318821" lat="44.7306963" lon="2.6801977"/>
 <node id="14122857979" visible="true" version="1" changeset="187995760" timestamp="2026-08-25T15:16:46Z" user="Yod4z" uid="318821" lat="44.7306215" lon="2.6802806"/>
 <node id="14122857980" visible="true" version="1" changeset="187995760" timestamp="2026-08-25T15:16:46Z" user="Yod4z" uid="318821" lat="44.7325030" lon="2.6786485">
  <tag k="amenity" v="bench"/>
  <tag k="backrest" v="yes"/>
 </node>
 <node id="14122857981" visible="true" version="1" changeset="187995760" timestamp="2026-08-25T15:16:46Z" user="Yod4z" uid="318821" lat="44.7324715" lon="2.6784772">
  <tag k="leaf_cycle" v="deciduous"/>
  <tag k="leaf_type" v="broadleaved"/>
  <tag k="natural" v="tree"/>
  <tag k="source" v="PCRS 2022;ortho express IGN 2025"/>
 </node>
 <node id="14122857982" visible="true" version="1" changeset="187995760" timestamp="2026-08-25T15:16:46Z" user="Yod4z" uid="318821" lat="44.7325585" lon="2.6785937">
  <tag k="leaf_cycle" v="deciduous"/>
  <tag k="leaf_type" v="broadleaved"/>
  <tag k="natural" v="tree"/>
  <tag k="source" v="PCRS 2022;ortho express IGN 2025"/>
 </node>
 <node id="14122857983" visible="true" version="1" changeset="187995760" timestamp="2026-08-25T15:16:46Z" user="Yod4z" uid="318821" lat="44.7325094" lon="2.6785997">
  <tag k="leaf_cycle" v="deciduous"/>
  <tag k="leaf_type" v="broadleaved"/>
  <tag k="natural" v="tree"/>
  <tag k="source" v="PCRS 2022;ortho express IGN 2025"/>
 </node>
 <node id="14122857984" visible="true" version="1" changeset="187995760" timestamp="2026-08-25T15:16:46Z" user="Yod4z" uid="318821" lat="44.7325446" lon="2.6783646">
  <tag k="leaf_cycle" v="deciduous"/>
  <tag k="leaf_type" v="broadleaved"/>
  <tag k="natural" v="tree"/>
  <tag k="source" v="PCRS 2022;ortho express IGN 2025"/>
 </node>
 <node id="14122857985" visible="true" version="1" changeset="187995760" timestamp="2026-08-25T15:16:46Z" user="Yod4z" uid="318821" lat="44.7324923" lon="2.6783585">
  <tag k="leaf_cycle" v="deciduous"/>
  <tag k="leaf_type" v="broadleaved"/>
  <tag k="natural" v="tree"/>
  <tag k="source" v="PCRS 2022;ortho express IGN 2025"/>
 </node>
 <node id="14122857986" visible="true" version="1" changeset="187995760" timestamp="2026-08-25T15:16:46Z" user="Yod4z" uid="318821" lat="44.7323711" lon="2.6783578">
  <tag k="leaf_cycle" v="deciduous"/>
  <tag k="leaf_type" v="broadleaved"/>
  <tag k="natural" v="tree"/>
  <tag k="source" v="PCRS 2022;ortho express IGN 2025"/>
 </node>
 <node id="14122857987" visible="true" version="1" changeset="187995760" timestamp="2026-08-25T15:16:46Z" user="Yod4z" uid="318821" lat="44.7324299" lon="2.6783578">
  <tag k="leaf_cycle" v="deciduous"/>
  <tag k="leaf_type" v="broadleaved"/>
  <tag k="natural" v="tree"/>
  <tag k="source" v="PCRS 2022;ortho express IGN 2025"/>
 </node>
 <node id="14122857988" visible="true" version="1" changeset="187995760" timestamp="2026-08-25T15:16:46Z" user="Yod4z" uid="318821" lat="44.7323840" lon="2.6785824">
  <tag k="leaf_cycle" v="deciduous"/>
  <tag k="leaf_type" v="broadleaved"/>
  <tag k="natural" v="tree"/>
  <tag k="source" v="PCRS 2022;ortho express IGN 2025"/>
 </node>
 <node id="14122857989" visible="true" version="1" changeset="187995760" timestamp="2026-08-25T15:16:46Z" user="Yod4z" uid="318821" lat="44.7324533" lon="2.6782459">
  <tag k="leaf_cycle" v="deciduous"/>
  <tag k="leaf_type" v="broadleaved"/>
  <tag k="natural" v="tree"/>
  <tag k="source" v="PCRS 2022;ortho express IGN 2025"/>
 </node>
 <node id="14122857990" visible="true" version="1" changeset="187995760" timestamp="2026-08-25T15:16:46Z" user="Yod4z" uid="318821" lat="44.7325505" lon="2.6782541">
  <tag k="leaf_cycle" v="deciduous"/>
  <tag k="leaf_type" v="broadleaved"/>
  <tag k="natural" v="tree"/>
  <tag k="source" v="PCRS 2022;ortho express IGN 2025"/>
 </node>
 <node id="14122857991" visible="true" version="1" changeset="187995760" timestamp="2026-08-25T15:16:46Z" user="Yod4z" uid="318821" lat="44.7323012" lon="2.6782293">
  <tag k="leaf_cycle" v="deciduous"/>
  <tag k="leaf_type" v="broadleaved"/>
  <tag k="natural" v="tree"/>
  <tag k="source" v="PCRS 2022;ortho express IGN 2025"/>
 </node>
 <node id="14122857992" visible="true" version="1" changeset="187995760" timestamp="2026-08-25T15:16:46Z" user="Yod4z" uid="318821" lat="44.7331061" lon="2.6784036">
  <tag k="tourism" v="information"/>
 </node>
 <node id="14122857993" visible="true" version="1" changeset="187995760" timestamp="2026-08-25T15:16:46Z" user="Yod4z" uid="318821" lat="44.7328824" lon="2.6787574"/>
 <node id="14122857994" visible="true" version="1" changeset="187995760" timestamp="2026-08-25T15:16:46Z" user="Yod4z" uid="318821" lat="44.7327534" lon="2.6788735"/>
 <node id="14122857995" visible="true" version="1" changeset="187995760" timestamp="2026-08-25T15:16:46Z" user="Yod4z" uid="318821" lat="44.7331621" lon="2.6782613"/>
 <node id="14122857996" visible="true" version="1" changeset="187995760" timestamp="2026-08-25T15:16:46Z" user="Yod4z" uid="318821" lat="44.7327613" lon="2.6781865"/>
 <node id="14122857997" visible="true" version="1" changeset="187995760" timestamp="2026-08-25T15:16:46Z" user="Yod4z" uid="318821" lat="44.7327443" lon="2.6783111"/>
 <node id="14122857998" visible="true" version="1" changeset="187995760" timestamp="2026-08-25T15:16:46Z" user="Yod4z" uid="318821" lat="44.7331380" lon="2.6783859"/>
 <node id="14122857999" visible="true" version="1" changeset="187995760" timestamp="2026-08-25T15:16:46Z" user="Yod4z" uid="318821" lat="44.7333322" lon="2.6785092">
  <tag k="leisure" v="fitness_station"/>
  <tag k="sport" v="fitness"/>
 </node>
 <node id="14122858000" visible="true" version="1" changeset="187995760" timestamp="2026-08-25T15:16:46Z" user="Yod4z" uid="318821" lat="44.7326310" lon="2.6789892"/>
 <node id="14122889501" visible="true" version="1" changeset="187995760" timestamp="2026-08-25T15:16:46Z" user="Yod4z" uid="318821" lat="44.7328032" lon="2.6789898"/>
 <node id="14122889502" visible="true" version="1" changeset="187995760" timestamp="2026-08-25T15:16:46Z" user="Yod4z" uid="318821" lat="44.7329331" lon="2.6789937"/>
 <node id="14122889503" visible="true" version="1" changeset="187995760" timestamp="2026-08-25T15:16:46Z" user="Yod4z" uid="318821" lat="44.7361936" lon="2.6775331">
  <tag k="leaf_cycle" v="deciduous"/>
  <tag k="leaf_type" v="broadleaved"/>
  <tag k="natural" v="tree"/>
  <tag k="source" v="PCRS 2022;ortho express IGN 2025"/>
 </node>
 <node id="14122889504" visible="true" version="1" changeset="187995760" timestamp="2026-08-25T15:16:46Z" user="Yod4z" uid="318821" lat="44.7360026" lon="2.6772352"/>
 <node id="14122889505" visible="true" version="1" changeset="187995760" timestamp="2026-08-25T15:16:46Z" user="Yod4z" uid="318821" lat="44.7356997" lon="2.6772417"/>
 <node id="14122889506" visible="true" version="1" changeset="187995760" timestamp="2026-08-25T15:16:46Z" user="Yod4z" uid="318821" lat="44.7347811" lon="2.6774509">
  <tag k="tourism" v="information"/>
 </node>
 <node id="14122889507" visible="true" version="1" changeset="187995760" timestamp="2026-08-25T15:16:46Z" user="Yod4z" uid="318821" lat="44.7347505" lon="2.6773841">
  <tag k="leaf_cycle" v="deciduous"/>
  <tag k="leaf_type" v="broadleaved"/>
  <tag k="natural" v="tree"/>
  <tag k="source" v="PCRS 2022;ortho express IGN 2025"/>
 </node>
 <node id="14122889508" visible="true" version="1" changeset="187995760" timestamp="2026-08-25T15:16:46Z" user="Yod4z" uid="318821" lat="44.7348112" lon="2.6772890">
  <tag k="leaf_cycle" v="deciduous"/>
  <tag k="leaf_type" v="broadleaved"/>
  <tag k="natural" v="tree"/>
  <tag k="source" v="PCRS 2022;ortho express IGN 2025"/>
 </node>
 <node id="14122889509" visible="true" version="1" changeset="187995760" timestamp="2026-08-25T15:16:46Z" user="Yod4z" uid="318821" lat="44.7348595" lon="2.6771860">
  <tag k="leaf_cycle" v="deciduous"/>
  <tag k="leaf_type" v="broadleaved"/>
  <tag k="natural" v="tree"/>
  <tag k="source" v="PCRS 2022;ortho express IGN 2025"/>
 </node>
 <node id="14122889510" visible="true" version="1" changeset="187995760" timestamp="2026-08-25T15:16:46Z" user="Yod4z" uid="318821" lat="44.7348937" lon="2.6770738">
  <tag k="leaf_cycle" v="deciduous"/>
  <tag k="leaf_type" v="broadleaved"/>
  <tag k="natural" v="tree"/>
  <tag k="source" v="PCRS 2022;ortho express IGN 2025"/>
 </node>
 <node id="14122889511" visible="true" version="1" changeset="187995760" timestamp="2026-08-25T15:16:46Z" user="Yod4z" uid="318821" lat="44.7349246" lon="2.6769787">
  <tag k="leaf_cycle" v="deciduous"/>
  <tag k="leaf_type" v="broadleaved"/>
  <tag k="natural" v="tree"/>
  <tag k="source" v="PCRS 2022;ortho express IGN 2025"/>
 </node>
 <node id="14122889512" visible="true" version="1" changeset="187995760" timestamp="2026-08-25T15:16:46Z" user="Yod4z" uid="318821" lat="44.7349629" lon="2.6768553">
  <tag k="leaf_cycle" v="deciduous"/>
  <tag k="leaf_type" v="broadleaved"/>
  <tag k="natural" v="tree"/>
  <tag k="source" v="PCRS 2022;ortho express IGN 2025"/>
 </node>
 <node id="14122889513" visible="true" version="1" changeset="187995760" timestamp="2026-08-25T15:16:46Z" user="Yod4z" uid="318821" lat="44.7350067" lon="2.6767330">
  <tag k="leaf_cycle" v="deciduous"/>
  <tag k="leaf_type" v="broadleaved"/>
  <tag k="natural" v="tree"/>
  <tag k="source" v="PCRS 2022;ortho express IGN 2025"/>
 </node>
 <node id="14122889514" visible="true" version="1" changeset="187995760" timestamp="2026-08-25T15:16:46Z" user="Yod4z" uid="318821" lat="44.7351290" lon="2.6765507">
  <tag k="leaf_cycle" v="deciduous"/>
  <tag k="leaf_type" v="broadleaved"/>
  <tag k="natural" v="tree"/>
  <tag k="source" v="PCRS 2022;ortho express IGN 2025"/>
 </node>
 <node id="14122889515" visible="true" version="1" changeset="187995760" timestamp="2026-08-25T15:16:46Z" user="Yod4z" uid="318821" lat="44.7352070" lon="2.6764810">
  <tag k="leaf_cycle" v="deciduous"/>
  <tag k="leaf_type" v="broadleaved"/>
  <tag k="natural" v="tree"/>
  <tag k="source" v="PCRS 2022;ortho express IGN 2025"/>
 </node>
 <node id="14122889516" visible="true" version="1" changeset="187995760" timestamp="2026-08-25T15:16:46Z" user="Yod4z" uid="318821" lat="44.7353639" lon="2.6763870">
  <tag k="leaf_cycle" v="deciduous"/>
  <tag k="leaf_type" v="broadleaved"/>
  <tag k="natural" v="tree"/>
  <tag k="source" v="PCRS 2022;ortho express IGN 2025"/>
 </node>
 <node id="14122889517" visible="true" version="1" changeset="187995760" timestamp="2026-08-25T15:16:46Z" user="Yod4z" uid="318821" lat="44.7352854" lon="2.6764216">
  <tag k="leaf_cycle" v="deciduous"/>
  <tag k="leaf_type" v="broadleaved"/>
  <tag k="natural" v="tree"/>
  <tag k="source" v="PCRS 2022;ortho express IGN 2025"/>
 </node>
 <node id="14122889518" visible="true" version="1" changeset="187995760" timestamp="2026-08-25T15:16:46Z" user="Yod4z" uid="318821" lat="44.7353131" lon="2.6763373"/>
 <node id="14122889519" visible="true" version="1" changeset="187995760" timestamp="2026-08-25T15:16:46Z" user="Yod4z" uid="318821" lat="44.7349351" lon="2.6768020"/>
 <node id="14122889520" visible="true" version="1" changeset="187995760" timestamp="2026-08-25T15:16:46Z" user="Yod4z" uid="318821" lat="44.7347580" lon="2.6774503"/>
 <node id="14122889521" visible="true" version="1" changeset="187995760" timestamp="2026-08-25T15:16:46Z" user="Yod4z" uid="318821" lat="44.7347229" lon="2.6773929"/>
 <node id="14122889522" visible="true" version="1" changeset="187995760" timestamp="2026-08-25T15:16:46Z" user="Yod4z" uid="318821" lat="44.7348542" lon="2.6771518"/>
 <node id="14122889523" visible="true" version="1" changeset="187995760" timestamp="2026-08-25T15:16:46Z" user="Yod4z" uid="318821" lat="44.7349578" lon="2.6768245"/>
 <node id="14122889524" visible="true" version="1" changeset="187995760" timestamp="2026-08-25T15:16:46Z" user="Yod4z" uid="318821" lat="44.7350337" lon="2.6766350"/>
 <node id="14122889525" visible="true" version="1" changeset="187995760" timestamp="2026-08-25T15:16:46Z" user="Yod4z" uid="318821" lat="44.7351666" lon="2.6764881"/>
 <node id="14122889526" visible="true" version="1" changeset="187995760" timestamp="2026-08-25T15:16:46Z" user="Yod4z" uid="318821" lat="44.7354203" lon="2.6763170"/>
 <node id="14122889527" visible="true" version="1" changeset="187995760" timestamp="2026-08-25T15:16:46Z" user="Yod4z" uid="318821" lat="44.7354390" lon="2.6763962"/>
 <node id="14122889528" visible="true" version="1" changeset="187995760" timestamp="2026-08-25T15:16:46Z" user="Yod4z" uid="318821" lat="44.7351968" lon="2.6765489"/>
 <node id="14122889529" visible="true" version="1" changeset="187995760" timestamp="2026-08-25T15:16:46Z" user="Yod4z" uid="318821" lat="44.7350728" lon="2.6766913"/>
 <node id="14122889530" visible="true" version="1" changeset="187995760" timestamp="2026-08-25T15:16:46Z" user="Yod4z" uid="318821" lat="44.7349594" lon="2.6769784"/>
 <node id="14122889531" visible="true" version="1" changeset="187995760" timestamp="2026-08-25T15:16:46Z" user="Yod4z" uid="318821" lat="44.7348477" lon="2.6773205"/>
 <way id="33331799" visible="true" version="4" changeset="170579156" timestamp="2025-08-17T17:36:28Z" user="Niconil" uid="217235">
  <nd ref="379108421"/>
  <nd ref="379055284"/>
  <nd ref="379114395"/>
  <nd ref="379095377"/>
  <nd ref="379083617"/>
  <nd ref="379081455"/>
  <nd ref="961620008"/>
  <nd ref="379102443"/>
  <nd ref="379074003"/>
  <nd ref="379050613"/>
  <nd ref="379088410"/>
  <nd ref="379099248"/>
  <nd ref="379114800"/>
  <nd ref="379108316"/>
  <nd ref="379070945"/>
  <nd ref="379095812"/>
  <nd ref="379060217"/>
  <nd ref="379097234"/>
  <nd ref="379068466"/>
  <nd ref="379099331"/>
  <nd ref="379090372"/>
  <nd ref="379066588"/>
  <nd ref="379115263"/>
  <nd ref="379072269"/>
  <nd ref="379051277"/>
  <nd ref="379092209"/>
  <nd ref="379097206"/>
  <nd ref="379098718"/>
  <nd ref="379071880"/>
  <nd ref="379080560"/>
  <nd ref="379071120"/>
  <nd ref="379056075"/>
  <nd ref="379058429"/>
  <nd ref="379086341"/>
  <nd ref="379096109"/>
  <nd ref="379112305"/>
  <nd ref="379104015"/>
  <nd ref="379062015"/>
  <nd ref="973838329"/>
  <nd ref="379060766"/>
  <nd ref="379075804"/>
  <nd ref="379056006"/>
  <nd ref="379103496"/>
  <nd ref="379093424"/>
  <nd ref="379080952"/>
  <nd ref="379085709"/>
  <nd ref="379080653"/>
  <nd ref="379077464"/>
  <nd ref="379113426"/>
  <nd ref="379096748"/>
  <nd ref="379088141"/>
  <nd ref="379084094"/>
  <nd ref="379069425"/>
  <nd ref="379061739"/>
  <nd ref="379098077"/>
  <nd ref="379054351"/>
  <nd ref="379114760"/>
  <nd ref="379085548"/>
  <nd ref="379073013"/>
  <nd ref="379071451"/>
  <nd ref="379067806"/>
  <nd ref="379113589"/>
  <nd ref="379061617"/>
  <nd ref="379056888"/>
  <nd ref="379052298"/>
  <nd ref="379098843"/>
  <nd ref="379064055"/>
  <nd ref="379057717"/>
  <nd ref="379098148"/>
  <nd ref="379064517"/>
  <nd ref="379088616"/>
  <nd ref="379070535"/>
  <nd ref="379053622"/>
  <nd ref="379080370"/>
  <nd ref="379065080"/>
  <nd ref="379096036"/>
  <nd ref="379101570"/>
  <nd ref="379059725"/>
  <nd ref="379058855"/>
  <nd ref="379090957"/>
  <nd ref="379096827"/>
  <nd ref="379094502"/>
  <nd ref="379065409"/>
  <nd ref="379071514"/>
  <nd ref="379096108"/>
  <nd ref="379079471"/>
  <nd ref="379084592"/>
  <nd ref="379100227"/>
  <nd ref="379066603"/>
  <nd ref="379066928"/>
  <nd ref="379052771"/>
  <nd ref="379075508"/>
  <nd ref="379065487"/>
  <nd ref="379105200"/>
  <nd ref="379095397"/>
  <nd ref="379101551"/>
  <nd ref="379071899"/>
  <nd ref="379061110"/>
  <nd ref="379082957"/>
  <nd ref="379072202"/>
  <nd ref="379113522"/>
  <nd ref="379069173"/>
  <nd ref="379077259"/>
  <nd ref="379106078"/>
  <nd ref="379091687"/>
  <nd ref="379068206"/>
  <nd ref="379068387"/>
  <nd ref="379090810"/>
  <nd ref="379088923"/>
  <nd ref="379052761"/>
  <nd ref="379105619"/>
  <nd ref="379082459"/>
  <nd ref="379066801"/>
  <nd ref="379062483"/>
  <nd ref="379056495"/>
  <nd ref="379091381"/>
  <nd ref="4565013128"/>
  <nd ref="379093364"/>
  <nd ref="379097672"/>
  <nd ref="4565013559"/>
  <nd ref="379071073"/>
  <nd ref="379056155"/>
  <nd ref="379061687"/>
  <nd ref="379096889"/>
  <nd ref="379087961"/>
  <nd ref="379053813"/>
  <nd ref="379100269"/>
  <nd ref="379088096"/>
  <nd ref="379059578"/>
  <nd ref="379092397"/>
  <nd ref="379058101"/>
  <nd ref="379100198"/>
  <nd ref="379068578"/>
  <nd ref="379100197"/>
  <nd ref="379107791"/>
  <nd ref="379112572"/>
  <nd ref="379084925"/>
  <nd ref="379113649"/>
  <nd ref="379102338"/>
  <nd ref="379081020"/>
  <nd ref="379104734"/>
  <nd ref="379094906"/>
  <nd ref="379056249"/>
  <nd ref="379050566"/>
  <nd ref="379084496"/>
  <nd ref="379060685"/>
  <nd ref="379079235"/>
  <nd ref="379105567"/>
  <nd ref="379088180"/>
  <nd ref="379088166"/>
  <nd ref="379091923"/>
  <nd ref="379070446"/>
  <nd ref="379077068"/>
  <nd ref="379067089"/>
  <nd ref="379055221"/>
  <nd ref="379077381"/>
  <nd ref="379075468"/>
  <nd ref="379108862"/>
  <nd ref="379083979"/>
  <nd ref="379074393"/>
  <nd ref="379068690"/>
  <nd ref="379060452"/>
  <nd ref="379053875"/>
  <nd ref="379054124"/>
  <nd ref="379099337"/>
  <nd ref="379112813"/>
  <nd ref="379056241"/>
  <nd ref="379063710"/>
  <nd ref="379063630"/>
  <nd ref="379097163"/>
  <nd ref="379061793"/>
  <nd ref="379053678"/>
  <nd ref="4565013298"/>
  <nd ref="379092087"/>
  <nd ref="379113801"/>
  <nd ref="379109466"/>
  <nd ref="379053276"/>
  <nd ref="379079625"/>
  <nd ref="379056517"/>
  <nd ref="379077328"/>
  <tag k="admin_level" v="8"/>
  <tag k="boundary" v="administrative"/>
  <tag k="source" v="cadastre-dgi-fr source : Direction Générale des Impôts - Cadastre ; mise à jour : 2009"/>
 </way>
 <way id="41702575" visible="true" version="11" changeset="187995760" timestamp="2026-08-25T15:16:46Z" user="Yod4z" uid="318821">
  <nd ref="513153471"/>
  <nd ref="513153473"/>
  <nd ref="513153475"/>
  <nd ref="513153478"/>
  <nd ref="513153480"/>
  <nd ref="513153481"/>
  <nd ref="513153483"/>
  <nd ref="513153487"/>
  <nd ref="513153489"/>
  <nd ref="513153491"/>
  <nd ref="513153494"/>
  <nd ref="513153502"/>
  <nd ref="513153506"/>
  <nd ref="513153508"/>
  <nd ref="513153510"/>
  <nd ref="513153512"/>
  <nd ref="513153514"/>
  <nd ref="513153516"/>
  <nd ref="513153519"/>
  <nd ref="513153520"/>
  <nd ref="513153521"/>
  <nd ref="513153522"/>
  <nd ref="513153523"/>
  <nd ref="513153524"/>
  <nd ref="513153525"/>
  <nd ref="513153527"/>
  <nd ref="513153530"/>
  <nd ref="3519081385"/>
  <nd ref="513153532"/>
  <nd ref="14122857959"/>
  <nd ref="1228578909"/>
  <nd ref="1228578924"/>
  <nd ref="1228578856"/>
  <nd ref="513153534"/>
  <nd ref="3519081384"/>
  <nd ref="513153537"/>
  <nd ref="3519081383"/>
  <nd ref="7980921564"/>
  <nd ref="3519081382"/>
  <nd ref="3519081381"/>
  <nd ref="7980921562"/>
  <nd ref="7980921563"/>
  <nd ref="513153539"/>
  <nd ref="7980921561"/>
  <nd ref="3519081380"/>
  <nd ref="7980921560"/>
  <nd ref="513153541"/>
  <nd ref="513153543"/>
  <nd ref="513153545"/>
  <nd ref="957538464"/>
  <nd ref="957538726"/>
  <nd ref="513153548"/>
  <nd ref="957538810"/>
  <nd ref="3519081379"/>
  <nd ref="513153550"/>
  <nd ref="957538615"/>
  <nd ref="8204991722"/>
  <nd ref="513153553"/>
  <nd ref="513153555"/>
  <nd ref="9010525143"/>
  <nd ref="3519081378"/>
  <nd ref="9010525136"/>
  <nd ref="3519081391"/>
  <nd ref="513153557"/>
  <nd ref="7980921571"/>
  <nd ref="7980921572"/>
  <nd ref="7980921573"/>
  <nd ref="7980921574"/>
  <nd ref="7980921575"/>
  <nd ref="7980921576"/>
  <nd ref="7980921577"/>
  <nd ref="7980921578"/>
  <nd ref="7980921579"/>
  <nd ref="7980921580"/>
  <nd ref="7980921581"/>
  <nd ref="513153616"/>
  <nd ref="513153617"/>
  <nd ref="513153618"/>
  <nd ref="513153619"/>
  <nd ref="513153620"/>
  <nd ref="9924014490"/>
  <nd ref="513153621"/>
  <nd ref="565559381"/>
  <nd ref="565559380"/>
  <nd ref="565559391"/>
  <nd ref="565559389"/>
  <nd ref="9945297852"/>
  <nd ref="9945297853"/>
  <nd ref="9945297856"/>
  <nd ref="9945297858"/>
  <nd ref="9945297859"/>
  <nd ref="9945297860"/>
  <nd ref="9945297857"/>
  <nd ref="9945297855"/>
  <nd ref="9945297854"/>
  <nd ref="565559387"/>
  <nd ref="565559385"/>
  <nd ref="565559388"/>
  <nd ref="9945297861"/>
  <nd ref="9945297862"/>
  <nd ref="565559559"/>
  <nd ref="565559558"/>
  <nd ref="565559556"/>
  <nd ref="565559557"/>
  <nd ref="565559555"/>
  <nd ref="565559554"/>
  <nd ref="565559553"/>
  <nd ref="565559552"/>
  <nd ref="565559550"/>
  <nd ref="565559549"/>
  <nd ref="565559548"/>
  <nd ref="565559547"/>
  <nd ref="565559546"/>
  <nd ref="565559544"/>
  <nd ref="565559545"/>
  <nd ref="565559551"/>
  <nd ref="565559563"/>
  <nd ref="565559565"/>
  <nd ref="565559564"/>
  <nd ref="565559567"/>
  <nd ref="565559566"/>
  <nd ref="513153471"/>
  <tag k="CLC:code" v="231"/>
  <tag k="CLC:id" v="FR-191373"/>
  <tag k="CLC:year" v="2006"/>
  <tag k="landuse" v="meadow"/>
  <tag k="source" v="Union européenne - SOeS, CORINE Land Cover, 2006."/>
 </way>
 <way id="59081225" visible="true" version="27" changeset="179046537" timestamp="2026-02-25T16:51:07Z" user="Olyon" uid="1443767">
  <nd ref="732257202"/>
  <nd ref="7612211245"/>
  <nd ref="732257605"/>
  <nd ref="732257030"/>
  <nd ref="7612211244"/>
  <nd ref="732257387"/>
  <nd ref="732256466"/>
  <nd ref="7612211243"/>
  <nd ref="732256765"/>
  <nd ref="3995771638"/>
  <nd ref="732256312"/>
  <nd ref="732256595"/>
  <nd ref="9019969103"/>
  <nd ref="732255796"/>
  <nd ref="732256049"/>
  <nd ref="732257587"/>
  <nd ref="732255901"/>
  <nd ref="732256889"/>
  <nd ref="732257174"/>
  <nd ref="732256754"/>
  <nd ref="732257019"/>
  <nd ref="732256171"/>
  <nd ref="732256461"/>
  <nd ref="732256033"/>
  <nd ref="9010503408"/>
  <nd ref="732256302"/>
  <nd ref="732257373"/>
  <nd ref="9010537029"/>
  <nd ref="732255782"/>
  <nd ref="9010537030"/>
  <nd ref="732257162"/>
  <nd ref="732257565"/>
  <nd ref="732256579"/>
  <nd ref="9010537031"/>
  <nd ref="732256878"/>
  <nd ref="732256446"/>
  <nd ref="732256735"/>
  <nd ref="732255883"/>
  <nd ref="9010537117"/>
  <nd ref="732256162"/>
  <nd ref="732255775"/>
  <nd ref="732256020"/>
  <nd ref="732257003"/>
  <nd ref="3995773191"/>
  <nd ref="732257358"/>
  <nd ref="732256862"/>
  <nd ref="732257141"/>
  <nd ref="732256285"/>
  <nd ref="732256559"/>
  <nd ref="732256146"/>
  <nd ref="732256425"/>
  <nd ref="732257539"/>
  <nd ref="2271663406"/>
  <nd ref="732255875"/>
  <nd ref="9010537115"/>
  <nd ref="732257344"/>
  <nd ref="9010537114"/>
  <nd ref="732255762"/>
  <nd ref="732256724"/>
  <nd ref="9010537113"/>
  <nd ref="732256991"/>
  <nd ref="9010537112"/>
  <nd ref="732256550"/>
  <nd ref="732256849"/>
  <nd ref="732724233"/>
  <tag k="highway" v="tertiary"/>
  <tag k="maxspeed" v="90"/>
  <tag k="ref" v="D 504"/>
 </way>
 <way id="59081290" visible="true" version="5" changeset="124332718" timestamp="2022-08-01T08:38:20Z" user="maferikotupi" uid="2115804">
  <nd ref="732256212"/>
  <nd ref="9924014494"/>
  <nd ref="9924014495"/>
  <nd ref="973839240"/>
  <nd ref="9924014497"/>
  <nd ref="732255947"/>
  <nd ref="732256366"/>
  <nd ref="732256098"/>
  <nd ref="732256934"/>
  <nd ref="732256653"/>
  <nd ref="732257078"/>
  <nd ref="732256808"/>
  <nd ref="9924014498"/>
  <nd ref="732257459"/>
  <nd ref="732255831"/>
  <nd ref="3994394588"/>
  <nd ref="973838803"/>
  <nd ref="973838295"/>
  <nd ref="973839350"/>
  <nd ref="9924014501"/>
  <nd ref="973839153"/>
  <nd ref="9924014500"/>
  <nd ref="973837360"/>
  <nd ref="973837060"/>
  <nd ref="973838044"/>
  <nd ref="973838522"/>
  <nd ref="973839499"/>
  <nd ref="973839059"/>
  <nd ref="973837301"/>
  <nd ref="9924014528"/>
  <nd ref="973837190"/>
  <nd ref="9924014529"/>
  <nd ref="973838326"/>
  <nd ref="9924014527"/>
  <nd ref="973837653"/>
  <nd ref="973837800"/>
  <nd ref="973838950"/>
  <nd ref="9924014525"/>
  <nd ref="973838151"/>
  <nd ref="973839276"/>
  <nd ref="973838880"/>
  <nd ref="973837118"/>
  <nd ref="973839648"/>
  <nd ref="973837857"/>
  <nd ref="973837443"/>
  <nd ref="973838714"/>
  <nd ref="973839012"/>
  <nd ref="973837251"/>
  <tag k="highway" v="unclassified"/>
  <tag k="name" v="Chemin Rural de Saint-Gervais à Missou"/>
  <tag k="surface" v="paved"/>
 </way>
 <way id="72869242" visible="true" version="6" changeset="154594883" timestamp="2024-07-30T08:40:03Z" user="vincent_95" uid="49047">
  <nd ref="864818416"/>
  <nd ref="864818347"/>
  <nd ref="957538855"/>
  <nd ref="9924014487"/>
  <nd ref="864818421"/>
  <nd ref="957538929"/>
  <nd ref="864818354"/>
  <nd ref="9924014431"/>
  <nd ref="9924014437"/>
  <nd ref="9924014436"/>
  <nd ref="9924014427"/>
  <nd ref="9924014435"/>
  <nd ref="864818390"/>
  <tag k="highway" v="residential"/>
  <tag k="name" v="Rue du Lac"/>
  <tag k="surface" v="paved"/>
 </way>
 <way id="72869249" visible="true" version="6" changeset="170867881" timestamp="2025-08-23T08:49:55Z" user="GLenPLonk" uid="21578356">
  <nd ref="864818390"/>
  <nd ref="9924014432"/>
  <nd ref="9924014433"/>
  <nd ref="957538673"/>
  <nd ref="864818344"/>
  <nd ref="864818374"/>
  <nd ref="9924203721"/>
  <nd ref="864818443"/>
  <tag k="highway" v="service"/>
  <tag k="name" v="Rue du Lac"/>
  <tag k="surface" v="asphalt"/>
 </way>
 <way id="82125410" visible="true" version="10" changeset="174923988" timestamp="2025-11-20T20:43:17Z" user="Hervé TUC" uid="922338">
  <nd ref="3518803452"/>
  <nd ref="957538864"/>
  <nd ref="957538808"/>
  <nd ref="957538751"/>
  <nd ref="957538704"/>
  <nd ref="957538652"/>
  <nd ref="957538584"/>
  <nd ref="961620485"/>
  <nd ref="961620665"/>
  <nd ref="961621435"/>
  <nd ref="9945194369"/>
  <nd ref="961620901"/>
  <nd ref="961621580"/>
  <nd ref="961621595"/>
  <nd ref="9945194370"/>
  <nd ref="961620692"/>
  <nd ref="961620272"/>
  <nd ref="961620936"/>
  <nd ref="961621164"/>
  <nd ref="9924203710"/>
  <nd ref="8820384805"/>
  <nd ref="961620206"/>
  <nd ref="961621018"/>
  <nd ref="961621450"/>
  <nd ref="961620836"/>
  <nd ref="961620458"/>
  <nd ref="961620638"/>
  <nd ref="9945194371"/>
  <nd ref="961621409"/>
  <nd ref="961620866"/>
  <nd ref="961621561"/>
  <nd ref="9945194372"/>
  <nd ref="961620126"/>
  <nd ref="961620812"/>
  <nd ref="9945194373"/>
  <nd ref="961620926"/>
  <nd ref="961620395"/>
  <nd ref="961621099"/>
  <nd ref="961620008"/>
  <nd ref="379083617"/>
  <tag k="highway" v="unclassified"/>
  <tag k="surface" v="paved"/>
 </way>
 <way id="82239871" visible="true" version="1" changeset="6103646" timestamp="2010-10-19T21:52:37Z" user="Yod4z" uid="318821">
  <nd ref="957538921"/>
  <nd ref="957538617"/>
  <nd ref="957538563"/>
  <nd ref="957538504"/>
  <nd ref="957538466"/>
  <nd ref="957538961"/>
  <nd ref="957538921"/>
  <tag k="source" v="cadastre-dgi-fr source : Direction Générale des Impôts - Cadastre. Mise à jour : 2010"/>
  <tag k="tourism" v="chalet"/>
 </way>
 <way id="82239874" visible="true" version="1" changeset="6103646" timestamp="2010-10-19T21:52:38Z" user="Yod4z" uid="318821">
  <nd ref="957538760"/>
  <nd ref="957538462"/>
  <nd ref="957538954"/>
  <nd ref="957538890"/>
  <nd ref="957538760"/>
  <tag k="building" v="yes"/>
  <tag k="source" v="cadastre-dgi-fr source : Direction Générale des Impôts - Cadastre. Mise à jour : 2010"/>
 </way>
 <way id="82239876" visible="true" version="1" changeset="6103646" timestamp="2010-10-19T21:52:38Z" user="Yod4z" uid="318821">
  <nd ref="957538564"/>
  <nd ref="957538820"/>
  <nd ref="957538770"/>
  <nd ref="957538707"/>
  <nd ref="957538564"/>
  <tag k="building" v="yes"/>
  <tag k="source" v="cadastre-dgi-fr source : Direction Générale des Impôts - Cadastre. Mise à jour : 2010"/>
 </way>
 <way id="82239877" visible="true" version="1" changeset="6103646" timestamp="2010-10-19T21:52:38Z" user="Yod4z" uid="318821">
  <nd ref="957538748"/>
  <nd ref="957538461"/>
  <nd ref="957538950"/>
  <nd ref="957538887"/>
  <nd ref="957538838"/>
  <nd ref="957538793"/>
  <nd ref="957538748"/>
  <tag k="source" v="cadastre-dgi-fr source : Direction Générale des Impôts - Cadastre. Mise à jour : 2010"/>
  <tag k="tourism" v="chalet"/>
 </way>
 <way id="82239878" visible="true" version="1" changeset="6103646" timestamp="2010-10-19T21:52:38Z" user="Yod4z" uid="318821">
  <nd ref="957538972"/>
  <nd ref="957538662"/>
  <nd ref="957538688"/>
  <nd ref="957538631"/>
  <nd ref="957538581"/>
  <nd ref="957538519"/>
  <nd ref="957538972"/>
  <tag k="source" v="cadastre-dgi-fr source : Direction Générale des Impôts - Cadastre. Mise à jour : 2010"/>
  <tag k="tourism" v="chalet"/>
 </way>
 <way id="82239879" visible="true" version="2" changeset="56408679" timestamp="2018-02-16T09:59:51Z" user="Mariusz Staniszewski" uid="2044927">
  <nd ref="957538538"/>
  <nd ref="957538446"/>
  <nd ref="957538935"/>
  <nd ref="957538597"/>
  <nd ref="957538538"/>
  <tag k="access" v="private"/>
  <tag k="leisure" v="pitch"/>
  <tag k="note" v="you can play handball and mini soccer"/>
  <tag k="source" v="cadastre-dgi-fr source : Direction Générale des Impôts - Cadastre. Mise à jour : 2010"/>
  <tag k="sport" v="basketball"/>
 </way>
 <way id="82239881" visible="true" version="1" changeset="6103646" timestamp="2010-10-19T21:52:39Z" user="Yod4z" uid="318821">
  <nd ref="957538931"/>
  <nd ref="957538622"/>
  <nd ref="957538572"/>
  <nd ref="957538517"/>
  <nd ref="957538478"/>
  <nd ref="957538968"/>
  <nd ref="957538908"/>
  <nd ref="957538854"/>
  <nd ref="957538931"/>
  <tag k="building" v="yes"/>
  <tag k="source" v="cadastre-dgi-fr source : Direction Générale des Impôts - Cadastre. Mise à jour : 2010"/>
 </way>
 <way id="82239883" visible="true" version="1" changeset="6103646" timestamp="2010-10-19T21:52:39Z" user="Yod4z" uid="318821">
  <nd ref="957538906"/>
  <nd ref="957538598"/>
  <nd ref="957538540"/>
  <nd ref="957538494"/>
  <nd ref="957538448"/>
  <nd ref="957538936"/>
  <nd ref="957538877"/>
  <nd ref="957538834"/>
  <nd ref="957538906"/>
  <tag k="source" v="cadastre-dgi-fr source : Direction Générale des Impôts - Cadastre. Mise à jour : 2010"/>
  <tag k="tourism" v="chalet"/>
 </way>
 <way id="82239885" visible="true" version="1" changeset="6103646" timestamp="2010-10-19T21:52:40Z" user="Yod4z" uid="318821">
  <nd ref="957538599"/>
  <nd ref="957538852"/>
  <nd ref="957538803"/>
  <nd ref="957538740"/>
  <nd ref="957538678"/>
  <nd ref="957538624"/>
  <nd ref="957538599"/>
  <tag k="building" v="yes"/>
  <tag k="source" v="cadastre-dgi-fr source : Direction Générale des Impôts - Cadastre. Mise à jour : 2010"/>
 </way>
 <way id="82239886" visible="true" version="1" changeset="6103646" timestamp="2010-10-19T21:52:40Z" user="Yod4z" uid="318821">
  <nd ref="957538450"/>
  <nd ref="957538687"/>
  <nd ref="957538628"/>
  <nd ref="957538580"/>
  <nd ref="957538601"/>
  <nd ref="957538551"/>
  <nd ref="957538450"/>
  <tag k="building" v="yes"/>
  <tag k="source" v="cadastre-dgi-fr source : Direction Générale des Impôts - Cadastre. Mise à jour : 2010"/>
 </way>
 <way id="82239887" visible="true" version="3" changeset="158307776" timestamp="2024-10-24T17:56:54Z" user="chabe01" uid="502891">
  <nd ref="957538893"/>
  <nd ref="957538585"/>
  <nd ref="957538527"/>
  <nd ref="957538983"/>
  <nd ref="957538930"/>
  <nd ref="957538893"/>
  <tag k="landuse" v="cemetery"/>
  <tag k="source" v="cadastre-dgi-fr source : Direction Générale des Impôts - Cadastre. Mise à jour : 2010"/>
  <tag k="wikidata" v="Q110330152"/>
 </way>
 <way id="82239888" visible="true" version="5" changeset="174923988" timestamp="2025-11-20T20:43:17Z" user="Hervé TUC" uid="922338">
  <nd ref="957538929"/>
  <nd ref="9924014486"/>
  <nd ref="957538870"/>
  <nd ref="9924014485"/>
  <nd ref="957538777"/>
  <nd ref="957538821"/>
  <nd ref="961621314"/>
  <nd ref="12082477031"/>
  <nd ref="961620323"/>
  <nd ref="961620509"/>
  <nd ref="9924014464"/>
  <nd ref="9924014463"/>
  <tag k="highway" v="residential"/>
  <tag k="name" v="Rue du Lavoir"/>
  <tag k="surface" v="paved"/>
 </way>
 <way id="82239889" visible="true" version="3" changeset="174923988" timestamp="2025-11-20T20:43:17Z" user="Hervé TUC" uid="922338">
  <nd ref="864818390"/>
  <nd ref="9924014449"/>
  <nd ref="864818409"/>
  <tag k="highway" v="service"/>
  <tag k="service" v="parking_aisle"/>
  <tag k="surface" v="ground"/>
 </way>
 <way id="82239892" visible="true" version="1" changeset="6103646" timestamp="2010-10-19T21:52:41Z" user="Yod4z" uid="318821">
  <nd ref="957538553"/>
  <nd ref="957538806"/>
  <nd ref="957538749"/>
  <nd ref="957538696"/>
  <nd ref="957538649"/>
  <nd ref="957538583"/>
  <nd ref="957538521"/>
  <nd ref="957538482"/>
  <nd ref="957538553"/>
  <tag k="source" v="cadastre-dgi-fr source : Direction Générale des Impôts - Cadastre. Mise à jour : 2010"/>
  <tag k="tourism" v="chalet"/>
 </way>
 <way id="82239893" visible="true" version="2" changeset="56408679" timestamp="2018-02-16T09:59:51Z" user="Mariusz Staniszewski" uid="2044927">
  <nd ref="957538966"/>
  <nd ref="957538657"/>
  <nd ref="957538597"/>
  <nd ref="957538538"/>
  <nd ref="957538966"/>
  <tag k="access" v="private"/>
  <tag k="leisure" v="pitch"/>
  <tag k="source" v="cadastre-dgi-fr source : Direction Générale des Impôts - Cadastre. Mise à jour : 2010"/>
  <tag k="sport" v="tennis"/>
 </way>
 <way id="82239895" visible="true" version="3" changeset="174923988" timestamp="2025-11-20T20:43:17Z" user="Hervé TUC" uid="922338">
  <nd ref="957538694"/>
  <nd ref="957538509"/>
  <nd ref="12082487927"/>
  <nd ref="957538467"/>
  <nd ref="12082487928"/>
  <nd ref="12082487929"/>
  <nd ref="12082487930"/>
  <nd ref="957538963"/>
  <nd ref="957538894"/>
  <tag k="access" v="private"/>
  <tag k="highway" v="service"/>
  <tag k="surface" v="paved"/>
 </way>
 <way id="82239897" visible="true" version="1" changeset="6103646" timestamp="2010-10-19T21:52:42Z" user="Yod4z" uid="318821">
  <nd ref="957538498"/>
  <nd ref="957538742"/>
  <nd ref="957538684"/>
  <nd ref="957538626"/>
  <nd ref="957538579"/>
  <nd ref="957538518"/>
  <nd ref="957538498"/>
  <tag k="source" v="cadastre-dgi-fr source : Direction Générale des Impôts - Cadastre. Mise à jour : 2010"/>
  <tag k="tourism" v="chalet"/>
 </way>
 <way id="82239898" visible="true" version="4" changeset="174923988" timestamp="2025-11-20T20:43:17Z" user="Hervé TUC" uid="922338">
  <nd ref="957538855"/>
  <nd ref="957538909"/>
  <tag k="highway" v="service"/>
  <tag k="name" v="Chemin des Lavandières"/>
  <tag k="surface" v="paved"/>
 </way>
 <way id="82239899" visible="true" version="1" changeset="6103646" timestamp="2010-10-19T21:52:42Z" user="Yod4z" uid="318821">
  <nd ref="957538869"/>
  <nd ref="957538775"/>
  <nd ref="957538529"/>
  <nd ref="957538801"/>
  <nd ref="957538738"/>
  <nd ref="957538927"/>
  <nd ref="957538869"/>
  <tag k="source" v="cadastre-dgi-fr source : Direction Générale des Impôts - Cadastre. Mise à jour : 2010"/>
  <tag k="tourism" v="chalet"/>
 </way>
 <way id="82239902" visible="true" version="1" changeset="6103646" timestamp="2010-10-19T21:52:43Z" user="Yod4z" uid="318821">
  <nd ref="957538871"/>
  <nd ref="957538569"/>
  <nd ref="957538516"/>
  <nd ref="957538469"/>
  <nd ref="957538967"/>
  <nd ref="957538907"/>
  <nd ref="957538871"/>
  <tag k="source" v="cadastre-dgi-fr source : Direction Générale des Impôts - Cadastre. Mise à jour : 2010"/>
  <tag k="tourism" v="chalet"/>
 </way>
 <way id="82239904" visible="true" version="1" changeset="6103646" timestamp="2010-10-19T21:52:44Z" user="Yod4z" uid="318821">
  <nd ref="957538847"/>
  <nd ref="957538526"/>
  <nd ref="957538483"/>
  <nd ref="957538982"/>
  <nd ref="957538851"/>
  <nd ref="957538802"/>
  <nd ref="957538847"/>
  <tag k="source" v="cadastre-dgi-fr source : Direction Générale des Impôts - Cadastre. Mise à jour : 2010"/>
  <tag k="tourism" v="chalet"/>
 </way>
 <way id="82239906" visible="true" version="1" changeset="6103646" timestamp="2010-10-19T21:52:44Z" user="Yod4z" uid="318821">
  <nd ref="957538862"/>
  <nd ref="957538550"/>
  <nd ref="957538500"/>
  <nd ref="957538451"/>
  <nd ref="957538941"/>
  <nd ref="957538883"/>
  <nd ref="957538837"/>
  <nd ref="957538789"/>
  <nd ref="957538727"/>
  <nd ref="957538672"/>
  <nd ref="957538862"/>
  <tag k="building" v="yes"/>
  <tag k="source" v="cadastre-dgi-fr source : Direction Générale des Impôts - Cadastre. Mise à jour : 2010"/>
 </way>
 <way id="82239907" visible="true" version="3" changeset="174923988" timestamp="2025-11-20T20:43:17Z" user="Hervé TUC" uid="922338">
  <nd ref="957538673"/>
  <nd ref="957538894"/>
  <nd ref="957538694"/>
  <nd ref="957538732"/>
  <nd ref="12082487922"/>
  <nd ref="12082487923"/>
  <nd ref="957538951"/>
  <nd ref="957538889"/>
  <nd ref="12082487924"/>
  <nd ref="12082487925"/>
  <nd ref="957538839"/>
  <nd ref="12082487926"/>
  <nd ref="957538795"/>
  <nd ref="957538732"/>
  <tag k="access" v="private"/>
  <tag k="highway" v="service"/>
  <tag k="surface" v="paved"/>
 </way>
 <way id="82239908" visible="true" version="1" changeset="6103646" timestamp="2010-10-19T21:52:45Z" user="Yod4z" uid="318821">
  <nd ref="957538670"/>
  <nd ref="957538912"/>
  <nd ref="957538866"/>
  <nd ref="957538816"/>
  <nd ref="957538761"/>
  <nd ref="957538705"/>
  <nd ref="957538670"/>
  <tag k="source" v="cadastre-dgi-fr source : Direction Générale des Impôts - Cadastre. Mise à jour : 2010"/>
  <tag k="tourism" v="chalet"/>
 </way>
 <way id="82627463" visible="true" version="1" changeset="6146201" timestamp="2010-10-23T14:48:47Z" user="Yod4z" uid="318821">
  <nd ref="961621344"/>
  <nd ref="961620289"/>
  <nd ref="961620962"/>
  <nd ref="961621181"/>
  <nd ref="961620226"/>
  <nd ref="961621461"/>
  <nd ref="961620471"/>
  <nd ref="961620654"/>
  <nd ref="961621344"/>
  <tag k="building" v="yes"/>
  <tag k="source" v="cadastre-dgi-fr source : Direction Générale des Impôts - Cadastre. Mise à jour : 2010"/>
 </way>
 <way id="82627464" visible="true" version="1" changeset="6146201" timestamp="2010-10-23T14:48:47Z" user="Yod4z" uid="318821">
  <nd ref="961620449"/>
  <nd ref="961620305"/>
  <nd ref="961620981"/>
  <nd ref="961620537"/>
  <nd ref="961621285"/>
  <nd ref="961621470"/>
  <nd ref="961620486"/>
  <nd ref="961620000"/>
  <nd ref="961620449"/>
  <tag k="building" v="yes"/>
  <tag k="source" v="cadastre-dgi-fr source : Direction Générale des Impôts - Cadastre. Mise à jour : 2010"/>
 </way>
 <way id="82627465" visible="true" version="4" changeset="174923988" timestamp="2025-11-20T20:43:17Z" user="Hervé TUC" uid="922338">
  <nd ref="961620622"/>
  <nd ref="961621395"/>
  <nd ref="961621534"/>
  <nd ref="9945194401"/>
  <nd ref="961620578"/>
  <nd ref="961620109"/>
  <nd ref="961620805"/>
  <nd ref="9945194408"/>
  <nd ref="961621014"/>
  <nd ref="961620032"/>
  <tag k="highway" v="path"/>
  <tag k="name" v="Chemin de Perpignau"/>
 </way>
 <way id="82627470" visible="true" version="2" changeset="174923988" timestamp="2025-11-20T20:43:17Z" user="Hervé TUC" uid="922338">
  <nd ref="961620063"/>
  <nd ref="961620763"/>
  <nd ref="961620358"/>
  <nd ref="961621038"/>
  <tag k="highway" v="service"/>
 </way>
 <way id="82627473" visible="true" version="1" changeset="6146201" timestamp="2010-10-23T14:48:49Z" user="Yod4z" uid="318821">
  <nd ref="961621319"/>
  <nd ref="961620478"/>
  <nd ref="961621192"/>
  <nd ref="961621428"/>
  <nd ref="961620417"/>
  <nd ref="961621573"/>
  <nd ref="961620999"/>
  <nd ref="961621319"/>
  <tag k="building" v="yes"/>
  <tag k="source" v="cadastre-dgi-fr source : Direction Générale des Impôts - Cadastre. Mise à jour : 2010"/>
 </way>
 <way id="82627474" visible="true" version="1" changeset="6146201" timestamp="2010-10-23T14:48:49Z" user="Yod4z" uid="318821">
  <nd ref="961621539"/>
  <nd ref="961620253"/>
  <nd ref="961620429"/>
  <nd ref="961621135"/>
  <nd ref="961620672"/>
  <nd ref="961621441"/>
  <nd ref="961621554"/>
  <nd ref="961620610"/>
  <nd ref="961620164"/>
  <nd ref="961620846"/>
  <nd ref="961621064"/>
  <nd ref="961620093"/>
  <nd ref="961621385"/>
  <nd ref="961620377"/>
  <nd ref="961620398"/>
  <nd ref="961621101"/>
  <nd ref="961620644"/>
  <nd ref="961621417"/>
  <nd ref="961621543"/>
  <nd ref="961620595"/>
  <nd ref="961620129"/>
  <nd ref="961620822"/>
  <nd ref="961621034"/>
  <nd ref="961620049"/>
  <nd ref="961621539"/>
  <tag k="building" v="yes"/>
  <tag k="source" v="cadastre-dgi-fr source : Direction Générale des Impôts - Cadastre. Mise à jour : 2010"/>
 </way>
 <way id="82627478" visible="true" version="1" changeset="6146201" timestamp="2010-10-23T14:48:50Z" user="Yod4z" uid="318821">
  <nd ref="961621562"/>
  <nd ref="961620314"/>
  <nd ref="961621520"/>
  <nd ref="961620548"/>
  <nd ref="961620722"/>
  <nd ref="961621473"/>
  <nd ref="961621562"/>
  <tag k="building" v="yes"/>
  <tag k="source" v="cadastre-dgi-fr source : Direction Générale des Impôts - Cadastre. Mise à jour : 2010"/>
 </way>
 <way id="82627479" visible="true" version="1" changeset="6146201" timestamp="2010-10-23T14:48:50Z" user="Yod4z" uid="318821">
  <nd ref="961620943"/>
  <nd ref="961621374"/>
  <nd ref="961621524"/>
  <nd ref="961620560"/>
  <nd ref="961620076"/>
  <nd ref="961620779"/>
  <nd ref="961620943"/>
  <tag k="building" v="yes"/>
  <tag k="source" v="cadastre-dgi-fr source : Direction Générale des Impôts - Cadastre. Mise à jour : 2010"/>
 </way>
 <way id="82627488" visible="true" version="2" changeset="174923988" timestamp="2025-11-20T20:43:17Z" user="Hervé TUC" uid="922338">
  <nd ref="961620911"/>
  <nd ref="961621346"/>
  <nd ref="961620752"/>
  <nd ref="961621497"/>
  <nd ref="961620533"/>
  <tag k="highway" v="service"/>
  <tag k="surface" v="paved"/>
 </way>
 <way id="82627489" visible="true" version="1" changeset="6146201" timestamp="2010-10-23T14:48:52Z" user="Yod4z" uid="318821">
  <nd ref="961620019"/>
  <nd ref="961620408"/>
  <nd ref="961621565"/>
  <nd ref="961620650"/>
  <nd ref="961620826"/>
  <nd ref="961621544"/>
  <nd ref="961620019"/>
  <tag k="building" v="yes"/>
  <tag k="source" v="cadastre-dgi-fr source : Direction Générale des Impôts - Cadastre. Mise à jour : 2010"/>
 </way>
 <way id="82627490" visible="true" version="2" changeset="174923988" timestamp="2025-11-20T20:43:17Z" user="Hervé TUC" uid="922338">
  <nd ref="961620880"/>
  <nd ref="961621423"/>
  <nd ref="961620412"/>
  <nd ref="961620599"/>
  <nd ref="961621364"/>
  <nd ref="961620832"/>
  <tag k="highway" v="service"/>
 </way>
 <way id="82627492" visible="true" version="3" changeset="174923988" timestamp="2025-11-20T20:43:17Z" user="Hervé TUC" uid="922338">
  <nd ref="961621230"/>
  <nd ref="961620734"/>
  <nd ref="9924014464"/>
  <tag k="highway" v="path"/>
 </way>
 <way id="82627494" visible="true" version="1" changeset="6146201" timestamp="2010-10-23T14:48:53Z" user="Yod4z" uid="318821">
  <nd ref="961621549"/>
  <nd ref="961620270"/>
  <nd ref="961621481"/>
  <nd ref="961620512"/>
  <nd ref="961620690"/>
  <nd ref="961621449"/>
  <nd ref="961620931"/>
  <nd ref="961621592"/>
  <nd ref="961620202"/>
  <nd ref="961621549"/>
  <tag k="building" v="yes"/>
  <tag k="source" v="cadastre-dgi-fr source : Direction Générale des Impôts - Cadastre. Mise à jour : 2010"/>
 </way>
 <way id="82627497" visible="true" version="1" changeset="6146201" timestamp="2010-10-23T14:48:54Z" user="Yod4z" uid="318821">
  <nd ref="961620171"/>
  <nd ref="961620534"/>
  <nd ref="961621273"/>
  <nd ref="961620754"/>
  <nd ref="961621500"/>
  <nd ref="961619995"/>
  <nd ref="961620711"/>
  <nd ref="961620298"/>
  <nd ref="961620971"/>
  <nd ref="961621194"/>
  <nd ref="961620240"/>
  <nd ref="961621466"/>
  <nd ref="961620480"/>
  <nd ref="961620661"/>
  <nd ref="961621120"/>
  <nd ref="961621430"/>
  <nd ref="961620886"/>
  <nd ref="961621574"/>
  <nd ref="961620171"/>
  <tag k="building" v="yes"/>
  <tag k="source" v="cadastre-dgi-fr source : Direction Générale des Impôts - Cadastre. Mise à jour : 2010"/>
 </way>
 <way id="82627501" visible="true" version="5" changeset="174923988" timestamp="2025-11-20T20:43:17Z" user="Hervé TUC" uid="922338">
  <nd ref="961620620"/>
  <nd ref="9924014456"/>
  <nd ref="9924014455"/>
  <nd ref="9924014457"/>
  <nd ref="961620800"/>
  <nd ref="9945297896"/>
  <nd ref="9945297895"/>
  <nd ref="961621532"/>
  <nd ref="961621079"/>
  <nd ref="9945297894"/>
  <nd ref="961620104"/>
  <nd ref="961620336"/>
  <nd ref="961621008"/>
  <nd ref="961620575"/>
  <nd ref="961621321"/>
  <nd ref="961621482"/>
  <nd ref="961620516"/>
  <nd ref="961620029"/>
  <nd ref="961620737"/>
  <nd ref="961619966"/>
  <nd ref="961621245"/>
  <nd ref="961620273"/>
  <nd ref="732257325"/>
  <tag k="highway" v="unclassified"/>
  <tag k="name" v="Chemin de la Bouscarie"/>
 </way>
 <way id="82627502" visible="true" version="4" changeset="174923988" timestamp="2025-11-20T20:43:17Z" user="Hervé TUC" uid="922338">
  <nd ref="9924014462"/>
  <nd ref="961620566"/>
  <nd ref="961620088"/>
  <nd ref="12082477029"/>
  <nd ref="9924014461"/>
  <nd ref="961620786"/>
  <tag k="highway" v="footway"/>
  <tag k="name" v="Rue le Carrierou"/>
 </way>
 <way id="82627503" visible="true" version="1" changeset="6146201" timestamp="2010-10-23T14:48:55Z" user="Yod4z" uid="318821">
  <nd ref="961621575"/>
  <nd ref="961620332"/>
  <nd ref="961620514"/>
  <nd ref="961621242"/>
  <nd ref="961621575"/>
  <tag k="building" v="yes"/>
  <tag k="source" v="cadastre-dgi-fr source : Direction Générale des Impôts - Cadastre. Mise à jour : 2010"/>
 </way>
 <way id="82627505" visible="true" version="1" changeset="6146201" timestamp="2010-10-23T14:48:56Z" user="Yod4z" uid="318821">
  <nd ref="961620844"/>
  <nd ref="961621261"/>
  <nd ref="961620746"/>
  <nd ref="961621490"/>
  <nd ref="961619975"/>
  <nd ref="961620699"/>
  <nd ref="961621548"/>
  <nd ref="961620286"/>
  <nd ref="961620415"/>
  <nd ref="961620844"/>
  <tag k="building" v="yes"/>
  <tag k="source" v="cadastre-dgi-fr source : Direction Générale des Impôts - Cadastre. Mise à jour : 2010"/>
 </way>
 <way id="82627506" visible="true" version="1" changeset="6146201" timestamp="2010-10-23T14:48:56Z" user="Yod4z" uid="318821">
  <nd ref="961620863"/>
  <nd ref="961621293"/>
  <nd ref="961620312"/>
  <nd ref="961620492"/>
  <nd ref="961621209"/>
  <nd ref="961620721"/>
  <nd ref="961621472"/>
  <nd ref="961621583"/>
  <nd ref="961620673"/>
  <nd ref="961620257"/>
  <nd ref="961620910"/>
  <nd ref="961620948"/>
  <nd ref="961619972"/>
  <nd ref="961621250"/>
  <nd ref="961620278"/>
  <nd ref="961620462"/>
  <nd ref="961621176"/>
  <nd ref="961620863"/>
  <tag k="building" v="yes"/>
  <tag k="source" v="cadastre-dgi-fr source : Direction Générale des Impôts - Cadastre. Mise à jour : 2010"/>
 </way>
 <way id="82627509" visible="true" version="1" changeset="6146201" timestamp="2010-10-23T14:48:56Z" user="Yod4z" uid="318821">
  <nd ref="961621594"/>
  <nd ref="961620365"/>
  <nd ref="961621051"/>
  <nd ref="961620603"/>
  <nd ref="961621369"/>
  <nd ref="961621517"/>
  <nd ref="961620546"/>
  <nd ref="961620072"/>
  <nd ref="961620771"/>
  <nd ref="961620988"/>
  <nd ref="961621594"/>
  <tag k="building" v="yes"/>
  <tag k="source" v="cadastre-dgi-fr source : Direction Générale des Impôts - Cadastre. Mise à jour : 2010"/>
 </way>
 <way id="82627512" visible="true" version="1" changeset="6146201" timestamp="2010-10-23T14:48:57Z" user="Yod4z" uid="318821">
  <nd ref="961620292"/>
  <nd ref="961620612"/>
  <nd ref="961621386"/>
  <nd ref="961620848"/>
  <nd ref="961620292"/>
  <tag k="building" v="yes"/>
  <tag k="source" v="cadastre-dgi-fr source : Direction Générale des Impôts - Cadastre. Mise à jour : 2010"/>
 </way>
 <way id="82627513" visible="true" version="1" changeset="6146201" timestamp="2010-10-23T14:48:58Z" user="Yod4z" uid="318821">
  <nd ref="961620309"/>
  <nd ref="961620636"/>
  <nd ref="961620810"/>
  <nd ref="961621538"/>
  <nd ref="961621097"/>
  <nd ref="961620123"/>
  <nd ref="961621487"/>
  <nd ref="961620520"/>
  <nd ref="961620035"/>
  <nd ref="961620740"/>
  <nd ref="961620945"/>
  <nd ref="961619971"/>
  <nd ref="961620309"/>
  <tag k="building" v="yes"/>
  <tag k="source" v="cadastre-dgi-fr source : Direction Générale des Impôts - Cadastre. Mise à jour : 2010"/>
 </way>
 <way id="82627515" visible="true" version="1" changeset="6146201" timestamp="2010-10-23T14:48:58Z" user="Yod4z" uid="318821">
  <nd ref="961621479"/>
  <nd ref="961620141"/>
  <nd ref="961621419"/>
  <nd ref="961620400"/>
  <nd ref="961620597"/>
  <nd ref="961621349"/>
  <nd ref="961621479"/>
  <tag k="building" v="yes"/>
  <tag k="source" v="cadastre-dgi-fr source : Direction Générale des Impôts - Cadastre. Mise à jour : 2010"/>
 </way>
 <way id="82627517" visible="true" version="1" changeset="6146201" timestamp="2010-10-23T14:48:58Z" user="Yod4z" uid="318821">
  <nd ref="961621437"/>
  <nd ref="961620039"/>
  <nd ref="961620744"/>
  <nd ref="961620843"/>
  <nd ref="961621552"/>
  <nd ref="961621132"/>
  <nd ref="961620154"/>
  <nd ref="961620376"/>
  <nd ref="961621061"/>
  <nd ref="961621437"/>
  <tag k="building" v="yes"/>
  <tag k="source" v="cadastre-dgi-fr source : Direction Générale des Impôts - Cadastre. Mise à jour : 2010"/>
 </way>
 <way id="82627518" visible="true" version="1" changeset="6146201" timestamp="2010-10-23T14:48:59Z" user="Yod4z" uid="318821">
  <nd ref="961621365"/>
  <nd ref="961621590"/>
  <nd ref="961620688"/>
  <nd ref="961620269"/>
  <nd ref="961620929"/>
  <nd ref="961620976"/>
  <nd ref="961619997"/>
  <nd ref="961621281"/>
  <nd ref="961621365"/>
  <tag k="building" v="yes"/>
  <tag k="source" v="cadastre-dgi-fr source : Direction Générale des Impôts - Cadastre. Mise à jour : 2010"/>
 </way>
 <way id="82627519" visible="true" version="1" changeset="6146201" timestamp="2010-10-23T14:48:59Z" user="Yod4z" uid="318821">
  <nd ref="961620887"/>
  <nd ref="961620100"/>
  <nd ref="961620794"/>
  <nd ref="961621002"/>
  <nd ref="961620887"/>
  <tag k="building" v="yes"/>
  <tag k="source" v="cadastre-dgi-fr source : Direction Générale des Impôts - Cadastre. Mise à jour : 2010"/>
 </way>
 <way id="82627521" visible="true" version="1" changeset="6146201" timestamp="2010-10-23T14:49:00Z" user="Yod4z" uid="318821">
  <nd ref="961620200"/>
  <nd ref="961620538"/>
  <nd ref="961620065"/>
  <nd ref="961620765"/>
  <nd ref="961620200"/>
  <tag k="building" v="yes"/>
  <tag k="source" v="cadastre-dgi-fr source : Direction Générale des Impôts - Cadastre. Mise à jour : 2010"/>
 </way>
 <way id="82627522" visible="true" version="1" changeset="6146201" timestamp="2010-10-23T14:49:00Z" user="Yod4z" uid="318821">
  <nd ref="961620445"/>
  <nd ref="961620761"/>
  <nd ref="961621510"/>
  <nd ref="961621035"/>
  <nd ref="961620058"/>
  <nd ref="961620303"/>
  <nd ref="961620979"/>
  <nd ref="961620536"/>
  <nd ref="961621282"/>
  <nd ref="961621468"/>
  <nd ref="961620483"/>
  <nd ref="961619999"/>
  <nd ref="961620712"/>
  <nd ref="961620890"/>
  <nd ref="961621578"/>
  <nd ref="961621196"/>
  <nd ref="961620445"/>
  <tag k="building" v="yes"/>
  <tag k="source" v="cadastre-dgi-fr source : Direction Générale des Impôts - Cadastre. Mise à jour : 2010"/>
 </way>
 <way id="82627524" visible="true" version="2" changeset="24858716" timestamp="2014-08-19T13:29:06Z" user="FrViPofm" uid="107257">
  <nd ref="961620476"/>
  <nd ref="961620793"/>
  <nd ref="961620379"/>
  <nd ref="961621068"/>
  <nd ref="961621316"/>
  <nd ref="961620331"/>
  <nd ref="961620476"/>
  <tag k="building" v="barn"/>
  <tag k="source" v="cadastre-dgi-fr source : Direction Générale des Impôts - Cadastre. Mise à jour : 2010"/>
 </way>
 <way id="82627526" visible="true" version="1" changeset="6146201" timestamp="2010-10-23T14:49:01Z" user="Yod4z" uid="318821">
  <nd ref="961621130"/>
  <nd ref="961621488"/>
  <nd ref="961620427"/>
  <nd ref="961620459"/>
  <nd ref="961621130"/>
  <tag k="building" v="yes"/>
  <tag k="source" v="cadastre-dgi-fr source : Direction Générale des Impôts - Cadastre. Mise à jour : 2010"/>
 </way>
 <way id="82627530" visible="true" version="1" changeset="6146201" timestamp="2010-10-23T14:49:01Z" user="Yod4z" uid="318821">
  <nd ref="961621309"/>
  <nd ref="961621564"/>
  <nd ref="961620646"/>
  <nd ref="961620218"/>
  <nd ref="961621309"/>
  <tag k="building" v="yes"/>
  <tag k="source" v="cadastre-dgi-fr source : Direction Générale des Impôts - Cadastre. Mise à jour : 2010"/>
 </way>
 <way id="82627531" visible="true" version="2" changeset="24858716" timestamp="2014-08-19T13:29:06Z" user="FrViPofm" uid="107257">
  <nd ref="961620415"/>
  <nd ref="961621118"/>
  <nd ref="961620659"/>
  <nd ref="961621426"/>
  <nd ref="961621548"/>
  <nd ref="961620286"/>
  <nd ref="961620415"/>
  <tag k="building" v="barn"/>
  <tag k="source" v="cadastre-dgi-fr source : Direction Générale des Impôts - Cadastre. Mise à jour : 2010"/>
 </way>
 <way id="82627532" visible="true" version="1" changeset="6146201" timestamp="2010-10-23T14:49:02Z" user="Yod4z" uid="318821">
  <nd ref="961621451"/>
  <nd ref="961620074"/>
  <nd ref="961620775"/>
  <nd ref="961620366"/>
  <nd ref="961621451"/>
  <tag k="building" v="yes"/>
  <tag k="source" v="cadastre-dgi-fr source : Direction Générale des Impôts - Cadastre. Mise à jour : 2010"/>
 </way>
 <way id="82627534" visible="true" version="1" changeset="6146201" timestamp="2010-10-23T14:49:02Z" user="Yod4z" uid="318821">
  <nd ref="961621531"/>
  <nd ref="961620248"/>
  <nd ref="961620889"/>
  <nd ref="961621121"/>
  <nd ref="961621531"/>
  <tag k="building" v="yes"/>
  <tag k="source" v="cadastre-dgi-fr source : Direction Générale des Impôts - Cadastre. Mise à jour : 2010"/>
 </way>
 <way id="82627535" visible="true" version="1" changeset="6146201" timestamp="2010-10-23T14:49:02Z" user="Yod4z" uid="318821">
  <nd ref="961620300"/>
  <nd ref="961621142"/>
  <nd ref="961620174"/>
  <nd ref="961620383"/>
  <nd ref="961621076"/>
  <nd ref="961620614"/>
  <nd ref="961621389"/>
  <nd ref="961621424"/>
  <nd ref="961620300"/>
  <tag k="building" v="yes"/>
  <tag k="source" v="cadastre-dgi-fr source : Direction Générale des Impôts - Cadastre. Mise à jour : 2010"/>
 </way>
 <way id="82627540" visible="true" version="4" changeset="174923988" timestamp="2025-11-20T20:43:17Z" user="Hervé TUC" uid="922338">
  <nd ref="961620689"/>
  <nd ref="961620860"/>
  <nd ref="961621560"/>
  <nd ref="961621160"/>
  <nd ref="961620201"/>
  <nd ref="961620063"/>
  <nd ref="961620392"/>
  <nd ref="961621096"/>
  <nd ref="961620634"/>
  <nd ref="961621405"/>
  <nd ref="9945194402"/>
  <nd ref="961621537"/>
  <nd ref="961620580"/>
  <nd ref="961620533"/>
  <nd ref="961620490"/>
  <nd ref="961620669"/>
  <nd ref="961621440"/>
  <nd ref="961620906"/>
  <tag k="highway" v="unclassified"/>
  <tag k="name" v="Chemin Rural d'Encan à Saint-Gervais"/>
  <tag k="surface" v="paved"/>
 </way>
 <way id="82627541" visible="true" version="2" changeset="174923988" timestamp="2025-11-20T20:43:17Z" user="Hervé TUC" uid="922338">
  <nd ref="961620201"/>
  <nd ref="961620880"/>
  <nd ref="961621111"/>
  <nd ref="961620146"/>
  <tag k="highway" v="service"/>
 </way>
 <way id="82627543" visible="true" version="1" changeset="6146201" timestamp="2010-10-23T14:49:04Z" user="Yod4z" uid="318821">
  <nd ref="961621501"/>
  <nd ref="961620178"/>
  <nd ref="961620054"/>
  <nd ref="961620756"/>
  <nd ref="961621501"/>
  <tag k="building" v="yes"/>
  <tag k="source" v="cadastre-dgi-fr source : Direction Générale des Impôts - Cadastre. Mise à jour : 2010"/>
 </way>
 <way id="82627544" visible="true" version="1" changeset="6146201" timestamp="2010-10-23T14:49:04Z" user="Yod4z" uid="318821">
  <nd ref="961621223"/>
  <nd ref="961620674"/>
  <nd ref="961620261"/>
  <nd ref="961620912"/>
  <nd ref="961621141"/>
  <nd ref="961620168"/>
  <nd ref="961621223"/>
  <tag k="building" v="yes"/>
  <tag k="source" v="cadastre-dgi-fr source : Direction Générale des Impôts - Cadastre. Mise à jour : 2010"/>
 </way>
 <way id="82627547" visible="true" version="4" changeset="174923988" timestamp="2025-11-20T20:43:17Z" user="Hervé TUC" uid="922338">
  <nd ref="732255976"/>
  <nd ref="9924014465"/>
  <nd ref="961621557"/>
  <nd ref="961621230"/>
  <nd ref="961620499"/>
  <nd ref="961621225"/>
  <nd ref="961621442"/>
  <nd ref="9924014460"/>
  <nd ref="961620440"/>
  <nd ref="864818416"/>
  <tag k="highway" v="residential"/>
  <tag k="name" v="Rue Croix de Piquet"/>
  <tag k="surface" v="paved"/>
 </way>
 <way id="82627548" visible="true" version="1" changeset="6146201" timestamp="2010-10-23T14:49:05Z" user="Yod4z" uid="318821">
  <nd ref="961620413"/>
  <nd ref="961620732"/>
  <nd ref="961620321"/>
  <nd ref="961620997"/>
  <nd ref="961621229"/>
  <nd ref="961620413"/>
  <tag k="building" v="hangar"/>
  <tag k="source" v="cadastre-dgi-fr source : Direction Générale des Impôts - Cadastre. Mise à jour : 2010"/>
 </way>
 <way id="82627549" visible="true" version="1" changeset="6146201" timestamp="2010-10-23T14:49:05Z" user="Yod4z" uid="318821">
  <nd ref="961621465"/>
  <nd ref="961620098"/>
  <nd ref="961621388"/>
  <nd ref="961620381"/>
  <nd ref="961621465"/>
  <tag k="building" v="yes"/>
  <tag k="source" v="cadastre-dgi-fr source : Direction Générale des Impôts - Cadastre. Mise à jour : 2010"/>
 </way>
 <way id="82627550" visible="true" version="1" changeset="6146201" timestamp="2010-10-23T14:49:05Z" user="Yod4z" uid="318821">
  <nd ref="961620675"/>
  <nd ref="961621030"/>
  <nd ref="961621271"/>
  <nd ref="961620293"/>
  <nd ref="961620675"/>
  <tag k="building" v="yes"/>
  <tag k="source" v="cadastre-dgi-fr source : Direction Générale des Impôts - Cadastre. Mise à jour : 2010"/>
 </way>
 <way id="82627552" visible="true" version="1" changeset="6146201" timestamp="2010-10-23T14:49:06Z" user="Yod4z" uid="318821">
  <nd ref="961620027"/>
  <nd ref="961620423"/>
  <nd ref="961620605"/>
  <nd ref="961621372"/>
  <nd ref="961620027"/>
  <tag k="building" v="yes"/>
  <tag k="source" v="cadastre-dgi-fr source : Direction Générale des Impôts - Cadastre. Mise à jour : 2010"/>
 </way>
 <way id="82627555" visible="true" version="1" changeset="6146201" timestamp="2010-10-23T14:49:06Z" user="Yod4z" uid="318821">
  <nd ref="961620502"/>
  <nd ref="961620829"/>
  <nd ref="961620411"/>
  <nd ref="961621108"/>
  <nd ref="961621363"/>
  <nd ref="961620354"/>
  <nd ref="961620502"/>
  <tag k="building" v="yes"/>
  <tag k="source" v="cadastre-dgi-fr source : Direction Générale des Impôts - Cadastre. Mise à jour : 2010"/>
 </way>
 <way id="82627556" visible="true" version="3" changeset="174923988" timestamp="2025-11-20T20:43:17Z" user="Hervé TUC" uid="922338">
  <nd ref="9010607138"/>
  <nd ref="9010607140"/>
  <nd ref="9010607139"/>
  <nd ref="961621485"/>
  <nd ref="961619969"/>
  <tag k="highway" v="service"/>
  <tag k="surface" v="paved"/>
 </way>
 <way id="82627557" visible="true" version="1" changeset="6146201" timestamp="2010-10-23T14:49:07Z" user="Yod4z" uid="318821">
  <nd ref="961620143"/>
  <nd ref="961621587"/>
  <nd ref="961620178"/>
  <nd ref="961620679"/>
  <nd ref="961620266"/>
  <nd ref="961620143"/>
  <tag k="building" v="yes"/>
  <tag k="source" v="cadastre-dgi-fr source : Direction Générale des Impôts - Cadastre. Mise à jour : 2010"/>
 </way>
 <way id="82627559" visible="true" version="2" changeset="124334894" timestamp="2022-08-01T09:27:03Z" user="KP_Tech" uid="16410020">
  <nd ref="961620025"/>
  <nd ref="961620421"/>
  <nd ref="9924294878"/>
  <nd ref="9924294879"/>
  <nd ref="961620198"/>
  <nd ref="961620025"/>
  <tag k="building" v="yes"/>
  <tag k="source" v="cadastre-dgi-fr source : Direction Générale des Impôts - Cadastre. Mise à jour : 2010"/>
 </way>
 <way id="82627560" visible="true" version="1" changeset="6146201" timestamp="2010-10-23T14:49:07Z" user="Yod4z" uid="318821">
  <nd ref="961621085"/>
  <nd ref="961621469"/>
  <nd ref="961621579"/>
  <nd ref="961620663"/>
  <nd ref="961620249"/>
  <nd ref="961620891"/>
  <nd ref="961620932"/>
  <nd ref="961621593"/>
  <nd ref="961621241"/>
  <nd ref="961620271"/>
  <nd ref="961620457"/>
  <nd ref="961621162"/>
  <nd ref="961620691"/>
  <nd ref="961621085"/>
  <tag k="building" v="yes"/>
  <tag k="source" v="cadastre-dgi-fr source : Direction Générale des Impôts - Cadastre. Mise à jour : 2010"/>
 </way>
 <way id="82627561" visible="true" version="1" changeset="6146201" timestamp="2010-10-23T14:49:08Z" user="Yod4z" uid="318821">
  <nd ref="961620211"/>
  <nd ref="961620559"/>
  <nd ref="961621295"/>
  <nd ref="961620777"/>
  <nd ref="961621523"/>
  <nd ref="961620013"/>
  <nd ref="961620723"/>
  <nd ref="961620316"/>
  <nd ref="961620990"/>
  <nd ref="961621222"/>
  <nd ref="961620260"/>
  <nd ref="961621474"/>
  <nd ref="961620497"/>
  <nd ref="961620211"/>
  <tag k="building" v="yes"/>
  <tag k="source" v="cadastre-dgi-fr source : Direction Générale des Impôts - Cadastre. Mise à jour : 2010"/>
 </way>
 <way id="82627562" visible="true" version="1" changeset="6146201" timestamp="2010-10-23T14:49:08Z" user="Yod4z" uid="318821">
  <nd ref="961620224"/>
  <nd ref="961620568"/>
  <nd ref="961621311"/>
  <nd ref="961620789"/>
  <nd ref="961620224"/>
  <tag k="building" v="yes"/>
  <tag k="source" v="cadastre-dgi-fr source : Direction Générale des Impôts - Cadastre. Mise à jour : 2010"/>
 </way>
 <way id="82627563" visible="true" version="1" changeset="6146201" timestamp="2010-10-23T14:49:08Z" user="Yod4z" uid="318821">
  <nd ref="961621530"/>
  <nd ref="961620223"/>
  <nd ref="961621457"/>
  <nd ref="961620468"/>
  <nd ref="961620498"/>
  <nd ref="961621223"/>
  <nd ref="961620724"/>
  <nd ref="961621477"/>
  <nd ref="961621530"/>
  <tag k="building" v="yes"/>
  <tag k="source" v="cadastre-dgi-fr source : Direction Générale des Impôts - Cadastre. Mise à jour : 2010"/>
 </way>
 <way id="82627564" visible="true" version="1" changeset="6146201" timestamp="2010-10-23T14:49:08Z" user="Yod4z" uid="318821">
  <nd ref="961620640"/>
  <nd ref="961621525"/>
  <nd ref="961620561"/>
  <nd ref="961620730"/>
  <nd ref="961621478"/>
  <nd ref="961620993"/>
  <nd ref="961620015"/>
  <nd ref="961620263"/>
  <nd ref="961620640"/>
  <tag k="building" v="yes"/>
  <tag k="source" v="cadastre-dgi-fr source : Direction Générale des Impôts - Cadastre. Mise à jour : 2010"/>
 </way>
 <way id="82627565" visible="true" version="2" changeset="174923988" timestamp="2025-11-20T20:43:17Z" user="Hervé TUC" uid="922338">
  <nd ref="961621557"/>
  <nd ref="961620623"/>
  <nd ref="961620806"/>
  <tag k="access" v="private"/>
  <tag k="highway" v="service"/>
 </way>
 <way id="82627566" visible="true" version="1" changeset="6146201" timestamp="2010-10-23T14:49:09Z" user="Yod4z" uid="318821">
  <nd ref="961621239"/>
  <nd ref="961620850"/>
  <nd ref="961621556"/>
  <nd ref="961621157"/>
  <nd ref="961621239"/>
  <tag k="building" v="yes"/>
  <tag k="source" v="cadastre-dgi-fr source : Direction Générale des Impôts - Cadastre. Mise à jour : 2010"/>
 </way>
 <way id="82627568" visible="true" version="1" changeset="6146201" timestamp="2010-10-23T14:49:09Z" user="Yod4z" uid="318821">
  <nd ref="961620310"/>
  <nd ref="961620637"/>
  <nd ref="961620204"/>
  <nd ref="961620862"/>
  <nd ref="961621098"/>
  <nd ref="961620125"/>
  <nd ref="961621406"/>
  <nd ref="961620394"/>
  <nd ref="961620581"/>
  <nd ref="961621338"/>
  <nd ref="961620310"/>
  <tag k="building" v="yes"/>
  <tag k="source" v="cadastre-dgi-fr source : Direction Générale des Impôts - Cadastre. Mise à jour : 2010"/>
 </way>
 <way id="82627571" visible="true" version="1" changeset="6146201" timestamp="2010-10-23T14:49:10Z" user="Yod4z" uid="318821">
  <nd ref="961620147"/>
  <nd ref="961620504"/>
  <nd ref="961620687"/>
  <nd ref="961621448"/>
  <nd ref="961620928"/>
  <nd ref="961621589"/>
  <nd ref="961620197"/>
  <nd ref="961620852"/>
  <nd ref="961620447"/>
  <nd ref="961621158"/>
  <nd ref="961621397"/>
  <nd ref="961620147"/>
  <tag k="building" v="yes"/>
  <tag k="source" v="cadastre-dgi-fr source : Direction Générale des Impôts - Cadastre. Mise à jour : 2010"/>
 </way>
 <way id="82627572" visible="true" version="1" changeset="6146201" timestamp="2010-10-23T14:49:10Z" user="Yod4z" uid="318821">
  <nd ref="961620787"/>
  <nd ref="961621180"/>
  <nd ref="961620701"/>
  <nd ref="961621459"/>
  <nd ref="961621571"/>
  <nd ref="961620653"/>
  <nd ref="961620787"/>
  <tag k="building" v="yes"/>
  <tag k="source" v="cadastre-dgi-fr source : Direction Générale des Impôts - Cadastre. Mise à jour : 2010"/>
 </way>
 <way id="82627574" visible="true" version="1" changeset="6146201" timestamp="2010-10-23T14:49:11Z" user="Yod4z" uid="318821">
  <nd ref="961620052"/>
  <nd ref="961620441"/>
  <nd ref="961621585"/>
  <nd ref="961620676"/>
  <nd ref="961620052"/>
  <tag k="building" v="yes"/>
  <tag k="source" v="cadastre-dgi-fr source : Direction Générale des Impôts - Cadastre. Mise à jour : 2010"/>
 </way>
 <way id="82627575" visible="true" version="1" changeset="6146201" timestamp="2010-10-23T14:49:11Z" user="Yod4z" uid="318821">
  <nd ref="961620461"/>
  <nd ref="961620781"/>
  <nd ref="961620368"/>
  <nd ref="961621055"/>
  <nd ref="961620461"/>
  <tag k="building" v="yes"/>
  <tag k="source" v="cadastre-dgi-fr source : Direction Générale des Impôts - Cadastre. Mise à jour : 2010"/>
 </way>
 <way id="82627578" visible="true" version="3" changeset="187995760" timestamp="2026-08-25T15:16:46Z" user="Yod4z" uid="318821">
  <nd ref="961620752"/>
  <nd ref="961620970"/>
  <nd ref="961619993"/>
  <nd ref="14122857946"/>
  <nd ref="14122857947"/>
  <tag k="highway" v="track"/>
 </way>
 <way id="82627579" visible="true" version="1" changeset="6146201" timestamp="2010-10-23T14:49:12Z" user="Yod4z" uid="318821">
  <nd ref="961620425"/>
  <nd ref="961620739"/>
  <nd ref="961620344"/>
  <nd ref="961621012"/>
  <nd ref="961621049"/>
  <nd ref="961620069"/>
  <nd ref="961620425"/>
  <tag k="building" v="yes"/>
  <tag k="source" v="cadastre-dgi-fr source : Direction Générale des Impôts - Cadastre. Mise à jour : 2010"/>
 </way>
 <way id="82627582" visible="true" version="1" changeset="6146201" timestamp="2010-10-23T14:49:13Z" user="Yod4z" uid="318821">
  <nd ref="961620456"/>
  <nd ref="961620770"/>
  <nd ref="961620986"/>
  <nd ref="961620011"/>
  <nd ref="961620456"/>
  <tag k="building" v="yes"/>
  <tag k="source" v="cadastre-dgi-fr source : Direction Générale des Impôts - Cadastre. Mise à jour : 2010"/>
 </way>
 <way id="82627583" visible="true" version="1" changeset="6146201" timestamp="2010-10-23T14:49:13Z" user="Yod4z" uid="318821">
  <nd ref="961620330"/>
  <nd ref="961620655"/>
  <nd ref="961620833"/>
  <nd ref="961621546"/>
  <nd ref="961620330"/>
  <tag k="building" v="yes"/>
  <tag k="source" v="cadastre-dgi-fr source : Direction Générale des Impôts - Cadastre. Mise à jour : 2010"/>
 </way>
 <way id="82627585" visible="true" version="1" changeset="6146201" timestamp="2010-10-23T14:49:13Z" user="Yod4z" uid="318821">
  <nd ref="961621290"/>
  <nd ref="961621558"/>
  <nd ref="961620624"/>
  <nd ref="961620808"/>
  <nd ref="961621535"/>
  <nd ref="961621093"/>
  <nd ref="961620118"/>
  <nd ref="961620346"/>
  <nd ref="961621016"/>
  <nd ref="961621290"/>
  <tag k="building" v="yes"/>
  <tag k="source" v="cadastre-dgi-fr source : Direction Générale des Impôts - Cadastre. Mise à jour : 2010"/>
 </way>
 <way id="82627587" visible="true" version="1" changeset="6146201" timestamp="2010-10-23T14:49:14Z" user="Yod4z" uid="318821">
  <nd ref="961620609"/>
  <nd ref="961620958"/>
  <nd ref="961619976"/>
  <nd ref="961621262"/>
  <nd ref="961620609"/>
  <tag k="building" v="hangar"/>
  <tag k="source" v="cadastre-dgi-fr source : Direction Générale des Impôts - Cadastre. Mise à jour : 2010"/>
 </way>
 <way id="82627588" visible="true" version="4" changeset="144887851" timestamp="2023-12-08T04:49:16Z" user="Olyon" uid="1443767">
  <nd ref="961621331"/>
  <nd ref="961621581"/>
  <nd ref="961621198"/>
  <nd ref="961620251"/>
  <nd ref="961620426"/>
  <nd ref="961621127"/>
  <nd ref="961620666"/>
  <nd ref="961621436"/>
  <nd ref="961621550"/>
  <nd ref="961620606"/>
  <nd ref="961620152"/>
  <nd ref="961620842"/>
  <nd ref="961621057"/>
  <nd ref="961620078"/>
  <nd ref="961621376"/>
  <nd ref="961620370"/>
  <nd ref="961620562"/>
  <nd ref="961621302"/>
  <nd ref="961620782"/>
  <nd ref="961621527"/>
  <nd ref="961621540"/>
  <nd ref="961620583"/>
  <nd ref="961620127"/>
  <nd ref="961620820"/>
  <nd ref="961621024"/>
  <nd ref="961620044"/>
  <nd ref="961620654"/>
  <nd ref="961621344"/>
  <nd ref="961620349"/>
  <nd ref="961620530"/>
  <nd ref="961621264"/>
  <nd ref="961621331"/>
  <tag k="amenity" v="place_of_worship"/>
  <tag k="building" v="church"/>
  <tag k="denomination" v="catholic"/>
  <tag k="name" v="Église Saint-Gervais"/>
  <tag k="ref:FR:CEF" v="12250_02"/>
  <tag k="religion" v="christian"/>
  <tag k="source" v="cadastre-dgi-fr source : Direction Générale des Impôts - Cadastre. Mise à jour : 2010"/>
  <tag k="wikidata" v="Q60386752"/>
 </way>
 <way id="83631755" visible="true" version="2" changeset="174923988" timestamp="2025-11-20T20:43:17Z" user="Hervé TUC" uid="922338">
  <nd ref="967819141"/>
  <nd ref="973837096"/>
  <nd ref="973838120"/>
  <nd ref="973837530"/>
  <nd ref="973838852"/>
  <tag k="highway" v="service"/>
 </way>
 <way id="83631804" visible="true" version="3" changeset="174923988" timestamp="2025-11-20T20:43:17Z" user="Hervé TUC" uid="922338">
  <nd ref="961620906"/>
  <nd ref="961621582"/>
  <nd ref="973837073"/>
  <nd ref="973838062"/>
  <nd ref="973837802"/>
  <nd ref="973839013"/>
  <nd ref="973838623"/>
  <nd ref="973839588"/>
  <nd ref="973838961"/>
  <nd ref="973837192"/>
  <nd ref="973839505"/>
  <nd ref="973837655"/>
  <nd ref="973837510"/>
  <nd ref="973838827"/>
  <nd ref="973838329"/>
  <tag k="highway" v="unclassified"/>
  <tag k="name" v="Chemin Rural de Roubiliergues à Farigoules"/>
  <tag k="surface" v="paved"/>
 </way>
 <way id="83631838" visible="true" version="1" changeset="6257588" timestamp="2010-11-01T17:07:59Z" user="Yod4z" uid="318821">
  <nd ref="973838929"/>
  <nd ref="973837171"/>
  <nd ref="973839477"/>
  <nd ref="973837620"/>
  <nd ref="973837489"/>
  <nd ref="973838781"/>
  <nd ref="973838227"/>
  <nd ref="973838929"/>
  <tag k="building" v="yes"/>
  <tag k="source" v="cadastre-dgi-fr source : Direction Générale des Impôts - Cadastre. Mise à jour : 2010"/>
 </way>
 <way id="83631863" visible="true" version="4" changeset="174923988" timestamp="2025-11-20T20:43:17Z" user="Hervé TUC" uid="922338">
  <nd ref="973839240"/>
  <nd ref="9924014496"/>
  <nd ref="973839176"/>
  <nd ref="973837374"/>
  <tag k="access" v="private"/>
  <tag k="highway" v="service"/>
  <tag k="name" v="Route du Missou"/>
 </way>
 <way id="106843080" visible="true" version="11" changeset="187995760" timestamp="2026-08-25T15:16:46Z" user="Yod4z" uid="318821">
  <nd ref="957538449"/>
  <nd ref="957538937"/>
  <nd ref="957538879"/>
  <nd ref="957538835"/>
  <nd ref="957538785"/>
  <nd ref="957538722"/>
  <nd ref="957538664"/>
  <nd ref="957538610"/>
  <nd ref="957538555"/>
  <nd ref="957538582"/>
  <nd ref="957538520"/>
  <nd ref="957538480"/>
  <nd ref="957538974"/>
  <nd ref="957538913"/>
  <nd ref="957538867"/>
  <nd ref="957538818"/>
  <nd ref="957538734"/>
  <nd ref="526847273"/>
  <nd ref="526847274"/>
  <nd ref="526847275"/>
  <nd ref="526847276"/>
  <nd ref="7980921583"/>
  <nd ref="7980921582"/>
  <nd ref="513153616"/>
  <nd ref="7980921581"/>
  <nd ref="7980921580"/>
  <nd ref="7980921579"/>
  <nd ref="7980921578"/>
  <nd ref="7980921577"/>
  <nd ref="7980921576"/>
  <nd ref="7980921575"/>
  <nd ref="7980921574"/>
  <nd ref="7980921573"/>
  <nd ref="7980921572"/>
  <nd ref="7980921571"/>
  <nd ref="513153557"/>
  <nd ref="3519081391"/>
  <nd ref="9010525136"/>
  <nd ref="3519081378"/>
  <nd ref="9010525143"/>
  <nd ref="513153555"/>
  <nd ref="513153553"/>
  <nd ref="8204991722"/>
  <nd ref="957538615"/>
  <nd ref="513153550"/>
  <nd ref="3519081379"/>
  <nd ref="957538810"/>
  <nd ref="513153548"/>
  <nd ref="957538726"/>
  <nd ref="957538464"/>
  <nd ref="513153545"/>
  <nd ref="513153543"/>
  <nd ref="513153541"/>
  <nd ref="7980921560"/>
  <nd ref="3519081380"/>
  <nd ref="7980921561"/>
  <nd ref="513153539"/>
  <nd ref="7980921563"/>
  <nd ref="7980921562"/>
  <nd ref="3519081381"/>
  <nd ref="3519081382"/>
  <nd ref="7980921564"/>
  <nd ref="3519081383"/>
  <nd ref="513153537"/>
  <nd ref="3519081384"/>
  <nd ref="513153534"/>
  <nd ref="1228578856"/>
  <nd ref="1228578924"/>
  <nd ref="1228578909"/>
  <nd ref="14122857959"/>
  <nd ref="513153532"/>
  <nd ref="3519081385"/>
  <nd ref="513153530"/>
  <nd ref="513153527"/>
  <nd ref="513153525"/>
  <nd ref="513153524"/>
  <nd ref="513153523"/>
  <nd ref="513153522"/>
  <nd ref="4564933538"/>
  <nd ref="526847123"/>
  <nd ref="1228578882"/>
  <nd ref="526847124"/>
  <nd ref="526847126"/>
  <nd ref="3519081387"/>
  <nd ref="526847127"/>
  <nd ref="526847128"/>
  <nd ref="1228578917"/>
  <nd ref="3519081388"/>
  <nd ref="526847129"/>
  <nd ref="1228578901"/>
  <nd ref="526847130"/>
  <nd ref="3519081386"/>
  <nd ref="526847131"/>
  <nd ref="526847132"/>
  <nd ref="1228578834"/>
  <nd ref="7980921565"/>
  <nd ref="526847133"/>
  <nd ref="7980921566"/>
  <nd ref="526847134"/>
  <nd ref="7980921567"/>
  <nd ref="7980921568"/>
  <nd ref="7980921569"/>
  <nd ref="526847136"/>
  <nd ref="7980921570"/>
  <nd ref="957538449"/>
  <tag k="CLC:code" v="512"/>
  <tag k="CLC:id" v="FR-191786"/>
  <tag k="CLC:year" v="2006"/>
  <tag k="landuse" v="reservoir"/>
  <tag k="name" v="Lac de Saint-Gervais"/>
  <tag k="natural" v="water"/>
  <tag k="reservoir_type" v="water_storage"/>
  <tag k="source" v="Union européenne - SOeS, CORINE Land Cover, 2006;bing 2015"/>
 </way>
 <way id="113104480" visible="true" version="11" changeset="138082845" timestamp="2023-07-03T22:52:47Z" user="InfosReseaux" uid="93222">
  <nd ref="1283621605"/>
  <nd ref="2270863926"/>
  <nd ref="2270863936"/>
  <nd ref="2270863965"/>
  <nd ref="2270863977"/>
  <nd ref="2270864001"/>
  <nd ref="2270864103"/>
  <nd ref="2270864106"/>
  <nd ref="2270864109"/>
  <nd ref="1945938435"/>
  <nd ref="1283621449"/>
  <nd ref="1283621533"/>
  <nd ref="1283621518"/>
  <nd ref="1283621495"/>
  <nd ref="1283621583"/>
  <nd ref="1283621536"/>
  <nd ref="1283621588"/>
  <nd ref="1283621553"/>
  <nd ref="1283621442"/>
  <nd ref="1283621469"/>
  <nd ref="1283621579"/>
  <nd ref="1283621543"/>
  <nd ref="9010537234"/>
  <nd ref="1283621613"/>
  <nd ref="1283621459"/>
  <nd ref="1283621630"/>
  <nd ref="1283621513"/>
  <nd ref="1283621491"/>
  <nd ref="1283621568"/>
  <nd ref="1283621621"/>
  <nd ref="1283621589"/>
  <nd ref="9318406350"/>
  <nd ref="1283621483"/>
  <nd ref="1283621468"/>
  <nd ref="1283621601"/>
  <nd ref="1283621565"/>
  <nd ref="1283621573"/>
  <nd ref="1283621464"/>
  <tag k="operator" v="Enedis"/>
  <tag k="operator:wikidata" v="Q3587594"/>
  <tag k="power" v="line"/>
  <tag k="voltage" v="20000"/>
 </way>
 <way id="345185856" visible="true" version="4" changeset="187995760" timestamp="2026-08-25T15:16:46Z" user="Yod4z" uid="318821">
  <nd ref="864818443"/>
  <nd ref="3518806326"/>
  <nd ref="9924203724"/>
  <nd ref="9924203725"/>
  <nd ref="9924203726"/>
  <nd ref="8204991721"/>
  <nd ref="3518803442"/>
  <nd ref="9924203718"/>
  <nd ref="3518803443"/>
  <nd ref="3518803444"/>
  <nd ref="9924203717"/>
  <nd ref="3518803445"/>
  <nd ref="9924203716"/>
  <nd ref="3518803446"/>
  <nd ref="3518803447"/>
  <nd ref="14122889504"/>
  <nd ref="3518803448"/>
  <nd ref="14122889505"/>
  <nd ref="3518803449"/>
  <nd ref="3518803450"/>
  <nd ref="9924203731"/>
  <nd ref="3518803451"/>
  <nd ref="9924203732"/>
  <nd ref="3518803452"/>
  <tag k="bicycle" v="yes"/>
  <tag k="highway" v="footway"/>
 </way>
 <way id="345186085" visible="true" version="5" changeset="187995760" timestamp="2026-08-25T15:16:46Z" user="Yod4z" uid="318821">
  <nd ref="14122857965"/>
  <nd ref="3518805888"/>
  <nd ref="14122857963"/>
  <nd ref="3518805889"/>
  <nd ref="3518805890"/>
  <nd ref="3518805891"/>
  <nd ref="3518805892"/>
  <nd ref="14122857961"/>
  <nd ref="14122857962"/>
  <nd ref="3518806293"/>
  <nd ref="3518806294"/>
  <nd ref="3518806295"/>
  <nd ref="14122857960"/>
  <nd ref="3518806296"/>
  <nd ref="9924203729"/>
  <nd ref="3518806297"/>
  <nd ref="3518806298"/>
  <nd ref="9924203728"/>
  <nd ref="14122857951"/>
  <nd ref="3518806299"/>
  <nd ref="14122857953"/>
  <nd ref="7980921548"/>
  <nd ref="9924203727"/>
  <nd ref="3518806300"/>
  <nd ref="3518806301"/>
  <nd ref="3518806302"/>
  <nd ref="3518806303"/>
  <nd ref="9924203730"/>
  <nd ref="3518806304"/>
  <nd ref="3518806305"/>
  <nd ref="3518806306"/>
  <nd ref="7980921556"/>
  <nd ref="7980921557"/>
  <nd ref="3518806307"/>
  <nd ref="7980921558"/>
  <nd ref="7980921559"/>
  <nd ref="7980921553"/>
  <nd ref="7980921554"/>
  <nd ref="3518806308"/>
  <nd ref="7980921555"/>
  <nd ref="7980921552"/>
  <nd ref="3518806309"/>
  <nd ref="7980921551"/>
  <nd ref="7980921550"/>
  <nd ref="3518806310"/>
  <nd ref="7980921549"/>
  <nd ref="3518806311"/>
  <nd ref="7981280091"/>
  <nd ref="3518806312"/>
  <nd ref="3518806313"/>
  <nd ref="7981280092"/>
  <nd ref="7981280093"/>
  <nd ref="3518806314"/>
  <nd ref="3518806315"/>
  <nd ref="3518806316"/>
  <nd ref="3518806317"/>
  <nd ref="3518806318"/>
  <nd ref="7981280094"/>
  <nd ref="7981280095"/>
  <nd ref="3518806319"/>
  <nd ref="7981280096"/>
  <nd ref="3518806320"/>
  <nd ref="3518806321"/>
  <nd ref="7981280098"/>
  <nd ref="7981280097"/>
  <nd ref="3518806322"/>
  <nd ref="3518806323"/>
  <nd ref="7981280100"/>
  <nd ref="7981280099"/>
  <nd ref="3518806324"/>
  <nd ref="7981280101"/>
  <nd ref="3518806325"/>
  <tag k="bicycle" v="yes"/>
  <tag k="highway" v="footway"/>
 </way>
 <way id="345186086" visible="true" version="3" changeset="124334033" timestamp="2022-08-01T09:07:43Z" user="maferikotupi" uid="2115804">
  <nd ref="3518806325"/>
  <nd ref="8204991720"/>
  <nd ref="9924203724"/>
  <tag k="highway" v="path"/>
 </way>
 <way id="345220244" visible="true" version="1" changeset="31167755" timestamp="2015-05-15T10:18:40Z" user="Yod4z" uid="318821">
  <nd ref="513153557"/>
  <nd ref="3519081389"/>
  <nd ref="3519081390"/>
  <tag k="man_made" v="pier"/>
  <tag k="source" v="bing 2015"/>
 </way>
 <way id="345223245" visible="true" version="1" changeset="31168142" timestamp="2015-05-15T10:36:43Z" user="Yod4z" uid="318821">
  <nd ref="3519109099"/>
  <nd ref="3519109100"/>
  <nd ref="3519109101"/>
  <nd ref="3519109102"/>
  <nd ref="3519109103"/>
  <nd ref="3519109104"/>
  <nd ref="3519109105"/>
  <nd ref="3519109106"/>
  <nd ref="3519109107"/>
  <nd ref="3519109108"/>
  <nd ref="3519109109"/>
  <nd ref="3519109110"/>
  <nd ref="3519109111"/>
  <nd ref="3519109112"/>
  <nd ref="3519109113"/>
  <nd ref="3519109099"/>
  <tag k="landuse" v="forest"/>
  <tag k="source" v="bing 2015"/>
 </way>
 <way id="345223246" visible="true" version="1" changeset="31168142" timestamp="2015-05-15T10:36:43Z" user="Yod4z" uid="318821">
  <nd ref="3519109114"/>
  <nd ref="3519109115"/>
  <nd ref="3519109116"/>
  <nd ref="3519109117"/>
  <nd ref="3519109118"/>
  <nd ref="3519109114"/>
  <tag k="landuse" v="forest"/>
  <tag k="source" v="bing 2015"/>
 </way>
 <way id="345223247" visible="true" version="3" changeset="106142915" timestamp="2021-06-10T09:08:17Z" user="JSERIEYE" uid="11361025">
  <nd ref="3519109119"/>
  <nd ref="3519109120"/>
  <nd ref="3519109121"/>
  <nd ref="3519109122"/>
  <nd ref="3519109123"/>
  <nd ref="3519109124"/>
  <nd ref="3519109125"/>
  <nd ref="3519109126"/>
  <nd ref="3519109127"/>
  <nd ref="3519109128"/>
  <nd ref="3519109129"/>
  <nd ref="3519109130"/>
  <nd ref="3519109131"/>
  <nd ref="3519109132"/>
  <nd ref="6535366874"/>
  <nd ref="6535366873"/>
  <nd ref="6535366872"/>
  <nd ref="8820384775"/>
  <nd ref="8820384773"/>
  <nd ref="8820384774"/>
  <nd ref="3519109133"/>
  <nd ref="3519109134"/>
  <nd ref="8820384772"/>
  <nd ref="3519109135"/>
  <nd ref="3519109136"/>
  <nd ref="3519109137"/>
  <nd ref="3519109138"/>
  <nd ref="3519109139"/>
  <nd ref="3519109140"/>
  <nd ref="3519109141"/>
  <nd ref="3519109142"/>
  <nd ref="3519109143"/>
  <nd ref="3519109144"/>
  <nd ref="3519109145"/>
  <nd ref="3519109146"/>
  <nd ref="3519109147"/>
  <nd ref="3519109148"/>
  <nd ref="3519109149"/>
  <nd ref="3519109150"/>
  <nd ref="3519109151"/>
  <nd ref="3519109152"/>
  <nd ref="3519109153"/>
  <nd ref="6535366876"/>
  <nd ref="6535366860"/>
  <nd ref="3519109154"/>
  <nd ref="3519109119"/>
  <tag k="landuse" v="forest"/>
  <tag k="source" v="bing 2015"/>
 </way>
 <way id="400292431" visible="true" version="1" changeset="37469739" timestamp="2016-02-26T19:31:06Z" user="Thierry_la_Fronde_12" uid="161646">
  <nd ref="4028756630"/>
  <nd ref="4028756626"/>
  <nd ref="4028756638"/>
  <nd ref="4028756631"/>
  <nd ref="4028756635"/>
  <nd ref="4028756632"/>
  <nd ref="4028756642"/>
  <nd ref="4028756650"/>
  <nd ref="4028756669"/>
  <nd ref="4028756676"/>
  <nd ref="4028756672"/>
  <nd ref="4028756630"/>
  <tag k="building" v="yes"/>
  <tag k="source" v="cadastre-dgi-fr source : Direction Générale des Finances Publiques - Cadastre. Mise à jour : 2016"/>
 </way>
 <way id="400292502" visible="true" version="1" changeset="37469739" timestamp="2016-02-26T19:31:09Z" user="Thierry_la_Fronde_12" uid="161646">
  <nd ref="4028755642"/>
  <nd ref="4028755640"/>
  <nd ref="4028755635"/>
  <nd ref="4028755630"/>
  <nd ref="4028755641"/>
  <nd ref="4028755623"/>
  <nd ref="4028755656"/>
  <nd ref="4028755664"/>
  <nd ref="4028755671"/>
  <nd ref="4028755692"/>
  <nd ref="4028755684"/>
  <nd ref="4028755686"/>
  <nd ref="4028755689"/>
  <nd ref="4028755697"/>
  <nd ref="4028755642"/>
  <tag k="building" v="yes"/>
  <tag k="source" v="cadastre-dgi-fr source : Direction Générale des Finances Publiques - Cadastre. Mise à jour : 2016"/>
 </way>
 <way id="400292524" visible="true" version="1" changeset="37469739" timestamp="2016-02-26T19:31:10Z" user="Thierry_la_Fronde_12" uid="161646">
  <nd ref="4028755837"/>
  <nd ref="4028755841"/>
  <nd ref="4028755848"/>
  <nd ref="4028755844"/>
  <nd ref="4028755847"/>
  <nd ref="4028755843"/>
  <nd ref="4028755850"/>
  <nd ref="4028755831"/>
  <nd ref="4028755816"/>
  <nd ref="4028755806"/>
  <nd ref="4028755811"/>
  <nd ref="4028755809"/>
  <nd ref="4028755804"/>
  <nd ref="4028755801"/>
  <nd ref="4028755825"/>
  <nd ref="4028755837"/>
  <tag k="building" v="yes"/>
  <tag k="source" v="cadastre-dgi-fr source : Direction Générale des Finances Publiques - Cadastre. Mise à jour : 2016"/>
 </way>
 <way id="400292593" visible="true" version="1" changeset="37469739" timestamp="2016-02-26T19:31:14Z" user="Thierry_la_Fronde_12" uid="161646">
  <nd ref="4028756679"/>
  <nd ref="4028756652"/>
  <nd ref="4028756660"/>
  <nd ref="4028756685"/>
  <nd ref="4028756679"/>
  <tag k="building" v="yes"/>
  <tag k="source" v="cadastre-dgi-fr source : Direction Générale des Finances Publiques - Cadastre. Mise à jour : 2016"/>
 </way>
 <way id="400292616" visible="true" version="1" changeset="37469739" timestamp="2016-02-26T19:31:15Z" user="Thierry_la_Fronde_12" uid="161646">
  <nd ref="4028755912"/>
  <nd ref="4028755915"/>
  <nd ref="4028755910"/>
  <nd ref="4028755907"/>
  <nd ref="4028755912"/>
  <tag k="building" v="yes"/>
  <tag k="source" v="cadastre-dgi-fr source : Direction Générale des Finances Publiques - Cadastre. Mise à jour : 2016"/>
  <tag k="wall" v="no"/>
 </way>
 <way id="400292625" visible="true" version="1" changeset="37469739" timestamp="2016-02-26T19:31:16Z" user="Thierry_la_Fronde_12" uid="161646">
  <nd ref="4028756311"/>
  <nd ref="4028756322"/>
  <nd ref="4028756298"/>
  <nd ref="4028756289"/>
  <nd ref="4028756311"/>
  <tag k="building" v="yes"/>
  <tag k="source" v="cadastre-dgi-fr source : Direction Générale des Finances Publiques - Cadastre. Mise à jour : 2016"/>
  <tag k="wall" v="no"/>
 </way>
 <way id="400292651" visible="true" version="1" changeset="37469739" timestamp="2016-02-26T19:31:18Z" user="Thierry_la_Fronde_12" uid="161646">
  <nd ref="4028755631"/>
  <nd ref="4028755620"/>
  <nd ref="4028755618"/>
  <nd ref="4028755626"/>
  <nd ref="4028755631"/>
  <tag k="building" v="yes"/>
  <tag k="source" v="cadastre-dgi-fr source : Direction Générale des Finances Publiques - Cadastre. Mise à jour : 2016"/>
  <tag k="wall" v="no"/>
 </way>
 <way id="400292703" visible="true" version="1" changeset="37469739" timestamp="2016-02-26T19:31:20Z" user="Thierry_la_Fronde_12" uid="161646">
  <nd ref="4028756687"/>
  <nd ref="4028756789"/>
  <nd ref="4028756792"/>
  <nd ref="4028756790"/>
  <nd ref="4028756687"/>
  <tag k="building" v="yes"/>
  <tag k="source" v="cadastre-dgi-fr source : Direction Générale des Finances Publiques - Cadastre. Mise à jour : 2016"/>
 </way>
 <way id="400292730" visible="true" version="1" changeset="37469739" timestamp="2016-02-26T19:31:22Z" user="Thierry_la_Fronde_12" uid="161646">
  <nd ref="4028756533"/>
  <nd ref="4028756513"/>
  <nd ref="4028756514"/>
  <nd ref="4028756534"/>
  <nd ref="4028756533"/>
  <tag k="building" v="yes"/>
  <tag k="source" v="cadastre-dgi-fr source : Direction Générale des Finances Publiques - Cadastre. Mise à jour : 2016"/>
 </way>
 <way id="400292757" visible="true" version="1" changeset="37469739" timestamp="2016-02-26T19:31:23Z" user="Thierry_la_Fronde_12" uid="161646">
  <nd ref="4028756151"/>
  <nd ref="4028756131"/>
  <nd ref="4028756080"/>
  <nd ref="4028756091"/>
  <nd ref="4028756151"/>
  <tag k="building" v="yes"/>
  <tag k="source" v="cadastre-dgi-fr source : Direction Générale des Finances Publiques - Cadastre. Mise à jour : 2016"/>
  <tag k="wall" v="no"/>
 </way>
 <way id="400292777" visible="true" version="1" changeset="37469739" timestamp="2016-02-26T19:31:25Z" user="Thierry_la_Fronde_12" uid="161646">
  <nd ref="4028755369"/>
  <nd ref="4028755288"/>
  <nd ref="4028755300"/>
  <nd ref="4028755375"/>
  <nd ref="4028755369"/>
  <tag k="building" v="yes"/>
  <tag k="source" v="cadastre-dgi-fr source : Direction Générale des Finances Publiques - Cadastre. Mise à jour : 2016"/>
 </way>
 <way id="400292783" visible="true" version="1" changeset="37469739" timestamp="2016-02-26T19:31:25Z" user="Thierry_la_Fronde_12" uid="161646">
  <nd ref="4028755844"/>
  <nd ref="4028755848"/>
  <nd ref="4028755857"/>
  <nd ref="4028755847"/>
  <nd ref="4028755844"/>
  <tag k="building" v="yes"/>
  <tag k="source" v="cadastre-dgi-fr source : Direction Générale des Finances Publiques - Cadastre. Mise à jour : 2016"/>
  <tag k="wall" v="no"/>
 </way>
 <way id="400292809" visible="true" version="1" changeset="37469739" timestamp="2016-02-26T19:31:27Z" user="Thierry_la_Fronde_12" uid="161646">
  <nd ref="4028755901"/>
  <nd ref="4028755893"/>
  <nd ref="4028755892"/>
  <nd ref="4028755900"/>
  <nd ref="4028755901"/>
  <tag k="building" v="yes"/>
  <tag k="source" v="cadastre-dgi-fr source : Direction Générale des Finances Publiques - Cadastre. Mise à jour : 2016"/>
 </way>
 <way id="400292815" visible="true" version="1" changeset="37469739" timestamp="2016-02-26T19:31:27Z" user="Thierry_la_Fronde_12" uid="161646">
  <nd ref="4028755942"/>
  <nd ref="4028755947"/>
  <nd ref="4028755946"/>
  <nd ref="4028755941"/>
  <nd ref="4028755942"/>
  <tag k="building" v="yes"/>
  <tag k="source" v="cadastre-dgi-fr source : Direction Générale des Finances Publiques - Cadastre. Mise à jour : 2016"/>
 </way>
 <way id="400292857" visible="true" version="1" changeset="37469739" timestamp="2016-02-26T19:31:30Z" user="Thierry_la_Fronde_12" uid="161646">
  <nd ref="4028755635"/>
  <nd ref="4028755640"/>
  <nd ref="4028755633"/>
  <nd ref="4028755628"/>
  <nd ref="4028755635"/>
  <tag k="building" v="yes"/>
  <tag k="source" v="cadastre-dgi-fr source : Direction Générale des Finances Publiques - Cadastre. Mise à jour : 2016"/>
  <tag k="wall" v="no"/>
 </way>
 <way id="400292875" visible="true" version="2" changeset="95475252" timestamp="2020-12-08T09:39:02Z" user="JFK73" uid="662440">
  <nd ref="4028755016"/>
  <nd ref="4028755032"/>
  <nd ref="4028755038"/>
  <nd ref="4028755051"/>
  <nd ref="4028755066"/>
  <nd ref="4028755084"/>
  <nd ref="4028755068"/>
  <nd ref="4028755050"/>
  <nd ref="4028755031"/>
  <nd ref="4028755021"/>
  <nd ref="4028755016"/>
  <tag k="building" v="yes"/>
  <tag k="source" v="cadastre-dgi-fr source : Direction Générale des Finances Publiques - Cadastre. Mise à jour : 2016"/>
 </way>
 <way id="400292890" visible="true" version="1" changeset="37469739" timestamp="2016-02-26T19:31:33Z" user="Thierry_la_Fronde_12" uid="161646">
  <nd ref="4028755559"/>
  <nd ref="4028755558"/>
  <nd ref="4028755571"/>
  <nd ref="4028755577"/>
  <nd ref="4028755564"/>
  <nd ref="4028755559"/>
  <tag k="building" v="yes"/>
  <tag k="source" v="cadastre-dgi-fr source : Direction Générale des Finances Publiques - Cadastre. Mise à jour : 2016"/>
  <tag k="wall" v="no"/>
 </way>
 <way id="400292949" visible="true" version="1" changeset="37469739" timestamp="2016-02-26T19:31:37Z" user="Thierry_la_Fronde_12" uid="161646">
  <nd ref="4028755599"/>
  <nd ref="4028755596"/>
  <nd ref="4028755604"/>
  <nd ref="4028755609"/>
  <nd ref="4028755601"/>
  <nd ref="4028755599"/>
  <tag k="building" v="yes"/>
  <tag k="source" v="cadastre-dgi-fr source : Direction Générale des Finances Publiques - Cadastre. Mise à jour : 2016"/>
  <tag k="wall" v="no"/>
 </way>
 <way id="400292955" visible="true" version="1" changeset="37469739" timestamp="2016-02-26T19:31:37Z" user="Thierry_la_Fronde_12" uid="161646">
  <nd ref="4028755837"/>
  <nd ref="4028755825"/>
  <nd ref="4028755855"/>
  <nd ref="4028755862"/>
  <nd ref="4028755841"/>
  <nd ref="4028755837"/>
  <tag k="building" v="yes"/>
  <tag k="source" v="cadastre-dgi-fr source : Direction Générale des Finances Publiques - Cadastre. Mise à jour : 2016"/>
  <tag k="wall" v="no"/>
 </way>
 <way id="400292978" visible="true" version="1" changeset="37469739" timestamp="2016-02-26T19:31:39Z" user="Thierry_la_Fronde_12" uid="161646">
  <nd ref="4028755613"/>
  <nd ref="4028755610"/>
  <nd ref="4028755624"/>
  <nd ref="4028755626"/>
  <nd ref="4028755618"/>
  <nd ref="4028755619"/>
  <nd ref="4028755613"/>
  <tag k="building" v="yes"/>
  <tag k="source" v="cadastre-dgi-fr source : Direction Générale des Finances Publiques - Cadastre. Mise à jour : 2016"/>
 </way>
 <way id="400293023" visible="true" version="1" changeset="37469739" timestamp="2016-02-26T19:31:41Z" user="Thierry_la_Fronde_12" uid="161646">
  <nd ref="4028755586"/>
  <nd ref="4028755574"/>
  <nd ref="4028755602"/>
  <nd ref="4028755604"/>
  <nd ref="4028755596"/>
  <nd ref="4028755599"/>
  <nd ref="4028755586"/>
  <tag k="building" v="yes"/>
  <tag k="source" v="cadastre-dgi-fr source : Direction Générale des Finances Publiques - Cadastre. Mise à jour : 2016"/>
 </way>
 <way id="400293067" visible="true" version="1" changeset="37469739" timestamp="2016-02-26T19:31:44Z" user="Thierry_la_Fronde_12" uid="161646">
  <nd ref="4028755010"/>
  <nd ref="4028755006"/>
  <nd ref="4028754997"/>
  <nd ref="4028755000"/>
  <nd ref="4028755003"/>
  <nd ref="4028755005"/>
  <nd ref="4028755010"/>
  <tag k="building" v="yes"/>
  <tag k="source" v="cadastre-dgi-fr source : Direction Générale des Finances Publiques - Cadastre. Mise à jour : 2016"/>
  <tag k="wall" v="no"/>
 </way>
 <way id="400293070" visible="true" version="1" changeset="37469739" timestamp="2016-02-26T19:31:44Z" user="Thierry_la_Fronde_12" uid="161646">
  <nd ref="4028755543"/>
  <nd ref="4028755536"/>
  <nd ref="4028755565"/>
  <nd ref="4028755571"/>
  <nd ref="4028755558"/>
  <nd ref="4028755559"/>
  <nd ref="4028755543"/>
  <tag k="building" v="yes"/>
  <tag k="source" v="cadastre-dgi-fr source : Direction Générale des Finances Publiques - Cadastre. Mise à jour : 2016"/>
 </way>
 <way id="400293160" visible="true" version="2" changeset="168606755" timestamp="2025-07-07T13:50:27Z" user="Ptigrouick" uid="195175">
  <nd ref="4028756655"/>
  <nd ref="4028756618"/>
  <nd ref="4028756607"/>
  <nd ref="4028756644"/>
  <nd ref="4028756655"/>
  <tag k="building" v="yes"/>
  <tag k="source" v="cadastre-dgi-fr source : Direction Générale des Finances Publiques - Cadastre. Mise à jour : 2016"/>
 </way>
 <way id="400293195" visible="true" version="1" changeset="37469739" timestamp="2016-02-26T19:31:54Z" user="Thierry_la_Fronde_12" uid="161646">
  <nd ref="4028755584"/>
  <nd ref="4028755625"/>
  <nd ref="4028755657"/>
  <nd ref="4028755674"/>
  <nd ref="4028755691"/>
  <nd ref="4028755660"/>
  <nd ref="4028755651"/>
  <nd ref="4028755629"/>
  <nd ref="4028755607"/>
  <nd ref="4028755584"/>
  <tag k="building" v="yes"/>
  <tag k="source" v="cadastre-dgi-fr source : Direction Générale des Finances Publiques - Cadastre. Mise à jour : 2016"/>
 </way>
 <way id="400716748" visible="true" version="1" changeset="37516119" timestamp="2016-02-29T08:25:45Z" user="Yod4z" uid="318821">
  <nd ref="4032457660"/>
  <nd ref="4032457661"/>
  <nd ref="4032457662"/>
  <nd ref="4032457663"/>
  <nd ref="4032457664"/>
  <nd ref="4032457665"/>
  <nd ref="4032457666"/>
  <nd ref="4032457667"/>
  <nd ref="4032457668"/>
  <nd ref="4032457669"/>
  <nd ref="4032457670"/>
  <nd ref="4032457671"/>
  <nd ref="4032457660"/>
  <tag k="landuse" v="forest"/>
  <tag k="source" v="bing 2016"/>
 </way>
 <way id="400716751" visible="true" version="2" changeset="109759009" timestamp="2021-08-16T15:43:08Z" user="Yod4z" uid="318821">
  <nd ref="4032457708"/>
  <nd ref="4032457709"/>
  <nd ref="4032457710"/>
  <nd ref="9010606985"/>
  <nd ref="4032457711"/>
  <nd ref="4032457712"/>
  <nd ref="4032457713"/>
  <nd ref="4032457714"/>
  <nd ref="4032457715"/>
  <nd ref="9010606956"/>
  <nd ref="4032457716"/>
  <nd ref="9010606983"/>
  <nd ref="9010606984"/>
  <nd ref="9010606982"/>
  <nd ref="4032457717"/>
  <nd ref="9010606981"/>
  <nd ref="9010606980"/>
  <nd ref="4032457718"/>
  <nd ref="4032457719"/>
  <nd ref="9010606979"/>
  <nd ref="4032457720"/>
  <nd ref="4032457721"/>
  <nd ref="4032457722"/>
  <nd ref="4032457723"/>
  <nd ref="4032457724"/>
  <nd ref="4032457725"/>
  <nd ref="4032457726"/>
  <nd ref="9010606978"/>
  <nd ref="4032457708"/>
  <tag k="landuse" v="forest"/>
  <tag k="source" v="bing 2016;ortho hr 2019"/>
 </way>
 <way id="460771659" visible="true" version="7" changeset="115672985" timestamp="2022-01-02T14:50:41Z" user="InfosReseaux" uid="93222">
  <nd ref="4563720041"/>
  <nd ref="6535366902"/>
  <nd ref="6535366901"/>
  <nd ref="6535366900"/>
  <nd ref="6535366899"/>
  <nd ref="6535366898"/>
  <nd ref="6535366897"/>
  <nd ref="6535366896"/>
  <nd ref="6535366895"/>
  <nd ref="6535366894"/>
  <nd ref="6535366893"/>
  <nd ref="6535366892"/>
  <nd ref="6535366891"/>
  <nd ref="6535366890"/>
  <nd ref="957538524"/>
  <nd ref="6535366889"/>
  <nd ref="6535366888"/>
  <nd ref="6535366887"/>
  <nd ref="6535366886"/>
  <nd ref="6535366885"/>
  <nd ref="6535366884"/>
  <nd ref="6535366883"/>
  <nd ref="6535366882"/>
  <nd ref="6535366881"/>
  <nd ref="6535366880"/>
  <nd ref="6535366879"/>
  <nd ref="6535366878"/>
  <nd ref="6535366877"/>
  <nd ref="6535366860"/>
  <nd ref="3519109154"/>
  <nd ref="3519109119"/>
  <nd ref="3519109120"/>
  <nd ref="3519109121"/>
  <nd ref="3519109122"/>
  <nd ref="3519109123"/>
  <nd ref="3519109124"/>
  <nd ref="3519109125"/>
  <nd ref="3519109126"/>
  <nd ref="3519109127"/>
  <nd ref="3519109128"/>
  <nd ref="3519109129"/>
  <nd ref="3519109130"/>
  <nd ref="3519109131"/>
  <nd ref="3519109132"/>
  <nd ref="6535366874"/>
  <nd ref="6535366873"/>
  <nd ref="6535366872"/>
  <nd ref="6535366871"/>
  <nd ref="8820384775"/>
  <nd ref="6535366870"/>
  <nd ref="6535366869"/>
  <nd ref="6535366868"/>
  <nd ref="6535366867"/>
  <nd ref="6535366866"/>
  <nd ref="6535366865"/>
  <nd ref="6535366864"/>
  <nd ref="6535366863"/>
  <nd ref="6535366862"/>
  <nd ref="6535366861"/>
  <nd ref="526847152"/>
  <nd ref="526847153"/>
  <nd ref="8820384574"/>
  <nd ref="526847154"/>
  <nd ref="526847155"/>
  <nd ref="522626822"/>
  <nd ref="1228578866"/>
  <nd ref="522626864"/>
  <nd ref="522626863"/>
  <nd ref="1228578838"/>
  <nd ref="522626862"/>
  <nd ref="1228578912"/>
  <nd ref="522626861"/>
  <nd ref="1228578880"/>
  <nd ref="1228578888"/>
  <nd ref="522626860"/>
  <nd ref="522626859"/>
  <nd ref="8820384573"/>
  <nd ref="522626858"/>
  <nd ref="8820384572"/>
  <nd ref="3519109156"/>
  <nd ref="522626857"/>
  <nd ref="522626856"/>
  <nd ref="522626855"/>
  <nd ref="522626854"/>
  <nd ref="522626853"/>
  <nd ref="522626851"/>
  <nd ref="522626850"/>
  <nd ref="522626849"/>
  <nd ref="522626848"/>
  <nd ref="522626847"/>
  <nd ref="8820384580"/>
  <nd ref="522626846"/>
  <nd ref="522626845"/>
  <nd ref="522626844"/>
  <nd ref="522626843"/>
  <nd ref="522626842"/>
  <nd ref="522626841"/>
  <nd ref="522626840"/>
  <nd ref="522626839"/>
  <nd ref="526847156"/>
  <nd ref="8820384653"/>
  <nd ref="8820384698"/>
  <nd ref="526847157"/>
  <nd ref="526847158"/>
  <nd ref="8820384692"/>
  <nd ref="526847159"/>
  <nd ref="8820384553"/>
  <nd ref="526847160"/>
  <nd ref="526847161"/>
  <nd ref="526847162"/>
  <nd ref="526847163"/>
  <nd ref="526847164"/>
  <nd ref="526847165"/>
  <nd ref="8820384552"/>
  <nd ref="526847167"/>
  <nd ref="526847168"/>
  <nd ref="526847169"/>
  <nd ref="3519109162"/>
  <nd ref="526847170"/>
  <nd ref="526847171"/>
  <nd ref="526847172"/>
  <nd ref="526847173"/>
  <nd ref="526847174"/>
  <nd ref="526847175"/>
  <nd ref="526847176"/>
  <nd ref="526847177"/>
  <nd ref="526847178"/>
  <nd ref="526847179"/>
  <nd ref="526847181"/>
  <nd ref="526847182"/>
  <nd ref="526847183"/>
  <nd ref="526847184"/>
  <nd ref="526847185"/>
  <nd ref="526847186"/>
  <nd ref="526847187"/>
  <nd ref="526847188"/>
  <nd ref="526847189"/>
  <nd ref="526847190"/>
  <nd ref="526847191"/>
  <nd ref="526847197"/>
  <nd ref="526847198"/>
  <nd ref="526847199"/>
  <nd ref="526847200"/>
  <nd ref="526847201"/>
  <nd ref="526847202"/>
  <nd ref="526847203"/>
  <nd ref="526847204"/>
  <nd ref="3519109163"/>
  <nd ref="526847205"/>
  <nd ref="8820384956"/>
  <nd ref="526847207"/>
  <nd ref="8820384991"/>
  <nd ref="526847208"/>
  <nd ref="8820384980"/>
  <nd ref="2514074172"/>
  <nd ref="526847212"/>
  <nd ref="526847213"/>
  <nd ref="2514074174"/>
  <nd ref="526847214"/>
  <nd ref="2514074177"/>
  <nd ref="526847215"/>
  <nd ref="526847216"/>
  <nd ref="526847217"/>
  <nd ref="526847218"/>
  <nd ref="2514074176"/>
  <nd ref="2514074173"/>
  <nd ref="526847219"/>
  <nd ref="526847221"/>
  <nd ref="6535367018"/>
  <nd ref="6535366849"/>
  <nd ref="4564812065"/>
  <nd ref="526847229"/>
  <nd ref="6535367015"/>
  <nd ref="6535367014"/>
  <nd ref="6535367016"/>
  <nd ref="526847233"/>
  <nd ref="6535367013"/>
  <nd ref="6535367012"/>
  <nd ref="6535367011"/>
  <nd ref="6535367010"/>
  <nd ref="8820365095"/>
  <nd ref="6535367009"/>
  <nd ref="6535367008"/>
  <nd ref="6535367007"/>
  <nd ref="6535367006"/>
  <nd ref="6535367005"/>
  <nd ref="6535367004"/>
  <nd ref="6535367003"/>
  <nd ref="6535367002"/>
  <nd ref="6535367001"/>
  <nd ref="6535367000"/>
  <nd ref="8820365096"/>
  <nd ref="6535366999"/>
  <nd ref="6535366998"/>
  <nd ref="6535366997"/>
  <nd ref="6535366996"/>
  <nd ref="8820365097"/>
  <nd ref="6535366995"/>
  <nd ref="6535366994"/>
  <nd ref="6535366993"/>
  <nd ref="6535366992"/>
  <nd ref="6535366991"/>
  <nd ref="6535366990"/>
  <nd ref="6535366989"/>
  <nd ref="6535366988"/>
  <nd ref="6535366987"/>
  <nd ref="6535366986"/>
  <nd ref="6535366985"/>
  <nd ref="6535366984"/>
  <nd ref="6535366983"/>
  <nd ref="6535366982"/>
  <nd ref="6535366981"/>
  <nd ref="6535366980"/>
  <nd ref="6535366979"/>
  <nd ref="6535366978"/>
  <nd ref="6535366977"/>
  <nd ref="6535366976"/>
  <nd ref="6535366975"/>
  <nd ref="6535366974"/>
  <nd ref="6535366973"/>
  <nd ref="6535366972"/>
  <nd ref="6535366971"/>
  <nd ref="6535366970"/>
  <nd ref="6535366969"/>
  <nd ref="6535366968"/>
  <nd ref="6535366967"/>
  <nd ref="6535366966"/>
  <nd ref="6535366965"/>
  <nd ref="6535366964"/>
  <nd ref="6535366963"/>
  <nd ref="6535366962"/>
  <nd ref="6535366961"/>
  <nd ref="6535366960"/>
  <nd ref="6535366959"/>
  <nd ref="6535366958"/>
  <nd ref="6535366957"/>
  <nd ref="6535366956"/>
  <nd ref="6535366955"/>
  <nd ref="6535366954"/>
  <nd ref="6535366953"/>
  <nd ref="6535366952"/>
  <nd ref="6535366951"/>
  <nd ref="6535366950"/>
  <nd ref="6535366949"/>
  <nd ref="6535366948"/>
  <nd ref="6535366947"/>
  <nd ref="6535366946"/>
  <nd ref="8820365101"/>
  <nd ref="6535366945"/>
  <nd ref="6535366944"/>
  <nd ref="6535366943"/>
  <nd ref="6535366942"/>
  <nd ref="6535366941"/>
  <nd ref="6535366940"/>
  <nd ref="6535366939"/>
  <nd ref="6535366938"/>
  <nd ref="6535366937"/>
  <nd ref="6535366936"/>
  <nd ref="6535366935"/>
  <nd ref="6535366934"/>
  <nd ref="6535366933"/>
  <nd ref="6535366932"/>
  <nd ref="6535366931"/>
  <nd ref="6535366930"/>
  <nd ref="6535366929"/>
  <nd ref="6535366928"/>
  <nd ref="6535366927"/>
  <nd ref="6535366926"/>
  <nd ref="6535366925"/>
  <nd ref="6535366924"/>
  <nd ref="6535366923"/>
  <nd ref="6535366922"/>
  <nd ref="6535366921"/>
  <nd ref="6535366920"/>
  <nd ref="6535366919"/>
  <nd ref="6535366918"/>
  <nd ref="6535366917"/>
  <nd ref="6535366916"/>
  <nd ref="6535366915"/>
  <nd ref="6535366914"/>
  <nd ref="6535366913"/>
  <nd ref="6535366912"/>
  <nd ref="6535366911"/>
  <nd ref="6535366910"/>
  <nd ref="6535366909"/>
  <nd ref="6535366908"/>
  <nd ref="6535366907"/>
  <nd ref="6535366906"/>
  <nd ref="6535366905"/>
  <nd ref="6535366904"/>
  <nd ref="6535366903"/>
  <nd ref="4563720030"/>
  <nd ref="4563720031"/>
  <nd ref="4563720026"/>
  <nd ref="4563720045"/>
  <nd ref="4563720038"/>
  <nd ref="4563720046"/>
  <nd ref="4563720041"/>
 </way>
 <way id="460911549" visible="true" version="4" changeset="180549033" timestamp="2026-03-28T16:09:22Z" user="AurélienQ" uid="14238921">
  <nd ref="4564933530"/>
  <nd ref="4564933504"/>
  <nd ref="9931863345"/>
  <nd ref="9931863344"/>
  <nd ref="9931863349"/>
  <nd ref="9931863350"/>
  <nd ref="9931863348"/>
  <nd ref="9931863347"/>
  <nd ref="9931863346"/>
  <nd ref="4564933529"/>
  <nd ref="9931863351"/>
  <nd ref="9931863352"/>
  <nd ref="9931863353"/>
  <nd ref="9931863354"/>
  <nd ref="4564933528"/>
  <nd ref="9931863355"/>
  <nd ref="9931863356"/>
  <nd ref="9931863357"/>
  <nd ref="9931863358"/>
  <nd ref="13686718161"/>
  <nd ref="4564933527"/>
  <nd ref="4564933526"/>
  <nd ref="4564933525"/>
  <nd ref="4564933524"/>
  <nd ref="4564933523"/>
  <nd ref="4564933522"/>
  <nd ref="4564933521"/>
  <nd ref="4564933520"/>
  <nd ref="4564933519"/>
  <nd ref="4564933518"/>
  <nd ref="9385752716"/>
  <tag k="name" v="Ruisseau des Vergnes"/>
  <tag k="source" v="cadastre-dgi-fr source : Direction Générale des Finances Publiques - Cadastre. Mise à jour : 2016;BDCarthage"/>
  <tag k="waterway" v="stream"/>
 </way>
 <way id="460911550" visible="true" version="1" changeset="44562817" timestamp="2016-12-21T11:12:47Z" user="Yod4z" uid="318821">
  <nd ref="957538664"/>
  <nd ref="4564933530"/>
  <tag k="layer" v="-1"/>
  <tag k="name" v="Ruisseau des Vergnes"/>
  <tag k="source" v="cadastre-dgi-fr source : Direction Générale des Finances Publiques - Cadastre. Mise à jour : 2016;BDCarthage"/>
  <tag k="tunnel" v="yes"/>
  <tag k="waterway" v="stream"/>
 </way>
 <way id="460911552" visible="true" version="1" changeset="44562817" timestamp="2016-12-21T11:12:47Z" user="Yod4z" uid="318821">
  <nd ref="4564933505"/>
  <nd ref="4564933506"/>
  <nd ref="4564933507"/>
  <nd ref="4564933508"/>
  <nd ref="4564933509"/>
  <nd ref="4564933510"/>
  <nd ref="4564933511"/>
  <nd ref="4564933512"/>
  <nd ref="4564933513"/>
  <nd ref="4564933514"/>
  <nd ref="4564933515"/>
  <nd ref="4564933516"/>
  <nd ref="4564933567"/>
  <nd ref="4564933566"/>
  <nd ref="4564933565"/>
  <nd ref="4564933564"/>
  <nd ref="4564933563"/>
  <nd ref="4564933562"/>
  <nd ref="4564933561"/>
  <nd ref="4564933560"/>
  <nd ref="4564933559"/>
  <nd ref="4564933558"/>
  <nd ref="4564933557"/>
  <nd ref="4564933556"/>
  <nd ref="4564933555"/>
  <nd ref="4564933554"/>
  <nd ref="4564933553"/>
  <nd ref="4564933552"/>
  <nd ref="4564933551"/>
  <nd ref="4564933550"/>
  <nd ref="4564933549"/>
  <nd ref="4564933548"/>
  <nd ref="4564933547"/>
  <nd ref="4564933546"/>
  <nd ref="4564933545"/>
  <nd ref="4564933544"/>
  <nd ref="4564933543"/>
  <nd ref="4564933542"/>
  <nd ref="4564933541"/>
  <nd ref="4564933540"/>
  <nd ref="4564933539"/>
  <nd ref="4564933538"/>
  <nd ref="4564933537"/>
  <nd ref="4564933536"/>
  <nd ref="4564933535"/>
  <nd ref="4564933534"/>
  <nd ref="4564933533"/>
  <nd ref="4564933532"/>
  <nd ref="4564933531"/>
  <nd ref="957538664"/>
  <tag k="name" v="Ruisseau des Vergnes"/>
  <tag k="source" v="cadastre-dgi-fr source : Direction Générale des Finances Publiques - Cadastre. Mise à jour : 2016;BDCarthage"/>
  <tag k="waterway" v="stream"/>
 </way>
 <way id="460920974" visible="true" version="6" changeset="187887276" timestamp="2026-08-23T13:16:50Z" user="MatthieuMartin" uid="46239">
  <nd ref="4565013701"/>
  <nd ref="4703792041"/>
  <nd ref="732723657"/>
  <nd ref="732724592"/>
  <nd ref="9010607091"/>
  <nd ref="732724178"/>
  <nd ref="732723751"/>
  <nd ref="732724702"/>
  <nd ref="732724278"/>
  <nd ref="732723849"/>
  <nd ref="732724522"/>
  <nd ref="9010607089"/>
  <nd ref="732724136"/>
  <nd ref="732723710"/>
  <nd ref="9010607088"/>
  <nd ref="732724662"/>
  <nd ref="732724236"/>
  <nd ref="9010607087"/>
  <nd ref="732723807"/>
  <nd ref="732724758"/>
  <nd ref="732724341"/>
  <nd ref="732723906"/>
  <nd ref="732724957"/>
  <nd ref="732724438"/>
  <nd ref="9010607086"/>
  <nd ref="732724063"/>
  <nd ref="732725158"/>
  <nd ref="732724569"/>
  <nd ref="732724157"/>
  <nd ref="732723730"/>
  <nd ref="13076278488"/>
  <nd ref="732725066"/>
  <nd ref="732724499"/>
  <nd ref="732724121"/>
  <nd ref="732723696"/>
  <nd ref="732724649"/>
  <nd ref="732724221"/>
  <nd ref="732723793"/>
  <nd ref="732724744"/>
  <nd ref="732724323"/>
  <nd ref="14115064341"/>
  <nd ref="732723891"/>
  <nd ref="732724928"/>
  <nd ref="732724422"/>
  <nd ref="732724043"/>
  <nd ref="732725116"/>
  <nd ref="732724536"/>
  <nd ref="732724142"/>
  <nd ref="732724799"/>
  <nd ref="732724383"/>
  <nd ref="732723978"/>
  <nd ref="732725025"/>
  <nd ref="732724480"/>
  <nd ref="732724101"/>
  <nd ref="732723675"/>
  <nd ref="732724609"/>
  <nd ref="732724196"/>
  <nd ref="732723770"/>
  <nd ref="732724721"/>
  <nd ref="732724298"/>
  <nd ref="732723868"/>
  <nd ref="732724817"/>
  <nd ref="9318406396"/>
  <nd ref="732724233"/>
  <tag k="highway" v="tertiary"/>
  <tag k="ref" v="D 111"/>
 </way>
 <way id="476959386" visible="true" version="1" changeset="46371969" timestamp="2017-02-24T16:09:04Z" user="Thierry_la_Fronde_12" uid="161646">
  <nd ref="1655783749"/>
  <nd ref="4703792043"/>
  <nd ref="4703792042"/>
  <tag k="highway" v="tertiary"/>
  <tag k="oneway" v="yes"/>
 </way>
 <way id="476959397" visible="true" version="1" changeset="46371969" timestamp="2017-02-24T16:09:05Z" user="Thierry_la_Fronde_12" uid="161646">
  <nd ref="732724233"/>
  <nd ref="732723890"/>
  <nd ref="1655783749"/>
  <tag k="highway" v="tertiary"/>
  <tag k="oneway" v="yes"/>
  <tag k="ref" v="D 111"/>
 </way>
 <way id="476959411" visible="true" version="2" changeset="114663604" timestamp="2021-12-07T14:29:19Z" user="Eric V" uid="163480">
  <nd ref="4703792045"/>
  <nd ref="9318406395"/>
  <nd ref="4703792046"/>
  <nd ref="4703792047"/>
  <nd ref="4703792048"/>
  <nd ref="4703792049"/>
  <nd ref="4703792050"/>
  <nd ref="4703792051"/>
  <nd ref="4703792052"/>
  <nd ref="4703792053"/>
  <nd ref="4703792054"/>
  <nd ref="4703792055"/>
  <nd ref="4703792056"/>
  <nd ref="4703792057"/>
  <nd ref="4703792058"/>
  <nd ref="4703792059"/>
  <nd ref="4703792060"/>
  <nd ref="4703792061"/>
  <nd ref="4703792062"/>
  <nd ref="4703792063"/>
  <nd ref="4703792064"/>
  <nd ref="4703792065"/>
  <nd ref="4703792066"/>
  <nd ref="4703792067"/>
  <nd ref="4703792068"/>
  <nd ref="4703792069"/>
  <nd ref="4703792070"/>
  <nd ref="4703792071"/>
  <nd ref="4703792072"/>
  <nd ref="4703792073"/>
  <nd ref="4703792074"/>
  <nd ref="4703792075"/>
  <nd ref="4703792076"/>
  <nd ref="4703792077"/>
  <nd ref="4703792078"/>
  <nd ref="4703792079"/>
  <nd ref="4703792080"/>
  <nd ref="4703792081"/>
  <nd ref="4703792082"/>
  <nd ref="4703792083"/>
  <nd ref="4703792084"/>
  <nd ref="4703792085"/>
  <nd ref="4703792086"/>
  <nd ref="4703792087"/>
  <nd ref="4703792088"/>
  <tag k="highway" v="service"/>
 </way>
 <way id="589093427" visible="true" version="8" changeset="139022409" timestamp="2023-07-26T07:24:24Z" user="phd0" uid="459331">
  <nd ref="1227760421"/>
  <nd ref="1227760432"/>
  <nd ref="1227760443"/>
  <nd ref="4504419997"/>
  <nd ref="4504419996"/>
  <nd ref="1227760450"/>
  <nd ref="11068335506"/>
  <nd ref="1227760448"/>
  <nd ref="1227760457"/>
  <nd ref="11068345738"/>
  <nd ref="1227760452"/>
  <nd ref="1227760436"/>
  <nd ref="2612026045"/>
  <nd ref="2612026046"/>
  <nd ref="1227760413"/>
  <nd ref="11068345017"/>
  <nd ref="1227760411"/>
  <nd ref="1227760419"/>
  <nd ref="1227760417"/>
  <nd ref="2210540011"/>
  <nd ref="1227760418"/>
  <nd ref="1227760428"/>
  <nd ref="1227760468"/>
  <nd ref="1227760438"/>
  <nd ref="1227760466"/>
  <nd ref="1227760456"/>
  <nd ref="1227760462"/>
  <nd ref="1227760451"/>
  <nd ref="1227760440"/>
  <nd ref="1227760431"/>
  <nd ref="11023952832"/>
  <nd ref="1227760444"/>
  <nd ref="1227760433"/>
  <nd ref="4767757176"/>
  <nd ref="4783041023"/>
  <nd ref="4783041022"/>
  <nd ref="1273659290"/>
  <nd ref="4767762503"/>
  <nd ref="4767763122"/>
  <nd ref="1273659390"/>
  <nd ref="1273659364"/>
  <nd ref="4783040305"/>
  <nd ref="4767760495"/>
  <nd ref="1273659366"/>
  <nd ref="11023952833"/>
  <nd ref="11023952834"/>
  <nd ref="1273659396"/>
  <nd ref="1273659375"/>
  <nd ref="11023952835"/>
  <nd ref="11023952836"/>
  <nd ref="11023952837"/>
  <nd ref="1273659350"/>
  <nd ref="11023952838"/>
  <nd ref="4783039932"/>
  <nd ref="1227307202"/>
  <nd ref="1227307312"/>
  <nd ref="11023952839"/>
  <nd ref="11023952840"/>
  <nd ref="1227307252"/>
  <nd ref="1227307231"/>
  <nd ref="1227307151"/>
  <nd ref="1227307270"/>
  <nd ref="1227307192"/>
  <nd ref="11023952841"/>
  <nd ref="1227307183"/>
  <nd ref="1283621499"/>
  <nd ref="1227307317"/>
  <nd ref="8284471979"/>
  <nd ref="1227307329"/>
  <nd ref="1227307161"/>
  <nd ref="1273659285"/>
  <nd ref="1273659296"/>
  <tag k="cables" v="3"/>
  <tag k="layer" v="1"/>
  <tag k="operator" v="RTE"/>
  <tag k="operator:wikidata" v="Q2178795"/>
  <tag k="power" v="line"/>
  <tag k="voltage" v="225000"/>
 </way>
 <way id="695976753" visible="true" version="1" changeset="71073939" timestamp="2019-06-09T15:16:57Z" user="InfosReseaux" uid="93222">
  <nd ref="957538449"/>
  <nd ref="957538937"/>
  <nd ref="957538879"/>
  <nd ref="957538835"/>
  <nd ref="957538785"/>
  <nd ref="957538722"/>
  <nd ref="957538664"/>
  <nd ref="957538610"/>
  <nd ref="957538555"/>
  <nd ref="957538582"/>
  <nd ref="957538520"/>
  <nd ref="957538480"/>
  <nd ref="957538974"/>
  <nd ref="957538913"/>
  <nd ref="957538867"/>
  <nd ref="957538818"/>
  <nd ref="957538762"/>
  <nd ref="957538524"/>
  <nd ref="6535366889"/>
  <nd ref="6535366888"/>
  <nd ref="6535366887"/>
  <nd ref="6535366886"/>
  <nd ref="6535366885"/>
  <nd ref="6535366884"/>
  <nd ref="6535366883"/>
  <nd ref="6535366882"/>
  <nd ref="6535366881"/>
  <nd ref="6535366880"/>
  <nd ref="6535366879"/>
  <nd ref="6535366878"/>
  <nd ref="6535366877"/>
  <nd ref="6535366860"/>
  <nd ref="6535366876"/>
  <nd ref="6535366875"/>
  <nd ref="957538449"/>
  <tag k="layer" v="2"/>
  <tag k="source" v="cadastre-dgi-fr source : Direction Générale des Impôts - Cadastre. Mise à jour : 2010"/>
  <tag k="waterway" v="dam"/>
 </way>
 <way id="882282686" visible="true" version="4" changeset="166933340" timestamp="2025-05-29T16:56:28Z" user="reytrace" uid="8069409">
  <nd ref="8204991719"/>
  <nd ref="8204991718"/>
  <nd ref="8204991717"/>
  <nd ref="8204975916"/>
  <nd ref="957538657"/>
  <nd ref="957538597"/>
  <nd ref="957538935"/>
  <nd ref="8204975915"/>
  <nd ref="8204975914"/>
  <nd ref="9924014440"/>
  <nd ref="9924014438"/>
  <nd ref="864818377"/>
  <nd ref="8204975913"/>
  <nd ref="8204975912"/>
  <nd ref="8204975911"/>
  <nd ref="8204975910"/>
  <nd ref="8204975909"/>
  <nd ref="8204975908"/>
  <nd ref="8204975907"/>
  <nd ref="8204975906"/>
  <nd ref="8204991719"/>
  <tag k="addr:city" v="Saint-Symphorien-de-Thénières"/>
  <tag k="addr:country" v="FR"/>
  <tag k="addr:postcode" v="12460"/>
  <tag k="caravans" v="yes"/>
  <tag k="contact:email" v="info@camping-saintgervais.com"/>
  <tag k="contact:phone" v="+33565448243"/>
  <tag k="drinking_water" v="yes"/>
  <tag k="name" v="Camping Saint-Gervais"/>
  <tag k="scout" v="no"/>
  <tag k="tents" v="yes"/>
  <tag k="tourism" v="camp_site"/>
  <tag k="url" v="http://campings.blogs.com/saintgervais/"/>
  <tag k="wheelchair" v="no"/>
 </way>
 <way id="973568046" visible="true" version="3" changeset="136275081" timestamp="2023-05-18T22:13:30Z" user="InfosReseaux" uid="93222">
  <nd ref="9318406389"/>
  <nd ref="9318406390"/>
  <nd ref="9318406391"/>
  <nd ref="9318406392"/>
  <nd ref="9318406393"/>
  <nd ref="9318406394"/>
  <nd ref="9010537049"/>
  <nd ref="9010537048"/>
  <nd ref="9010537047"/>
  <nd ref="9010537046"/>
  <nd ref="9010537045"/>
  <nd ref="9010537044"/>
  <nd ref="9010537043"/>
  <nd ref="9010537042"/>
  <nd ref="9010537041"/>
  <nd ref="9010537040"/>
  <nd ref="9010537039"/>
  <nd ref="9010537038"/>
  <nd ref="9010537037"/>
  <nd ref="9010537036"/>
  <nd ref="9010537035"/>
  <nd ref="9010537034"/>
  <nd ref="9010537033"/>
  <nd ref="9010537032"/>
  <nd ref="9010537059"/>
  <nd ref="9010537060"/>
  <nd ref="9010537061"/>
  <nd ref="9010537062"/>
  <nd ref="9010537063"/>
  <nd ref="9010537064"/>
  <nd ref="9010537065"/>
  <nd ref="9010537066"/>
  <nd ref="9010537067"/>
  <nd ref="9010537068"/>
  <tag k="cables" v="3"/>
  <tag k="operator" v="Enedis"/>
  <tag k="operator:wikidata" v="Q3587594"/>
  <tag k="power" v="minor_line"/>
  <tag k="source" v="ortho hr 2019"/>
  <tag k="voltage" v="20000"/>
 </way>
 <way id="973568053" visible="true" version="1" changeset="109757271" timestamp="2021-08-16T15:06:41Z" user="Yod4z" uid="318821">
  <nd ref="9010537107"/>
  <nd ref="9010537108"/>
  <nd ref="9010537109"/>
  <nd ref="9010537110"/>
  <nd ref="9010537111"/>
  <nd ref="9010537107"/>
  <tag k="landuse" v="forest"/>
  <tag k="source" v="ortho hr 2019"/>
 </way>
 <way id="973568119" visible="true" version="1" changeset="109757286" timestamp="2021-08-16T15:06:56Z" user="Remigribi" uid="10489937">
  <nd ref="9010525136"/>
  <nd ref="9010525137"/>
  <nd ref="9010525138"/>
  <nd ref="9010525139"/>
  <nd ref="9010525140"/>
  <nd ref="9010525141"/>
  <nd ref="9010525142"/>
  <nd ref="9010525143"/>
  <nd ref="3519081378"/>
  <nd ref="9010525136"/>
  <tag k="fee" v="no"/>
  <tag k="leisure" v="swimming_area"/>
  <tag k="supervised" v="yes"/>
 </way>
 <way id="973576556" visible="true" version="1" changeset="109759009" timestamp="2021-08-16T15:43:08Z" user="Yod4z" uid="318821">
  <nd ref="9010606986"/>
  <nd ref="9010606987"/>
  <nd ref="9010606988"/>
  <nd ref="9010606989"/>
  <nd ref="9010606986"/>
  <tag k="landuse" v="forest"/>
  <tag k="source" v="ortho hr 2019"/>
 </way>
 <way id="973576557" visible="true" version="1" changeset="109759009" timestamp="2021-08-16T15:43:08Z" user="Yod4z" uid="318821">
  <nd ref="9010606990"/>
  <nd ref="9010606991"/>
  <nd ref="9010606992"/>
  <nd ref="9010606993"/>
  <nd ref="9010606994"/>
  <nd ref="9010606995"/>
  <nd ref="9010606996"/>
  <nd ref="9010606990"/>
  <tag k="landuse" v="forest"/>
  <tag k="source" v="ortho hr 2019"/>
 </way>
 <way id="973576558" visible="true" version="1" changeset="109759009" timestamp="2021-08-16T15:43:08Z" user="Yod4z" uid="318821">
  <nd ref="9010606997"/>
  <nd ref="9010606998"/>
  <nd ref="9010606999"/>
  <nd ref="9010607000"/>
  <nd ref="9010607001"/>
  <nd ref="9010607002"/>
  <nd ref="9010607003"/>
  <nd ref="9010607004"/>
  <nd ref="9010607005"/>
  <nd ref="9010607006"/>
  <nd ref="9010607007"/>
  <nd ref="9010607008"/>
  <nd ref="9010607009"/>
  <nd ref="9010607010"/>
  <nd ref="9010607011"/>
  <nd ref="9010607012"/>
  <nd ref="9010607013"/>
  <nd ref="9010607014"/>
  <nd ref="9010607015"/>
  <nd ref="9010607016"/>
  <nd ref="9010606997"/>
  <tag k="landuse" v="forest"/>
  <tag k="source" v="ortho hr 2019"/>
 </way>
 <way id="973576559" visible="true" version="1" changeset="109759009" timestamp="2021-08-16T15:43:08Z" user="Yod4z" uid="318821">
  <nd ref="9010607017"/>
  <nd ref="9010607018"/>
  <nd ref="9010607019"/>
  <nd ref="9010607020"/>
  <nd ref="9010607021"/>
  <nd ref="9010607022"/>
  <nd ref="9010607023"/>
  <nd ref="9010607024"/>
  <nd ref="9010607025"/>
  <nd ref="9010607026"/>
  <nd ref="9010607027"/>
  <nd ref="9010607028"/>
  <nd ref="9010607029"/>
  <nd ref="9010607030"/>
  <nd ref="9010607031"/>
  <nd ref="9010607032"/>
  <nd ref="9010607033"/>
  <nd ref="9010607034"/>
  <nd ref="9010607035"/>
  <nd ref="9010607036"/>
  <nd ref="9010607037"/>
  <nd ref="9010607038"/>
  <nd ref="9010607039"/>
  <nd ref="9010607017"/>
  <tag k="landuse" v="forest"/>
  <tag k="source" v="ortho hr 2019"/>
 </way>
 <way id="973576560" visible="true" version="1" changeset="109759009" timestamp="2021-08-16T15:43:08Z" user="Yod4z" uid="318821">
  <nd ref="9010607040"/>
  <nd ref="9010607041"/>
  <nd ref="9010607042"/>
  <nd ref="9010607043"/>
  <nd ref="9010607044"/>
  <nd ref="9010607045"/>
  <nd ref="9010607046"/>
  <nd ref="9010607047"/>
  <nd ref="9010607048"/>
  <nd ref="9010607049"/>
  <nd ref="9010607050"/>
  <nd ref="9010607051"/>
  <nd ref="9010607052"/>
  <nd ref="9010607053"/>
  <nd ref="9010607054"/>
  <nd ref="9010607055"/>
  <nd ref="9010607056"/>
  <nd ref="9010607057"/>
  <nd ref="9010607058"/>
  <nd ref="9010607059"/>
  <nd ref="9010607060"/>
  <nd ref="9010607061"/>
  <nd ref="9010607062"/>
  <nd ref="9010607063"/>
  <nd ref="9010607064"/>
  <nd ref="9010607065"/>
  <nd ref="9010607040"/>
  <tag k="landuse" v="forest"/>
  <tag k="source" v="ortho hr 2019"/>
 </way>
 <way id="973576561" visible="true" version="1" changeset="109759009" timestamp="2021-08-16T15:43:08Z" user="Yod4z" uid="318821">
  <nd ref="9010607066"/>
  <nd ref="9010607067"/>
  <nd ref="9010607068"/>
  <nd ref="9010607069"/>
  <nd ref="9010607070"/>
  <nd ref="9010607071"/>
  <nd ref="9010607072"/>
  <nd ref="9010607066"/>
  <tag k="landuse" v="forest"/>
 </way>
 <way id="973576562" visible="true" version="1" changeset="109759009" timestamp="2021-08-16T15:43:08Z" user="Yod4z" uid="318821">
  <nd ref="9010607073"/>
  <nd ref="9010607074"/>
  <nd ref="9010607075"/>
  <nd ref="9010607076"/>
  <nd ref="9010607077"/>
  <nd ref="9010607078"/>
  <nd ref="9010607079"/>
  <nd ref="9010607080"/>
  <nd ref="9010607081"/>
  <nd ref="9010607073"/>
  <tag k="landuse" v="forest"/>
 </way>
 <way id="973576563" visible="true" version="1" changeset="109759009" timestamp="2021-08-16T15:43:08Z" user="Yod4z" uid="318821">
  <nd ref="9010607092"/>
  <nd ref="9010607093"/>
  <nd ref="9010607094"/>
  <nd ref="9010607095"/>
  <nd ref="9010607096"/>
  <nd ref="9010607097"/>
  <nd ref="9010607098"/>
  <nd ref="9010607099"/>
  <nd ref="9010607100"/>
  <nd ref="9010607101"/>
  <nd ref="9010607102"/>
  <nd ref="9010607103"/>
  <nd ref="9010607104"/>
  <nd ref="9010607105"/>
  <nd ref="9010607106"/>
  <nd ref="9010607107"/>
  <nd ref="9010607108"/>
  <nd ref="9010607109"/>
  <nd ref="9010607110"/>
  <nd ref="9010607111"/>
  <nd ref="9010607112"/>
  <nd ref="9010607113"/>
  <nd ref="9010607114"/>
  <nd ref="9010607115"/>
  <nd ref="9010607116"/>
  <nd ref="9010607117"/>
  <nd ref="9010607118"/>
  <nd ref="9010607119"/>
  <nd ref="9010607120"/>
  <nd ref="9010607121"/>
  <nd ref="9010607122"/>
  <nd ref="9010607123"/>
  <nd ref="9010607124"/>
  <nd ref="9010607125"/>
  <nd ref="9010607126"/>
  <nd ref="9010607127"/>
  <nd ref="9010607128"/>
  <nd ref="9010607129"/>
  <nd ref="9010607130"/>
  <nd ref="9010607131"/>
  <nd ref="9010607132"/>
  <nd ref="9010607133"/>
  <nd ref="9010607134"/>
  <nd ref="9010607135"/>
  <nd ref="9010607136"/>
  <nd ref="9010607137"/>
  <nd ref="9010607092"/>
  <tag k="landuse" v="forest"/>
  <tag k="source" v="ortho hr 2019"/>
 </way>
 <way id="973576564" visible="true" version="1" changeset="109759009" timestamp="2021-08-16T15:43:08Z" user="Yod4z" uid="318821">
  <nd ref="961620032"/>
  <nd ref="9010607141"/>
  <nd ref="9010607142"/>
  <nd ref="9010607143"/>
  <nd ref="9010607144"/>
  <nd ref="9010607145"/>
  <nd ref="9010607146"/>
  <nd ref="9010607147"/>
  <nd ref="9010607148"/>
  <nd ref="9010607149"/>
  <nd ref="9010607150"/>
  <nd ref="9010607151"/>
  <nd ref="9010607152"/>
  <tag k="highway" v="unclassified"/>
  <tag k="source" v="ortho hr 2019"/>
 </way>
 <way id="973576565" visible="true" version="1" changeset="109759009" timestamp="2021-08-16T15:43:08Z" user="Yod4z" uid="318821">
  <nd ref="9010607153"/>
  <nd ref="9010607154"/>
  <nd ref="9010607155"/>
  <nd ref="9010607156"/>
  <nd ref="9010607157"/>
  <nd ref="9010607158"/>
  <nd ref="9010607153"/>
  <tag k="landuse" v="forest"/>
 </way>
 <way id="973576566" visible="true" version="1" changeset="109759009" timestamp="2021-08-16T15:43:08Z" user="Yod4z" uid="318821">
  <nd ref="9010607159"/>
  <nd ref="9010607160"/>
  <nd ref="9010607161"/>
  <nd ref="9010607162"/>
  <nd ref="9010607163"/>
  <nd ref="9010607164"/>
  <nd ref="9010607165"/>
  <nd ref="9010607166"/>
  <nd ref="9010607167"/>
  <nd ref="9010607168"/>
  <nd ref="9010607169"/>
  <nd ref="9010607170"/>
  <nd ref="9010607171"/>
  <nd ref="9010607172"/>
  <nd ref="9010607173"/>
  <nd ref="9010607174"/>
  <nd ref="9010607175"/>
  <nd ref="9010607176"/>
  <nd ref="9010607159"/>
  <tag k="landuse" v="forest"/>
  <tag k="source" v="ortho hr 2019"/>
 </way>
 <way id="973576569" visible="true" version="1" changeset="109759009" timestamp="2021-08-16T15:43:08Z" user="Yod4z" uid="318821">
  <nd ref="9010607204"/>
  <nd ref="9010607205"/>
  <nd ref="9010607206"/>
  <nd ref="9010607207"/>
  <nd ref="9010607208"/>
  <nd ref="9010607209"/>
  <nd ref="9010607210"/>
  <nd ref="9010607211"/>
  <nd ref="9010607212"/>
  <nd ref="9010607213"/>
  <nd ref="9010607214"/>
  <nd ref="9010607215"/>
  <nd ref="9010607216"/>
  <nd ref="9010607217"/>
  <nd ref="9010607218"/>
  <nd ref="9010607219"/>
  <nd ref="9010607220"/>
  <nd ref="9010607221"/>
  <nd ref="9010607222"/>
  <nd ref="9010607223"/>
  <nd ref="9010607224"/>
  <nd ref="9010607225"/>
  <nd ref="9010607226"/>
  <nd ref="9010607227"/>
  <nd ref="9010607228"/>
  <nd ref="9010607229"/>
  <nd ref="9010607230"/>
  <nd ref="9010607231"/>
  <nd ref="9010607232"/>
  <nd ref="9010607233"/>
  <nd ref="9010607234"/>
  <nd ref="9010607235"/>
  <nd ref="9010607236"/>
  <nd ref="9010607237"/>
  <nd ref="9010607238"/>
  <nd ref="9010607239"/>
  <nd ref="9010607240"/>
  <nd ref="9010607241"/>
  <nd ref="9010607242"/>
  <nd ref="9010607243"/>
  <nd ref="9010607244"/>
  <nd ref="9010607245"/>
  <nd ref="9010607246"/>
  <nd ref="9010607247"/>
  <nd ref="9010607248"/>
  <nd ref="9010607249"/>
  <nd ref="9010607250"/>
  <nd ref="9010607204"/>
 </way>
 <way id="973576570" visible="true" version="1" changeset="109759009" timestamp="2021-08-16T15:43:08Z" user="Yod4z" uid="318821">
  <nd ref="9010607251"/>
  <nd ref="9010607252"/>
  <nd ref="9010607253"/>
  <nd ref="9010607254"/>
  <nd ref="9010607255"/>
  <nd ref="9010607256"/>
  <nd ref="9010607257"/>
  <nd ref="9010607258"/>
  <nd ref="9010607259"/>
  <nd ref="9010607260"/>
  <nd ref="9010607251"/>
  <tag k="landuse" v="grass"/>
  <tag k="source" v="ortho hr 2019"/>
 </way>
 <way id="1009950279" visible="true" version="2" changeset="124331770" timestamp="2022-08-01T08:16:56Z" user="maferikotupi" uid="2115804">
  <nd ref="1655783749"/>
  <nd ref="4703792045"/>
  <nd ref="1655782699"/>
  <nd ref="1655782829"/>
  <nd ref="1655782631"/>
  <nd ref="1655783094"/>
  <nd ref="1655782665"/>
  <nd ref="1655782964"/>
  <nd ref="1655783791"/>
  <nd ref="1655783788"/>
  <nd ref="3995773381"/>
  <nd ref="1655783806"/>
  <nd ref="1655783431"/>
  <nd ref="1655783787"/>
  <nd ref="1655783376"/>
  <nd ref="1655783700"/>
  <nd ref="1655782620"/>
  <nd ref="9923948203"/>
  <nd ref="1655782938"/>
  <nd ref="1655783638"/>
  <nd ref="1655784298"/>
  <nd ref="9923948204"/>
  <nd ref="1655783594"/>
  <nd ref="973838501"/>
  <nd ref="1655783298"/>
  <nd ref="9923948205"/>
  <nd ref="1655783201"/>
  <nd ref="1655784049"/>
  <nd ref="1655784080"/>
  <nd ref="1655783697"/>
  <nd ref="1655782667"/>
  <nd ref="1655782678"/>
  <nd ref="9923985255"/>
  <nd ref="9923985243"/>
  <nd ref="1655783227"/>
  <nd ref="9923985252"/>
  <nd ref="1655784336"/>
  <nd ref="1655782944"/>
  <nd ref="1655782969"/>
  <nd ref="9923985256"/>
  <nd ref="1655782642"/>
  <nd ref="9923985257"/>
  <nd ref="1655782974"/>
  <nd ref="1655784433"/>
  <nd ref="1655782684"/>
  <nd ref="1655783640"/>
  <nd ref="1655784401"/>
  <nd ref="9923985258"/>
  <nd ref="1655782680"/>
  <nd ref="1655783549"/>
  <nd ref="1655784161"/>
  <nd ref="1655783318"/>
  <nd ref="1655783247"/>
  <nd ref="1655782654"/>
  <nd ref="1655784153"/>
  <nd ref="1655783724"/>
  <nd ref="9923985259"/>
  <nd ref="1655784422"/>
  <nd ref="9923985260"/>
  <nd ref="1655782617"/>
  <nd ref="1655783275"/>
  <nd ref="9923985261"/>
  <nd ref="1655782648"/>
  <nd ref="9923985262"/>
  <nd ref="1655783505"/>
  <nd ref="9923985274"/>
  <nd ref="9923985263"/>
  <nd ref="1655783359"/>
  <nd ref="1655784472"/>
  <nd ref="1655782945"/>
  <nd ref="1655782904"/>
  <nd ref="1655782706"/>
  <nd ref="1655783882"/>
  <nd ref="9923985279"/>
  <nd ref="9923985275"/>
  <nd ref="1655783927"/>
  <nd ref="1655784151"/>
  <nd ref="1655784325"/>
  <nd ref="9923985280"/>
  <nd ref="1655783235"/>
  <nd ref="1655783941"/>
  <nd ref="9923985281"/>
  <nd ref="9923985283"/>
  <nd ref="1655783484"/>
  <nd ref="1655784439"/>
  <nd ref="1655782618"/>
  <nd ref="1655782582"/>
  <nd ref="1655783445"/>
  <nd ref="1655783898"/>
  <nd ref="1655782614"/>
  <nd ref="1655783897"/>
  <nd ref="1655783636"/>
  <nd ref="1655782781"/>
  <nd ref="9923985284"/>
  <nd ref="1655783046"/>
  <nd ref="1655783840"/>
  <nd ref="1655783045"/>
  <nd ref="1655783717"/>
  <nd ref="9318436717"/>
  <nd ref="9923985285"/>
  <nd ref="1655783467"/>
  <tag k="highway" v="tertiary"/>
  <tag k="ref" v="D 111"/>
  <tag k="surface" v="asphalt"/>
 </way>
 <way id="1009952373" visible="true" version="3" changeset="183129218" timestamp="2026-05-24T22:32:53Z" user="InfosReseaux" uid="93222">
  <nd ref="9318411756"/>
  <nd ref="9318411757"/>
  <nd ref="9318411758"/>
  <nd ref="9318411759"/>
  <nd ref="9318411760"/>
  <nd ref="9318411761"/>
  <nd ref="9318411762"/>
  <nd ref="9318411763"/>
  <nd ref="9318411764"/>
  <nd ref="9318411765"/>
  <nd ref="9318411766"/>
  <nd ref="9318411767"/>
  <nd ref="9318411768"/>
  <nd ref="9318411769"/>
  <tag k="cables" v="3"/>
  <tag k="operator" v="Enedis"/>
  <tag k="operator:wikidata" v="Q3587594"/>
  <tag k="power" v="minor_line"/>
  <tag k="voltage" v="20000"/>
 </way>
 <way id="1009952374" visible="true" version="3" changeset="183129218" timestamp="2026-05-24T22:32:53Z" user="InfosReseaux" uid="93222">
  <nd ref="9318411762"/>
  <nd ref="9318411771"/>
  <nd ref="9318411772"/>
  <nd ref="9318411773"/>
  <nd ref="9318411774"/>
  <tag k="cables" v="3"/>
  <tag k="operator" v="Enedis"/>
  <tag k="operator:wikidata" v="Q3587594"/>
  <tag k="power" v="minor_line"/>
  <tag k="voltage" v="20000"/>
 </way>
 <way id="1009952376" visible="true" version="3" changeset="183129218" timestamp="2026-05-24T22:32:53Z" user="InfosReseaux" uid="93222">
  <nd ref="9318411766"/>
  <nd ref="9318411779"/>
  <tag k="cables" v="3"/>
  <tag k="operator" v="Enedis"/>
  <tag k="operator:wikidata" v="Q3587594"/>
  <tag k="power" v="minor_line"/>
  <tag k="voltage" v="20000"/>
 </way>
 <way id="1009952377" visible="true" version="3" changeset="183129218" timestamp="2026-05-24T22:32:53Z" user="InfosReseaux" uid="93222">
  <nd ref="9318411767"/>
  <nd ref="9318411781"/>
  <nd ref="9318411782"/>
  <nd ref="9318411783"/>
  <nd ref="9318411784"/>
  <nd ref="9318411785"/>
  <nd ref="9318411786"/>
  <tag k="cables" v="3"/>
  <tag k="operator" v="Enedis"/>
  <tag k="operator:wikidata" v="Q3587594"/>
  <tag k="power" v="minor_line"/>
  <tag k="voltage" v="20000"/>
 </way>
 <way id="1078667209" visible="true" version="8" changeset="175279285" timestamp="2025-11-29T15:01:34Z" user="InfosReseaux" uid="93222">
  <nd ref="941393346"/>
  <nd ref="941393399"/>
  <nd ref="941393267"/>
  <nd ref="941393375"/>
  <nd ref="966762866"/>
  <nd ref="1268205668"/>
  <nd ref="966763578"/>
  <nd ref="1268205719"/>
  <nd ref="1268205703"/>
  <nd ref="1268205705"/>
  <nd ref="1268205592"/>
  <nd ref="1268205754"/>
  <nd ref="1268205713"/>
  <nd ref="1268205664"/>
  <nd ref="1268205581"/>
  <nd ref="1268205543"/>
  <nd ref="1268205727"/>
  <nd ref="1268205609"/>
  <nd ref="1268205660"/>
  <nd ref="1268205526"/>
  <nd ref="1268205538"/>
  <nd ref="1268205555"/>
  <nd ref="1268205620"/>
  <nd ref="1268205572"/>
  <nd ref="1268205751"/>
  <nd ref="1271048410"/>
  <nd ref="1271048370"/>
  <nd ref="2210539998"/>
  <nd ref="1271048348"/>
  <nd ref="1271048395"/>
  <nd ref="1271048367"/>
  <nd ref="1271048414"/>
  <nd ref="1271048376"/>
  <nd ref="1271048378"/>
  <nd ref="2210539999"/>
  <nd ref="2210540000"/>
  <nd ref="1271048349"/>
  <nd ref="1271048396"/>
  <nd ref="2210540001"/>
  <nd ref="2210540002"/>
  <nd ref="1271048366"/>
  <nd ref="1271048412"/>
  <nd ref="1271048386"/>
  <nd ref="1271048354"/>
  <nd ref="1271048405"/>
  <nd ref="2210540003"/>
  <nd ref="1271048373"/>
  <nd ref="2210540004"/>
  <nd ref="2210540005"/>
  <nd ref="1271048368"/>
  <nd ref="1271048346"/>
  <nd ref="1273579397"/>
  <nd ref="1271048394"/>
  <nd ref="1273579416"/>
  <nd ref="1273579389"/>
  <nd ref="1273579513"/>
  <nd ref="1273579425"/>
  <nd ref="1273579460"/>
  <nd ref="1273579395"/>
  <nd ref="1273579408"/>
  <nd ref="1273579401"/>
  <nd ref="1273579501"/>
  <nd ref="1273579482"/>
  <nd ref="1273579429"/>
  <nd ref="1273579423"/>
  <nd ref="1273579511"/>
  <nd ref="1273579499"/>
  <nd ref="1273579468"/>
  <nd ref="1273579455"/>
  <nd ref="1273579414"/>
  <nd ref="1273579406"/>
  <nd ref="1273579508"/>
  <nd ref="1273579496"/>
  <nd ref="1273579438"/>
  <nd ref="1273579437"/>
  <nd ref="1273579479"/>
  <nd ref="1273579405"/>
  <nd ref="1273579399"/>
  <nd ref="1273579493"/>
  <nd ref="1273579478"/>
  <nd ref="1273579427"/>
  <nd ref="1273579419"/>
  <nd ref="1273579390"/>
  <nd ref="1227760463"/>
  <nd ref="2210540006"/>
  <nd ref="2210540007"/>
  <nd ref="4767747989"/>
  <nd ref="4767752421"/>
  <nd ref="2210540008"/>
  <nd ref="1227760473"/>
  <nd ref="1227760437"/>
  <nd ref="2210540009"/>
  <nd ref="1227760434"/>
  <nd ref="2210540010"/>
  <nd ref="1227760446"/>
  <nd ref="1227760454"/>
  <nd ref="4767757125"/>
  <nd ref="4767757124"/>
  <nd ref="4767757123"/>
  <nd ref="1227760412"/>
  <nd ref="4767757122"/>
  <nd ref="1227760465"/>
  <nd ref="1227760461"/>
  <nd ref="1227760471"/>
  <nd ref="1227760416"/>
  <nd ref="1227760425"/>
  <nd ref="1227760420"/>
  <nd ref="1227760430"/>
  <nd ref="4767757121"/>
  <nd ref="1227760445"/>
  <nd ref="2210540012"/>
  <nd ref="1227760455"/>
  <nd ref="1227760464"/>
  <nd ref="1227760460"/>
  <nd ref="1227760470"/>
  <nd ref="1227760415"/>
  <nd ref="1227760423"/>
  <nd ref="1227760441"/>
  <nd ref="1227760447"/>
  <nd ref="1227760458"/>
  <nd ref="1227760449"/>
  <nd ref="1227760435"/>
  <nd ref="1227760426"/>
  <nd ref="4767758526"/>
  <nd ref="1227760422"/>
  <nd ref="4767757175"/>
  <nd ref="4767757174"/>
  <nd ref="4767757177"/>
  <nd ref="1273659268"/>
  <nd ref="4767762504"/>
  <nd ref="4767763121"/>
  <nd ref="1273659409"/>
  <nd ref="1273659373"/>
  <nd ref="1273659266"/>
  <nd ref="4767760496"/>
  <nd ref="1273659275"/>
  <nd ref="4767764626"/>
  <nd ref="4767764231"/>
  <nd ref="1273659353"/>
  <nd ref="1273659304"/>
  <nd ref="1273659367"/>
  <nd ref="2210540013"/>
  <nd ref="1273659407"/>
  <nd ref="2210540014"/>
  <nd ref="1273659272"/>
  <nd ref="1227307186"/>
  <nd ref="2239920287"/>
  <nd ref="1227307287"/>
  <nd ref="1227307214"/>
  <nd ref="4767767221"/>
  <nd ref="1227307196"/>
  <nd ref="1227307341"/>
  <nd ref="4767766630"/>
  <nd ref="4767766122"/>
  <nd ref="1227307235"/>
  <nd ref="4767769421"/>
  <nd ref="1227307198"/>
  <nd ref="1227307343"/>
  <nd ref="1227307168"/>
  <nd ref="12459378534"/>
  <nd ref="1273659269"/>
  <tag k="cables" v="3"/>
  <tag k="layer" v="1"/>
  <tag k="name" v="Liaison 400 kV n°1 Ayres - Rueyres"/>
  <tag k="operator" v="RTE"/>
  <tag k="operator:wikidata" v="Q2178795"/>
  <tag k="power" v="line"/>
  <tag k="voltage" v="400000"/>
  <tag k="wires" v="double"/>
 </way>
 <way id="1082834948" visible="true" version="1" changeset="124332718" timestamp="2022-08-01T08:38:20Z" user="maferikotupi" uid="2115804">
  <nd ref="9924006912"/>
  <nd ref="9924006911"/>
  <nd ref="9924006910"/>
  <nd ref="9924014431"/>
  <tag k="highway" v="service"/>
  <tag k="service" v="parking_aisle"/>
 </way>
 <way id="1082834949" visible="true" version="1" changeset="124332718" timestamp="2022-08-01T08:38:20Z" user="maferikotupi" uid="2115804">
  <nd ref="9924006916"/>
  <nd ref="9924006915"/>
  <nd ref="9924006914"/>
  <nd ref="9924006913"/>
  <nd ref="9924006916"/>
  <tag k="amenity" v="parking"/>
 </way>
 <way id="1082834950" visible="true" version="1" changeset="124332718" timestamp="2022-08-01T08:38:20Z" user="maferikotupi" uid="2115804">
  <nd ref="9924014420"/>
  <nd ref="9924014419"/>
  <nd ref="9924014418"/>
  <nd ref="9924014417"/>
  <nd ref="9924014420"/>
  <tag k="amenity" v="parking"/>
 </way>
 <way id="1082834951" visible="true" version="1" changeset="124332718" timestamp="2022-08-01T08:38:20Z" user="maferikotupi" uid="2115804">
  <nd ref="9924014427"/>
  <nd ref="9924014428"/>
  <nd ref="9924014421"/>
  <nd ref="9924014426"/>
  <nd ref="9924014425"/>
  <nd ref="9924014424"/>
  <nd ref="9924014423"/>
  <nd ref="9924014422"/>
  <nd ref="9924014421"/>
  <tag k="highway" v="service"/>
 </way>
 <way id="1082834952" visible="true" version="1" changeset="124332718" timestamp="2022-08-01T08:38:20Z" user="maferikotupi" uid="2115804">
  <nd ref="9924014431"/>
  <nd ref="9924014430"/>
  <nd ref="9924014429"/>
  <nd ref="9924014428"/>
  <tag k="highway" v="service"/>
  <tag k="service" v="parking_aisle"/>
 </way>
 <way id="1082834953" visible="true" version="1" changeset="124332718" timestamp="2022-08-01T08:38:20Z" user="maferikotupi" uid="2115804">
  <nd ref="9924014440"/>
  <nd ref="9924014434"/>
  <nd ref="9924014439"/>
  <nd ref="9924014438"/>
  <nd ref="9924014440"/>
  <tag k="amenity" v="parking"/>
 </way>
 <way id="1082834954" visible="true" version="1" changeset="124332718" timestamp="2022-08-01T08:38:20Z" user="maferikotupi" uid="2115804">
  <nd ref="9924014444"/>
  <nd ref="9924014443"/>
  <nd ref="9924014442"/>
  <nd ref="9924014441"/>
  <nd ref="9924014444"/>
  <tag k="amenity" v="parking"/>
 </way>
 <way id="1082834955" visible="true" version="1" changeset="124332718" timestamp="2022-08-01T08:38:20Z" user="maferikotupi" uid="2115804">
  <nd ref="9924014448"/>
  <nd ref="9924014447"/>
  <nd ref="9924014446"/>
  <nd ref="9924014445"/>
  <nd ref="9924014448"/>
  <tag k="amenity" v="parking"/>
 </way>
 <way id="1082834956" visible="true" version="1" changeset="124332718" timestamp="2022-08-01T08:38:20Z" user="maferikotupi" uid="2115804">
  <nd ref="9924014454"/>
  <nd ref="9924014453"/>
  <nd ref="9924014452"/>
  <nd ref="9924014451"/>
  <nd ref="9924014450"/>
  <nd ref="9924014454"/>
  <tag k="amenity" v="parking"/>
 </way>
 <way id="1082834957" visible="true" version="3" changeset="174923988" timestamp="2025-11-20T20:43:36Z" user="Hervé TUC" uid="922338">
  <nd ref="961621529"/>
  <nd ref="9924014462"/>
  <tag k="highway" v="service"/>
  <tag k="name" v="Place de l’Église"/>
 </way>
 <way id="1082834958" visible="true" version="2" changeset="168606755" timestamp="2025-07-07T13:50:27Z" user="Ptigrouick" uid="195175">
  <nd ref="9924014471"/>
  <nd ref="9924014470"/>
  <nd ref="9924014469"/>
  <nd ref="9924014466"/>
  <nd ref="9924014467"/>
  <nd ref="9924014468"/>
  <nd ref="9924014471"/>
  <tag k="building" v="yes"/>
  <tag k="source" v="BDOrtho IGN"/>
 </way>
 <way id="1082834959" visible="true" version="1" changeset="124332718" timestamp="2022-08-01T08:38:20Z" user="maferikotupi" uid="2115804">
  <nd ref="9924014480"/>
  <nd ref="9924014479"/>
  <nd ref="9924014478"/>
  <nd ref="9924014477"/>
  <nd ref="9924014476"/>
  <nd ref="9924014475"/>
  <nd ref="9924014474"/>
  <nd ref="9924014473"/>
  <nd ref="9924014472"/>
  <nd ref="9924014480"/>
  <tag k="building" v="yes"/>
  <tag k="source" v="cadastre-dgi-fr source : Direction Générale des Impôts - Cadastre. Mise à jour : 2022"/>
 </way>
 <way id="1082834960" visible="true" version="2" changeset="168606755" timestamp="2025-07-07T13:50:27Z" user="Ptigrouick" uid="195175">
  <nd ref="9924014484"/>
  <nd ref="9924014481"/>
  <nd ref="9924014482"/>
  <nd ref="9924014483"/>
  <nd ref="9924014484"/>
  <tag k="building" v="yes"/>
  <tag k="source" v="BDOrtho IGN"/>
 </way>
 <way id="1082834961" visible="true" version="3" changeset="174923988" timestamp="2025-11-20T20:43:36Z" user="Hervé TUC" uid="922338">
  <nd ref="957538777"/>
  <nd ref="957538710"/>
  <tag k="highway" v="service"/>
  <tag k="name" v="Allée des Oiseaux"/>
  <tag k="surface" v="paved"/>
 </way>
 <way id="1082872426" visible="true" version="1" changeset="124334033" timestamp="2022-08-01T09:07:43Z" user="maferikotupi" uid="2115804">
  <nd ref="9924203715"/>
  <nd ref="9924203712"/>
  <nd ref="9924203713"/>
  <nd ref="9924203714"/>
  <nd ref="9924203715"/>
  <tag k="building" v="yes"/>
 </way>
 <way id="1082872427" visible="true" version="1" changeset="124334033" timestamp="2022-08-01T09:07:43Z" user="maferikotupi" uid="2115804">
  <nd ref="3518806325"/>
  <nd ref="9924203720"/>
  <nd ref="9924203719"/>
  <tag k="highway" v="footway"/>
 </way>
 <way id="1082872428" visible="true" version="1" changeset="124334033" timestamp="2022-08-01T09:07:43Z" user="maferikotupi" uid="2115804">
  <nd ref="9924203722"/>
  <nd ref="8204991721"/>
  <tag k="highway" v="footway"/>
 </way>
 <way id="1082872429" visible="true" version="2" changeset="170867969" timestamp="2025-08-23T08:51:42Z" user="GLenPLonk" uid="21578356">
  <nd ref="9924203722"/>
  <nd ref="9924203723"/>
  <tag k="handrail" v="yes"/>
  <tag k="highway" v="steps"/>
 </way>
 <way id="1082872430" visible="true" version="1" changeset="124334033" timestamp="2022-08-01T09:07:43Z" user="maferikotupi" uid="2115804">
  <nd ref="864818443"/>
  <nd ref="9924203723"/>
  <tag k="highway" v="footway"/>
 </way>
 <way id="1082872434" visible="true" version="1" changeset="124334033" timestamp="2022-08-01T09:07:43Z" user="maferikotupi" uid="2115804">
  <nd ref="9924203749"/>
  <nd ref="9924203741"/>
  <nd ref="9924203748"/>
  <nd ref="9924203747"/>
  <nd ref="9924203746"/>
  <nd ref="9924203745"/>
  <nd ref="9924203744"/>
  <nd ref="9924203743"/>
  <nd ref="9924203742"/>
  <tag k="highway" v="service"/>
 </way>
 <way id="1082872438" visible="true" version="1" changeset="124334033" timestamp="2022-08-01T09:07:43Z" user="maferikotupi" uid="2115804">
  <nd ref="9924203797"/>
  <nd ref="9924203796"/>
  <nd ref="9924203795"/>
  <nd ref="9924203794"/>
  <nd ref="9924203793"/>
  <nd ref="9924203792"/>
  <nd ref="9924203791"/>
  <nd ref="9924203790"/>
  <nd ref="9924203789"/>
  <nd ref="9924203788"/>
  <nd ref="9924203787"/>
  <nd ref="9924203786"/>
  <nd ref="9924203785"/>
  <nd ref="9924203784"/>
  <nd ref="9924203783"/>
  <nd ref="9924203782"/>
  <nd ref="9924203781"/>
  <nd ref="9924203780"/>
  <nd ref="9924203779"/>
  <nd ref="9924203778"/>
  <nd ref="9924203777"/>
  <nd ref="9924203776"/>
  <nd ref="9924203775"/>
  <nd ref="9924203774"/>
  <nd ref="9924203773"/>
  <nd ref="9924203772"/>
  <nd ref="9924203771"/>
  <nd ref="9924203770"/>
  <nd ref="9924203769"/>
  <nd ref="9924203768"/>
  <nd ref="9924203767"/>
  <nd ref="9924014490"/>
  <nd ref="513153620"/>
  <nd ref="9924203766"/>
  <nd ref="9924203765"/>
  <nd ref="9924203764"/>
  <nd ref="9924203763"/>
  <nd ref="9924203762"/>
  <nd ref="9924203797"/>
  <tag k="landuse" v="residential"/>
 </way>
 <way id="1085353893" visible="true" version="1" changeset="124732479" timestamp="2022-08-10T13:35:50Z" user="Yod4z" uid="318821">
  <nd ref="9945194403"/>
  <nd ref="9945194404"/>
  <nd ref="9945194405"/>
  <nd ref="9945194406"/>
  <nd ref="9945194407"/>
  <nd ref="9945194403"/>
  <tag k="landuse" v="forest"/>
  <tag k="source" v="ortho hr 2019"/>
 </way>
 <way id="1085353894" visible="true" version="2" changeset="174923988" timestamp="2025-11-20T20:43:36Z" user="Hervé TUC" uid="922338">
  <nd ref="961621537"/>
  <nd ref="961620391"/>
  <nd ref="961621083"/>
  <nd ref="961620622"/>
  <tag k="highway" v="unclassified"/>
  <tag k="name" v="Chemin de Perpignau"/>
 </way>
 <way id="1085353895" visible="true" version="1" changeset="124732479" timestamp="2022-08-10T13:35:50Z" user="Yod4z" uid="318821">
  <nd ref="9945194415"/>
  <nd ref="9945194416"/>
  <nd ref="9945194417"/>
  <nd ref="9945194418"/>
  <nd ref="9945194419"/>
  <nd ref="9945194420"/>
  <nd ref="9945194421"/>
  <nd ref="9945194422"/>
  <nd ref="9945194423"/>
  <nd ref="9945194424"/>
  <nd ref="9945194425"/>
  <nd ref="9945194426"/>
  <nd ref="9945194427"/>
  <nd ref="9945194428"/>
  <nd ref="9945194429"/>
  <nd ref="9945194415"/>
  <tag k="landuse" v="forest"/>
 </way>
 <way id="1304599849" visible="true" version="4" changeset="168606755" timestamp="2025-07-07T13:50:27Z" user="Ptigrouick" uid="195175">
  <nd ref="961620689"/>
  <nd ref="732256683"/>
  <nd ref="9318411780"/>
  <nd ref="12601699558"/>
  <nd ref="732256960"/>
  <nd ref="732256122"/>
  <nd ref="12961524071"/>
  <nd ref="732256396"/>
  <nd ref="12985676514"/>
  <nd ref="9924014491"/>
  <nd ref="732255976"/>
  <nd ref="9924014492"/>
  <nd ref="732256240"/>
  <nd ref="732256212"/>
  <nd ref="961620786"/>
  <nd ref="9924014493"/>
  <nd ref="732257284"/>
  <nd ref="732255742"/>
  <nd ref="732256927"/>
  <nd ref="961620620"/>
  <tag k="highway" v="tertiary"/>
  <tag k="name" v="Route Principale"/>
  <tag k="ref" v="D 504"/>
 </way>
 <way id="1304599850" visible="true" version="2" changeset="176205712" timestamp="2025-12-21T07:31:30Z" user="K12230LF" uid="21876225">
  <nd ref="732724233"/>
  <nd ref="4703792042"/>
  <nd ref="732256005"/>
  <nd ref="732256274"/>
  <nd ref="9945194414"/>
  <nd ref="732255856"/>
  <nd ref="9945194413"/>
  <nd ref="732256135"/>
  <nd ref="9945194412"/>
  <nd ref="732257126"/>
  <nd ref="9945194411"/>
  <nd ref="732257524"/>
  <nd ref="9945194410"/>
  <nd ref="732256974"/>
  <nd ref="9318411770"/>
  <nd ref="732257316"/>
  <nd ref="732256414"/>
  <nd ref="9010607138"/>
  <nd ref="961620032"/>
  <nd ref="732256705"/>
  <nd ref="732256255"/>
  <nd ref="732256536"/>
  <nd ref="732255754"/>
  <nd ref="732255991"/>
  <nd ref="732257494"/>
  <nd ref="732255845"/>
  <nd ref="732256836"/>
  <nd ref="732257109"/>
  <nd ref="961620689"/>
  <tag k="highway" v="tertiary"/>
  <tag k="name" v="Route de Saint-Gervais"/>
  <tag k="ref" v="D 504"/>
 </way>
 <way id="1304599851" visible="true" version="2" changeset="154594883" timestamp="2024-07-30T08:40:03Z" user="vincent_95" uid="49047">
  <nd ref="732255742"/>
  <nd ref="9924014489"/>
  <nd ref="9924014458"/>
  <nd ref="9924014488"/>
  <nd ref="12082487933"/>
  <nd ref="12082487932"/>
  <nd ref="9924014459"/>
  <nd ref="12082477030"/>
  <tag k="highway" v="residential"/>
  <tag k="name" v="Rue du Centre"/>
  <tag k="surface" v="paved"/>
 </way>
 <way id="1304603930" visible="true" version="1" changeset="154594883" timestamp="2024-07-30T08:40:03Z" user="vincent_95" uid="49047">
  <nd ref="961620620"/>
  <nd ref="732256084"/>
  <nd ref="732256360"/>
  <nd ref="956360847"/>
  <nd ref="732255935"/>
  <nd ref="732256204"/>
  <nd ref="956361051"/>
  <nd ref="732257232"/>
  <nd ref="732255717"/>
  <nd ref="956360864"/>
  <nd ref="732257052"/>
  <nd ref="732257419"/>
  <nd ref="732256489"/>
  <nd ref="732256786"/>
  <nd ref="9924203706"/>
  <nd ref="732256337"/>
  <nd ref="9924203705"/>
  <nd ref="732256621"/>
  <nd ref="732255812"/>
  <nd ref="732256069"/>
  <nd ref="732257609"/>
  <nd ref="9924203697"/>
  <nd ref="9924203696"/>
  <nd ref="732255920"/>
  <nd ref="732256911"/>
  <nd ref="954133244"/>
  <nd ref="732257205"/>
  <nd ref="9924203693"/>
  <nd ref="732256766"/>
  <nd ref="9924203692"/>
  <nd ref="732257034"/>
  <nd ref="732256190"/>
  <nd ref="9924203691"/>
  <nd ref="732256469"/>
  <nd ref="9924203690"/>
  <nd ref="732256051"/>
  <nd ref="732256314"/>
  <nd ref="9924203689"/>
  <nd ref="9924203688"/>
  <nd ref="732257390"/>
  <nd ref="732255797"/>
  <nd ref="732257184"/>
  <nd ref="732257590"/>
  <nd ref="732256892"/>
  <nd ref="732256462"/>
  <nd ref="732256758"/>
  <nd ref="12082487919"/>
  <tag k="highway" v="tertiary"/>
  <tag k="name" v="Route de Montézic"/>
  <tag k="ref" v="D 504"/>
 </way>
 <way id="1304603931" visible="true" version="1" changeset="154594883" timestamp="2024-07-30T08:40:03Z" user="vincent_95" uid="49047">
  <nd ref="9924006910"/>
  <nd ref="12082487921"/>
  <nd ref="12082487920"/>
  <tag k="highway" v="track"/>
  <tag k="name" v="Chemin Creux"/>
 </way>
 <way id="1304603932" visible="true" version="1" changeset="154594883" timestamp="2024-07-30T08:40:03Z" user="vincent_95" uid="49047">
  <nd ref="12082477030"/>
  <nd ref="961621529"/>
  <nd ref="864818416"/>
  <tag k="highway" v="residential"/>
  <tag k="name" v="Place de l’Église"/>
  <tag k="surface" v="paved"/>
 </way>
 <way id="1304603933" visible="true" version="1" changeset="154594883" timestamp="2024-07-30T08:40:03Z" user="vincent_95" uid="49047">
  <nd ref="12082487932"/>
  <nd ref="12082487931"/>
  <tag k="highway" v="service"/>
  <tag k="name" v="Chemin de la Calulie"/>
 </way>
 <way id="1357842434" visible="true" version="3" changeset="187995760" timestamp="2026-08-25T15:16:46Z" user="Yod4z" uid="318821">
  <nd ref="956360847"/>
  <nd ref="9924203735"/>
  <nd ref="9924203737"/>
  <nd ref="956360965"/>
  <nd ref="9924203742"/>
  <nd ref="956361043"/>
  <nd ref="956361009"/>
  <nd ref="957538460"/>
  <nd ref="14122889518"/>
  <nd ref="957538943"/>
  <nd ref="957538885"/>
  <nd ref="14122889519"/>
  <nd ref="9924203733"/>
  <nd ref="957538911"/>
  <nd ref="3518803452"/>
  <tag k="highway" v="unclassified"/>
  <tag k="name" v="Route du Moulin du Prieur"/>
  <tag k="surface" v="asphalt"/>
 </way>
 <way id="1361240821" visible="true" version="1" changeset="162715231" timestamp="2025-02-19T19:48:00Z" user="Olyon" uid="1443767">
  <nd ref="12601699560"/>
  <nd ref="12601699559"/>
  <nd ref="12601699558"/>
  <tag k="highway" v="service"/>
  <tag k="name" v="Impasse des Pinsons"/>
 </way>
 <way id="1413036211" visible="true" version="1" changeset="168606755" timestamp="2025-07-07T13:50:27Z" user="Ptigrouick" uid="195175">
  <nd ref="12985676518"/>
  <nd ref="12985676517"/>
  <nd ref="12985676516"/>
  <nd ref="12985676515"/>
  <nd ref="12985676518"/>
  <tag k="access" v="private"/>
  <tag k="leisure" v="swimming_pool"/>
  <tag k="source" v="BDOrtho IGN"/>
 </way>
 <way id="1454095460" visible="true" version="1" changeset="175186547" timestamp="2025-11-27T08:24:51Z" user="NC12" uid="1558855">
  <nd ref="13335482559"/>
  <nd ref="13335482560"/>
  <nd ref="13335482561"/>
  <nd ref="13335482562"/>
  <nd ref="13335482563"/>
  <nd ref="13335482564"/>
  <nd ref="13335482565"/>
  <nd ref="13335482566"/>
  <nd ref="13335482567"/>
  <nd ref="13335482568"/>
  <nd ref="13335482569"/>
  <nd ref="13335482570"/>
  <nd ref="13335482571"/>
  <nd ref="13335482572"/>
  <nd ref="13335482573"/>
  <nd ref="13335482559"/>
  <tag k="landuse" v="farmyard"/>
 </way>
 <way id="1454096663" visible="true" version="1" changeset="175186876" timestamp="2025-11-27T08:33:53Z" user="NC12" uid="1558855">
  <nd ref="13335510175"/>
  <nd ref="13335510176"/>
  <nd ref="13335510177"/>
  <nd ref="13335510178"/>
  <nd ref="13335510175"/>
  <tag k="landuse" v="industrial"/>
  <tag k="man_made" v="wastewater_plant"/>
  <tag k="name" v="station d'épuration de Saint-Gervais"/>
 </way>
 <way id="1491871810" visible="true" version="1" changeset="180309444" timestamp="2026-03-23T15:28:38Z" user="caboulot" uid="80638">
  <nd ref="13671939583"/>
  <nd ref="13671939582"/>
  <nd ref="13671939581"/>
  <nd ref="13671939580"/>
  <nd ref="13671939579"/>
  <nd ref="13671939578"/>
  <nd ref="13671939577"/>
  <nd ref="13671939576"/>
  <nd ref="13671939575"/>
  <nd ref="13671939574"/>
  <nd ref="13671939583"/>
  <tag k="landuse" v="grass"/>
 </way>
 <way id="1551727677" visible="true" version="1" changeset="187887276" timestamp="2026-08-23T13:16:50Z" user="MatthieuMartin" uid="46239">
  <nd ref="14115064341"/>
  <nd ref="14115064340"/>
  <nd ref="14115064339"/>
  <nd ref="14115064338"/>
  <nd ref="14115064337"/>
  <nd ref="14115064336"/>
  <nd ref="14115064335"/>
  <nd ref="14115064334"/>
  <tag k="highway" v="track"/>
 </way>
 <way id="1552312569" visible="true" version="1" changeset="187995760" timestamp="2026-08-25T15:16:46Z" user="Yod4z" uid="318821">
  <nd ref="14122857951"/>
  <nd ref="14122857952"/>
  <tag k="highway" v="footway"/>
 </way>
 <way id="1552312570" visible="true" version="1" changeset="187995760" timestamp="2026-08-25T15:16:46Z" user="Yod4z" uid="318821">
  <nd ref="957538751"/>
  <nd ref="3518805859"/>
  <nd ref="3518805860"/>
  <nd ref="14122857993"/>
  <nd ref="14122857994"/>
  <nd ref="3518805861"/>
  <nd ref="3518805862"/>
  <nd ref="3518805863"/>
  <nd ref="3518805864"/>
  <nd ref="3518805865"/>
  <nd ref="3518805866"/>
  <nd ref="3518805867"/>
  <nd ref="3518805868"/>
  <nd ref="3518805869"/>
  <nd ref="14122857978"/>
  <nd ref="14122857979"/>
  <nd ref="3518805870"/>
  <nd ref="3518805871"/>
  <nd ref="3518805872"/>
  <nd ref="3518805873"/>
  <nd ref="14122857977"/>
  <nd ref="14122857976"/>
  <nd ref="3518805874"/>
  <nd ref="3518805875"/>
  <nd ref="14122857975"/>
  <nd ref="3518805876"/>
  <nd ref="3518805877"/>
  <nd ref="14122857974"/>
  <nd ref="14122857973"/>
  <nd ref="3518805878"/>
  <nd ref="3518805879"/>
  <nd ref="3518805880"/>
  <nd ref="3518805881"/>
  <nd ref="3518805882"/>
  <nd ref="14122857971"/>
  <nd ref="14122857972"/>
  <nd ref="14122857970"/>
  <nd ref="3518805883"/>
  <nd ref="14122857969"/>
  <nd ref="3518805884"/>
  <nd ref="14122857968"/>
  <nd ref="3518805885"/>
  <nd ref="14122857967"/>
  <nd ref="3518805886"/>
  <nd ref="14122857966"/>
  <nd ref="3518805887"/>
  <nd ref="14122857964"/>
  <tag k="bicycle" v="yes"/>
  <tag k="highway" v="footway"/>
  <tag k="source" v="PCRS 2022"/>
 </way>
 <way id="1552312571" visible="true" version="1" changeset="187995760" timestamp="2026-08-25T15:16:46Z" user="Yod4z" uid="318821">
  <nd ref="14122857964"/>
  <nd ref="14122857965"/>
  <tag k="bicycle" v="yes"/>
  <tag k="bridge" v="yes"/>
  <tag k="highway" v="footway"/>
  <tag k="layer" v="1"/>
 </way>
 <way id="1552312572" visible="true" version="1" changeset="187995760" timestamp="2026-08-25T15:16:46Z" user="Yod4z" uid="318821">
  <nd ref="14122857995"/>
  <nd ref="14122857996"/>
  <nd ref="14122857997"/>
  <nd ref="14122857998"/>
  <nd ref="14122857995"/>
  <tag k="amenity" v="parking"/>
  <tag k="parking" v="street_side"/>
  <tag k="source" v="PCRS 2022"/>
 </way>
 <way id="1552312573" visible="true" version="1" changeset="187995760" timestamp="2026-08-25T15:16:46Z" user="Yod4z" uid="318821">
  <nd ref="3518805861"/>
  <nd ref="14122858000"/>
  <nd ref="14122889501"/>
  <nd ref="14122889502"/>
  <tag k="highway" v="footway"/>
  <tag k="source" v="PCRS 2022"/>
 </way>
 <way id="1552312574" visible="true" version="1" changeset="187995760" timestamp="2026-08-25T15:16:46Z" user="Yod4z" uid="318821">
  <nd ref="14122889520"/>
  <nd ref="14122889521"/>
  <nd ref="14122889522"/>
  <nd ref="14122889523"/>
  <nd ref="14122889524"/>
  <nd ref="14122889525"/>
  <nd ref="14122889526"/>
  <nd ref="14122889527"/>
  <nd ref="14122889528"/>
  <nd ref="14122889529"/>
  <nd ref="14122889530"/>
  <nd ref="14122889531"/>
  <nd ref="14122889520"/>
  <tag k="amenity" v="parking"/>
  <tag k="parking" v="street_side"/>
 </way>
 <relation id="115816" visible="true" version="23" changeset="158879529" timestamp="2024-11-08T03:22:40Z" user="Cyrille37Bot" uid="587556">
  <member type="node" ref="244938785" role="admin_centre"/>
  <member type="way" ref="34645920" role="outer"/>
  <member type="way" ref="36910265" role="outer"/>
  <member type="way" ref="36910264" role="outer"/>
  <member type="way" ref="34645922" role="outer"/>
  <member type="way" ref="33331790" role="outer"/>
  <member type="way" ref="33331675" role="outer"/>
  <member type="way" ref="33331764" role="outer"/>
  <member type="way" ref="33331780" role="outer"/>
  <member type="way" ref="33331799" role="outer"/>
  <tag k="admin_level" v="8"/>
  <tag k="boundary" v="administrative"/>
  <tag k="name" v="Saint-Amans-des-Cots"/>
  <tag k="name:oc" v="Sant Amanç de Còts"/>
  <tag k="population" v="754"/>
  <tag k="population:date" v="2021"/>
  <tag k="postal_code" v="12460"/>
  <tag k="ref:FR:SIREN" v="211202098"/>
  <tag k="ref:INSEE" v="12209"/>
  <tag k="source:name:oc" v="ieo-bdtopoc"/>
  <tag k="source:population" v="INSEE 2024"/>
  <tag k="source:postal_code" v="La Poste - 12/2014"/>
  <tag k="type" v="boundary"/>
  <tag k="wikidata" v="Q1371268"/>
  <tag k="wikipedia" v="fr:Saint-Amans-des-Cots"/>
 </relation>
 <relation id="115830" visible="true" version="26" changeset="170579156" timestamp="2025-08-17T17:36:28Z" user="Niconil" uid="217235">
  <member type="node" ref="244938821" role="admin_centre"/>
  <member type="way" ref="81161091" role="outer"/>
  <member type="way" ref="33331735" role="outer"/>
  <member type="way" ref="33331799" role="outer"/>
  <member type="way" ref="33331747" role="outer"/>
  <member type="way" ref="33331762" role="outer"/>
  <member type="way" ref="34764124" role="outer"/>
  <member type="way" ref="34761900" role="outer"/>
  <member type="way" ref="1422874386" role="outer"/>
  <member type="way" ref="1422874385" role="outer"/>
  <tag k="admin_level" v="8"/>
  <tag k="boundary" v="administrative"/>
  <tag k="name" v="Saint-Symphorien-de-Thénières"/>
  <tag k="name:oc" v="Sant Aforians de Tenièiras"/>
  <tag k="population" v="214"/>
  <tag k="population:date" v="2021"/>
  <tag k="postal_code" v="12460"/>
  <tag k="ref:FR:SIREN" v="211202502"/>
  <tag k="ref:INSEE" v="12250"/>
  <tag k="source:name:oc" v="ieo-bdtopoc"/>
  <tag k="source:population" v="INSEE 2024"/>
  <tag k="source:postal_code" v="La Poste - 12/2014"/>
  <tag k="type" v="boundary"/>
  <tag k="wikidata" v="Q1376204"/>
  <tag k="wikipedia" v="fr:Saint-Symphorien-de-Thénières"/>
 </relation>
 <relation id="466835" visible="true" version="3" changeset="45348554" timestamp="2017-01-21T12:44:34Z" user="PanierAvide" uid="214436">
  <member type="node" ref="669994286" role=""/>
  <member type="node" ref="669994287" role=""/>
  <tag k="name" v="Saint-Symphorien-de-Thénières B"/>
  <tag k="network" v="NTF-6"/>
  <tag k="note" v="Saint-Gervais"/>
  <tag k="ref" v="12250B"/>
  <tag k="site" v="geodesic"/>
  <tag k="source" v="©IGN 2010 dans le cadre de la cartographie réglementaire"/>
  <tag k="type" v="site"/>
  <tag k="url" v="http://geodesie.ign.fr/fiches/index.php?module=e&amp;action=fichepdf&amp;source=carte&amp;sit_no=12250B"/>
 </relation>
 <relation id="2099961" visible="true" version="9" changeset="170583783" timestamp="2025-08-17T19:26:25Z" user="Niconil" uid="217235">
  <member type="node" ref="244938785" role="admin_centre"/>
  <member type="way" ref="81161091" role="outer"/>
  <member type="way" ref="34761899" role="outer"/>
  <member type="way" ref="1422900413" role="outer"/>
  <member type="way" ref="1422900412" role="outer"/>
  <member type="way" ref="81161090" role="outer"/>
  <member type="way" ref="34656302" role="outer"/>
  <member type="way" ref="762121395" role="outer"/>
  <member type="way" ref="36877492" role="outer"/>
  <member type="way" ref="762121394" role="outer"/>
  <member type="way" ref="34656295" role="outer"/>
  <member type="way" ref="34656292" role="outer"/>
  <member type="way" ref="118528597" role="outer"/>
  <member type="way" ref="34656284" role="outer"/>
  <member type="way" ref="34656320" role="outer"/>
  <member type="way" ref="33331675" role="outer"/>
  <member type="way" ref="33331764" role="outer"/>
  <member type="way" ref="33331658" role="outer"/>
  <member type="way" ref="33503563" role="outer"/>
  <member type="way" ref="33503562" role="outer"/>
  <member type="way" ref="33503518" role="outer"/>
  <member type="way" ref="33331762" role="outer"/>
  <member type="way" ref="34764124" role="outer"/>
  <member type="way" ref="34761900" role="outer"/>
  <member type="way" ref="1422874386" role="outer"/>
  <member type="way" ref="1422874385" role="outer"/>
  <member type="relation" ref="140711" role="subarea"/>
  <member type="relation" ref="141075" role="subarea"/>
  <member type="relation" ref="123285" role="subarea"/>
  <member type="relation" ref="142768" role="subarea"/>
  <member type="relation" ref="115816" role="subarea"/>
  <member type="relation" ref="115830" role="subarea"/>
  <tag k="disused:boundary" v="political"/>
  <tag k="disused:political_division" v="canton"/>
  <tag k="end_date" v="2015-03"/>
  <tag k="name" v="Saint-Amans-des-Cots"/>
  <tag k="ref:INSEE" v="1230"/>
  <tag k="type" v="boundary"/>
  <tag k="wikidata" v="Q201956"/>
  <tag k="wikipedia" v="fr:Canton de Saint-Amans-des-Cots"/>
 </relation>
 <relation id="3299662" visible="true" version="16" changeset="177588288" timestamp="2026-01-23T00:26:04Z" user="Olyon" uid="1443767">
  <member type="way" ref="695976749" role=""/>
  <member type="way" ref="244052618" role=""/>
  <member type="way" ref="244052617" role=""/>
  <member type="way" ref="695976748" role=""/>
  <member type="node" ref="2514074231" role=""/>
  <member type="node" ref="2514074236" role=""/>
  <member type="way" ref="113217490" role=""/>
  <member type="way" ref="244052616" role=""/>
  <member type="way" ref="244052614" role=""/>
  <member type="way" ref="244052615" role=""/>
  <member type="node" ref="2514074123" role=""/>
  <member type="node" ref="2514074199" role=""/>
  <member type="node" ref="2514074204" role=""/>
  <member type="node" ref="2514074116" role=""/>
  <member type="node" ref="2514074127" role=""/>
  <member type="node" ref="2514074134" role=""/>
  <member type="way" ref="1346928847" role=""/>
  <member type="way" ref="1346928830" role=""/>
  <member type="way" ref="1346928848" role=""/>
  <member type="way" ref="244052699" role=""/>
  <member type="way" ref="244052655" role=""/>
  <member type="way" ref="244052663" role=""/>
  <member type="way" ref="244052658" role=""/>
  <member type="way" ref="244052649" role=""/>
  <member type="way" ref="244052691" role=""/>
  <member type="node" ref="2514074187" role=""/>
  <member type="way" ref="244052692" role=""/>
  <member type="node" ref="2514074192" role=""/>
  <member type="node" ref="2514074197" role=""/>
  <member type="way" ref="244052694" role=""/>
  <member type="node" ref="2514074202" role=""/>
  <member type="way" ref="244052690" role=""/>
  <member type="way" ref="244052683" role=""/>
  <member type="way" ref="244052673" role=""/>
  <member type="node" ref="1284524944" role=""/>
  <member type="node" ref="2514074179" role=""/>
  <member type="way" ref="460771659" role="storage-up"/>
  <member type="way" ref="113217487" role=""/>
  <member type="way" ref="695976745" role=""/>
  <member type="way" ref="695976746" role=""/>
  <member type="way" ref="695976747" role=""/>
  <tag k="name" v="STEP Montézic"/>
  <tag k="old_ref:EU:ENTSOE_EIC" v="17W000000011993H"/>
  <tag k="operator" v="EDF"/>
  <tag k="operator:wikidata" v="Q274591"/>
  <tag k="plant:method" v="water-pumped-storage"/>
  <tag k="plant:output:electricity" v="910 MW"/>
  <tag k="plant:source" v="hydro"/>
  <tag k="power" v="plant"/>
  <tag k="ref:EU:ENTSOE_EIC" v="17W100P100P02772"/>
  <tag k="source" v="Registre national des installations de production d'électricité et de stockage 2025"/>
  <tag k="start_date" v="1982-04"/>
  <tag k="type" v="site"/>
  <tag k="url" v="http://www.hydrelect.info/articles.php?lng=fr&amp;pg=266"/>
  <tag k="wikidata" v="Q16536848"/>
  <tag k="wikipedia" v="fr:Centrale de Montézic"/>
 </relation>
 <relation id="3464137" visible="true" version="9" changeset="124482881" timestamp="2022-08-04T14:05:17Z" user="Thierry_la_Fronde_12" uid="161646">
  <member type="way" ref="460771659" role="outer"/>
  <member type="way" ref="258083677" role="inner"/>
  <member type="way" ref="258083676" role="inner"/>
  <tag k="ele" v="703"/>
  <tag k="name" v="Réservoir de Montézic"/>
  <tag k="natural" v="water"/>
  <tag k="reservoir_type" v="water_storage"/>
  <tag k="type" v="multipolygon"/>
  <tag k="water" v="reservoir"/>
 </relation>
 <relation id="6809181" visible="true" version="6" changeset="179141591" timestamp="2026-02-27T17:22:30Z" user="Olyon" uid="1443767">
  <member type="way" ref="653730995" role="main_stream"/>
  <member type="way" ref="460920972" role="main_stream"/>
  <member type="way" ref="460920967" role="main_stream"/>
  <member type="way" ref="460911552" role="main_stream"/>
  <member type="way" ref="460911550" role="main_stream"/>
  <member type="way" ref="460911549" role="main_stream"/>
  <member type="way" ref="460911551" role="main_stream"/>
  <member type="way" ref="460895730" role="main_stream"/>
  <member type="way" ref="460895727" role="main_stream"/>
  <member type="way" ref="695976721" role="main_stream"/>
  <tag k="name" v="Ruisseau des Vergnes"/>
  <tag k="ref:sandre" v="O7740560"/>
  <tag k="source" v="cadastre-dgi-fr source : Direction Générale des Finances Publiques - Cadastre. Mise à jour : 2016;BDCarthage"/>
  <tag k="type" v="waterway"/>
  <tag k="waterway" v="stream"/>
  <tag k="wikidata" v="Q16674158"/>
 </relation>
 <relation id="8307567" visible="true" version="3" changeset="176883203" timestamp="2026-01-06T00:11:47Z" user="InfosReseaux" uid="93222">
  <member type="way" ref="116669781" role="substation"/>
  <member type="way" ref="116669777" role="section"/>
  <member type="way" ref="116669775" role="section"/>
  <member type="way" ref="589093427" role="section"/>
  <member type="way" ref="83726363" role="substation"/>
  <tag k="cables" v="3"/>
  <tag k="frequency" v="50"/>
  <tag k="operator" v="RTE"/>
  <tag k="operator:wikidata" v="Q2178795"/>
  <tag k="power" v="circuit"/>
  <tag k="ref:FR:RTE" v="O.CHAL61RUEYR"/>
  <tag k="topology" v="linear"/>
  <tag k="type" v="power"/>
  <tag k="voltage" v="225000"/>
 </relation>
 <relation id="9090917" visible="true" version="14" changeset="183005209" timestamp="2026-05-22T06:06:44Z" user="confusedbuffalo" uid="242345">
  <member type="way" ref="81238577" role="outer"/>
  <member type="way" ref="81238593" role="outer"/>
  <member type="way" ref="82173505" role="outer"/>
  <member type="way" ref="82173504" role="outer"/>
  <member type="way" ref="81238602" role="outer"/>
  <member type="way" ref="153969232" role="outer"/>
  <member type="way" ref="153969231" role="outer"/>
  <member type="way" ref="49847680" role="outer"/>
  <member type="way" ref="49847638" role="outer"/>
  <member type="way" ref="49847674" role="outer"/>
  <member type="way" ref="33082768" role="outer"/>
  <member type="way" ref="33082778" role="outer"/>
  <member type="way" ref="33082913" role="outer"/>
  <member type="way" ref="33082789" role="outer"/>
  <member type="way" ref="33082700" role="outer"/>
  <member type="way" ref="33082761" role="outer"/>
  <member type="way" ref="33082916" role="outer"/>
  <member type="way" ref="33082765" role="outer"/>
  <member type="way" ref="67806004" role="outer"/>
  <member type="way" ref="67808550" role="outer"/>
  <member type="way" ref="67808557" role="outer"/>
  <member type="way" ref="67805445" role="outer"/>
  <member type="way" ref="42163066" role="outer"/>
  <member type="way" ref="42162973" role="outer"/>
  <member type="way" ref="42162965" role="outer"/>
  <member type="way" ref="42162983" role="outer"/>
  <member type="way" ref="42163032" role="outer"/>
  <member type="way" ref="61797174" role="outer"/>
  <member type="way" ref="61797173" role="outer"/>
  <member type="way" ref="42162969" role="outer"/>
  <member type="way" ref="824375888" role="outer"/>
  <member type="way" ref="42162982" role="outer"/>
  <member type="way" ref="42163007" role="outer"/>
  <member type="way" ref="824375889" role="outer"/>
  <member type="way" ref="824375884" role="outer"/>
  <member type="way" ref="42162971" role="outer"/>
  <member type="way" ref="42162998" role="outer"/>
  <member type="way" ref="42162991" role="outer"/>
  <member type="way" ref="42163008" role="outer"/>
  <member type="way" ref="53507015" role="outer"/>
  <member type="way" ref="101848715" role="outer"/>
  <member type="way" ref="53507022" role="outer"/>
  <member type="way" ref="42163096" role="outer"/>
  <member type="way" ref="33473490" role="outer"/>
  <member type="way" ref="80962266" role="outer"/>
  <member type="way" ref="101834645" role="outer"/>
  <member type="way" ref="33473491" role="outer"/>
  <member type="way" ref="101834621" role="outer"/>
  <member type="way" ref="101839487" role="outer"/>
  <member type="way" ref="33331802" role="outer"/>
  <member type="way" ref="33331745" role="outer"/>
  <member type="way" ref="36899285" role="outer"/>
  <member type="way" ref="36899287" role="outer"/>
  <member type="way" ref="36899288" role="outer"/>
  <member type="way" ref="33331833" role="outer"/>
  <member type="way" ref="33331759" role="outer"/>
  <member type="way" ref="33331730" role="outer"/>
  <member type="way" ref="33331705" role="outer"/>
  <member type="way" ref="33331755" role="outer"/>
  <member type="way" ref="33426397" role="outer"/>
  <member type="way" ref="36781415" role="outer"/>
  <member type="way" ref="36781414" role="outer"/>
  <member type="way" ref="36781412" role="outer"/>
  <member type="way" ref="36781413" role="outer"/>
  <member type="way" ref="228487979" role="outer"/>
  <member type="way" ref="33331677" role="outer"/>
  <member type="way" ref="33331803" role="outer"/>
  <member type="way" ref="33331829" role="outer"/>
  <member type="way" ref="33331766" role="outer"/>
  <member type="way" ref="1422969173" role="outer"/>
  <member type="way" ref="1422969172" role="outer"/>
  <member type="way" ref="96400418" role="outer"/>
  <member type="way" ref="33331663" role="outer"/>
  <member type="way" ref="34760236" role="outer"/>
  <member type="way" ref="37997580" role="outer"/>
  <member type="way" ref="118528597" role="outer"/>
  <member type="way" ref="118528598" role="outer"/>
  <member type="way" ref="118528599" role="outer"/>
  <member type="way" ref="112599436" role="outer"/>
  <member type="way" ref="113751412" role="outer"/>
  <member type="way" ref="113751394" role="outer"/>
  <member type="way" ref="113751397" role="outer"/>
  <member type="way" ref="34656302" role="outer"/>
  <member type="way" ref="81161090" role="outer"/>
  <member type="way" ref="1422900412" role="outer"/>
  <member type="way" ref="1422900413" role="outer"/>
  <member type="way" ref="34761899" role="outer"/>
  <member type="way" ref="81161091" role="outer"/>
  <member type="way" ref="1422874385" role="outer"/>
  <member type="way" ref="1422874386" role="outer"/>
  <member type="way" ref="34761900" role="outer"/>
  <member type="way" ref="86222222" role="outer"/>
  <member type="way" ref="34764122" role="outer"/>
  <member type="way" ref="86222225" role="outer"/>
  <member type="way" ref="34764123" role="outer"/>
  <member type="way" ref="215216077" role="outer"/>
  <member type="way" ref="33478281" role="outer"/>
  <member type="way" ref="215216334" role="outer"/>
  <member type="way" ref="215216329" role="outer"/>
  <member type="way" ref="216621680" role="outer"/>
  <member type="way" ref="200241153" role="outer"/>
  <member type="way" ref="216221846" role="outer"/>
  <member type="way" ref="216221845" role="outer"/>
  <member type="way" ref="107508830" role="outer"/>
  <member type="way" ref="107508829" role="outer"/>
  <member type="way" ref="33082882" role="inner"/>
  <member type="way" ref="33082722" role="inner"/>
  <member type="way" ref="82174208" role="inner"/>
  <member type="way" ref="82174201" role="inner"/>
  <member type="way" ref="49847635" role="inner"/>
  <member type="way" ref="81238609" role="inner"/>
  <member type="way" ref="33082875" role="inner"/>
  <member type="way" ref="33082637" role="inner"/>
  <member type="way" ref="33082646" role="inner"/>
  <member type="way" ref="33082846" role="inner"/>
  <member type="node" ref="244938775" role="admin_centre"/>
  <member type="relation" ref="111904" role="subarea"/>
  <member type="relation" ref="1223479" role="subarea"/>
  <member type="relation" ref="283799" role="subarea"/>
  <member type="relation" ref="5811925" role="subarea"/>
  <member type="relation" ref="111903" role="subarea"/>
  <member type="relation" ref="5812013" role="subarea"/>
  <member type="relation" ref="111896" role="subarea"/>
  <member type="relation" ref="5812014" role="subarea"/>
  <member type="relation" ref="111902" role="subarea"/>
  <member type="relation" ref="283824" role="subarea"/>
  <member type="relation" ref="140711" role="subarea"/>
  <member type="relation" ref="117015" role="subarea"/>
  <member type="relation" ref="117205" role="subarea"/>
  <member type="relation" ref="115827" role="subarea"/>
  <member type="relation" ref="116477" role="subarea"/>
  <member type="relation" ref="111914" role="subarea"/>
  <member type="relation" ref="2658224" role="subarea"/>
  <member type="relation" ref="116480" role="subarea"/>
  <member type="relation" ref="115818" role="subarea"/>
  <member type="relation" ref="116481" role="subarea"/>
  <member type="relation" ref="1223476" role="subarea"/>
  <member type="relation" ref="1737383" role="subarea"/>
  <member type="relation" ref="115810" role="subarea"/>
  <member type="relation" ref="2690872" role="subarea"/>
  <member type="relation" ref="115826" role="subarea"/>
  <member type="relation" ref="111923" role="subarea"/>
  <member type="relation" ref="111912" role="subarea"/>
  <member type="relation" ref="141075" role="subarea"/>
  <member type="relation" ref="111899" role="subarea"/>
  <member type="relation" ref="1223471" role="subarea"/>
  <member type="relation" ref="283795" role="subarea"/>
  <member type="relation" ref="283822" role="subarea"/>
  <member type="relation" ref="123285" role="subarea"/>
  <member type="relation" ref="2617578" role="subarea"/>
  <member type="relation" ref="116468" role="subarea"/>
  <member type="relation" ref="2865521" role="subarea"/>
  <member type="relation" ref="960293" role="subarea"/>
  <member type="relation" ref="2073379" role="subarea"/>
  <member type="relation" ref="142768" role="subarea"/>
  <member type="relation" ref="115835" role="subarea"/>
  <member type="relation" ref="138714" role="subarea"/>
  <member type="relation" ref="142751" role="subarea"/>
  <member type="relation" ref="111908" role="subarea"/>
  <member type="relation" ref="6837824" role="subarea"/>
  <member type="relation" ref="116951" role="subarea"/>
  <member type="relation" ref="116471" role="subarea"/>
  <member type="relation" ref="6837826" role="subarea"/>
  <member type="relation" ref="283825" role="subarea"/>
  <member type="relation" ref="115816" role="subarea"/>
  <member type="relation" ref="116473" role="subarea"/>
  <member type="relation" ref="115820" role="subarea"/>
  <member type="relation" ref="5815489" role="subarea"/>
  <member type="relation" ref="283805" role="subarea"/>
  <member type="relation" ref="404435" role="subarea"/>
  <member type="relation" ref="960292" role="subarea"/>
  <member type="relation" ref="111915" role="subarea"/>
  <member type="relation" ref="1070577" role="subarea"/>
  <member type="relation" ref="2865522" role="subarea"/>
  <member type="relation" ref="959450" role="subarea"/>
  <member type="relation" ref="2073500" role="subarea"/>
  <member type="relation" ref="115830" role="subarea"/>
  <member type="relation" ref="2303090" role="subarea"/>
  <member type="relation" ref="283820" role="subarea"/>
  <member type="relation" ref="115812" role="subarea"/>
  <member type="relation" ref="404436" role="subarea"/>
  <member type="relation" ref="283802" role="subarea"/>
  <member type="relation" ref="2690873" role="subarea"/>
  <tag k="boundary" v="protected_area"/>
  <tag k="iucn_level" v="5"/>
  <tag k="name" v="Parc naturel régional de l'Aubrac"/>
  <tag k="name:br" v="Park natur rannvroel Aubrac"/>
  <tag k="name:fr" v="Parc naturel régional de l'Aubrac"/>
  <tag k="protect_class" v="5"/>
  <tag k="protection_title" v="parc naturel régional"/>
  <tag k="ref:FR:INPN" v="FR8000054"/>
  <tag k="short_name" v="Parc de l'Aubrac"/>
  <tag k="type" v="boundary"/>
  <tag k="website" v="https://www.parc-naturel-aubrac.fr/"/>
  <tag k="wikidata" v="Q54561886"/>
  <tag k="wikipedia" v="fr:Parc naturel régional de l'Aubrac"/>
 </relation>
 <relation id="13095793" visible="true" version="1" changeset="109759009" timestamp="2021-08-16T15:43:08Z" user="Yod4z" uid="318821">
  <member type="way" ref="973576569" role="outer"/>
  <member type="way" ref="973576570" role="inner"/>
  <tag k="landuse" v="forest"/>
  <tag k="source" v="ortho hr 2019"/>
  <tag k="type" v="multipolygon"/>
 </relation>
 <relation id="14353891" visible="true" version="4" changeset="175279285" timestamp="2025-11-29T15:01:34Z" user="InfosReseaux" uid="93222">
  <member type="way" ref="83726363" role="substation"/>
  <member type="way" ref="1078667209" role="section"/>
  <member type="way" ref="1454672699" role="section"/>
  <member type="way" ref="1000881525" role="substation"/>
  <tag k="cables" v="3"/>
  <tag k="frequency" v="50"/>
  <tag k="operator" v="RTE"/>
  <tag k="operator:wikidata" v="Q2178795"/>
  <tag k="power" v="circuit"/>
  <tag k="ref:FR:RTE" v="AYRESL71RUEYR"/>
  <tag k="start_date" v="2022-07-13"/>
  <tag k="topology" v="linear"/>
  <tag k="type" v="power"/>
  <tag k="voltage" v="400000"/>
 </relation>
</osm>
