<?xml version="1.0" encoding="UTF-8"?>
<osm version="0.6" generator="openstreetmap-cgimap 2.1.0 (2942789 spike-08.openstreetmap.org)" copyright="OpenStreetMap and contributors" attribution="http://www.openstreetmap.org/copyright" license="http://opendatacommons.org/licenses/odbl/1-0/">
 <bounds minlat="44.7350130" minlon="2.7264550" maxlat="44.7405230" maxlon="2.7381490"/>
 <node id="244938821" visible="true" version="18" changeset="158879529" timestamp="2024-11-08T03:22:40Z" user="Cyrille37Bot" uid="587556" lat="44.7373000" lon="2.7288200">
  <tag k="addr:postcode" v="12460"/>
  <tag k="name" v="Saint-Symphorien-de-Thénières"/>
  <tag k="name:oc" v="Sant Aforians de Tenièiras"/>
  <tag k="place" v="village"/>
  <tag k="population" v="214"/>
  <tag k="population:date" v="2021"/>
  <tag k="ref:FR:SIREN" v="211202502"/>
  <tag k="source:name:oc" v="Lo Congrès"/>
  <tag k="source:population" v="INSEE 2024"/>
 </node>
 <node id="524201454" visible="true" version="2" changeset="109931497" timestamp="2021-08-19T12:16:58Z" user="Yod4z" uid="318821" lat="44.7320733" lon="2.7252943"/>
 <node id="524201456" visible="true" version="2" changeset="109931497" timestamp="2021-08-19T12:16:58Z" user="Yod4z" uid="318821" lat="44.7327120" lon="2.7278102"/>
 <node id="524201458" visible="true" version="2" changeset="109931497" timestamp="2021-08-19T12:16:58Z" user="Yod4z" uid="318821" lat="44.7345945" lon="2.7283536"/>
 <node id="524201459" visible="true" version="2" changeset="109931497" timestamp="2021-08-19T12:16:58Z" user="Yod4z" uid="318821" lat="44.7353061" lon="2.7288758"/>
 <node id="524201460" visible="true" version="2" changeset="109931497" timestamp="2021-08-19T12:16:58Z" user="Yod4z" uid="318821" lat="44.7358101" lon="2.7298554"/>
 <node id="524201461" visible="true" version="2" changeset="109931497" timestamp="2021-08-19T12:16:58Z" user="Yod4z" uid="318821" lat="44.7348266" lon="2.7312827"/>
 <node id="524201462" visible="true" version="2" changeset="109931497" timestamp="2021-08-19T12:16:58Z" user="Yod4z" uid="318821" lat="44.7338694" lon="2.7312142"/>
 <node id="524201463" visible="true" version="2" changeset="109931497" timestamp="2021-08-19T12:16:58Z" user="Yod4z" uid="318821" lat="44.7333281" lon="2.7313815"/>
 <node id="524201465" visible="true" version="2" changeset="109931497" timestamp="2021-08-19T12:16:58Z" user="Yod4z" uid="318821" lat="44.7311840" lon="2.7336436"/>
 <node id="524201473" visible="true" version="3" changeset="109931497" timestamp="2021-08-19T12:16:58Z" user="Yod4z" uid="318821" lat="44.7292153" lon="2.7365710"/>
 <node id="524201478" visible="true" version="2" changeset="109915230" timestamp="2021-08-19T07:50:47Z" user="Yod4z" uid="318821" lat="44.7278321" lon="2.7381393"/>
 <node id="524201480" visible="true" version="2" changeset="109915230" timestamp="2021-08-19T07:50:47Z" user="Yod4z" uid="318821" lat="44.7280469" lon="2.7398352"/>
 <node id="524201482" visible="true" version="1" changeset="2771709" timestamp="2009-10-07T14:47:32Z" user="CLCF06" uid="143308" lat="44.7285046" lon="2.7399515"/>
 <node id="524201486" visible="true" version="2" changeset="109915230" timestamp="2021-08-19T07:50:47Z" user="Yod4z" uid="318821" lat="44.7296895" lon="2.7405308"/>
 <node id="524201494" visible="true" version="2" changeset="109915230" timestamp="2021-08-19T07:50:47Z" user="Yod4z" uid="318821" lat="44.7298187" lon="2.7395920"/>
 <node id="524201497" visible="true" version="1" changeset="2771709" timestamp="2009-10-07T14:47:32Z" user="CLCF06" uid="143308" lat="44.7300959" lon="2.7392201"/>
 <node id="524201499" visible="true" version="2" changeset="109931497" timestamp="2021-08-19T12:16:58Z" user="Yod4z" uid="318821" lat="44.7303513" lon="2.7390876"/>
 <node id="524201501" visible="true" version="2" changeset="109931497" timestamp="2021-08-19T12:16:58Z" user="Yod4z" uid="318821" lat="44.7316769" lon="2.7397249"/>
 <node id="524201503" visible="true" version="2" changeset="109931497" timestamp="2021-08-19T12:16:58Z" user="Yod4z" uid="318821" lat="44.7316160" lon="2.7403414"/>
 <node id="524201505" visible="true" version="2" changeset="109931497" timestamp="2021-08-19T12:16:58Z" user="Yod4z" uid="318821" lat="44.7307862" lon="2.7404061"/>
 <node id="524201507" visible="true" version="2" changeset="109931497" timestamp="2021-08-19T12:16:58Z" user="Yod4z" uid="318821" lat="44.7300310" lon="2.7404004"/>
 <node id="524201509" visible="true" version="2" changeset="109931497" timestamp="2021-08-19T12:16:58Z" user="Yod4z" uid="318821" lat="44.7306152" lon="2.7413590"/>
 <node id="524201516" visible="true" version="2" changeset="109931497" timestamp="2021-08-19T12:16:58Z" user="Yod4z" uid="318821" lat="44.7306112" lon="2.7419841"/>
 <node id="524201519" visible="true" version="2" changeset="109931497" timestamp="2021-08-19T12:16:58Z" user="Yod4z" uid="318821" lat="44.7308838" lon="2.7422290"/>
 <node id="524201522" visible="true" version="2" changeset="109931497" timestamp="2021-08-19T12:16:58Z" user="Yod4z" uid="318821" lat="44.7309312" lon="2.7431763"/>
 <node id="524201523" visible="true" version="3" changeset="110228878" timestamp="2021-08-25T12:08:51Z" user="Yod4z" uid="318821" lat="44.7310859" lon="2.7446247"/>
 <node id="524201525" visible="true" version="3" changeset="110228878" timestamp="2021-08-25T12:08:51Z" user="Yod4z" uid="318821" lat="44.7323669" lon="2.7446838"/>
 <node id="524201527" visible="true" version="3" changeset="110228878" timestamp="2021-08-25T12:08:51Z" user="Yod4z" uid="318821" lat="44.7334489" lon="2.7457291"/>
 <node id="524201529" visible="true" version="2" changeset="37516119" timestamp="2016-02-29T08:25:47Z" user="Yod4z" uid="318821" lat="44.7342932" lon="2.7466005"/>
 <node id="524201531" visible="true" version="3" changeset="110296249" timestamp="2021-08-26T15:57:37Z" user="Yod4z" uid="318821" lat="44.7344835" lon="2.7471233"/>
 <node id="524201539" visible="true" version="3" changeset="110296249" timestamp="2021-08-26T15:57:37Z" user="Yod4z" uid="318821" lat="44.7357614" lon="2.7477472"/>
 <node id="524201542" visible="true" version="2" changeset="109942223" timestamp="2021-08-19T15:53:03Z" user="Yod4z" uid="318821" lat="44.7360252" lon="2.7466274"/>
 <node id="524201543" visible="true" version="2" changeset="109942223" timestamp="2021-08-19T15:53:03Z" user="Yod4z" uid="318821" lat="44.7364516" lon="2.7458840"/>
 <node id="524201544" visible="true" version="2" changeset="109942223" timestamp="2021-08-19T15:53:03Z" user="Yod4z" uid="318821" lat="44.7370720" lon="2.7450333"/>
 <node id="524201545" visible="true" version="2" changeset="109942223" timestamp="2021-08-19T15:53:03Z" user="Yod4z" uid="318821" lat="44.7370949" lon="2.7443438"/>
 <node id="524201546" visible="true" version="2" changeset="109942223" timestamp="2021-08-19T15:53:03Z" user="Yod4z" uid="318821" lat="44.7370830" lon="2.7432549"/>
 <node id="524201547" visible="true" version="1" changeset="2771709" timestamp="2009-10-07T14:47:34Z" user="CLCF06" uid="143308" lat="44.7372858" lon="2.7422434"/>
 <node id="524201548" visible="true" version="2" changeset="109942223" timestamp="2021-08-19T15:53:03Z" user="Yod4z" uid="318821" lat="44.7366654" lon="2.7370925"/>
 <node id="524201550" visible="true" version="2" changeset="109942223" timestamp="2021-08-19T15:53:03Z" user="Yod4z" uid="318821" lat="44.7362821" lon="2.7376277"/>
 <node id="524201551" visible="true" version="2" changeset="109942223" timestamp="2021-08-19T15:53:03Z" user="Yod4z" uid="318821" lat="44.7361303" lon="2.7378287"/>
 <node id="524201552" visible="true" version="2" changeset="109942223" timestamp="2021-08-19T15:53:03Z" user="Yod4z" uid="318821" lat="44.7359762" lon="2.7376553"/>
 <node id="524201553" visible="true" version="2" changeset="109942223" timestamp="2021-08-19T15:53:03Z" user="Yod4z" uid="318821" lat="44.7360134" lon="2.7374032"/>
 <node id="524201554" visible="true" version="2" changeset="109942223" timestamp="2021-08-19T15:53:03Z" user="Yod4z" uid="318821" lat="44.7358394" lon="2.7372956"/>
 <node id="524201555" visible="true" version="2" changeset="109942223" timestamp="2021-08-19T15:53:03Z" user="Yod4z" uid="318821" lat="44.7355363" lon="2.7367334"/>
 <node id="524201558" visible="true" version="2" changeset="109942223" timestamp="2021-08-19T15:53:03Z" user="Yod4z" uid="318821" lat="44.7350792" lon="2.7351712"/>
 <node id="524201562" visible="true" version="2" changeset="109942223" timestamp="2021-08-19T15:53:03Z" user="Yod4z" uid="318821" lat="44.7354744" lon="2.7352761"/>
 <node id="524201563" visible="true" version="3" changeset="110296249" timestamp="2021-08-26T15:57:37Z" user="Yod4z" uid="318821" lat="44.7374487" lon="2.7361965"/>
 <node id="524201564" visible="true" version="2" changeset="110296249" timestamp="2021-08-26T15:57:37Z" user="Yod4z" uid="318821" lat="44.7378148" lon="2.7366611"/>
 <node id="524201565" visible="true" version="2" changeset="110296249" timestamp="2021-08-26T15:57:37Z" user="Yod4z" uid="318821" lat="44.7378604" lon="2.7374153"/>
 <node id="524201566" visible="true" version="2" changeset="110125602" timestamp="2021-08-23T16:04:55Z" user="Yod4z" uid="318821" lat="44.7371405" lon="2.7380610"/>
 <node id="524201567" visible="true" version="2" changeset="110125602" timestamp="2021-08-23T16:04:55Z" user="Yod4z" uid="318821" lat="44.7370975" lon="2.7384883"/>
 <node id="524201569" visible="true" version="2" changeset="110296249" timestamp="2021-08-26T15:57:37Z" user="Yod4z" uid="318821" lat="44.7381787" lon="2.7407383"/>
 <node id="524201571" visible="true" version="1" changeset="2771709" timestamp="2009-10-07T14:47:35Z" user="CLCF06" uid="143308" lat="44.7388159" lon="2.7401147"/>
 <node id="524201573" visible="true" version="2" changeset="109942223" timestamp="2021-08-19T15:53:03Z" user="Yod4z" uid="318821" lat="44.7427087" lon="2.7410281"/>
 <node id="524201576" visible="true" version="2" changeset="109942223" timestamp="2021-08-19T15:53:03Z" user="Yod4z" uid="318821" lat="44.7427222" lon="2.7406765"/>
 <node id="524201577" visible="true" version="2" changeset="109942223" timestamp="2021-08-19T15:53:03Z" user="Yod4z" uid="318821" lat="44.7423506" lon="2.7403220"/>
 <node id="524201579" visible="true" version="2" changeset="109942223" timestamp="2021-08-19T15:53:03Z" user="Yod4z" uid="318821" lat="44.7422722" lon="2.7401666"/>
 <node id="524201580" visible="true" version="2" changeset="109942223" timestamp="2021-08-19T15:53:03Z" user="Yod4z" uid="318821" lat="44.7424818" lon="2.7401638"/>
 <node id="524201582" visible="true" version="2" changeset="109942223" timestamp="2021-08-19T15:53:03Z" user="Yod4z" uid="318821" lat="44.7430692" lon="2.7404062"/>
 <node id="524201584" visible="true" version="2" changeset="40392362" timestamp="2016-06-30T13:39:22Z" user="Olyon" uid="1443767" lat="44.7436385" lon="2.7424313"/>
 <node id="524201587" visible="true" version="2" changeset="110296249" timestamp="2021-08-26T15:57:37Z" user="Yod4z" uid="318821" lat="44.7432605" lon="2.7432612"/>
 <node id="524201589" visible="true" version="3" changeset="110296249" timestamp="2021-08-26T15:57:37Z" user="Yod4z" uid="318821" lat="44.7429491" lon="2.7438572"/>
 <node id="524201590" visible="true" version="3" changeset="110296249" timestamp="2021-08-26T15:57:37Z" user="Yod4z" uid="318821" lat="44.7436895" lon="2.7439684"/>
 <node id="524201593" visible="true" version="3" changeset="110296249" timestamp="2021-08-26T15:57:37Z" user="Yod4z" uid="318821" lat="44.7455515" lon="2.7448597"/>
 <node id="525091814" visible="true" version="1" changeset="2778337" timestamp="2009-10-08T04:00:28Z" user="CLCF06" uid="143308" lat="44.7491195" lon="2.7379581"/>
 <node id="525091816" visible="true" version="1" changeset="2778337" timestamp="2009-10-08T04:00:28Z" user="CLCF06" uid="143308" lat="44.7495094" lon="2.7367586"/>
 <node id="525091817" visible="true" version="1" changeset="2778337" timestamp="2009-10-08T04:00:28Z" user="CLCF06" uid="143308" lat="44.7494716" lon="2.7353757"/>
 <node id="525092253" visible="true" version="2" changeset="40392362" timestamp="2016-06-30T13:39:22Z" user="Olyon" uid="1443767" lat="44.7488523" lon="2.7448428"/>
 <node id="525092254" visible="true" version="1" changeset="2778338" timestamp="2009-10-08T04:00:52Z" user="CLCF06" uid="143308" lat="44.7480124" lon="2.7438047"/>
 <node id="525092255" visible="true" version="1" changeset="2778338" timestamp="2009-10-08T04:00:52Z" user="CLCF06" uid="143308" lat="44.7481920" lon="2.7432696"/>
 <node id="525092256" visible="true" version="2" changeset="40392362" timestamp="2016-06-30T13:39:22Z" user="Olyon" uid="1443767" lat="44.7484790" lon="2.7418045"/>
 <node id="525092257" visible="true" version="2" changeset="40392362" timestamp="2016-06-30T13:39:22Z" user="Olyon" uid="1443767" lat="44.7490479" lon="2.7421786"/>
 <node id="525092258" visible="true" version="2" changeset="40392362" timestamp="2016-06-30T13:39:22Z" user="Olyon" uid="1443767" lat="44.7494980" lon="2.7431674"/>
 <node id="525092259" visible="true" version="2" changeset="40392362" timestamp="2016-06-30T13:39:23Z" user="Olyon" uid="1443767" lat="44.7506055" lon="2.7410072"/>
 <node id="525092260" visible="true" version="1" changeset="2778338" timestamp="2009-10-08T04:00:52Z" user="CLCF06" uid="143308" lat="44.7489679" lon="2.7384245"/>
 <node id="565559256" visible="true" version="2" changeset="37083773" timestamp="2016-02-08T16:45:44Z" user="Yod4z" uid="318821" lat="44.7341009" lon="2.7235574"/>
 <node id="565559257" visible="true" version="3" changeset="109931497" timestamp="2021-08-19T12:16:58Z" user="Yod4z" uid="318821" lat="44.7347857" lon="2.7233470"/>
 <node id="565559258" visible="true" version="3" changeset="109757271" timestamp="2021-08-16T15:06:41Z" user="Yod4z" uid="318821" lat="44.7351082" lon="2.7220744"/>
 <node id="565559259" visible="true" version="2" changeset="37083773" timestamp="2016-02-08T16:45:44Z" user="Yod4z" uid="318821" lat="44.7359191" lon="2.7214622"/>
 <node id="565559260" visible="true" version="3" changeset="109931497" timestamp="2021-08-19T12:16:58Z" user="Yod4z" uid="318821" lat="44.7324270" lon="2.7251383"/>
 <node id="565559261" visible="true" version="2" changeset="37083773" timestamp="2016-02-08T16:45:44Z" user="Yod4z" uid="318821" lat="44.7340833" lon="2.7252763"/>
 <node id="565559636" visible="true" version="2" changeset="37083773" timestamp="2016-02-08T16:45:45Z" user="Yod4z" uid="318821" lat="44.7371018" lon="2.7224659"/>
 <node id="565559637" visible="true" version="2" changeset="37083773" timestamp="2016-02-08T16:45:45Z" user="Yod4z" uid="318821" lat="44.7391313" lon="2.7208536"/>
 <node id="565559639" visible="true" version="2" changeset="37083773" timestamp="2016-02-08T16:45:45Z" user="Yod4z" uid="318821" lat="44.7381958" lon="2.7203103"/>
 <node id="565559641" visible="true" version="2" changeset="110353670" timestamp="2021-08-27T17:54:02Z" user="Yod4z" uid="318821" lat="44.7386698" lon="2.7236138"/>
 <node id="565559642" visible="true" version="2" changeset="37083773" timestamp="2016-02-08T16:45:45Z" user="Yod4z" uid="318821" lat="44.7385091" lon="2.7226252"/>
 <node id="565559643" visible="true" version="3" changeset="109757271" timestamp="2021-08-16T15:06:41Z" user="Yod4z" uid="318821" lat="44.7375690" lon="2.7210064"/>
 <node id="565559645" visible="true" version="3" changeset="109757271" timestamp="2021-08-16T15:06:41Z" user="Yod4z" uid="318821" lat="44.7375516" lon="2.7216292"/>
 <node id="565559646" visible="true" version="1" changeset="3134638" timestamp="2009-11-16T18:51:28Z" user="persei" uid="117980" lat="44.7408450" lon="2.7241426"/>
 <node id="565559647" visible="true" version="1" changeset="3134638" timestamp="2009-11-16T18:51:28Z" user="persei" uid="117980" lat="44.7411631" lon="2.7238474"/>
 <node id="565559648" visible="true" version="2" changeset="37083773" timestamp="2016-02-08T16:45:45Z" user="Yod4z" uid="318821" lat="44.7396269" lon="2.7222315"/>
 <node id="565559649" visible="true" version="2" changeset="37083773" timestamp="2016-02-08T16:45:45Z" user="Yod4z" uid="318821" lat="44.7402105" lon="2.7241517"/>
 <node id="565559652" visible="true" version="1" changeset="3134638" timestamp="2009-11-16T18:51:29Z" user="persei" uid="117980" lat="44.7435977" lon="2.7243099"/>
 <node id="565559654" visible="true" version="1" changeset="3134638" timestamp="2009-11-16T18:51:29Z" user="persei" uid="117980" lat="44.7433879" lon="2.7235654"/>
 <node id="565560582" visible="true" version="2" changeset="110353670" timestamp="2021-08-27T17:54:02Z" user="Yod4z" uid="318821" lat="44.7416628" lon="2.7282860"/>
 <node id="565560585" visible="true" version="2" changeset="110353670" timestamp="2021-08-27T17:54:02Z" user="Yod4z" uid="318821" lat="44.7423690" lon="2.7275272"/>
 <node id="565560587" visible="true" version="2" changeset="110353670" timestamp="2021-08-27T17:54:02Z" user="Yod4z" uid="318821" lat="44.7435932" lon="2.7270717"/>
 <node id="565560589" visible="true" version="2" changeset="110353670" timestamp="2021-08-27T17:54:02Z" user="Yod4z" uid="318821" lat="44.7438653" lon="2.7260223"/>
 <node id="565560591" visible="true" version="2" changeset="110353670" timestamp="2021-08-27T17:54:02Z" user="Yod4z" uid="318821" lat="44.7438007" lon="2.7253215"/>
 <node id="565560592" visible="true" version="2" changeset="110353670" timestamp="2021-08-27T17:54:02Z" user="Yod4z" uid="318821" lat="44.7428001" lon="2.7292799"/>
 <node id="565560593" visible="true" version="2" changeset="110353670" timestamp="2021-08-27T17:54:02Z" user="Yod4z" uid="318821" lat="44.7435993" lon="2.7289430"/>
 <node id="565560595" visible="true" version="2" changeset="110353670" timestamp="2021-08-27T17:54:02Z" user="Yod4z" uid="318821" lat="44.7443255" lon="2.7286486"/>
 <node id="565560597" visible="true" version="2" changeset="110353670" timestamp="2021-08-27T17:54:02Z" user="Yod4z" uid="318821" lat="44.7472783" lon="2.7333781"/>
 <node id="565560599" visible="true" version="2" changeset="110353670" timestamp="2021-08-27T17:54:02Z" user="Yod4z" uid="318821" lat="44.7469251" lon="2.7310078"/>
 <node id="565560602" visible="true" version="2" changeset="110353670" timestamp="2021-08-27T17:54:02Z" user="Yod4z" uid="318821" lat="44.7468868" lon="2.7295878"/>
 <node id="565560603" visible="true" version="2" changeset="110353670" timestamp="2021-08-27T17:54:02Z" user="Yod4z" uid="318821" lat="44.7457300" lon="2.7291624"/>
 <node id="565560604" visible="true" version="2" changeset="110353670" timestamp="2021-08-27T17:54:02Z" user="Yod4z" uid="318821" lat="44.7466718" lon="2.7276546"/>
 <node id="565560606" visible="true" version="2" changeset="110353670" timestamp="2021-08-27T17:54:02Z" user="Yod4z" uid="318821" lat="44.7453257" lon="2.7293464"/>
 <node id="565560608" visible="true" version="2" changeset="110353670" timestamp="2021-08-27T17:54:02Z" user="Yod4z" uid="318821" lat="44.7450309" lon="2.7296515"/>
 <node id="565560610" visible="true" version="2" changeset="110353670" timestamp="2021-08-27T17:54:02Z" user="Yod4z" uid="318821" lat="44.7448900" lon="2.7286889"/>
 <node id="565560634" visible="true" version="1" changeset="3134638" timestamp="2009-11-16T18:52:02Z" user="persei" uid="117980" lat="44.7494569" lon="2.7348380"/>
 <node id="732255716" visible="true" version="2" changeset="4716923" timestamp="2010-05-16T13:09:34Z" user="Fabio Alessandro &quot;Fale&quot; Locati" uid="40276" lat="44.7361826" lon="2.7330758"/>
 <node id="732255762" visible="true" version="3" changeset="109757271" timestamp="2021-08-16T15:06:41Z" user="Yod4z" uid="318821" lat="44.7396383" lon="2.7019819"/>
 <node id="732255775" visible="true" version="2" changeset="4716923" timestamp="2010-05-16T13:09:30Z" user="Fabio Alessandro &quot;Fale&quot; Locati" uid="40276" lat="44.7396719" lon="2.7142761"/>
 <node id="732255782" visible="true" version="1" changeset="4686556" timestamp="2010-05-13T14:18:28Z" user="Psolyca" uid="275098" lat="44.7386088" lon="2.7194467"/>
 <node id="732255796" visible="true" version="3" changeset="109931497" timestamp="2021-08-19T12:16:58Z" user="Yod4z" uid="318821" lat="44.7352153" lon="2.7269774"/>
 <node id="732255806" visible="true" version="4" changeset="60846825" timestamp="2018-07-18T19:32:01Z" user="jcphal" uid="387627" lat="44.7367975" lon="2.7319627"/>
 <node id="732255819" visible="true" version="3" changeset="60846825" timestamp="2018-07-18T19:32:01Z" user="jcphal" uid="387627" lat="44.7321342" lon="2.7370822"/>
 <node id="732255875" visible="true" version="2" changeset="109757271" timestamp="2021-08-16T15:06:41Z" user="Yod4z" uid="318821" lat="44.7401027" lon="2.7037834"/>
 <node id="732255883" visible="true" version="3" changeset="37083773" timestamp="2016-02-08T16:45:45Z" user="Yod4z" uid="318821" lat="44.7396069" lon="2.7157689"/>
 <node id="732255901" visible="true" version="2" changeset="4716923" timestamp="2010-05-16T13:09:32Z" user="Fabio Alessandro &quot;Fale&quot; Locati" uid="40276" lat="44.7361414" lon="2.7256635"/>
 <node id="732255915" visible="true" version="2" changeset="86516588" timestamp="2020-06-11T11:57:58Z" user="jcphal" uid="387627" lat="44.7372016" lon="2.7290408"/>
 <node id="732255934" visible="true" version="2" changeset="37507373" timestamp="2016-02-28T20:07:50Z" user="didier2020" uid="300459" lat="44.7363107" lon="2.7329273"/>
 <node id="732255950" visible="true" version="3" changeset="60846825" timestamp="2018-07-18T19:32:01Z" user="jcphal" uid="387627" lat="44.7326041" lon="2.7389679"/>
 <node id="732256020" visible="true" version="3" changeset="109757271" timestamp="2021-08-16T15:06:41Z" user="Yod4z" uid="318821" lat="44.7399175" lon="2.7133304"/>
 <node id="732256033" visible="true" version="2" changeset="109757271" timestamp="2021-08-16T15:06:41Z" user="Yod4z" uid="318821" lat="44.7378436" lon="2.7212220"/>
 <node id="732256049" visible="true" version="2" changeset="109757271" timestamp="2021-08-16T15:06:41Z" user="Yod4z" uid="318821" lat="44.7352174" lon="2.7268204"/>
 <node id="732256067" visible="true" version="2" changeset="37507373" timestamp="2016-02-28T20:07:50Z" user="didier2020" uid="300459" lat="44.7377597" lon="2.7297809"/>
 <node id="732256079" visible="true" version="3" changeset="60846825" timestamp="2018-07-18T19:32:01Z" user="jcphal" uid="387627" lat="44.7321185" lon="2.7368866"/>
 <node id="732256146" visible="true" version="2" changeset="109757271" timestamp="2021-08-16T15:06:41Z" user="Yod4z" uid="318821" lat="44.7396811" lon="2.7095253"/>
 <node id="732256162" visible="true" version="2" changeset="109757271" timestamp="2021-08-16T15:06:41Z" user="Yod4z" uid="318821" lat="44.7396214" lon="2.7146892"/>
 <node id="732256171" visible="true" version="2" changeset="4716923" timestamp="2010-05-16T13:09:34Z" user="Fabio Alessandro &quot;Fale&quot; Locati" uid="40276" lat="44.7374958" lon="2.7222080"/>
 <node id="732256188" visible="true" version="3" changeset="86516588" timestamp="2020-06-11T11:57:58Z" user="jcphal" uid="387627" lat="44.7373067" lon="2.7287246"/>
 <node id="732256203" visible="true" version="2" changeset="60846825" timestamp="2018-07-18T19:32:01Z" user="jcphal" uid="387627" lat="44.7346345" lon="2.7324483"/>
 <node id="732256214" visible="true" version="2" changeset="60846825" timestamp="2018-07-18T19:32:01Z" user="jcphal" uid="387627" lat="44.7325509" lon="2.7386869"/>
 <node id="732256285" visible="true" version="1" changeset="4686556" timestamp="2010-05-13T14:18:41Z" user="Psolyca" uid="275098" lat="44.7392641" lon="2.7105046"/>
 <node id="732256302" visible="true" version="2" changeset="109757271" timestamp="2021-08-16T15:06:41Z" user="Yod4z" uid="318821" lat="44.7379127" lon="2.7203560"/>
 <node id="732256312" visible="true" version="2" changeset="4716923" timestamp="2010-05-16T13:09:28Z" user="Fabio Alessandro &quot;Fale&quot; Locati" uid="40276" lat="44.7355851" lon="2.7280363"/>
 <node id="732256335" visible="true" version="2" changeset="86516588" timestamp="2020-06-11T11:57:58Z" user="jcphal" uid="387627" lat="44.7371848" lon="2.7291226"/>
 <node id="732256357" visible="true" version="2" changeset="60846825" timestamp="2018-07-18T19:32:02Z" user="jcphal" uid="387627" lat="44.7341038" lon="2.7324813"/>
 <node id="732256425" visible="true" version="3" changeset="109757271" timestamp="2021-08-16T15:06:41Z" user="Yod4z" uid="318821" lat="44.7398192" lon="2.7090846"/>
 <node id="732256446" visible="true" version="4" changeset="109757271" timestamp="2021-08-16T15:06:41Z" user="Yod4z" uid="318821" lat="44.7393268" lon="2.7169102"/>
 <node id="732256461" visible="true" version="1" changeset="4686556" timestamp="2010-05-13T14:18:45Z" user="Psolyca" uid="275098" lat="44.7377615" lon="2.7216757"/>
 <node id="732256466" visible="true" version="3" changeset="86516588" timestamp="2020-06-11T11:57:58Z" user="jcphal" uid="387627" lat="44.7362374" lon="2.7278958"/>
 <node id="732256488" visible="true" version="4" changeset="60846825" timestamp="2018-07-18T19:32:02Z" user="jcphal" uid="387627" lat="44.7359588" lon="2.7331465"/>
 <node id="732256500" visible="true" version="2" changeset="60846825" timestamp="2018-07-18T19:32:02Z" user="jcphal" uid="387627" lat="44.7323572" lon="2.7399124"/>
 <node id="732256550" visible="true" version="1" changeset="4686556" timestamp="2010-05-13T14:18:47Z" user="Psolyca" uid="275098" lat="44.7392547" lon="2.6990276"/>
 <node id="732256559" visible="true" version="2" changeset="109757271" timestamp="2021-08-16T15:06:41Z" user="Yod4z" uid="318821" lat="44.7393812" lon="2.7100896"/>
 <node id="732256579" visible="true" version="3" changeset="109757271" timestamp="2021-08-16T15:06:41Z" user="Yod4z" uid="318821" lat="44.7387176" lon="2.7181556"/>
 <node id="732256595" visible="true" version="2" changeset="4716923" timestamp="2010-05-16T13:09:36Z" user="Fabio Alessandro &quot;Fale&quot; Locati" uid="40276" lat="44.7354452" lon="2.7278189"/>
 <node id="732256619" visible="true" version="5" changeset="86516588" timestamp="2020-06-11T11:57:58Z" user="jcphal" uid="387627" lat="44.7383037" lon="2.7307837"/>
 <node id="732256644" visible="true" version="3" changeset="60846825" timestamp="2018-07-18T19:32:02Z" user="jcphal" uid="387627" lat="44.7344085" lon="2.7323658"/>
 <node id="732256724" visible="true" version="3" changeset="109757271" timestamp="2021-08-16T15:06:41Z" user="Yod4z" uid="318821" lat="44.7396042" lon="2.7015749"/>
 <node id="732256735" visible="true" version="3" changeset="37083773" timestamp="2016-02-08T16:45:45Z" user="Yod4z" uid="318821" lat="44.7394769" lon="2.7165875"/>
 <node id="732256754" visible="true" version="2" changeset="4716923" timestamp="2010-05-16T13:09:26Z" user="Fabio Alessandro &quot;Fale&quot; Locati" uid="40276" lat="44.7369519" lon="2.7230435"/>
 <node id="732256765" visible="true" version="3" changeset="86516588" timestamp="2020-06-11T11:57:58Z" user="jcphal" uid="387627" lat="44.7358235" lon="2.7280974"/>
 <node id="732256784" visible="true" version="3" changeset="86516588" timestamp="2020-06-11T11:57:58Z" user="jcphal" uid="387627" lat="44.7379013" lon="2.7316411"/>
 <node id="732256796" visible="true" version="3" changeset="60846825" timestamp="2018-07-18T19:32:02Z" user="jcphal" uid="387627" lat="44.7325670" lon="2.7394924"/>
 <node id="732256849" visible="true" version="3" changeset="109757271" timestamp="2021-08-16T15:06:41Z" user="Yod4z" uid="318821" lat="44.7392562" lon="2.6987155"/>
 <node id="732256862" visible="true" version="3" changeset="109757271" timestamp="2021-08-16T15:06:41Z" user="Yod4z" uid="318821" lat="44.7394790" lon="2.7118604"/>
 <node id="732256878" visible="true" version="2" changeset="4716923" timestamp="2010-05-16T13:09:33Z" user="Fabio Alessandro &quot;Fale&quot; Locati" uid="40276" lat="44.7388392" lon="2.7175337"/>
 <node id="732256889" visible="true" version="2" changeset="4716923" timestamp="2010-05-16T13:09:27Z" user="Fabio Alessandro &quot;Fale&quot; Locati" uid="40276" lat="44.7363437" lon="2.7252936"/>
 <node id="732256908" visible="true" version="3" changeset="37507373" timestamp="2016-02-28T20:07:50Z" user="didier2020" uid="300459" lat="44.7382215" lon="2.7304912"/>
 <node id="732256925" visible="true" version="1" changeset="4686556" timestamp="2010-05-13T14:18:53Z" user="Psolyca" uid="275098" lat="44.7330623" lon="2.7345992"/>
 <node id="732256991" visible="true" version="3" changeset="109757271" timestamp="2021-08-16T15:06:41Z" user="Yod4z" uid="318821" lat="44.7395374" lon="2.7001775"/>
 <node id="732257003" visible="true" version="2" changeset="109757271" timestamp="2021-08-16T15:06:41Z" user="Yod4z" uid="318821" lat="44.7399209" lon="2.7128968"/>
 <node id="732257019" visible="true" version="1" changeset="4686556" timestamp="2010-05-13T14:18:55Z" user="Psolyca" uid="275098" lat="44.7372059" lon="2.7226007"/>
 <node id="732257030" visible="true" version="3" changeset="86516588" timestamp="2020-06-11T11:57:58Z" user="jcphal" uid="387627" lat="44.7368616" lon="2.7278600"/>
 <node id="732257050" visible="true" version="3" changeset="86516588" timestamp="2020-06-11T11:57:58Z" user="jcphal" uid="387627" lat="44.7382238" lon="2.7312043"/>
 <node id="732257063" visible="true" version="2" changeset="4716923" timestamp="2010-05-16T13:09:32Z" user="Fabio Alessandro &quot;Fale&quot; Locati" uid="40276" lat="44.7323130" lon="2.7362515"/>
 <node id="732257141" visible="true" version="2" changeset="109757271" timestamp="2021-08-16T15:06:41Z" user="Yod4z" uid="318821" lat="44.7393030" lon="2.7111765"/>
 <node id="732257162" visible="true" version="2" changeset="109757271" timestamp="2021-08-16T15:06:41Z" user="Yod4z" uid="318821" lat="44.7387598" lon="2.7190318"/>
 <node id="732257174" visible="true" version="1" changeset="4686556" timestamp="2010-05-13T14:18:57Z" user="Psolyca" uid="275098" lat="44.7368571" lon="2.7233738"/>
 <node id="732257202" visible="true" version="3" changeset="86516588" timestamp="2020-06-11T11:57:58Z" user="jcphal" uid="387627" lat="44.7372985" lon="2.7285228"/>
 <node id="732257229" visible="true" version="3" changeset="60846825" timestamp="2018-07-18T19:32:02Z" user="jcphal" uid="387627" lat="44.7338422" lon="2.7327666"/>
 <node id="732257344" visible="true" version="2" changeset="109757271" timestamp="2021-08-16T15:06:41Z" user="Yod4z" uid="318821" lat="44.7400122" lon="2.7029816"/>
 <node id="732257358" visible="true" version="2" changeset="109757271" timestamp="2021-08-16T15:06:41Z" user="Yod4z" uid="318821" lat="44.7398045" lon="2.7125108"/>
 <node id="732257373" visible="true" version="2" changeset="109757271" timestamp="2021-08-16T15:06:41Z" user="Yod4z" uid="318821" lat="44.7380864" lon="2.7200176"/>
 <node id="732257387" visible="true" version="3" changeset="86516588" timestamp="2020-06-11T11:57:58Z" user="jcphal" uid="387627" lat="44.7364412" lon="2.7277706"/>
 <node id="732257415" visible="true" version="3" changeset="37507373" timestamp="2016-02-28T20:07:50Z" user="didier2020" uid="300459" lat="44.7365893" lon="2.7321820"/>
 <node id="732257444" visible="true" version="3" changeset="60846825" timestamp="2018-07-18T19:32:02Z" user="jcphal" uid="387627" lat="44.7327083" lon="2.7352361"/>
 <node id="732257539" visible="true" version="2" changeset="109757271" timestamp="2021-08-16T15:06:41Z" user="Yod4z" uid="318821" lat="44.7398556" lon="2.7085911"/>
 <node id="732257565" visible="true" version="3" changeset="109757271" timestamp="2021-08-16T15:06:41Z" user="Yod4z" uid="318821" lat="44.7387770" lon="2.7186998"/>
 <node id="732257587" visible="true" version="2" changeset="4716923" timestamp="2010-05-16T13:09:34Z" user="Fabio Alessandro &quot;Fale&quot; Locati" uid="40276" lat="44.7353902" lon="2.7264776"/>
 <node id="732257605" visible="true" version="3" changeset="86516588" timestamp="2020-06-11T11:57:58Z" user="jcphal" uid="387627" lat="44.7370443" lon="2.7280355"/>
 <node id="732724233" visible="true" version="2" changeset="109757271" timestamp="2021-08-16T15:06:41Z" user="Yod4z" uid="318821" lat="44.7393777" lon="2.6975087"/>
 <node id="804743947" visible="true" version="2" changeset="109915230" timestamp="2021-08-19T07:50:47Z" user="Yod4z" uid="318821" lat="44.7289744" lon="2.7385568"/>
 <node id="804746075" visible="true" version="2" changeset="37083773" timestamp="2016-02-08T16:45:45Z" user="Yod4z" uid="318821" lat="44.7322664" lon="2.7250136"/>
 <node id="1652861682" visible="true" version="2" changeset="86516588" timestamp="2020-06-11T12:45:43Z" user="jcphal" uid="387627" lat="44.7395837" lon="2.7298545"/>
 <node id="1652861694" visible="true" version="1" changeset="10828641" timestamp="2012-02-29T14:48:39Z" user="inisheer" uid="195875" lat="44.7414832" lon="2.7286113"/>
 <node id="1652861756" visible="true" version="2" changeset="86516588" timestamp="2020-06-11T11:57:58Z" user="jcphal" uid="387627" lat="44.7381663" lon="2.7303709"/>
 <node id="1652861821" visible="true" version="1" changeset="10828641" timestamp="2012-02-29T14:48:43Z" user="inisheer" uid="195875" lat="44.7410869" lon="2.7292336"/>
 <node id="1652862011" visible="true" version="1" changeset="10828641" timestamp="2012-02-29T14:48:47Z" user="inisheer" uid="195875" lat="44.7391132" lon="2.7300490"/>
 <node id="1652862046" visible="true" version="2" changeset="37083773" timestamp="2016-02-08T16:45:41Z" user="Yod4z" uid="318821" lat="44.7388039" lon="2.7302773"/>
 <node id="1652862087" visible="true" version="1" changeset="10828641" timestamp="2012-02-29T14:48:49Z" user="inisheer" uid="195875" lat="44.7385340" lon="2.7303172"/>
 <node id="1652862102" visible="true" version="2" changeset="86516588" timestamp="2020-06-11T12:45:43Z" user="jcphal" uid="387627" lat="44.7397533" lon="2.7295374"/>
 <node id="1652862139" visible="true" version="1" changeset="10828641" timestamp="2012-02-29T14:48:51Z" user="inisheer" uid="195875" lat="44.7416661" lon="2.7287186"/>
 <node id="1652862274" visible="true" version="3" changeset="86516588" timestamp="2020-06-11T12:45:43Z" user="jcphal" uid="387627" lat="44.7393083" lon="2.7286944"/>
 <node id="1652862325" visible="true" version="1" changeset="10828641" timestamp="2012-02-29T14:48:56Z" user="inisheer" uid="195875" lat="44.7416737" lon="2.7285255"/>
 <node id="1652862380" visible="true" version="1" changeset="10828641" timestamp="2012-02-29T14:48:57Z" user="inisheer" uid="195875" lat="44.7407288" lon="2.7292014"/>
 <node id="1652862382" visible="true" version="1" changeset="10828641" timestamp="2012-02-29T14:48:58Z" user="inisheer" uid="195875" lat="44.7415975" lon="2.7284933"/>
 <node id="1652862453" visible="true" version="1" changeset="10828641" timestamp="2012-02-29T14:48:59Z" user="inisheer" uid="195875" lat="44.7397686" lon="2.7288473"/>
 <node id="1652862459" visible="true" version="2" changeset="86516588" timestamp="2020-06-11T12:45:43Z" user="jcphal" uid="387627" lat="44.7389664" lon="2.7302045"/>
 <node id="1652862781" visible="true" version="2" changeset="86516588" timestamp="2020-06-11T12:45:43Z" user="jcphal" uid="387627" lat="44.7397705" lon="2.7298371"/>
 <node id="1652862800" visible="true" version="1" changeset="10828641" timestamp="2012-02-29T14:49:07Z" user="inisheer" uid="195875" lat="44.7411860" lon="2.7290941"/>
 <node id="1652862871" visible="true" version="3" changeset="86516588" timestamp="2020-06-11T12:45:43Z" user="jcphal" uid="387627" lat="44.7392484" lon="2.7288016"/>
 <node id="1652862898" visible="true" version="2" changeset="86516588" timestamp="2020-06-11T12:45:43Z" user="jcphal" uid="387627" lat="44.7397028" lon="2.7298612"/>
 <node id="1652862919" visible="true" version="2" changeset="86516588" timestamp="2020-06-11T12:45:43Z" user="jcphal" uid="387627" lat="44.7393237" lon="2.7290279"/>
 <node id="1652862928" visible="true" version="1" changeset="10828641" timestamp="2012-02-29T14:49:10Z" user="inisheer" uid="195875" lat="44.7409421" lon="2.7292550"/>
 <node id="1652862948" visible="true" version="2" changeset="86516588" timestamp="2020-06-11T12:45:43Z" user="jcphal" uid="387627" lat="44.7394113" lon="2.7298451"/>
 <node id="1655789509" visible="true" version="1" changeset="10846810" timestamp="2012-03-02T10:45:26Z" user="inisheer" uid="195875" lat="44.7316713" lon="2.7240069"/>
 <node id="1655789511" visible="true" version="1" changeset="10846810" timestamp="2012-03-02T10:45:26Z" user="inisheer" uid="195875" lat="44.7264078" lon="2.7215548"/>
 <node id="1655789512" visible="true" version="1" changeset="10846810" timestamp="2012-03-02T10:45:26Z" user="inisheer" uid="195875" lat="44.7348758" lon="2.7259000"/>
 <node id="1655789513" visible="true" version="1" changeset="10846810" timestamp="2012-03-02T10:45:26Z" user="inisheer" uid="195875" lat="44.7262324" lon="2.7219303"/>
 <node id="1655789517" visible="true" version="2" changeset="37083773" timestamp="2016-02-08T16:45:41Z" user="Yod4z" uid="318821" lat="44.7344376" lon="2.7257366"/>
 <node id="1655789522" visible="true" version="2" changeset="109931497" timestamp="2021-08-19T12:16:58Z" user="Yod4z" uid="318821" lat="44.7328122" lon="2.7260851"/>
 <node id="1655789523" visible="true" version="2" changeset="37083773" timestamp="2016-02-08T16:45:41Z" user="Yod4z" uid="318821" lat="44.7347079" lon="2.7255250"/>
 <node id="1655789525" visible="true" version="2" changeset="37083773" timestamp="2016-02-08T16:45:42Z" user="Yod4z" uid="318821" lat="44.7346147" lon="2.7255034"/>
 <node id="1655789529" visible="true" version="1" changeset="10846810" timestamp="2012-03-02T10:45:28Z" user="inisheer" uid="195875" lat="44.7271243" lon="2.7205645"/>
 <node id="1655789532" visible="true" version="2" changeset="109931497" timestamp="2021-08-19T12:16:58Z" user="Yod4z" uid="318821" lat="44.7322616" lon="2.7254811"/>
 <node id="1655789534" visible="true" version="1" changeset="10846810" timestamp="2012-03-02T10:45:28Z" user="inisheer" uid="195875" lat="44.7307746" lon="2.7226856"/>
 <node id="1655789536" visible="true" version="1" changeset="10846810" timestamp="2012-03-02T10:45:28Z" user="inisheer" uid="195875" lat="44.7289765" lon="2.7211579"/>
 <node id="1655789544" visible="true" version="1" changeset="10846810" timestamp="2012-03-02T10:45:28Z" user="inisheer" uid="195875" lat="44.7262934" lon="2.7217555"/>
 <node id="1655789547" visible="true" version="1" changeset="10846810" timestamp="2012-03-02T10:45:28Z" user="inisheer" uid="195875" lat="44.7296092" lon="2.7215763"/>
 <node id="1655789549" visible="true" version="1" changeset="10846810" timestamp="2012-03-02T10:45:29Z" user="inisheer" uid="195875" lat="44.7302044" lon="2.7223820"/>
 <node id="1655789555" visible="true" version="2" changeset="109757271" timestamp="2021-08-16T15:06:41Z" user="Yod4z" uid="318821" lat="44.7351854" lon="2.7268099">
  <tag k="direction" v="backward"/>
  <tag k="highway" v="give_way"/>
 </node>
 <node id="1655789558" visible="true" version="2" changeset="109931497" timestamp="2021-08-19T12:16:58Z" user="Yod4z" uid="318821" lat="44.7314510" lon="2.7235134"/>
 <node id="1655789559" visible="true" version="2" changeset="37083773" timestamp="2016-02-08T16:45:42Z" user="Yod4z" uid="318821" lat="44.7343424" lon="2.7262383"/>
 <node id="1655789560" visible="true" version="1" changeset="10846810" timestamp="2012-03-02T10:45:30Z" user="inisheer" uid="195875" lat="44.7297006" lon="2.7217694"/>
 <node id="1655789561" visible="true" version="2" changeset="37083773" timestamp="2016-02-08T16:45:42Z" user="Yod4z" uid="318821" lat="44.7341556" lon="2.7262510"/>
 <node id="1655789562" visible="true" version="1" changeset="10846810" timestamp="2012-03-02T10:45:30Z" user="inisheer" uid="195875" lat="44.7280618" lon="2.7199455"/>
 <node id="1655789563" visible="true" version="2" changeset="17041778" timestamp="2013-07-21T21:46:21Z" user="ecmarsden" uid="477798" lat="44.7258776" lon="2.7230755"/>
 <node id="1655789565" visible="true" version="1" changeset="10846810" timestamp="2012-03-02T10:45:30Z" user="inisheer" uid="195875" lat="44.7278560" lon="2.7198350"/>
 <node id="1655789566" visible="true" version="2" changeset="109931497" timestamp="2021-08-19T12:16:58Z" user="Yod4z" uid="318821" lat="44.7330543" lon="2.7261999"/>
 <node id="1655789567" visible="true" version="2" changeset="109931497" timestamp="2021-08-19T12:16:58Z" user="Yod4z" uid="318821" lat="44.7320116" lon="2.7247305"/>
 <node id="1655789568" visible="true" version="1" changeset="10846810" timestamp="2012-03-02T10:45:30Z" user="inisheer" uid="195875" lat="44.7282829" lon="2.7205538"/>
 <node id="1655789569" visible="true" version="1" changeset="10846810" timestamp="2012-03-02T10:45:30Z" user="inisheer" uid="195875" lat="44.7294415" lon="2.7214261"/>
 <node id="1655789570" visible="true" version="1" changeset="10846810" timestamp="2012-03-02T10:45:30Z" user="inisheer" uid="195875" lat="44.7279780" lon="2.7198597"/>
 <node id="1655789573" visible="true" version="1" changeset="10846810" timestamp="2012-03-02T10:45:31Z" user="inisheer" uid="195875" lat="44.7344414" lon="2.7258646"/>
 <node id="1655789575" visible="true" version="2" changeset="109931497" timestamp="2021-08-19T12:16:58Z" user="Yod4z" uid="318821" lat="44.7318596" lon="2.7243331"/>
 <node id="1655789577" visible="true" version="3" changeset="109639781" timestamp="2021-08-13T16:38:00Z" user="Yod4z" uid="318821" lat="44.7257226" lon="2.7234332"/>
 <node id="1655789578" visible="true" version="1" changeset="10846810" timestamp="2012-03-02T10:45:31Z" user="inisheer" uid="195875" lat="44.7268499" lon="2.7209325"/>
 <node id="1655789580" visible="true" version="1" changeset="10846810" timestamp="2012-03-02T10:45:31Z" user="inisheer" uid="195875" lat="44.7299217" lon="2.7221234"/>
 <node id="1655789582" visible="true" version="1" changeset="10846810" timestamp="2012-03-02T10:45:31Z" user="inisheer" uid="195875" lat="44.7281762" lon="2.7201139"/>
 <node id="1655789583" visible="true" version="1" changeset="10846810" timestamp="2012-03-02T10:45:31Z" user="inisheer" uid="195875" lat="44.7282295" lon="2.7203071"/>
 <node id="1655789584" visible="true" version="2" changeset="109931497" timestamp="2021-08-19T12:16:58Z" user="Yod4z" uid="318821" lat="44.7320996" lon="2.7250954"/>
 <node id="1655789585" visible="true" version="1" changeset="10846810" timestamp="2012-03-02T10:45:32Z" user="inisheer" uid="195875" lat="44.7347844" lon="2.7255964"/>
 <node id="1655789586" visible="true" version="1" changeset="10846810" timestamp="2012-03-02T10:45:32Z" user="inisheer" uid="195875" lat="44.7283667" lon="2.7207791"/>
 <node id="1655789587" visible="true" version="1" changeset="10846810" timestamp="2012-03-02T10:45:32Z" user="inisheer" uid="195875" lat="44.7309358" lon="2.7228444"/>
 <node id="1655789589" visible="true" version="2" changeset="109931497" timestamp="2021-08-19T12:16:58Z" user="Yod4z" uid="318821" lat="44.7335878" lon="2.7262348"/>
 <node id="1655789590" visible="true" version="2" changeset="109931497" timestamp="2021-08-19T12:16:58Z" user="Yod4z" uid="318821" lat="44.7313321" lon="2.7232408"/>
 <node id="1655789591" visible="true" version="2" changeset="37083773" timestamp="2016-02-08T16:45:42Z" user="Yod4z" uid="318821" lat="44.7344870" lon="2.7255812"/>
 <node id="1655789594" visible="true" version="1" changeset="10846810" timestamp="2012-03-02T10:45:33Z" user="inisheer" uid="195875" lat="44.7303363" lon="2.7224448"/>
 <node id="1655789598" visible="true" version="2" changeset="37083773" timestamp="2016-02-08T16:45:42Z" user="Yod4z" uid="318821" lat="44.7344283" lon="2.7261065"/>
 <node id="1655789600" visible="true" version="2" changeset="109931497" timestamp="2021-08-19T12:16:58Z" user="Yod4z" uid="318821" lat="44.7325341" lon="2.7258726"/>
 <node id="1655789612" visible="true" version="2" changeset="109931497" timestamp="2021-08-19T12:16:58Z" user="Yod4z" uid="318821" lat="44.7315638" lon="2.7237564"/>
 <node id="1655789614" visible="true" version="1" changeset="10846810" timestamp="2012-03-02T10:45:34Z" user="inisheer" uid="195875" lat="44.7311797" lon="2.7230789"/>
 <node id="1655789615" visible="true" version="1" changeset="10846810" timestamp="2012-03-02T10:45:34Z" user="inisheer" uid="195875" lat="44.7277265" lon="2.7199208"/>
 <node id="2271663406" visible="true" version="2" changeset="109757271" timestamp="2021-08-16T15:06:41Z" user="Yod4z" uid="318821" lat="44.7399532" lon="2.7065905"/>
 <node id="2392179549" visible="true" version="1" changeset="17041778" timestamp="2013-07-21T21:46:16Z" user="ecmarsden" uid="477798" lat="44.7257478" lon="2.7234262"/>
 <node id="2392179551" visible="true" version="1" changeset="17041778" timestamp="2013-07-21T21:46:16Z" user="ecmarsden" uid="477798" lat="44.7257832" lon="2.7233688"/>
 <node id="2754531957" visible="true" version="1" changeset="21406058" timestamp="2014-03-30T18:45:09Z" user="Pierre12" uid="477254" lat="44.7521543" lon="2.7213372"/>
 <node id="2754531960" visible="true" version="2" changeset="86516588" timestamp="2020-06-11T12:45:43Z" user="jcphal" uid="387627" lat="44.7468159" lon="2.7246229"/>
 <node id="2754531964" visible="true" version="2" changeset="86516588" timestamp="2020-06-11T12:45:43Z" user="jcphal" uid="387627" lat="44.7469626" lon="2.7258620"/>
 <node id="2754531967" visible="true" version="2" changeset="86516588" timestamp="2020-06-11T12:45:43Z" user="jcphal" uid="387627" lat="44.7445003" lon="2.7253953"/>
 <node id="2754531970" visible="true" version="2" changeset="86516588" timestamp="2020-06-11T12:45:43Z" user="jcphal" uid="387627" lat="44.7470511" lon="2.7259009"/>
 <node id="2754531972" visible="true" version="2" changeset="86516588" timestamp="2020-06-11T12:45:43Z" user="jcphal" uid="387627" lat="44.7438574" lon="2.7262214"/>
 <node id="2754531975" visible="true" version="2" changeset="86516588" timestamp="2020-06-11T12:45:43Z" user="jcphal" uid="387627" lat="44.7496683" lon="2.7214004"/>
 <node id="2754531980" visible="true" version="1" changeset="21406058" timestamp="2014-03-30T18:45:09Z" user="Pierre12" uid="477254" lat="44.7442374" lon="2.7257574"/>
 <node id="2754531986" visible="true" version="1" changeset="21406058" timestamp="2014-03-30T18:45:09Z" user="Pierre12" uid="477254" lat="44.7510952" lon="2.7209080"/>
 <node id="2754531995" visible="true" version="2" changeset="86516588" timestamp="2020-06-11T12:45:43Z" user="jcphal" uid="387627" lat="44.7469892" lon="2.7233381"/>
 <node id="2754531998" visible="true" version="1" changeset="21406058" timestamp="2014-03-30T18:45:09Z" user="Pierre12" uid="477254" lat="44.7448928" lon="2.7253819"/>
 <node id="2754532004" visible="true" version="2" changeset="86516588" timestamp="2020-06-11T12:45:43Z" user="jcphal" uid="387627" lat="44.7439587" lon="2.7261793"/>
 <node id="2754532007" visible="true" version="3" changeset="86516588" timestamp="2020-06-11T12:45:43Z" user="jcphal" uid="387627" lat="44.7552899" lon="2.7259163"/>
 <node id="2754532014" visible="true" version="1" changeset="21406058" timestamp="2014-03-30T18:45:09Z" user="Pierre12" uid="477254" lat="44.7468283" lon="2.7257360"/>
 <node id="2754532035" visible="true" version="1" changeset="21406058" timestamp="2014-03-30T18:45:09Z" user="Pierre12" uid="477254" lat="44.7549505" lon="2.7254141"/>
 <node id="2754532038" visible="true" version="1" changeset="21406058" timestamp="2014-03-30T18:45:09Z" user="Pierre12" uid="477254" lat="44.7524743" lon="2.7219273"/>
 <node id="2754532042" visible="true" version="2" changeset="86516588" timestamp="2020-06-11T12:45:43Z" user="jcphal" uid="387627" lat="44.7433815" lon="2.7260385"/>
 <node id="2754532046" visible="true" version="1" changeset="21406058" timestamp="2014-03-30T18:45:09Z" user="Pierre12" uid="477254" lat="44.7527257" lon="2.7221418"/>
 <node id="2754532048" visible="true" version="1" changeset="21406058" timestamp="2014-03-30T18:45:09Z" user="Pierre12" uid="477254" lat="44.7492589" lon="2.7218629"/>
 <node id="2754532052" visible="true" version="2" changeset="86516588" timestamp="2020-06-11T12:45:43Z" user="jcphal" uid="387627" lat="44.7409340" lon="2.7272474"/>
 <node id="2754532056" visible="true" version="2" changeset="86516588" timestamp="2020-06-11T12:45:43Z" user="jcphal" uid="387627" lat="44.7432506" lon="2.7260672"/>
 <node id="2754532065" visible="true" version="1" changeset="21406058" timestamp="2014-03-30T18:45:09Z" user="Pierre12" uid="477254" lat="44.7505162" lon="2.7209295"/>
 <node id="2754532067" visible="true" version="2" changeset="86516588" timestamp="2020-06-11T12:45:43Z" user="jcphal" uid="387627" lat="44.7470435" lon="2.7250185"/>
 <node id="2754532070" visible="true" version="1" changeset="21406058" timestamp="2014-03-30T18:45:09Z" user="Pierre12" uid="477254" lat="44.7498990" lon="2.7212084"/>
 <node id="2754532076" visible="true" version="1" changeset="21406058" timestamp="2014-03-30T18:45:09Z" user="Pierre12" uid="477254" lat="44.7502571" lon="2.7209831"/>
 <node id="2754532081" visible="true" version="1" changeset="21406058" timestamp="2014-03-30T18:45:09Z" user="Pierre12" uid="477254" lat="44.7397794" lon="2.7281285"/>
 <node id="2754532084" visible="true" version="2" changeset="86516588" timestamp="2020-06-11T12:45:43Z" user="jcphal" uid="387627" lat="44.7396246" lon="2.7282554"/>
 <node id="2754532087" visible="true" version="1" changeset="21406058" timestamp="2014-03-30T18:45:09Z" user="Pierre12" uid="477254" lat="44.7526191" lon="2.7220775"/>
 <node id="2754532107" visible="true" version="1" changeset="21406058" timestamp="2014-03-30T18:45:10Z" user="Pierre12" uid="477254" lat="44.7523448" lon="2.7215517"/>
 <node id="2754532114" visible="true" version="1" changeset="21406058" timestamp="2014-03-30T18:45:10Z" user="Pierre12" uid="477254" lat="44.7525353" lon="2.7220131"/>
 <node id="2754532122" visible="true" version="1" changeset="21406058" timestamp="2014-03-30T18:45:10Z" user="Pierre12" uid="477254" lat="44.7457310" lon="2.7255429"/>
 <node id="2754532126" visible="true" version="2" changeset="86516588" timestamp="2020-06-11T12:45:43Z" user="jcphal" uid="387627" lat="44.7446156" lon="2.7253699"/>
 <node id="2754532129" visible="true" version="1" changeset="21406058" timestamp="2014-03-30T18:45:10Z" user="Pierre12" uid="477254" lat="44.7519867" lon="2.7213050"/>
 <node id="2754532134" visible="true" version="1" changeset="21406058" timestamp="2014-03-30T18:45:10Z" user="Pierre12" uid="477254" lat="44.7467063" lon="2.7243305"/>
 <node id="2754532142" visible="true" version="1" changeset="21406058" timestamp="2014-03-30T18:45:10Z" user="Pierre12" uid="477254" lat="44.7490685" lon="2.7221311"/>
 <node id="2754532146" visible="true" version="1" changeset="21406058" timestamp="2014-03-30T18:45:10Z" user="Pierre12" uid="477254" lat="44.7464092" lon="2.7255965"/>
 <node id="2754532200" visible="true" version="1" changeset="21406058" timestamp="2014-03-30T18:45:10Z" user="Pierre12" uid="477254" lat="44.7513238" lon="2.7210368"/>
 <node id="2754532205" visible="true" version="1" changeset="21406058" timestamp="2014-03-30T18:45:10Z" user="Pierre12" uid="477254" lat="44.7466987" lon="2.7256609"/>
 <node id="2754532210" visible="true" version="1" changeset="21406058" timestamp="2014-03-30T18:45:10Z" user="Pierre12" uid="477254" lat="44.7450757" lon="2.7254570"/>
 <node id="2754532220" visible="true" version="2" changeset="86516588" timestamp="2020-06-11T12:45:43Z" user="jcphal" uid="387627" lat="44.7435183" lon="2.7260713"/>
 <node id="2754532223" visible="true" version="1" changeset="21406058" timestamp="2014-03-30T18:45:10Z" user="Pierre12" uid="477254" lat="44.7528324" lon="2.7223993"/>
 <node id="2754532224" visible="true" version="2" changeset="86516588" timestamp="2020-06-11T12:45:43Z" user="jcphal" uid="387627" lat="44.7443737" lon="2.7254785"/>
 <node id="2754532233" visible="true" version="2" changeset="86516588" timestamp="2020-06-11T12:45:43Z" user="jcphal" uid="387627" lat="44.7471321" lon="2.7253350"/>
 <node id="2754532245" visible="true" version="1" changeset="21406058" timestamp="2014-03-30T18:45:11Z" user="Pierre12" uid="477254" lat="44.7482608" lon="2.7228070"/>
 <node id="2754532251" visible="true" version="1" changeset="21406058" timestamp="2014-03-30T18:45:11Z" user="Pierre12" uid="477254" lat="44.7421647" lon="2.7266694"/>
 <node id="2754532257" visible="true" version="1" changeset="21406058" timestamp="2014-03-30T18:45:11Z" user="Pierre12" uid="477254" lat="44.7403434" lon="2.7276565"/>
 <node id="2754532266" visible="true" version="1" changeset="21406058" timestamp="2014-03-30T18:45:11Z" user="Pierre12" uid="477254" lat="44.7400081" lon="2.7279569"/>
 <node id="2754532270" visible="true" version="1" changeset="21406058" timestamp="2014-03-30T18:45:11Z" user="Pierre12" uid="477254" lat="44.7524057" lon="2.7217770"/>
 <node id="2754532277" visible="true" version="1" changeset="21406058" timestamp="2014-03-30T18:45:11Z" user="Pierre12" uid="477254" lat="44.7480855" lon="2.7228070"/>
 <node id="2754532281" visible="true" version="2" changeset="86516588" timestamp="2020-06-11T12:45:43Z" user="jcphal" uid="387627" lat="44.7447699" lon="2.7253525"/>
 <node id="2754532284" visible="true" version="2" changeset="86516588" timestamp="2020-06-11T12:45:43Z" user="jcphal" uid="387627" lat="44.7472140" lon="2.7256435"/>
 <node id="2754532288" visible="true" version="1" changeset="21406058" timestamp="2014-03-30T18:45:11Z" user="Pierre12" uid="477254" lat="44.7478722" lon="2.7228714"/>
 <node id="2754532296" visible="true" version="2" changeset="86516588" timestamp="2020-06-11T12:45:43Z" user="jcphal" uid="387627" lat="44.7440416" lon="2.7261016"/>
 <node id="2754532305" visible="true" version="2" changeset="86516588" timestamp="2020-06-11T12:45:43Z" user="jcphal" uid="387627" lat="44.7472074" lon="2.7257736"/>
 <node id="2754532308" visible="true" version="1" changeset="21406058" timestamp="2014-03-30T18:45:11Z" user="Pierre12" uid="477254" lat="44.7500666" lon="2.7210797"/>
 <node id="2754532312" visible="true" version="2" changeset="86516588" timestamp="2020-06-11T12:45:43Z" user="jcphal" uid="387627" lat="44.7471369" lon="2.7232294"/>
 <node id="2754532316" visible="true" version="1" changeset="21406058" timestamp="2014-03-30T18:45:11Z" user="Pierre12" uid="477254" lat="44.7538915" lon="2.7239014"/>
 <node id="2754532320" visible="true" version="1" changeset="21406058" timestamp="2014-03-30T18:45:11Z" user="Pierre12" uid="477254" lat="44.7536324" lon="2.7236546"/>
 <node id="2754532340" visible="true" version="1" changeset="21406058" timestamp="2014-03-30T18:45:11Z" user="Pierre12" uid="477254" lat="44.7527867" lon="2.7222277"/>
 <node id="2754532343" visible="true" version="1" changeset="21406058" timestamp="2014-03-30T18:45:11Z" user="Pierre12" uid="477254" lat="44.7509124" lon="2.7208544"/>
 <node id="2754532347" visible="true" version="1" changeset="21406058" timestamp="2014-03-30T18:45:11Z" user="Pierre12" uid="477254" lat="44.7522610" lon="2.7214123"/>
 <node id="2754532369" visible="true" version="1" changeset="21406058" timestamp="2014-03-30T18:45:11Z" user="Pierre12" uid="477254" lat="44.7540819" lon="2.7241481"/>
 <node id="2754532371" visible="true" version="1" changeset="21406058" timestamp="2014-03-30T18:45:11Z" user="Pierre12" uid="477254" lat="44.7530610" lon="2.7230538"/>
 <node id="2754532375" visible="true" version="1" changeset="21406058" timestamp="2014-03-30T18:45:11Z" user="Pierre12" uid="477254" lat="44.7507676" lon="2.7208436"/>
 <node id="2754532378" visible="true" version="1" changeset="21406058" timestamp="2014-03-30T18:45:11Z" user="Pierre12" uid="477254" lat="44.7529696" lon="2.7229036"/>
 <node id="2754532382" visible="true" version="1" changeset="21406058" timestamp="2014-03-30T18:45:11Z" user="Pierre12" uid="477254" lat="44.7453043" lon="2.7255000"/>
 <node id="2754532394" visible="true" version="2" changeset="86516588" timestamp="2020-06-11T12:45:43Z" user="jcphal" uid="387627" lat="44.7437387" lon="2.7262115"/>
 <node id="2754532397" visible="true" version="1" changeset="21406058" timestamp="2014-03-30T18:45:11Z" user="Pierre12" uid="477254" lat="44.7414407" lon="2.7270342"/>
 <node id="2754532401" visible="true" version="1" changeset="21406058" timestamp="2014-03-30T18:45:11Z" user="Pierre12" uid="477254" lat="44.7515600" lon="2.7211762"/>
 <node id="2754532404" visible="true" version="1" changeset="21406058" timestamp="2014-03-30T18:45:11Z" user="Pierre12" uid="477254" lat="44.7517733" lon="2.7212621"/>
 <node id="2754532407" visible="true" version="1" changeset="21406058" timestamp="2014-03-30T18:45:11Z" user="Pierre12" uid="477254" lat="44.7428776" lon="2.7262504"/>
 <node id="2754532410" visible="true" version="1" changeset="21406058" timestamp="2014-03-30T18:45:11Z" user="Pierre12" uid="477254" lat="44.7529010" lon="2.7226997"/>
 <node id="2754532413" visible="true" version="2" changeset="86516588" timestamp="2020-06-11T12:45:43Z" user="jcphal" uid="387627" lat="44.7406158" lon="2.7274271"/>
 <node id="2754532416" visible="true" version="1" changeset="21406058" timestamp="2014-03-30T18:45:11Z" user="Pierre12" uid="477254" lat="44.7488475" lon="2.7223671"/>
 <node id="2754532425" visible="true" version="1" changeset="21406058" timestamp="2014-03-30T18:45:12Z" user="Pierre12" uid="477254" lat="44.7486799" lon="2.7225710"/>
 <node id="2754532428" visible="true" version="1" changeset="21406058" timestamp="2014-03-30T18:45:12Z" user="Pierre12" uid="477254" lat="44.7485427" lon="2.7227212"/>
 <node id="2754532431" visible="true" version="2" changeset="86516588" timestamp="2020-06-11T12:45:43Z" user="jcphal" uid="387627" lat="44.7484141" lon="2.7227883"/>
 <node id="2754532443" visible="true" version="2" changeset="86516588" timestamp="2020-06-11T12:45:43Z" user="jcphal" uid="387627" lat="44.7467054" lon="2.7237712"/>
 <node id="2754532446" visible="true" version="2" changeset="86516588" timestamp="2020-06-11T12:45:43Z" user="jcphal" uid="387627" lat="44.7466530" lon="2.7239778"/>
 <node id="2754532449" visible="true" version="2" changeset="86516588" timestamp="2020-06-11T12:45:43Z" user="jcphal" uid="387627" lat="44.7468340" lon="2.7235393"/>
 <node id="2841337366" visible="true" version="1" changeset="22182404" timestamp="2014-05-07T08:43:34Z" user="Pierre12" uid="477254" lat="44.7569706" lon="2.7260623"/>
 <node id="2841337373" visible="true" version="1" changeset="22182404" timestamp="2014-05-07T08:43:34Z" user="Pierre12" uid="477254" lat="44.7653921" lon="2.7318325"/>
 <node id="2841337377" visible="true" version="1" changeset="22182404" timestamp="2014-05-07T08:43:34Z" user="Pierre12" uid="477254" lat="44.7717753" lon="2.7374734"/>
 <node id="2841337379" visible="true" version="1" changeset="22182404" timestamp="2014-05-07T08:43:34Z" user="Pierre12" uid="477254" lat="44.7737775" lon="2.7376073"/>
 <node id="2841337380" visible="true" version="1" changeset="22182404" timestamp="2014-05-07T08:43:34Z" user="Pierre12" uid="477254" lat="44.7670565" lon="2.7332809"/>
 <node id="2841337389" visible="true" version="1" changeset="22182404" timestamp="2014-05-07T08:43:34Z" user="Pierre12" uid="477254" lat="44.7666909" lon="2.7328195"/>
 <node id="2841337390" visible="true" version="1" changeset="22182404" timestamp="2014-05-07T08:43:35Z" user="Pierre12" uid="477254" lat="44.7783568" lon="2.7370538"/>
 <node id="2841337391" visible="true" version="2" changeset="86516588" timestamp="2020-06-11T12:45:43Z" user="jcphal" uid="387627" lat="44.7553495" lon="2.7259598"/>
 <node id="2841337393" visible="true" version="1" changeset="22182404" timestamp="2014-05-07T08:43:35Z" user="Pierre12" uid="477254" lat="44.7732939" lon="2.7379560"/>
 <node id="2841337398" visible="true" version="1" changeset="22182404" timestamp="2014-05-07T08:43:35Z" user="Pierre12" uid="477254" lat="44.7722276" lon="2.7378594"/>
 <node id="2841339101" visible="true" version="1" changeset="22182404" timestamp="2014-05-07T08:43:35Z" user="Pierre12" uid="477254" lat="44.7593055" lon="2.7287050"/>
 <node id="2841339102" visible="true" version="1" changeset="22182404" timestamp="2014-05-07T08:43:35Z" user="Pierre12" uid="477254" lat="44.7680048" lon="2.7347186"/>
 <node id="2841339107" visible="true" version="1" changeset="22182404" timestamp="2014-05-07T08:43:35Z" user="Pierre12" uid="477254" lat="44.7781955" lon="2.7369559"/>
 <node id="2841339109" visible="true" version="1" changeset="22182404" timestamp="2014-05-07T08:43:35Z" user="Pierre12" uid="477254" lat="44.7661005" lon="2.7321490"/>
 <node id="2841339119" visible="true" version="1" changeset="22182404" timestamp="2014-05-07T08:43:35Z" user="Pierre12" uid="477254" lat="44.7700081" lon="2.7372559"/>
 <node id="2841339128" visible="true" version="1" changeset="22182404" timestamp="2014-05-07T08:43:35Z" user="Pierre12" uid="477254" lat="44.7728636" lon="2.7383851"/>
 <node id="2841339129" visible="true" version="1" changeset="22182404" timestamp="2014-05-07T08:43:35Z" user="Pierre12" uid="477254" lat="44.7789221" lon="2.7373015"/>
 <node id="2841339131" visible="true" version="1" changeset="22182404" timestamp="2014-05-07T08:43:35Z" user="Pierre12" uid="477254" lat="44.7662795" lon="2.7322402"/>
 <node id="2841339133" visible="true" version="1" changeset="22182404" timestamp="2014-05-07T08:43:35Z" user="Pierre12" uid="477254" lat="44.7581894" lon="2.7273800"/>
 <node id="2841339137" visible="true" version="1" changeset="22182404" timestamp="2014-05-07T08:43:35Z" user="Pierre12" uid="477254" lat="44.7774371" lon="2.7368563"/>
 <node id="2841339138" visible="true" version="1" changeset="22182404" timestamp="2014-05-07T08:43:35Z" user="Pierre12" uid="477254" lat="44.7566733" lon="2.7259263"/>
 <node id="2841339141" visible="true" version="1" changeset="22182404" timestamp="2014-05-07T08:43:35Z" user="Pierre12" uid="477254" lat="44.7567914" lon="2.7259960"/>
 <node id="2841339142" visible="true" version="1" changeset="22182404" timestamp="2014-05-07T08:43:35Z" user="Pierre12" uid="477254" lat="44.7612460" lon="2.7299979"/>
 <node id="2841339143" visible="true" version="1" changeset="22182404" timestamp="2014-05-07T08:43:35Z" user="Pierre12" uid="477254" lat="44.7695815" lon="2.7369555"/>
 <node id="2841339147" visible="true" version="1" changeset="22182404" timestamp="2014-05-07T08:43:36Z" user="Pierre12" uid="477254" lat="44.7711424" lon="2.7374271"/>
 <node id="2841339149" visible="true" version="1" changeset="22182404" timestamp="2014-05-07T08:43:36Z" user="Pierre12" uid="477254" lat="44.7752065" lon="2.7370599"/>
 <node id="2841339158" visible="true" version="1" changeset="22182404" timestamp="2014-05-07T08:43:36Z" user="Pierre12" uid="477254" lat="44.7786875" lon="2.7372139"/>
 <node id="2841339162" visible="true" version="1" changeset="22182404" timestamp="2014-05-07T08:43:36Z" user="Pierre12" uid="477254" lat="44.7766468" lon="2.7368267"/>
 <node id="2841339168" visible="true" version="1" changeset="22182404" timestamp="2014-05-07T08:43:36Z" user="Pierre12" uid="477254" lat="44.7558810" lon="2.7254864"/>
 <node id="2841339174" visible="true" version="1" changeset="22182404" timestamp="2014-05-07T08:43:36Z" user="Pierre12" uid="477254" lat="44.7698305" lon="2.7371752"/>
 <node id="2841339178" visible="true" version="1" changeset="22182404" timestamp="2014-05-07T08:43:36Z" user="Pierre12" uid="477254" lat="44.7689531" lon="2.7363440"/>
 <node id="2841339188" visible="true" version="1" changeset="22182404" timestamp="2014-05-07T08:43:37Z" user="Pierre12" uid="477254" lat="44.7562162" lon="2.7251913"/>
 <node id="2841339189" visible="true" version="1" changeset="22182404" timestamp="2014-05-07T08:43:37Z" user="Pierre12" uid="477254" lat="44.7727455" lon="2.7383583"/>
 <node id="2841339190" visible="true" version="1" changeset="22182404" timestamp="2014-05-07T08:43:37Z" user="Pierre12" uid="477254" lat="44.7726427" lon="2.7382778"/>
 <node id="2841339192" visible="true" version="1" changeset="22182404" timestamp="2014-05-07T08:43:37Z" user="Pierre12" uid="477254" lat="44.7744770" lon="2.7372166"/>
 <node id="2841339194" visible="true" version="1" changeset="22182404" timestamp="2014-05-07T08:43:37Z" user="Pierre12" uid="477254" lat="44.7746957" lon="2.7371448"/>
 <node id="2841339195" visible="true" version="1" changeset="22182404" timestamp="2014-05-07T08:43:37Z" user="Pierre12" uid="477254" lat="44.7742896" lon="2.7373185"/>
 <node id="2841339198" visible="true" version="1" changeset="22182404" timestamp="2014-05-07T08:43:37Z" user="Pierre12" uid="477254" lat="44.7578846" lon="2.7268275"/>
 <node id="2841339199" visible="true" version="1" changeset="22182404" timestamp="2014-05-07T08:43:37Z" user="Pierre12" uid="477254" lat="44.7677027" lon="2.7340133"/>
 <node id="2841339200" visible="true" version="1" changeset="22182404" timestamp="2014-05-07T08:43:37Z" user="Pierre12" uid="477254" lat="44.7684883" lon="2.7356220"/>
 <node id="2841339310" visible="true" version="1" changeset="22182404" timestamp="2014-05-07T08:43:37Z" user="Pierre12" uid="477254" lat="44.7589245" lon="2.7283188"/>
 <node id="2841339312" visible="true" version="1" changeset="22182404" timestamp="2014-05-07T08:43:37Z" user="Pierre12" uid="477254" lat="44.7585398" lon="2.7278628"/>
 <node id="2841339314" visible="true" version="1" changeset="22182404" timestamp="2014-05-07T08:43:37Z" user="Pierre12" uid="477254" lat="44.7580522" lon="2.7271386"/>
 <node id="2841339320" visible="true" version="1" changeset="22182404" timestamp="2014-05-07T08:43:37Z" user="Pierre12" uid="477254" lat="44.7564409" lon="2.7255937"/>
 <node id="2841339325" visible="true" version="1" changeset="22182404" timestamp="2014-05-07T08:43:37Z" user="Pierre12" uid="477254" lat="44.7615989" lon="2.7302229"/>
 <node id="2841339326" visible="true" version="1" changeset="22182404" timestamp="2014-05-07T08:43:37Z" user="Pierre12" uid="477254" lat="44.7642952" lon="2.7313282"/>
 <node id="2841339329" visible="true" version="2" changeset="111992536" timestamp="2021-10-02T09:39:37Z" user="jcphal" uid="387627" lat="44.7800340" lon="2.7373900"/>
 <node id="2841339334" visible="true" version="1" changeset="22182404" timestamp="2014-05-07T08:43:37Z" user="Pierre12" uid="477254" lat="44.7561057" lon="2.7252396"/>
 <node id="2841339335" visible="true" version="1" changeset="22182404" timestamp="2014-05-07T08:43:37Z" user="Pierre12" uid="477254" lat="44.7560219" lon="2.7253415"/>
 <node id="2841339336" visible="true" version="1" changeset="22182404" timestamp="2014-05-07T08:43:37Z" user="Pierre12" uid="477254" lat="44.7715352" lon="2.7374515"/>
 <node id="2841339338" visible="true" version="1" changeset="22182404" timestamp="2014-05-07T08:43:37Z" user="Pierre12" uid="477254" lat="44.7791734" lon="2.7373766"/>
 <node id="2841339339" visible="true" version="1" changeset="22182404" timestamp="2014-05-07T08:43:37Z" user="Pierre12" uid="477254" lat="44.7591379" lon="2.7285495"/>
 <node id="2841339344" visible="true" version="2" changeset="86516588" timestamp="2020-06-11T12:45:43Z" user="jcphal" uid="387627" lat="44.7554000" lon="2.7259544"/>
 <node id="2841339346" visible="true" version="1" changeset="22182404" timestamp="2014-05-07T08:43:38Z" user="Pierre12" uid="477254" lat="44.7561743" lon="2.7252021"/>
 <node id="2841339347" visible="true" version="1" changeset="22182404" timestamp="2014-05-07T08:43:38Z" user="Pierre12" uid="477254" lat="44.7631840" lon="2.7309478"/>
 <node id="2841339352" visible="true" version="1" changeset="22182404" timestamp="2014-05-07T08:43:38Z" user="Pierre12" uid="477254" lat="44.7562847" lon="2.7252343"/>
 <node id="2841339355" visible="true" version="1" changeset="22182404" timestamp="2014-05-07T08:43:38Z" user="Pierre12" uid="477254" lat="44.7705145" lon="2.7373165"/>
 <node id="2841339356" visible="true" version="1" changeset="22182404" timestamp="2014-05-07T08:43:38Z" user="Pierre12" uid="477254" lat="44.7595454" lon="2.7288552"/>
 <node id="2841339358" visible="true" version="1" changeset="22182404" timestamp="2014-05-07T08:43:38Z" user="Pierre12" uid="477254" lat="44.7731111" lon="2.7382671"/>
 <node id="2841339364" visible="true" version="1" changeset="22182404" timestamp="2014-05-07T08:43:38Z" user="Pierre12" uid="477254" lat="44.7729968" lon="2.7383422"/>
 <node id="2841339369" visible="true" version="2" changeset="111992536" timestamp="2021-10-02T09:39:37Z" user="jcphal" uid="387627" lat="44.7804567" lon="2.7374665"/>
 <node id="2841339376" visible="true" version="1" changeset="22182404" timestamp="2014-05-07T08:43:38Z" user="Pierre12" uid="477254" lat="44.7646189" lon="2.7314677"/>
 <node id="2841339379" visible="true" version="1" changeset="22182404" timestamp="2014-05-07T08:43:38Z" user="Pierre12" uid="477254" lat="44.7780056" lon="2.7369118"/>
 <node id="2841339380" visible="true" version="1" changeset="22182404" timestamp="2014-05-07T08:43:38Z" user="Pierre12" uid="477254" lat="44.7575913" lon="2.7264949"/>
 <node id="2841339382" visible="true" version="1" changeset="22182404" timestamp="2014-05-07T08:43:38Z" user="Pierre12" uid="477254" lat="44.7563305" lon="2.7253362"/>
 <node id="2841339384" visible="true" version="1" changeset="22182404" timestamp="2014-05-07T08:43:38Z" user="Pierre12" uid="477254" lat="44.7732101" lon="2.7380901"/>
 <node id="2841339385" visible="true" version="1" changeset="22182404" timestamp="2014-05-07T08:43:38Z" user="Pierre12" uid="477254" lat="44.7687513" lon="2.7360382"/>
 <node id="2841339387" visible="true" version="1" changeset="22182404" timestamp="2014-05-07T08:43:38Z" user="Pierre12" uid="477254" lat="44.7675516" lon="2.7338281"/>
 <node id="2841339388" visible="true" version="2" changeset="111992536" timestamp="2021-10-02T09:39:37Z" user="jcphal" uid="387627" lat="44.7796000" lon="2.7373637"/>
 <node id="2841339392" visible="true" version="1" changeset="22182404" timestamp="2014-05-07T08:43:38Z" user="Pierre12" uid="477254" lat="44.7680734" lon="2.7348419"/>
 <node id="2841339397" visible="true" version="1" changeset="22182404" timestamp="2014-05-07T08:43:39Z" user="Pierre12" uid="477254" lat="44.7769306" lon="2.7368080"/>
 <node id="2841339399" visible="true" version="1" changeset="22182404" timestamp="2014-05-07T08:43:39Z" user="Pierre12" uid="477254" lat="44.7692007" lon="2.7366229"/>
 <node id="2841339400" visible="true" version="1" changeset="22182404" timestamp="2014-05-07T08:43:39Z" user="Pierre12" uid="477254" lat="44.7583570" lon="2.7276697"/>
 <node id="2841339503" visible="true" version="1" changeset="22182404" timestamp="2014-05-07T08:43:39Z" user="Pierre12" uid="477254" lat="44.7734538" lon="2.7378004"/>
 <node id="2841339505" visible="true" version="1" changeset="22182404" timestamp="2014-05-07T08:43:39Z" user="Pierre12" uid="477254" lat="44.7556105" lon="2.7257492"/>
 <node id="2841339506" visible="true" version="1" changeset="22182404" timestamp="2014-05-07T08:43:39Z" user="Pierre12" uid="477254" lat="44.7719305" lon="2.7375257"/>
 <node id="2841339508" visible="true" version="1" changeset="22182404" timestamp="2014-05-07T08:43:39Z" user="Pierre12" uid="477254" lat="44.7762657" lon="2.7368836"/>
 <node id="2841339510" visible="true" version="1" changeset="22182404" timestamp="2014-05-07T08:43:39Z" user="Pierre12" uid="477254" lat="44.7626011" lon="2.7306860"/>
 <node id="2841339512" visible="true" version="1" changeset="22182404" timestamp="2014-05-07T08:43:39Z" user="Pierre12" uid="477254" lat="44.7565133" lon="2.7257439"/>
 <node id="2841339513" visible="true" version="1" changeset="22182404" timestamp="2014-05-07T08:43:39Z" user="Pierre12" uid="477254" lat="44.7565971" lon="2.7258512"/>
 <node id="2841339517" visible="true" version="1" changeset="22182404" timestamp="2014-05-07T08:43:39Z" user="Pierre12" uid="477254" lat="44.7630194" lon="2.7308770"/>
 <node id="2841339518" visible="true" version="1" changeset="22182404" timestamp="2014-05-07T08:43:39Z" user="Pierre12" uid="477254" lat="44.7759329" lon="2.7369260"/>
 <node id="2841339521" visible="true" version="1" changeset="22182404" timestamp="2014-05-07T08:43:39Z" user="Pierre12" uid="477254" lat="44.7636363" lon="2.7311029"/>
 <node id="2841339524" visible="true" version="1" changeset="22182404" timestamp="2014-05-07T08:43:39Z" user="Pierre12" uid="477254" lat="44.7663824" lon="2.7323743"/>
 <node id="2841339526" visible="true" version="1" changeset="22182404" timestamp="2014-05-07T08:43:39Z" user="Pierre12" uid="477254" lat="44.7573894" lon="2.7263286"/>
 <node id="2841339532" visible="true" version="1" changeset="22182404" timestamp="2014-05-07T08:43:39Z" user="Pierre12" uid="477254" lat="44.7724447" lon="2.7381223"/>
 <node id="2841339536" visible="true" version="1" changeset="22182404" timestamp="2014-05-07T08:43:39Z" user="Pierre12" uid="477254" lat="44.7601587" lon="2.7292576"/>
 <node id="2841339537" visible="true" version="1" changeset="22182404" timestamp="2014-05-07T08:43:39Z" user="Pierre12" uid="477254" lat="44.7572104" lon="2.7262052"/>
 <node id="2841339541" visible="true" version="1" changeset="22182404" timestamp="2014-05-07T08:43:39Z" user="Pierre12" uid="477254" lat="44.7587684" lon="2.7281257"/>
 <node id="2841339547" visible="true" version="1" changeset="22182404" timestamp="2014-05-07T08:43:40Z" user="Pierre12" uid="477254" lat="44.7720676" lon="2.7376341"/>
 <node id="2841339549" visible="true" version="1" changeset="22182404" timestamp="2014-05-07T08:43:40Z" user="Pierre12" uid="477254" lat="44.7793562" lon="2.7373927"/>
 <node id="2841339550" visible="true" version="1" changeset="22182404" timestamp="2014-05-07T08:43:40Z" user="Pierre12" uid="477254" lat="44.7678524" lon="2.7343200"/>
 <node id="3995771616" visible="true" version="1" changeset="37083773" timestamp="2016-02-08T16:45:00Z" user="Yod4z" uid="318821" lat="44.7328874" lon="2.7255140"/>
 <node id="3995771617" visible="true" version="1" changeset="37083773" timestamp="2016-02-08T16:45:00Z" user="Yod4z" uid="318821" lat="44.7333160" lon="2.7255964"/>
 <node id="3995771618" visible="true" version="1" changeset="37083773" timestamp="2016-02-08T16:45:00Z" user="Yod4z" uid="318821" lat="44.7337400" lon="2.7253150"/>
 <node id="3995771619" visible="true" version="1" changeset="37083773" timestamp="2016-02-08T16:45:00Z" user="Yod4z" uid="318821" lat="44.7343963" lon="2.7230922"/>
 <node id="3995771621" visible="true" version="1" changeset="37083773" timestamp="2016-02-08T16:45:00Z" user="Yod4z" uid="318821" lat="44.7346230" lon="2.7220261"/>
 <node id="3995771630" visible="true" version="2" changeset="109931497" timestamp="2021-08-19T12:16:58Z" user="Yod4z" uid="318821" lat="44.7354392" lon="2.7286144"/>
 <node id="3995771631" visible="true" version="1" changeset="37083773" timestamp="2016-02-08T16:45:00Z" user="Yod4z" uid="318821" lat="44.7354584" lon="2.7284901"/>
 <node id="3995771635" visible="true" version="1" changeset="37083773" timestamp="2016-02-08T16:45:00Z" user="Yod4z" uid="318821" lat="44.7355735" lon="2.7288436"/>
 <node id="3995771636" visible="true" version="1" changeset="37083773" timestamp="2016-02-08T16:45:00Z" user="Yod4z" uid="318821" lat="44.7356029" lon="2.7282859"/>
 <node id="3995771638" visible="true" version="2" changeset="86516588" timestamp="2020-06-11T11:57:58Z" user="jcphal" uid="387627" lat="44.7356991" lon="2.7281019"/>
 <node id="3995771640" visible="true" version="1" changeset="37083773" timestamp="2016-02-08T16:45:00Z" user="Yod4z" uid="318821" lat="44.7359813" lon="2.7290785"/>
 <node id="3995771641" visible="true" version="2" changeset="86516588" timestamp="2020-06-11T11:57:58Z" user="jcphal" uid="387627" lat="44.7362402" lon="2.7291827"/>
 <node id="3995771643" visible="true" version="1" changeset="37083773" timestamp="2016-02-08T16:45:00Z" user="Yod4z" uid="318821" lat="44.7365962" lon="2.7290366"/>
 <node id="3995771645" visible="true" version="1" changeset="37083773" timestamp="2016-02-08T16:45:00Z" user="Yod4z" uid="318821" lat="44.7368303" lon="2.7289925"/>
 <node id="3995771648" visible="true" version="2" changeset="86516588" timestamp="2020-06-11T11:57:58Z" user="jcphal" uid="387627" lat="44.7369030" lon="2.7289894"/>
 <node id="3995771652" visible="true" version="3" changeset="180309444" timestamp="2026-03-23T15:27:24Z" user="caboulot" uid="80638" lat="44.7372221" lon="2.7287759">
  <tag k="historic" v="memorial"/>
  <tag k="memorial" v="war_memorial"/>
  <tag k="ref:FR:MemorialGenWeb" v="12939"/>
 </node>
 <node id="3995773178" visible="true" version="1" changeset="37083773" timestamp="2016-02-08T16:45:01Z" user="Yod4z" uid="318821" lat="44.7387522" lon="2.7228933"/>
 <node id="3995773181" visible="true" version="1" changeset="37083773" timestamp="2016-02-08T16:45:01Z" user="Yod4z" uid="318821" lat="44.7388589" lon="2.7313285"/>
 <node id="3995773182" visible="true" version="1" changeset="37083773" timestamp="2016-02-08T16:45:01Z" user="Yod4z" uid="318821" lat="44.7388855" lon="2.7305885"/>
 <node id="3995773183" visible="true" version="1" changeset="37083773" timestamp="2016-02-08T16:45:01Z" user="Yod4z" uid="318821" lat="44.7390927" lon="2.7310468"/>
 <node id="3995773184" visible="true" version="2" changeset="86516588" timestamp="2020-06-11T11:57:58Z" user="jcphal" uid="387627" lat="44.7391892" lon="2.7312392"/>
 <node id="3995773191" visible="true" version="2" changeset="109757271" timestamp="2021-08-16T15:06:41Z" user="Yod4z" uid="318821" lat="44.7398594" lon="2.7126711"/>
 <node id="3995773194" visible="true" version="2" changeset="110353670" timestamp="2021-08-27T17:54:02Z" user="Yod4z" uid="318821" lat="44.7403026" lon="2.7232352"/>
 <node id="3995773202" visible="true" version="1" changeset="37083773" timestamp="2016-02-08T16:45:01Z" user="Yod4z" uid="318821" lat="44.7405556" lon="2.7245821"/>
 <node id="3995773208" visible="true" version="1" changeset="37083773" timestamp="2016-02-08T16:45:01Z" user="Yod4z" uid="318821" lat="44.7408852" lon="2.7246409"/>
 <node id="3995773362" visible="true" version="1" changeset="37083773" timestamp="2016-02-08T16:45:02Z" user="Yod4z" uid="318821" lat="44.7426833" lon="2.7232508"/>
 <node id="4028754842" visible="true" version="2" changeset="109931497" timestamp="2021-08-19T12:16:58Z" user="Yod4z" uid="318821" lat="44.7347774" lon="2.7282743"/>
 <node id="4028754844" visible="true" version="2" changeset="109931497" timestamp="2021-08-19T12:16:58Z" user="Yod4z" uid="318821" lat="44.7347944" lon="2.7282143"/>
 <node id="4028754857" visible="true" version="2" changeset="109931497" timestamp="2021-08-19T12:16:58Z" user="Yod4z" uid="318821" lat="44.7348954" lon="2.7283373"/>
 <node id="4028754861" visible="true" version="2" changeset="109931497" timestamp="2021-08-19T12:16:58Z" user="Yod4z" uid="318821" lat="44.7349024" lon="2.7283203"/>
 <node id="4028754867" visible="true" version="2" changeset="109931497" timestamp="2021-08-19T12:16:58Z" user="Yod4z" uid="318821" lat="44.7349164" lon="2.7282723"/>
 <node id="4028754874" visible="true" version="2" changeset="109931497" timestamp="2021-08-19T12:16:58Z" user="Yod4z" uid="318821" lat="44.7349454" lon="2.7281813"/>
 <node id="4028754879" visible="true" version="2" changeset="109931497" timestamp="2021-08-19T12:16:58Z" user="Yod4z" uid="318821" lat="44.7349874" lon="2.7283763"/>
 <node id="4028754882" visible="true" version="2" changeset="109931497" timestamp="2021-08-19T12:16:58Z" user="Yod4z" uid="318821" lat="44.7350004" lon="2.7282173"/>
 <node id="4028754884" visible="true" version="2" changeset="60846825" timestamp="2018-07-18T19:32:04Z" user="jcphal" uid="387627" lat="44.7350596" lon="2.7341280"/>
 <node id="4028754886" visible="true" version="2" changeset="109931497" timestamp="2021-08-19T12:16:58Z" user="Yod4z" uid="318821" lat="44.7350274" lon="2.7282603"/>
 <node id="4028754894" visible="true" version="2" changeset="60846825" timestamp="2018-07-18T19:32:04Z" user="jcphal" uid="387627" lat="44.7351416" lon="2.7341820"/>
 <node id="4028754895" visible="true" version="2" changeset="60846825" timestamp="2018-07-18T19:32:04Z" user="jcphal" uid="387627" lat="44.7351586" lon="2.7341440"/>
 <node id="4028754896" visible="true" version="2" changeset="60846825" timestamp="2018-07-18T19:32:04Z" user="jcphal" uid="387627" lat="44.7351616" lon="2.7338310"/>
 <node id="4028754902" visible="true" version="2" changeset="60846825" timestamp="2018-07-18T19:32:04Z" user="jcphal" uid="387627" lat="44.7352206" lon="2.7341830"/>
 <node id="4028754904" visible="true" version="2" changeset="60846825" timestamp="2018-07-18T19:32:04Z" user="jcphal" uid="387627" lat="44.7352266" lon="2.7336510"/>
 <node id="4028754909" visible="true" version="2" changeset="60846825" timestamp="2018-07-18T19:32:04Z" user="jcphal" uid="387627" lat="44.7352560" lon="2.7336013"/>
 <node id="4028754910" visible="true" version="2" changeset="60846825" timestamp="2018-07-18T19:32:04Z" user="jcphal" uid="387627" lat="44.7352638" lon="2.7342931"/>
 <node id="4028754914" visible="true" version="2" changeset="60846825" timestamp="2018-07-18T19:32:04Z" user="jcphal" uid="387627" lat="44.7352800" lon="2.7335333"/>
 <node id="4028754916" visible="true" version="2" changeset="60846825" timestamp="2018-07-18T19:32:04Z" user="jcphal" uid="387627" lat="44.7352696" lon="2.7338040"/>
 <node id="4028754919" visible="true" version="2" changeset="60846825" timestamp="2018-07-18T19:32:04Z" user="jcphal" uid="387627" lat="44.7352806" lon="2.7337700"/>
 <node id="4028754922" visible="true" version="2" changeset="60846825" timestamp="2018-07-18T19:32:04Z" user="jcphal" uid="387627" lat="44.7353240" lon="2.7334053"/>
 <node id="4028754926" visible="true" version="2" changeset="60846825" timestamp="2018-07-18T19:32:04Z" user="jcphal" uid="387627" lat="44.7353340" lon="2.7336503"/>
 <node id="4028754928" visible="true" version="2" changeset="60846825" timestamp="2018-07-18T19:32:04Z" user="jcphal" uid="387627" lat="44.7353326" lon="2.7338030"/>
 <node id="4028754929" visible="true" version="2" changeset="60846825" timestamp="2018-07-18T19:32:04Z" user="jcphal" uid="387627" lat="44.7353326" lon="2.7338470"/>
 <node id="4028754930" visible="true" version="2" changeset="60846825" timestamp="2018-07-18T19:32:04Z" user="jcphal" uid="387627" lat="44.7353658" lon="2.7343681"/>
 <node id="4028754931" visible="true" version="2" changeset="60846825" timestamp="2018-07-18T19:32:04Z" user="jcphal" uid="387627" lat="44.7353546" lon="2.7337380"/>
 <node id="4028754936" visible="true" version="2" changeset="60846825" timestamp="2018-07-18T19:32:04Z" user="jcphal" uid="387627" lat="44.7353948" lon="2.7339431"/>
 <node id="4028754939" visible="true" version="2" changeset="60846825" timestamp="2018-07-18T19:32:04Z" user="jcphal" uid="387627" lat="44.7353990" lon="2.7334563"/>
 <node id="4028754945" visible="true" version="2" changeset="60846825" timestamp="2018-07-18T19:32:04Z" user="jcphal" uid="387627" lat="44.7354258" lon="2.7342051"/>
 <node id="4028754948" visible="true" version="2" changeset="60846825" timestamp="2018-07-18T19:32:04Z" user="jcphal" uid="387627" lat="44.7354408" lon="2.7336541"/>
 <node id="4028754951" visible="true" version="2" changeset="60846825" timestamp="2018-07-18T19:32:04Z" user="jcphal" uid="387627" lat="44.7354580" lon="2.7332873"/>
 <node id="4028754955" visible="true" version="2" changeset="60846825" timestamp="2018-07-18T19:32:04Z" user="jcphal" uid="387627" lat="44.7354778" lon="2.7337231"/>
 <node id="4028754958" visible="true" version="2" changeset="60846825" timestamp="2018-07-18T19:32:04Z" user="jcphal" uid="387627" lat="44.7354780" lon="2.7332213"/>
 <node id="4028754959" visible="true" version="2" changeset="60846825" timestamp="2018-07-18T19:32:04Z" user="jcphal" uid="387627" lat="44.7354868" lon="2.7340481"/>
 <node id="4028754961" visible="true" version="2" changeset="60846825" timestamp="2018-07-18T19:32:04Z" user="jcphal" uid="387627" lat="44.7354880" lon="2.7333053"/>
 <node id="4028754965" visible="true" version="2" changeset="60846825" timestamp="2018-07-18T19:32:04Z" user="jcphal" uid="387627" lat="44.7355090" lon="2.7332383"/>
 <node id="4028754969" visible="true" version="2" changeset="60846825" timestamp="2018-07-18T19:32:04Z" user="jcphal" uid="387627" lat="44.7355238" lon="2.7337381"/>
 <node id="4028754971" visible="true" version="2" changeset="37507373" timestamp="2016-02-28T20:07:45Z" user="didier2020" uid="300459" lat="44.7354838" lon="2.7286276"/>
 <node id="4028754976" visible="true" version="2" changeset="60846825" timestamp="2018-07-18T19:32:04Z" user="jcphal" uid="387627" lat="44.7355598" lon="2.7335451"/>
 <node id="4028754978" visible="true" version="2" changeset="60846825" timestamp="2018-07-18T19:32:04Z" user="jcphal" uid="387627" lat="44.7355678" lon="2.7335591"/>
 <node id="4028754979" visible="true" version="2" changeset="60846825" timestamp="2018-07-18T19:32:04Z" user="jcphal" uid="387627" lat="44.7355698" lon="2.7338281"/>
 <node id="4028754980" visible="true" version="2" changeset="60846825" timestamp="2018-07-18T19:32:04Z" user="jcphal" uid="387627" lat="44.7355708" lon="2.7335561"/>
 <node id="4028754981" visible="true" version="2" changeset="37507373" timestamp="2016-02-28T20:07:45Z" user="didier2020" uid="300459" lat="44.7355208" lon="2.7287036"/>
 <node id="4028754982" visible="true" version="2" changeset="60846825" timestamp="2018-07-18T19:32:04Z" user="jcphal" uid="387627" lat="44.7355828" lon="2.7335521"/>
 <node id="4028754984" visible="true" version="2" changeset="60846825" timestamp="2018-07-18T19:32:04Z" user="jcphal" uid="387627" lat="44.7355938" lon="2.7336071"/>
 <node id="4028754985" visible="true" version="2" changeset="60846825" timestamp="2018-07-18T19:32:04Z" user="jcphal" uid="387627" lat="44.7355948" lon="2.7335601"/>
 <node id="4028754986" visible="true" version="2" changeset="60846825" timestamp="2018-07-18T19:32:04Z" user="jcphal" uid="387627" lat="44.7356008" lon="2.7335931"/>
 <node id="4028754987" visible="true" version="2" changeset="60846825" timestamp="2018-07-18T19:32:04Z" user="jcphal" uid="387627" lat="44.7356018" lon="2.7335751"/>
 <node id="4028754988" visible="true" version="2" changeset="37507373" timestamp="2016-02-28T20:07:45Z" user="didier2020" uid="300459" lat="44.7355468" lon="2.7287286"/>
 <node id="4028754989" visible="true" version="2" changeset="37507373" timestamp="2016-02-28T20:07:45Z" user="didier2020" uid="300459" lat="44.7355578" lon="2.7284086"/>
 <node id="4028754990" visible="true" version="2" changeset="60846825" timestamp="2018-07-18T19:32:04Z" user="jcphal" uid="387627" lat="44.7356138" lon="2.7336531"/>
 <node id="4028754992" visible="true" version="2" changeset="37507373" timestamp="2016-02-28T20:07:45Z" user="didier2020" uid="300459" lat="44.7355818" lon="2.7284456"/>
 <node id="4028754993" visible="true" version="2" changeset="37507373" timestamp="2016-02-28T20:07:45Z" user="didier2020" uid="300459" lat="44.7355888" lon="2.7284316"/>
 <node id="4028754994" visible="true" version="2" changeset="37507373" timestamp="2016-02-28T20:07:45Z" user="didier2020" uid="300459" lat="44.7355928" lon="2.7285756"/>
 <node id="4028754995" visible="true" version="2" changeset="37507373" timestamp="2016-02-28T20:07:45Z" user="didier2020" uid="300459" lat="44.7355968" lon="2.7283586"/>
 <node id="4028754996" visible="true" version="2" changeset="37507373" timestamp="2016-02-28T20:07:46Z" user="didier2020" uid="300459" lat="44.7355968" lon="2.7284396"/>
 <node id="4028754998" visible="true" version="2" changeset="37507373" timestamp="2016-02-28T20:07:46Z" user="didier2020" uid="300459" lat="44.7356098" lon="2.7286036"/>
 <node id="4028754999" visible="true" version="2" changeset="37507373" timestamp="2016-02-28T20:07:46Z" user="didier2020" uid="300459" lat="44.7356178" lon="2.7284016"/>
 <node id="4028755002" visible="true" version="2" changeset="37507373" timestamp="2016-02-28T20:07:46Z" user="didier2020" uid="300459" lat="44.7356418" lon="2.7284876"/>
 <node id="4028755004" visible="true" version="2" changeset="37507373" timestamp="2016-02-28T20:07:46Z" user="didier2020" uid="300459" lat="44.7356868" lon="2.7282516"/>
 <node id="4028755007" visible="true" version="2" changeset="37507373" timestamp="2016-02-28T20:07:46Z" user="didier2020" uid="300459" lat="44.7357118" lon="2.7282146"/>
 <node id="4028755008" visible="true" version="2" changeset="37507373" timestamp="2016-02-28T20:07:46Z" user="didier2020" uid="300459" lat="44.7357208" lon="2.7283146"/>
 <node id="4028755009" visible="true" version="2" changeset="37507373" timestamp="2016-02-28T20:07:46Z" user="didier2020" uid="300459" lat="44.7357308" lon="2.7281876"/>
 <node id="4028755011" visible="true" version="2" changeset="37507373" timestamp="2016-02-28T20:07:46Z" user="didier2020" uid="300459" lat="44.7357708" lon="2.7282646"/>
 <node id="4028755078" visible="true" version="2" changeset="37507373" timestamp="2016-02-28T20:07:46Z" user="didier2020" uid="300459" lat="44.7360498" lon="2.7292793"/>
 <node id="4028755086" visible="true" version="2" changeset="37507373" timestamp="2016-02-28T20:07:46Z" user="didier2020" uid="300459" lat="44.7360728" lon="2.7291673"/>
 <node id="4028755094" visible="true" version="2" changeset="37507373" timestamp="2016-02-28T20:07:46Z" user="didier2020" uid="300459" lat="44.7361138" lon="2.7293043"/>
 <node id="4028755096" visible="true" version="2" changeset="37507373" timestamp="2016-02-28T20:07:46Z" user="didier2020" uid="300459" lat="44.7361168" lon="2.7292873"/>
 <node id="4028755100" visible="true" version="2" changeset="37507373" timestamp="2016-02-28T20:07:46Z" user="didier2020" uid="300459" lat="44.7361308" lon="2.7292233"/>
 <node id="4028755102" visible="true" version="2" changeset="37507373" timestamp="2016-02-28T20:07:46Z" user="didier2020" uid="300459" lat="44.7361358" lon="2.7291923"/>
 <node id="4028755109" visible="true" version="2" changeset="37507373" timestamp="2016-02-28T20:07:46Z" user="didier2020" uid="300459" lat="44.7361428" lon="2.7292963"/>
 <node id="4028755110" visible="true" version="2" changeset="37507373" timestamp="2016-02-28T20:07:46Z" user="didier2020" uid="300459" lat="44.7361438" lon="2.7283513"/>
 <node id="4028755111" visible="true" version="2" changeset="37507373" timestamp="2016-02-28T20:07:46Z" user="didier2020" uid="300459" lat="44.7361448" lon="2.7283403"/>
 <node id="4028755114" visible="true" version="2" changeset="37507373" timestamp="2016-02-28T20:07:46Z" user="didier2020" uid="300459" lat="44.7361478" lon="2.7283653"/>
 <node id="4028755115" visible="true" version="2" changeset="37507373" timestamp="2016-02-28T20:07:46Z" user="didier2020" uid="300459" lat="44.7361518" lon="2.7283293"/>
 <node id="4028755116" visible="true" version="2" changeset="37507373" timestamp="2016-02-28T20:07:46Z" user="didier2020" uid="300459" lat="44.7361548" lon="2.7292353"/>
 <node id="4028755117" visible="true" version="2" changeset="37507373" timestamp="2016-02-28T20:07:46Z" user="didier2020" uid="300459" lat="44.7361568" lon="2.7283733"/>
 <node id="4028755118" visible="true" version="2" changeset="37507373" timestamp="2016-02-28T20:07:46Z" user="didier2020" uid="300459" lat="44.7361588" lon="2.7287143"/>
 <node id="4028755119" visible="true" version="2" changeset="37507373" timestamp="2016-02-28T20:07:46Z" user="didier2020" uid="300459" lat="44.7361598" lon="2.7284053"/>
 <node id="4028755122" visible="true" version="2" changeset="37507373" timestamp="2016-02-28T20:07:46Z" user="didier2020" uid="300459" lat="44.7361628" lon="2.7283263"/>
 <node id="4028755125" visible="true" version="2" changeset="37507373" timestamp="2016-02-28T20:07:46Z" user="didier2020" uid="300459" lat="44.7361688" lon="2.7287183"/>
 <node id="4028755129" visible="true" version="2" changeset="37507373" timestamp="2016-02-28T20:07:46Z" user="didier2020" uid="300459" lat="44.7361738" lon="2.7286353"/>
 <node id="4028755135" visible="true" version="2" changeset="37507373" timestamp="2016-02-28T20:07:46Z" user="didier2020" uid="300459" lat="44.7361958" lon="2.7287313"/>
 <node id="4028755139" visible="true" version="2" changeset="37507373" timestamp="2016-02-28T20:07:46Z" user="didier2020" uid="300459" lat="44.7362128" lon="2.7286463"/>
 <node id="4028755141" visible="true" version="2" changeset="37507373" timestamp="2016-02-28T20:07:46Z" user="didier2020" uid="300459" lat="44.7362178" lon="2.7284163"/>
 <node id="4028755144" visible="true" version="2" changeset="37507373" timestamp="2016-02-28T20:07:46Z" user="didier2020" uid="300459" lat="44.7362228" lon="2.7283393"/>
 <node id="4028755146" visible="true" version="2" changeset="37507373" timestamp="2016-02-28T20:07:46Z" user="didier2020" uid="300459" lat="44.7362258" lon="2.7284493"/>
 <node id="4028755147" visible="true" version="2" changeset="37507373" timestamp="2016-02-28T20:07:46Z" user="didier2020" uid="300459" lat="44.7362358" lon="2.7291273"/>
 <node id="4028755148" visible="true" version="2" changeset="37507373" timestamp="2016-02-28T20:07:46Z" user="didier2020" uid="300459" lat="44.7362398" lon="2.7287423"/>
 <node id="4028755153" visible="true" version="2" changeset="37507373" timestamp="2016-02-28T20:07:46Z" user="didier2020" uid="300459" lat="44.7362508" lon="2.7290913"/>
 <node id="4028755161" visible="true" version="2" changeset="37507373" timestamp="2016-02-28T20:07:46Z" user="didier2020" uid="300459" lat="44.7362658" lon="2.7291573"/>
 <node id="4028755166" visible="true" version="2" changeset="37507373" timestamp="2016-02-28T20:07:46Z" user="didier2020" uid="300459" lat="44.7362848" lon="2.7287433"/>
 <node id="4028755170" visible="true" version="2" changeset="37507373" timestamp="2016-02-28T20:07:46Z" user="didier2020" uid="300459" lat="44.7362898" lon="2.7284533"/>
 <node id="4028755171" visible="true" version="2" changeset="37507373" timestamp="2016-02-28T20:07:46Z" user="didier2020" uid="300459" lat="44.7362908" lon="2.7291533"/>
 <node id="4028755173" visible="true" version="2" changeset="37507373" timestamp="2016-02-28T20:07:46Z" user="didier2020" uid="300459" lat="44.7362998" lon="2.7291323"/>
 <node id="4028755182" visible="true" version="2" changeset="37507373" timestamp="2016-02-28T20:07:46Z" user="didier2020" uid="300459" lat="44.7363278" lon="2.7289273"/>
 <node id="4028755183" visible="true" version="2" changeset="37507373" timestamp="2016-02-28T20:07:46Z" user="didier2020" uid="300459" lat="44.7363278" lon="2.7290713"/>
 <node id="4028755192" visible="true" version="2" changeset="37507373" timestamp="2016-02-28T20:07:46Z" user="didier2020" uid="300459" lat="44.7363408" lon="2.7290443"/>
 <node id="4028755197" visible="true" version="2" changeset="37507373" timestamp="2016-02-28T20:07:46Z" user="didier2020" uid="300459" lat="44.7363748" lon="2.7289713"/>
 <node id="4028755210" visible="true" version="2" changeset="37507373" timestamp="2016-02-28T20:07:46Z" user="didier2020" uid="300459" lat="44.7364498" lon="2.7292203"/>
 <node id="4028755212" visible="true" version="2" changeset="37507373" timestamp="2016-02-28T20:07:46Z" user="didier2020" uid="300459" lat="44.7364558" lon="2.7289023"/>
 <node id="4028755215" visible="true" version="2" changeset="37507373" timestamp="2016-02-28T20:07:46Z" user="didier2020" uid="300459" lat="44.7364608" lon="2.7289673"/>
 <node id="4028755230" visible="true" version="2" changeset="37507373" timestamp="2016-02-28T20:07:46Z" user="didier2020" uid="300459" lat="44.7364848" lon="2.7288983"/>
 <node id="4028755234" visible="true" version="2" changeset="37507373" timestamp="2016-02-28T20:07:46Z" user="didier2020" uid="300459" lat="44.7364888" lon="2.7289633"/>
 <node id="4028755235" visible="true" version="2" changeset="37507373" timestamp="2016-02-28T20:07:46Z" user="didier2020" uid="300459" lat="44.7364898" lon="2.7289283"/>
 <node id="4028755236" visible="true" version="2" changeset="37507373" timestamp="2016-02-28T20:07:46Z" user="didier2020" uid="300459" lat="44.7364898" lon="2.7291753"/>
 <node id="4028755238" visible="true" version="2" changeset="37507373" timestamp="2016-02-28T20:07:46Z" user="didier2020" uid="300459" lat="44.7364928" lon="2.7290203"/>
 <node id="4028755239" visible="true" version="2" changeset="37507373" timestamp="2016-02-28T20:07:46Z" user="didier2020" uid="300459" lat="44.7364948" lon="2.7292983"/>
 <node id="4028755245" visible="true" version="2" changeset="37507373" timestamp="2016-02-28T20:07:46Z" user="didier2020" uid="300459" lat="44.7365058" lon="2.7289283"/>
 <node id="4028755246" visible="true" version="2" changeset="37507373" timestamp="2016-02-28T20:07:46Z" user="didier2020" uid="300459" lat="44.7365058" lon="2.7290173"/>
 <node id="4028755247" visible="true" version="2" changeset="37507373" timestamp="2016-02-28T20:07:46Z" user="didier2020" uid="300459" lat="44.7365098" lon="2.7293233"/>
 <node id="4028755249" visible="true" version="2" changeset="37507373" timestamp="2016-02-28T20:07:46Z" user="didier2020" uid="300459" lat="44.7365158" lon="2.7291443"/>
 <node id="4028755251" visible="true" version="2" changeset="37507373" timestamp="2016-02-28T20:07:46Z" user="didier2020" uid="300459" lat="44.7365178" lon="2.7292233"/>
 <node id="4028755252" visible="true" version="2" changeset="37507373" timestamp="2016-02-28T20:07:46Z" user="didier2020" uid="300459" lat="44.7365228" lon="2.7292673"/>
 <node id="4028755255" visible="true" version="2" changeset="37507373" timestamp="2016-02-28T20:07:47Z" user="didier2020" uid="300459" lat="44.7365328" lon="2.7290143"/>
 <node id="4028755259" visible="true" version="2" changeset="37507373" timestamp="2016-02-28T20:07:47Z" user="didier2020" uid="300459" lat="44.7365368" lon="2.7292923"/>
 <node id="4028755261" visible="true" version="2" changeset="37507373" timestamp="2016-02-28T20:07:47Z" user="didier2020" uid="300459" lat="44.7365436" lon="2.7291958"/>
 <node id="4028755265" visible="true" version="2" changeset="37507373" timestamp="2016-02-28T20:07:47Z" user="didier2020" uid="300459" lat="44.7365548" lon="2.7289243"/>
 <node id="4028755266" visible="true" version="2" changeset="37507373" timestamp="2016-02-28T20:07:47Z" user="didier2020" uid="300459" lat="44.7365568" lon="2.7288933"/>
 <node id="4028755267" visible="true" version="2" changeset="37507373" timestamp="2016-02-28T20:07:47Z" user="didier2020" uid="300459" lat="44.7365588" lon="2.7293313"/>
 <node id="4028755275" visible="true" version="2" changeset="37507373" timestamp="2016-02-28T20:07:47Z" user="didier2020" uid="300459" lat="44.7365908" lon="2.7287493"/>
 <node id="4028755276" visible="true" version="2" changeset="37507373" timestamp="2016-02-28T20:07:47Z" user="didier2020" uid="300459" lat="44.7365928" lon="2.7288903"/>
 <node id="4028755277" visible="true" version="2" changeset="37507373" timestamp="2016-02-28T20:07:47Z" user="didier2020" uid="300459" lat="44.7365928" lon="2.7289003"/>
 <node id="4028755281" visible="true" version="2" changeset="37507373" timestamp="2016-02-28T20:07:47Z" user="didier2020" uid="300459" lat="44.7365968" lon="2.7289833"/>
 <node id="4028755282" visible="true" version="2" changeset="37507373" timestamp="2016-02-28T20:07:47Z" user="didier2020" uid="300459" lat="44.7365968" lon="2.7290053"/>
 <node id="4028755287" visible="true" version="2" changeset="37507373" timestamp="2016-02-28T20:07:47Z" user="didier2020" uid="300459" lat="44.7366008" lon="2.7287213"/>
 <node id="4028755292" visible="true" version="2" changeset="37507373" timestamp="2016-02-28T20:07:47Z" user="didier2020" uid="300459" lat="44.7366198" lon="2.7286723"/>
 <node id="4028755293" visible="true" version="2" changeset="60846825" timestamp="2018-07-18T19:32:04Z" user="jcphal" uid="387627" lat="44.7366011" lon="2.7326313"/>
 <node id="4028755294" visible="true" version="2" changeset="37507373" timestamp="2016-02-28T20:07:47Z" user="didier2020" uid="300459" lat="44.7366248" lon="2.7286573"/>
 <node id="4028755297" visible="true" version="2" changeset="37507373" timestamp="2016-02-28T20:07:47Z" user="didier2020" uid="300459" lat="44.7366288" lon="2.7287383"/>
 <node id="4028755302" visible="true" version="2" changeset="37507373" timestamp="2016-02-28T20:07:47Z" user="didier2020" uid="300459" lat="44.7366358" lon="2.7290973"/>
 <node id="4028755304" visible="true" version="2" changeset="37507373" timestamp="2016-02-28T20:07:47Z" user="didier2020" uid="300459" lat="44.7366408" lon="2.7286133"/>
 <node id="4028755305" visible="true" version="2" changeset="60846825" timestamp="2018-07-18T19:32:04Z" user="jcphal" uid="387627" lat="44.7366201" lon="2.7325503"/>
 <node id="4028755310" visible="true" version="2" changeset="37507373" timestamp="2016-02-28T20:07:47Z" user="didier2020" uid="300459" lat="44.7366458" lon="2.7286983"/>
 <node id="4028755312" visible="true" version="2" changeset="60846825" timestamp="2018-07-18T19:32:04Z" user="jcphal" uid="387627" lat="44.7366301" lon="2.7327863"/>
 <node id="4028755316" visible="true" version="2" changeset="37507373" timestamp="2016-02-28T20:07:47Z" user="didier2020" uid="300459" lat="44.7366558" lon="2.7291313"/>
 <node id="4028755318" visible="true" version="2" changeset="37507373" timestamp="2016-02-28T20:07:47Z" user="didier2020" uid="300459" lat="44.7366568" lon="2.7291843"/>
 <node id="4028755320" visible="true" version="2" changeset="60846825" timestamp="2018-07-18T19:32:04Z" user="jcphal" uid="387627" lat="44.7366381" lon="2.7327363"/>
 <node id="4028755325" visible="true" version="2" changeset="37507373" timestamp="2016-02-28T20:07:47Z" user="didier2020" uid="300459" lat="44.7366688" lon="2.7292073"/>
 <node id="4028755327" visible="true" version="2" changeset="37507373" timestamp="2016-02-28T20:07:47Z" user="didier2020" uid="300459" lat="44.7366708" lon="2.7291573"/>
 <node id="4028755331" visible="true" version="2" changeset="37507373" timestamp="2016-02-28T20:07:47Z" user="didier2020" uid="300459" lat="44.7366738" lon="2.7291113"/>
 <node id="4028755332" visible="true" version="2" changeset="37507373" timestamp="2016-02-28T20:07:47Z" user="didier2020" uid="300459" lat="44.7366738" lon="2.7291613"/>
 <node id="4028755333" visible="true" version="2" changeset="60846825" timestamp="2018-07-18T19:32:04Z" user="jcphal" uid="387627" lat="44.7366531" lon="2.7327213"/>
 <node id="4028755336" visible="true" version="2" changeset="37507373" timestamp="2016-02-28T20:07:47Z" user="didier2020" uid="300459" lat="44.7366808" lon="2.7287293"/>
 <node id="4028755337" visible="true" version="2" changeset="60846825" timestamp="2018-07-18T19:32:05Z" user="jcphal" uid="387627" lat="44.7366601" lon="2.7326613"/>
 <node id="4028755339" visible="true" version="2" changeset="37507373" timestamp="2016-02-28T20:07:47Z" user="didier2020" uid="300459" lat="44.7366838" lon="2.7288123"/>
 <node id="4028755342" visible="true" version="2" changeset="37507373" timestamp="2016-02-28T20:07:47Z" user="didier2020" uid="300459" lat="44.7366888" lon="2.7291363"/>
 <node id="4028755344" visible="true" version="2" changeset="37507373" timestamp="2016-02-28T20:07:47Z" user="didier2020" uid="300459" lat="44.7366898" lon="2.7287123"/>
 <node id="4028755347" visible="true" version="2" changeset="37507373" timestamp="2016-02-28T20:07:47Z" user="didier2020" uid="300459" lat="44.7366938" lon="2.7286603"/>
 <node id="4028755348" visible="true" version="2" changeset="37507373" timestamp="2016-02-28T20:07:47Z" user="didier2020" uid="300459" lat="44.7366958" lon="2.7286873"/>
 <node id="4028755349" visible="true" version="2" changeset="60846825" timestamp="2018-07-18T19:32:05Z" user="jcphal" uid="387627" lat="44.7366761" lon="2.7326413"/>
 <node id="4028755356" visible="true" version="2" changeset="60846825" timestamp="2018-07-18T19:32:05Z" user="jcphal" uid="387627" lat="44.7366871" lon="2.7325793"/>
 <node id="4028755357" visible="true" version="2" changeset="60846825" timestamp="2018-07-18T19:32:05Z" user="jcphal" uid="387627" lat="44.7366891" lon="2.7328083"/>
 <node id="4028755360" visible="true" version="2" changeset="37507373" timestamp="2016-02-28T20:07:47Z" user="didier2020" uid="300459" lat="44.7367148" lon="2.7289823"/>
 <node id="4028755364" visible="true" version="2" changeset="37507373" timestamp="2016-02-28T20:07:47Z" user="didier2020" uid="300459" lat="44.7367268" lon="2.7287703"/>
 <node id="4028755365" visible="true" version="2" changeset="60846825" timestamp="2018-07-18T19:32:05Z" user="jcphal" uid="387627" lat="44.7367081" lon="2.7326573"/>
 <node id="4028755366" visible="true" version="2" changeset="37507373" timestamp="2016-02-28T20:07:47Z" user="didier2020" uid="300459" lat="44.7367308" lon="2.7288933"/>
 <node id="4028755370" visible="true" version="2" changeset="37507373" timestamp="2016-02-28T20:07:47Z" user="didier2020" uid="300459" lat="44.7367428" lon="2.7288243"/>
 <node id="4028755373" visible="true" version="3" changeset="86516588" timestamp="2020-06-11T11:57:58Z" user="jcphal" uid="387627" lat="44.7367517" lon="2.7286819"/>
 <node id="4028755376" visible="true" version="3" changeset="86516588" timestamp="2020-06-11T11:57:58Z" user="jcphal" uid="387627" lat="44.7367665" lon="2.7290490"/>
 <node id="4028755377" visible="true" version="3" changeset="86516588" timestamp="2020-06-11T11:57:58Z" user="jcphal" uid="387627" lat="44.7367685" lon="2.7290970"/>
 <node id="4028755379" visible="true" version="3" changeset="86516588" timestamp="2020-06-11T11:57:58Z" user="jcphal" uid="387627" lat="44.7367697" lon="2.7284179"/>
 <node id="4028755380" visible="true" version="3" changeset="86516588" timestamp="2020-06-11T11:57:58Z" user="jcphal" uid="387627" lat="44.7367697" lon="2.7287569"/>
 <node id="4028755381" visible="true" version="2" changeset="37507373" timestamp="2016-02-28T20:07:47Z" user="didier2020" uid="300459" lat="44.7367738" lon="2.7289853"/>
 <node id="4028755386" visible="true" version="3" changeset="86516588" timestamp="2020-06-11T11:57:58Z" user="jcphal" uid="387627" lat="44.7367989" lon="2.7283632"/>
 <node id="4028755388" visible="true" version="3" changeset="86516588" timestamp="2020-06-11T11:57:58Z" user="jcphal" uid="387627" lat="44.7368027" lon="2.7286509"/>
 <node id="4028755389" visible="true" version="2" changeset="37507373" timestamp="2016-02-28T20:07:47Z" user="didier2020" uid="300459" lat="44.7367998" lon="2.7288513"/>
 <node id="4028755390" visible="true" version="3" changeset="86516588" timestamp="2020-06-11T11:57:58Z" user="jcphal" uid="387627" lat="44.7368067" lon="2.7284059"/>
 <node id="4028755391" visible="true" version="3" changeset="86516588" timestamp="2020-06-11T11:57:58Z" user="jcphal" uid="387627" lat="44.7368095" lon="2.7291260"/>
 <node id="4028755393" visible="true" version="3" changeset="86516588" timestamp="2020-06-11T11:57:58Z" user="jcphal" uid="387627" lat="44.7368105" lon="2.7291010"/>
 <node id="4028755394" visible="true" version="3" changeset="86516588" timestamp="2020-06-11T11:57:58Z" user="jcphal" uid="387627" lat="44.7368157" lon="2.7283589"/>
 <node id="4028755396" visible="true" version="3" changeset="86516588" timestamp="2020-06-11T11:57:58Z" user="jcphal" uid="387627" lat="44.7368207" lon="2.7284009"/>
 <node id="4028755397" visible="true" version="3" changeset="86516588" timestamp="2020-06-11T11:57:58Z" user="jcphal" uid="387627" lat="44.7368235" lon="2.7291310"/>
 <node id="4028755398" visible="true" version="3" changeset="86516588" timestamp="2020-06-11T11:57:58Z" user="jcphal" uid="387627" lat="44.7368267" lon="2.7286539"/>
 <node id="4028755399" visible="true" version="3" changeset="86516588" timestamp="2020-06-11T11:57:58Z" user="jcphal" uid="387627" lat="44.7368275" lon="2.7290340"/>
 <node id="4028755400" visible="true" version="3" changeset="86516588" timestamp="2020-06-11T11:57:58Z" user="jcphal" uid="387627" lat="44.7368297" lon="2.7286699"/>
 <node id="4028755402" visible="true" version="3" changeset="86516588" timestamp="2020-06-11T11:57:58Z" user="jcphal" uid="387627" lat="44.7368357" lon="2.7283969"/>
 <node id="4028755403" visible="true" version="3" changeset="86516588" timestamp="2020-06-11T11:57:58Z" user="jcphal" uid="387627" lat="44.7368407" lon="2.7287329"/>
 <node id="4028755405" visible="true" version="3" changeset="86516588" timestamp="2020-06-11T11:57:58Z" user="jcphal" uid="387627" lat="44.7368487" lon="2.7284819"/>
 <node id="4028755406" visible="true" version="3" changeset="86516588" timestamp="2020-06-11T11:57:58Z" user="jcphal" uid="387627" lat="44.7368507" lon="2.7285989"/>
 <node id="4028755408" visible="true" version="3" changeset="86516588" timestamp="2020-06-11T11:57:58Z" user="jcphal" uid="387627" lat="44.7368527" lon="2.7285969"/>
 <node id="4028755409" visible="true" version="3" changeset="86516588" timestamp="2020-06-11T11:57:58Z" user="jcphal" uid="387627" lat="44.7368527" lon="2.7286219"/>
 <node id="4028755410" visible="true" version="3" changeset="86516588" timestamp="2020-06-11T11:57:58Z" user="jcphal" uid="387627" lat="44.7368567" lon="2.7286609"/>
 <node id="4028755412" visible="true" version="3" changeset="86516588" timestamp="2020-06-11T11:57:58Z" user="jcphal" uid="387627" lat="44.7368587" lon="2.7285429"/>
 <node id="4028755413" visible="true" version="3" changeset="86516588" timestamp="2020-06-11T11:57:58Z" user="jcphal" uid="387627" lat="44.7368607" lon="2.7285969"/>
 <node id="4028755414" visible="true" version="3" changeset="86516588" timestamp="2020-06-11T11:57:58Z" user="jcphal" uid="387627" lat="44.7368637" lon="2.7286159"/>
 <node id="4028755415" visible="true" version="3" changeset="86516588" timestamp="2020-06-11T11:57:58Z" user="jcphal" uid="387627" lat="44.7368657" lon="2.7286059"/>
 <node id="4028755416" visible="true" version="3" changeset="86516588" timestamp="2020-06-11T11:57:58Z" user="jcphal" uid="387627" lat="44.7368697" lon="2.7283429"/>
 <node id="4028755417" visible="true" version="3" changeset="86516588" timestamp="2020-06-11T11:57:58Z" user="jcphal" uid="387627" lat="44.7368737" lon="2.7284739"/>
 <node id="4028755418" visible="true" version="3" changeset="86516588" timestamp="2020-06-11T11:57:58Z" user="jcphal" uid="387627" lat="44.7368757" lon="2.7285429"/>
 <node id="4028755419" visible="true" version="3" changeset="86516588" timestamp="2020-06-11T11:57:58Z" user="jcphal" uid="387627" lat="44.7368817" lon="2.7286059"/>
 <node id="4028755420" visible="true" version="2" changeset="86516588" timestamp="2020-06-11T11:57:58Z" user="jcphal" uid="387627" lat="44.7368868" lon="2.7285540"/>
 <node id="4028755421" visible="true" version="3" changeset="86516588" timestamp="2020-06-11T11:57:58Z" user="jcphal" uid="387627" lat="44.7368855" lon="2.7291850"/>
 <node id="4028755422" visible="true" version="3" changeset="86516588" timestamp="2020-06-11T11:57:58Z" user="jcphal" uid="387627" lat="44.7368857" lon="2.7285899"/>
 <node id="4028755423" visible="true" version="3" changeset="86516588" timestamp="2020-06-11T11:57:58Z" user="jcphal" uid="387627" lat="44.7368865" lon="2.7291520"/>
 <node id="4028755424" visible="true" version="2" changeset="86516588" timestamp="2020-06-11T11:57:58Z" user="jcphal" uid="387627" lat="44.7368898" lon="2.7285580"/>
 <node id="4028755425" visible="true" version="2" changeset="86516588" timestamp="2020-06-11T11:57:58Z" user="jcphal" uid="387627" lat="44.7368908" lon="2.7285680"/>
 <node id="4028755428" visible="true" version="3" changeset="86516588" timestamp="2020-06-11T11:57:58Z" user="jcphal" uid="387627" lat="44.7368945" lon="2.7291580"/>
 <node id="4028755429" visible="true" version="2" changeset="86516588" timestamp="2020-06-11T11:57:58Z" user="jcphal" uid="387627" lat="44.7368998" lon="2.7285640"/>
 <node id="4028755430" visible="true" version="2" changeset="86516588" timestamp="2020-06-11T11:57:58Z" user="jcphal" uid="387627" lat="44.7369038" lon="2.7286160"/>
 <node id="4028755431" visible="true" version="3" changeset="86516588" timestamp="2020-06-11T11:57:58Z" user="jcphal" uid="387627" lat="44.7369045" lon="2.7290640"/>
 <node id="4028755432" visible="true" version="2" changeset="86516588" timestamp="2020-06-11T11:57:58Z" user="jcphal" uid="387627" lat="44.7369108" lon="2.7285240"/>
 <node id="4028755433" visible="true" version="2" changeset="86516588" timestamp="2020-06-11T11:57:58Z" user="jcphal" uid="387627" lat="44.7369118" lon="2.7285210"/>
 <node id="4028755434" visible="true" version="2" changeset="86516588" timestamp="2020-06-11T11:57:58Z" user="jcphal" uid="387627" lat="44.7369128" lon="2.7285340"/>
 <node id="4028755435" visible="true" version="2" changeset="86516588" timestamp="2020-06-11T11:57:58Z" user="jcphal" uid="387627" lat="44.7369158" lon="2.7286060"/>
 <node id="4028755436" visible="true" version="3" changeset="86516588" timestamp="2020-06-11T11:57:58Z" user="jcphal" uid="387627" lat="44.7369145" lon="2.7291020"/>
 <node id="4028755437" visible="true" version="2" changeset="86516588" timestamp="2020-06-11T11:57:58Z" user="jcphal" uid="387627" lat="44.7369188" lon="2.7285200"/>
 <node id="4028755438" visible="true" version="2" changeset="86516588" timestamp="2020-06-11T11:57:58Z" user="jcphal" uid="387627" lat="44.7369218" lon="2.7285270"/>
 <node id="4028755440" visible="true" version="3" changeset="86516588" timestamp="2020-06-11T11:57:58Z" user="jcphal" uid="387627" lat="44.7369235" lon="2.7290470"/>
 <node id="4028755441" visible="true" version="2" changeset="86516588" timestamp="2020-06-11T11:57:58Z" user="jcphal" uid="387627" lat="44.7369278" lon="2.7286850"/>
 <node id="4028755444" visible="true" version="3" changeset="86516588" timestamp="2020-06-11T11:57:58Z" user="jcphal" uid="387627" lat="44.7369315" lon="2.7292190"/>
 <node id="4028755446" visible="true" version="2" changeset="86516588" timestamp="2020-06-11T11:57:58Z" user="jcphal" uid="387627" lat="44.7369378" lon="2.7286790"/>
 <node id="4028755449" visible="true" version="2" changeset="86516588" timestamp="2020-06-11T11:57:58Z" user="jcphal" uid="387627" lat="44.7369468" lon="2.7287330"/>
 <node id="4028755450" visible="true" version="2" changeset="86516588" timestamp="2020-06-11T11:57:58Z" user="jcphal" uid="387627" lat="44.7369478" lon="2.7287230"/>
 <node id="4028755451" visible="true" version="2" changeset="86516588" timestamp="2020-06-11T11:57:58Z" user="jcphal" uid="387627" lat="44.7369518" lon="2.7287410"/>
 <node id="4028755452" visible="true" version="2" changeset="86516588" timestamp="2020-06-11T11:57:58Z" user="jcphal" uid="387627" lat="44.7369538" lon="2.7287200"/>
 <node id="4028755455" visible="true" version="3" changeset="86516588" timestamp="2020-06-11T11:57:58Z" user="jcphal" uid="387627" lat="44.7369595" lon="2.7291270"/>
 <node id="4028755456" visible="true" version="2" changeset="86516588" timestamp="2020-06-11T11:57:58Z" user="jcphal" uid="387627" lat="44.7369668" lon="2.7284870"/>
 <node id="4028755457" visible="true" version="2" changeset="86516588" timestamp="2020-06-11T11:57:58Z" user="jcphal" uid="387627" lat="44.7369698" lon="2.7284960"/>
 <node id="4028755458" visible="true" version="2" changeset="86516588" timestamp="2020-06-11T11:57:58Z" user="jcphal" uid="387627" lat="44.7369708" lon="2.7284770"/>
 <node id="4028755460" visible="true" version="3" changeset="86516588" timestamp="2020-06-11T11:57:58Z" user="jcphal" uid="387627" lat="44.7369705" lon="2.7293430"/>
 <node id="4028755462" visible="true" version="3" changeset="86516588" timestamp="2020-06-11T11:57:58Z" user="jcphal" uid="387627" lat="44.7369755" lon="2.7290670"/>
 <node id="4028755463" visible="true" version="2" changeset="86516588" timestamp="2020-06-11T11:57:58Z" user="jcphal" uid="387627" lat="44.7369788" lon="2.7284770"/>
 <node id="4028755464" visible="true" version="2" changeset="86516588" timestamp="2020-06-11T11:57:58Z" user="jcphal" uid="387627" lat="44.7369808" lon="2.7287230"/>
 <node id="4028755465" visible="true" version="2" changeset="86516588" timestamp="2020-06-11T11:57:58Z" user="jcphal" uid="387627" lat="44.7369818" lon="2.7284860"/>
 <node id="4028755466" visible="true" version="3" changeset="86516588" timestamp="2020-06-11T11:57:58Z" user="jcphal" uid="387627" lat="44.7369805" lon="2.7290540"/>
 <node id="4028755467" visible="true" version="3" changeset="86516588" timestamp="2020-06-11T11:57:58Z" user="jcphal" uid="387627" lat="44.7369805" lon="2.7291390"/>
 <node id="4028755468" visible="true" version="2" changeset="86516588" timestamp="2020-06-11T11:57:58Z" user="jcphal" uid="387627" lat="44.7369888" lon="2.7287750"/>
 <node id="4028755469" visible="true" version="2" changeset="86516588" timestamp="2020-06-11T11:57:58Z" user="jcphal" uid="387627" lat="44.7369898" lon="2.7287780"/>
 <node id="4028755470" visible="true" version="3" changeset="86516588" timestamp="2020-06-11T11:57:58Z" user="jcphal" uid="387627" lat="44.7369905" lon="2.7293030"/>
 <node id="4028755471" visible="true" version="2" changeset="86516588" timestamp="2020-06-11T11:57:58Z" user="jcphal" uid="387627" lat="44.7369948" lon="2.7287600"/>
 <node id="4028755472" visible="true" version="2" changeset="86516588" timestamp="2020-06-11T11:57:58Z" user="jcphal" uid="387627" lat="44.7369958" lon="2.7287840"/>
 <node id="4028755474" visible="true" version="2" changeset="86516588" timestamp="2020-06-11T11:57:58Z" user="jcphal" uid="387627" lat="44.7370018" lon="2.7287800"/>
 <node id="4028755475" visible="true" version="2" changeset="86516588" timestamp="2020-06-11T11:57:58Z" user="jcphal" uid="387627" lat="44.7370028" lon="2.7287700"/>
 <node id="4028755476" visible="true" version="3" changeset="86516588" timestamp="2020-06-11T11:57:58Z" user="jcphal" uid="387627" lat="44.7370045" lon="2.7290650"/>
 <node id="4028755479" visible="true" version="3" changeset="86516588" timestamp="2020-06-11T11:57:58Z" user="jcphal" uid="387627" lat="44.7370125" lon="2.7291720"/>
 <node id="4028755481" visible="true" version="2" changeset="86516588" timestamp="2020-06-11T11:57:58Z" user="jcphal" uid="387627" lat="44.7370238" lon="2.7287880"/>
 <node id="4028755483" visible="true" version="2" changeset="86516588" timestamp="2020-06-11T11:57:58Z" user="jcphal" uid="387627" lat="44.7370248" lon="2.7288070"/>
 <node id="4028755485" visible="true" version="3" changeset="86516588" timestamp="2020-06-11T11:57:58Z" user="jcphal" uid="387627" lat="44.7370245" lon="2.7294030"/>
 <node id="4028755487" visible="true" version="3" changeset="86516588" timestamp="2020-06-11T11:57:58Z" user="jcphal" uid="387627" lat="44.7370255" lon="2.7294040"/>
 <node id="4028755489" visible="true" version="2" changeset="86516588" timestamp="2020-06-11T11:57:58Z" user="jcphal" uid="387627" lat="44.7370318" lon="2.7285460"/>
 <node id="4028755490" visible="true" version="2" changeset="86516588" timestamp="2020-06-11T11:57:58Z" user="jcphal" uid="387627" lat="44.7370338" lon="2.7285450"/>
 <node id="4028755491" visible="true" version="2" changeset="86516588" timestamp="2020-06-11T11:57:58Z" user="jcphal" uid="387627" lat="44.7370338" lon="2.7288090"/>
 <node id="4028755492" visible="true" version="2" changeset="86516588" timestamp="2020-06-11T11:57:58Z" user="jcphal" uid="387627" lat="44.7370348" lon="2.7285290"/>
 <node id="4028755493" visible="true" version="2" changeset="86516588" timestamp="2020-06-11T11:57:58Z" user="jcphal" uid="387627" lat="44.7370348" lon="2.7287870"/>
 <node id="4028755495" visible="true" version="2" changeset="86516588" timestamp="2020-06-11T11:57:58Z" user="jcphal" uid="387627" lat="44.7370378" lon="2.7285370"/>
 <node id="4028755496" visible="true" version="2" changeset="86516588" timestamp="2020-06-11T11:57:58Z" user="jcphal" uid="387627" lat="44.7370388" lon="2.7284480"/>
 <node id="4028755497" visible="true" version="2" changeset="86516588" timestamp="2020-06-11T11:57:58Z" user="jcphal" uid="387627" lat="44.7370458" lon="2.7285890"/>
 <node id="4028755498" visible="true" version="3" changeset="86516588" timestamp="2020-06-11T11:57:58Z" user="jcphal" uid="387627" lat="44.7370435" lon="2.7291060"/>
 <node id="4028755499" visible="true" version="3" changeset="86516588" timestamp="2020-06-11T11:57:58Z" user="jcphal" uid="387627" lat="44.7370435" lon="2.7292030"/>
 <node id="4028755502" visible="true" version="2" changeset="86516588" timestamp="2020-06-11T11:57:58Z" user="jcphal" uid="387627" lat="44.7370508" lon="2.7284850"/>
 <node id="4028755503" visible="true" version="2" changeset="86516588" timestamp="2020-06-11T11:57:58Z" user="jcphal" uid="387627" lat="44.7370528" lon="2.7286060"/>
 <node id="4028755505" visible="true" version="2" changeset="86516588" timestamp="2020-06-11T11:57:58Z" user="jcphal" uid="387627" lat="44.7370548" lon="2.7287770"/>
 <node id="4028755506" visible="true" version="2" changeset="86516588" timestamp="2020-06-11T11:57:58Z" user="jcphal" uid="387627" lat="44.7370568" lon="2.7285880"/>
 <node id="4028755507" visible="true" version="2" changeset="86516588" timestamp="2020-06-11T11:57:58Z" user="jcphal" uid="387627" lat="44.7370568" lon="2.7286050"/>
 <node id="4028755508" visible="true" version="2" changeset="86516588" timestamp="2020-06-11T11:57:58Z" user="jcphal" uid="387627" lat="44.7370578" lon="2.7287860"/>
 <node id="4028755509" visible="true" version="2" changeset="86516588" timestamp="2020-06-11T11:57:58Z" user="jcphal" uid="387627" lat="44.7370588" lon="2.7285100"/>
 <node id="4028755510" visible="true" version="2" changeset="86516588" timestamp="2020-06-11T11:57:58Z" user="jcphal" uid="387627" lat="44.7370588" lon="2.7287000"/>
 <node id="4028755511" visible="true" version="2" changeset="86516588" timestamp="2020-06-11T11:57:58Z" user="jcphal" uid="387627" lat="44.7370598" lon="2.7285970"/>
 <node id="4028755512" visible="true" version="2" changeset="86516588" timestamp="2020-06-11T11:57:58Z" user="jcphal" uid="387627" lat="44.7370598" lon="2.7286970"/>
 <node id="4028755513" visible="true" version="2" changeset="86516588" timestamp="2020-06-11T11:57:58Z" user="jcphal" uid="387627" lat="44.7370608" lon="2.7287140"/>
 <node id="4028755514" visible="true" version="2" changeset="86516588" timestamp="2020-06-11T11:57:58Z" user="jcphal" uid="387627" lat="44.7370648" lon="2.7286460"/>
 <node id="4028755515" visible="true" version="2" changeset="86516588" timestamp="2020-06-11T11:57:58Z" user="jcphal" uid="387627" lat="44.7370648" lon="2.7287530"/>
 <node id="4028755516" visible="true" version="2" changeset="86516588" timestamp="2020-06-11T11:57:58Z" user="jcphal" uid="387627" lat="44.7370648" lon="2.7287710"/>
 <node id="4028755517" visible="true" version="2" changeset="86516588" timestamp="2020-06-11T11:57:58Z" user="jcphal" uid="387627" lat="44.7370658" lon="2.7286890"/>
 <node id="4028755518" visible="true" version="2" changeset="86516588" timestamp="2020-06-11T11:57:58Z" user="jcphal" uid="387627" lat="44.7370658" lon="2.7287890"/>
 <node id="4028755520" visible="true" version="2" changeset="86516588" timestamp="2020-06-11T11:57:58Z" user="jcphal" uid="387627" lat="44.7370668" lon="2.7287310"/>
 <node id="4028755523" visible="true" version="2" changeset="86516588" timestamp="2020-06-11T11:57:58Z" user="jcphal" uid="387627" lat="44.7370698" lon="2.7287160"/>
 <node id="4028755524" visible="true" version="2" changeset="86516588" timestamp="2020-06-11T11:57:58Z" user="jcphal" uid="387627" lat="44.7370698" lon="2.7287320"/>
 <node id="4028755525" visible="true" version="2" changeset="86516588" timestamp="2020-06-11T11:57:58Z" user="jcphal" uid="387627" lat="44.7370708" lon="2.7286590"/>
 <node id="4028755527" visible="true" version="2" changeset="86516588" timestamp="2020-06-11T11:57:58Z" user="jcphal" uid="387627" lat="44.7370718" lon="2.7287830"/>
 <node id="4028755528" visible="true" version="2" changeset="86516588" timestamp="2020-06-11T11:57:58Z" user="jcphal" uid="387627" lat="44.7370748" lon="2.7286430"/>
 <node id="4028755529" visible="true" version="2" changeset="86516588" timestamp="2020-06-11T11:57:58Z" user="jcphal" uid="387627" lat="44.7370758" lon="2.7286590"/>
 <node id="4028755530" visible="true" version="2" changeset="86516588" timestamp="2020-06-11T11:57:58Z" user="jcphal" uid="387627" lat="44.7370758" lon="2.7286910"/>
 <node id="4028755531" visible="true" version="2" changeset="86516588" timestamp="2020-06-11T11:57:58Z" user="jcphal" uid="387627" lat="44.7370778" lon="2.7287210"/>
 <node id="4028755532" visible="true" version="2" changeset="86516588" timestamp="2020-06-11T11:57:58Z" user="jcphal" uid="387627" lat="44.7370778" lon="2.7287290"/>
 <node id="4028755533" visible="true" version="2" changeset="86516588" timestamp="2020-06-11T11:57:58Z" user="jcphal" uid="387627" lat="44.7370778" lon="2.7287350"/>
 <node id="4028755534" visible="true" version="2" changeset="86516588" timestamp="2020-06-11T11:57:58Z" user="jcphal" uid="387627" lat="44.7370788" lon="2.7286500"/>
 <node id="4028755537" visible="true" version="2" changeset="86516588" timestamp="2020-06-11T11:57:58Z" user="jcphal" uid="387627" lat="44.7370779" lon="2.7285963"/>
 <node id="4028755538" visible="true" version="3" changeset="86516588" timestamp="2020-06-11T11:57:58Z" user="jcphal" uid="387627" lat="44.7370775" lon="2.7293200"/>
 <node id="4028755546" visible="true" version="3" changeset="86516588" timestamp="2020-06-11T11:57:58Z" user="jcphal" uid="387627" lat="44.7370975" lon="2.7292600"/>
 <node id="4028755548" visible="true" version="2" changeset="86516588" timestamp="2020-06-11T11:57:58Z" user="jcphal" uid="387627" lat="44.7371049" lon="2.7286873"/>
 <node id="4028755549" visible="true" version="3" changeset="86516588" timestamp="2020-06-11T11:57:58Z" user="jcphal" uid="387627" lat="44.7371045" lon="2.7292670"/>
 <node id="4028755551" visible="true" version="3" changeset="86516588" timestamp="2020-06-11T11:57:58Z" user="jcphal" uid="387627" lat="44.7371135" lon="2.7292480"/>
 <node id="4028755552" visible="true" version="3" changeset="86516588" timestamp="2020-06-11T11:57:58Z" user="jcphal" uid="387627" lat="44.7371165" lon="2.7292360"/>
 <node id="4028755553" visible="true" version="3" changeset="86516588" timestamp="2020-06-11T11:57:58Z" user="jcphal" uid="387627" lat="44.7371185" lon="2.7293610"/>
 <node id="4028755556" visible="true" version="3" changeset="86516588" timestamp="2020-06-11T11:57:58Z" user="jcphal" uid="387627" lat="44.7371235" lon="2.7292330"/>
 <node id="4028755560" visible="true" version="3" changeset="86516588" timestamp="2020-06-11T11:57:58Z" user="jcphal" uid="387627" lat="44.7371305" lon="2.7292390"/>
 <node id="4028755561" visible="true" version="3" changeset="86516588" timestamp="2020-06-11T11:57:58Z" user="jcphal" uid="387627" lat="44.7371315" lon="2.7292430"/>
 <node id="4028755563" visible="true" version="2" changeset="86516588" timestamp="2020-06-11T11:57:58Z" user="jcphal" uid="387627" lat="44.7371349" lon="2.7284133"/>
 <node id="4028755568" visible="true" version="3" changeset="86516588" timestamp="2020-06-11T11:57:58Z" user="jcphal" uid="387627" lat="44.7371455" lon="2.7292150"/>
 <node id="4028755569" visible="true" version="2" changeset="86516588" timestamp="2020-06-11T11:57:58Z" user="jcphal" uid="387627" lat="44.7371479" lon="2.7284023"/>
 <node id="4028755570" visible="true" version="2" changeset="86516588" timestamp="2020-06-11T11:57:58Z" user="jcphal" uid="387627" lat="44.7371479" lon="2.7284103"/>
 <node id="4028755572" visible="true" version="2" changeset="86516588" timestamp="2020-06-11T11:57:58Z" user="jcphal" uid="387627" lat="44.7371529" lon="2.7284203"/>
 <node id="4028755573" visible="true" version="3" changeset="86516588" timestamp="2020-06-11T11:57:58Z" user="jcphal" uid="387627" lat="44.7371555" lon="2.7292880"/>
 <node id="4028755576" visible="true" version="2" changeset="86516588" timestamp="2020-06-11T11:57:58Z" user="jcphal" uid="387627" lat="44.7371609" lon="2.7284203"/>
 <node id="4028755580" visible="true" version="2" changeset="86516588" timestamp="2020-06-11T11:57:58Z" user="jcphal" uid="387627" lat="44.7371669" lon="2.7284123"/>
 <node id="4028755587" visible="true" version="2" changeset="86516588" timestamp="2020-06-11T11:57:58Z" user="jcphal" uid="387627" lat="44.7371769" lon="2.7285383"/>
 <node id="4028755590" visible="true" version="2" changeset="86516588" timestamp="2020-06-11T11:57:58Z" user="jcphal" uid="387627" lat="44.7371839" lon="2.7284003"/>
 <node id="4028755595" visible="true" version="2" changeset="86516588" timestamp="2020-06-11T11:57:58Z" user="jcphal" uid="387627" lat="44.7372069" lon="2.7286293"/>
 <node id="4028755608" visible="true" version="2" changeset="37507373" timestamp="2016-02-28T20:07:48Z" user="didier2020" uid="300459" lat="44.7372429" lon="2.7292260"/>
 <node id="4028755612" visible="true" version="2" changeset="86516588" timestamp="2020-06-11T11:57:58Z" user="jcphal" uid="387627" lat="44.7372569" lon="2.7286003"/>
 <node id="4028755614" visible="true" version="2" changeset="37507373" timestamp="2016-02-28T20:07:48Z" user="didier2020" uid="300459" lat="44.7372649" lon="2.7292690"/>
 <node id="4028755615" visible="true" version="2" changeset="37507373" timestamp="2016-02-28T20:07:48Z" user="didier2020" uid="300459" lat="44.7372749" lon="2.7292570"/>
 <node id="4028755616" visible="true" version="2" changeset="37507373" timestamp="2016-02-28T20:07:48Z" user="didier2020" uid="300459" lat="44.7372799" lon="2.7291830"/>
 <node id="4028755621" visible="true" version="2" changeset="37507373" timestamp="2016-02-28T20:07:48Z" user="didier2020" uid="300459" lat="44.7373029" lon="2.7292130"/>
 <node id="4028755622" visible="true" version="3" changeset="86516588" timestamp="2020-06-11T11:57:58Z" user="jcphal" uid="387627" lat="44.7372995" lon="2.7295420"/>
 <node id="4028755627" visible="true" version="2" changeset="37507373" timestamp="2016-02-28T20:07:48Z" user="didier2020" uid="300459" lat="44.7373219" lon="2.7291910"/>
 <node id="4028755634" visible="true" version="2" changeset="37507373" timestamp="2016-02-28T20:07:48Z" user="didier2020" uid="300459" lat="44.7373409" lon="2.7293410"/>
 <node id="4028755636" visible="true" version="3" changeset="86516588" timestamp="2020-06-11T11:57:58Z" user="jcphal" uid="387627" lat="44.7373385" lon="2.7294690"/>
 <node id="4028755639" visible="true" version="2" changeset="37507373" timestamp="2016-02-28T20:07:48Z" user="didier2020" uid="300459" lat="44.7373607" lon="2.7299619"/>
 <node id="4028755645" visible="true" version="2" changeset="37507373" timestamp="2016-02-28T20:07:48Z" user="didier2020" uid="300459" lat="44.7373849" lon="2.7292770"/>
 <node id="4028755647" visible="true" version="2" changeset="37507373" timestamp="2016-02-28T20:07:48Z" user="didier2020" uid="300459" lat="44.7373765" lon="2.7298410"/>
 <node id="4028755649" visible="true" version="2" changeset="37507373" timestamp="2016-02-28T20:07:48Z" user="didier2020" uid="300459" lat="44.7373807" lon="2.7298104"/>
 <node id="4028755652" visible="true" version="2" changeset="86516588" timestamp="2020-06-11T11:57:58Z" user="jcphal" uid="387627" lat="44.7373930" lon="2.7295863"/>
 <node id="4028755653" visible="true" version="2" changeset="86516588" timestamp="2020-06-11T11:57:58Z" user="jcphal" uid="387627" lat="44.7373950" lon="2.7295973"/>
 <node id="4028755654" visible="true" version="2" changeset="86516588" timestamp="2020-06-11T11:57:58Z" user="jcphal" uid="387627" lat="44.7373950" lon="2.7296133"/>
 <node id="4028755655" visible="true" version="2" changeset="86516588" timestamp="2020-06-11T11:57:58Z" user="jcphal" uid="387627" lat="44.7373970" lon="2.7295923"/>
 <node id="4028755658" visible="true" version="2" changeset="86516588" timestamp="2020-06-11T11:57:58Z" user="jcphal" uid="387627" lat="44.7374020" lon="2.7296273"/>
 <node id="4028755659" visible="true" version="2" changeset="37507373" timestamp="2016-02-28T20:07:48Z" user="didier2020" uid="300459" lat="44.7374457" lon="2.7301708"/>
 <node id="4028755661" visible="true" version="2" changeset="86516588" timestamp="2020-06-11T11:57:58Z" user="jcphal" uid="387627" lat="44.7374100" lon="2.7295483"/>
 <node id="4028755662" visible="true" version="2" changeset="37507373" timestamp="2016-02-28T20:07:48Z" user="didier2020" uid="300459" lat="44.7374481" lon="2.7301499"/>
 <node id="4028755663" visible="true" version="2" changeset="86516588" timestamp="2020-06-11T11:57:58Z" user="jcphal" uid="387627" lat="44.7374140" lon="2.7296323"/>
 <node id="4028755667" visible="true" version="2" changeset="86516588" timestamp="2020-06-11T11:57:58Z" user="jcphal" uid="387627" lat="44.7374250" lon="2.7296273"/>
 <node id="4028755669" visible="true" version="2" changeset="86516588" timestamp="2020-06-11T11:57:58Z" user="jcphal" uid="387627" lat="44.7374290" lon="2.7295033"/>
 <node id="4028755670" visible="true" version="2" changeset="86516588" timestamp="2020-06-11T11:57:58Z" user="jcphal" uid="387627" lat="44.7374471" lon="2.7300185"/>
 <node id="4028755673" visible="true" version="2" changeset="86516588" timestamp="2020-06-11T11:57:58Z" user="jcphal" uid="387627" lat="44.7374310" lon="2.7296133"/>
 <node id="4028755675" visible="true" version="2" changeset="37507373" timestamp="2016-02-28T20:07:48Z" user="didier2020" uid="300459" lat="44.7374527" lon="2.7299820"/>
 <node id="4028755677" visible="true" version="2" changeset="37507373" timestamp="2016-02-28T20:07:48Z" user="didier2020" uid="300459" lat="44.7374619" lon="2.7300213"/>
 <node id="4028755678" visible="true" version="2" changeset="86516588" timestamp="2020-06-11T11:57:58Z" user="jcphal" uid="387627" lat="44.7374440" lon="2.7296213"/>
 <node id="4028755681" visible="true" version="2" changeset="37507373" timestamp="2016-02-28T20:07:48Z" user="didier2020" uid="300459" lat="44.7374663" lon="2.7299846"/>
 <node id="4028755687" visible="true" version="2" changeset="37507373" timestamp="2016-02-28T20:07:48Z" user="didier2020" uid="300459" lat="44.7375177" lon="2.7301848"/>
 <node id="4028755688" visible="true" version="2" changeset="86516588" timestamp="2020-06-11T11:57:58Z" user="jcphal" uid="387627" lat="44.7374770" lon="2.7295443"/>
 <node id="4028755695" visible="true" version="2" changeset="37507373" timestamp="2016-02-28T20:07:48Z" user="didier2020" uid="300459" lat="44.7374916" lon="2.7289616"/>
 <node id="4028755699" visible="true" version="2" changeset="37507373" timestamp="2016-02-28T20:07:48Z" user="didier2020" uid="300459" lat="44.7375076" lon="2.7291466"/>
 <node id="4028755700" visible="true" version="2" changeset="37507373" timestamp="2016-02-28T20:07:48Z" user="didier2020" uid="300459" lat="44.7375311" lon="2.7300533"/>
 <node id="4028755702" visible="true" version="2" changeset="37507373" timestamp="2016-02-28T20:07:48Z" user="didier2020" uid="300459" lat="44.7375341" lon="2.7300292"/>
 <node id="4028755703" visible="true" version="2" changeset="37507373" timestamp="2016-02-28T20:07:48Z" user="didier2020" uid="300459" lat="44.7375186" lon="2.7289186"/>
 <node id="4028755704" visible="true" version="2" changeset="37507373" timestamp="2016-02-28T20:07:48Z" user="didier2020" uid="300459" lat="44.7375177" lon="2.7298717"/>
 <node id="4028755705" visible="true" version="2" changeset="37507373" timestamp="2016-02-28T20:07:48Z" user="didier2020" uid="300459" lat="44.7375226" lon="2.7293066"/>
 <node id="4028755706" visible="true" version="2" changeset="37507373" timestamp="2016-02-28T20:07:48Z" user="didier2020" uid="300459" lat="44.7375219" lon="2.7298412"/>
 <node id="4028755707" visible="true" version="2" changeset="37507373" timestamp="2016-02-28T20:07:48Z" user="didier2020" uid="300459" lat="44.7375466" lon="2.7300320"/>
 <node id="4028755708" visible="true" version="2" changeset="37507373" timestamp="2016-02-28T20:07:48Z" user="didier2020" uid="300459" lat="44.7375316" lon="2.7288976"/>
 <node id="4028755709" visible="true" version="2" changeset="37507373" timestamp="2016-02-28T20:07:49Z" user="didier2020" uid="300459" lat="44.7375517" lon="2.7299850"/>
 <node id="4028755710" visible="true" version="2" changeset="37507373" timestamp="2016-02-28T20:07:49Z" user="didier2020" uid="300459" lat="44.7375436" lon="2.7293496"/>
 <node id="4028755711" visible="true" version="2" changeset="37507373" timestamp="2016-02-28T20:07:49Z" user="didier2020" uid="300459" lat="44.7375474" lon="2.7299048"/>
 <node id="4028755712" visible="true" version="2" changeset="37507373" timestamp="2016-02-28T20:07:49Z" user="didier2020" uid="300459" lat="44.7375503" lon="2.7298796"/>
 <node id="4028755715" visible="true" version="2" changeset="37507373" timestamp="2016-02-28T20:07:49Z" user="didier2020" uid="300459" lat="44.7375596" lon="2.7292236"/>
 <node id="4028755717" visible="true" version="2" changeset="37507373" timestamp="2016-02-28T20:07:49Z" user="didier2020" uid="300459" lat="44.7375646" lon="2.7295166"/>
 <node id="4028755718" visible="true" version="2" changeset="37507373" timestamp="2016-02-28T20:07:49Z" user="didier2020" uid="300459" lat="44.7375686" lon="2.7290706"/>
 <node id="4028755719" visible="true" version="2" changeset="37507373" timestamp="2016-02-28T20:07:49Z" user="didier2020" uid="300459" lat="44.7375706" lon="2.7292696"/>
 <node id="4028755721" visible="true" version="2" changeset="37507373" timestamp="2016-02-28T20:07:49Z" user="didier2020" uid="300459" lat="44.7375766" lon="2.7292676"/>
 <node id="4028755722" visible="true" version="2" changeset="37507373" timestamp="2016-02-28T20:07:49Z" user="didier2020" uid="300459" lat="44.7375816" lon="2.7291286"/>
 <node id="4028755725" visible="true" version="2" changeset="37507373" timestamp="2016-02-28T20:07:49Z" user="didier2020" uid="300459" lat="44.7376019" lon="2.7299955"/>
 <node id="4028755726" visible="true" version="2" changeset="37507373" timestamp="2016-02-28T20:07:49Z" user="didier2020" uid="300459" lat="44.7375916" lon="2.7291166"/>
 <node id="4028755727" visible="true" version="2" changeset="37507373" timestamp="2016-02-28T20:07:49Z" user="didier2020" uid="300459" lat="44.7375916" lon="2.7293146"/>
 <node id="4028755728" visible="true" version="2" changeset="37507373" timestamp="2016-02-28T20:07:49Z" user="didier2020" uid="300459" lat="44.7375956" lon="2.7292676"/>
 <node id="4028755729" visible="true" version="2" changeset="37507373" timestamp="2016-02-28T20:07:49Z" user="didier2020" uid="300459" lat="44.7375956" lon="2.7295566"/>
 <node id="4028755730" visible="true" version="2" changeset="37507373" timestamp="2016-02-28T20:07:49Z" user="didier2020" uid="300459" lat="44.7376016" lon="2.7294536"/>
 <node id="4028755732" visible="true" version="2" changeset="37507373" timestamp="2016-02-28T20:07:49Z" user="didier2020" uid="300459" lat="44.7376101" lon="2.7299181"/>
 <node id="4028755734" visible="true" version="2" changeset="37507373" timestamp="2016-02-28T20:07:49Z" user="didier2020" uid="300459" lat="44.7376066" lon="2.7291696"/>
 <node id="4028755735" visible="true" version="2" changeset="37507373" timestamp="2016-02-28T20:07:49Z" user="didier2020" uid="300459" lat="44.7376096" lon="2.7290016"/>
 <node id="4028755736" visible="true" version="2" changeset="37507373" timestamp="2016-02-28T20:07:49Z" user="didier2020" uid="300459" lat="44.7376106" lon="2.7294666"/>
 <node id="4028755737" visible="true" version="2" changeset="37507373" timestamp="2016-02-28T20:07:49Z" user="didier2020" uid="300459" lat="44.7376116" lon="2.7295766"/>
 <node id="4028755738" visible="true" version="2" changeset="37507373" timestamp="2016-02-28T20:07:49Z" user="didier2020" uid="300459" lat="44.7376136" lon="2.7292786"/>
 <node id="4028755740" visible="true" version="2" changeset="37507373" timestamp="2016-02-28T20:07:49Z" user="didier2020" uid="300459" lat="44.7376166" lon="2.7289926"/>
 <node id="4028755742" visible="true" version="2" changeset="37507373" timestamp="2016-02-28T20:07:49Z" user="didier2020" uid="300459" lat="44.7376286" lon="2.7295596"/>
 <node id="4028755743" visible="true" version="2" changeset="37507373" timestamp="2016-02-28T20:07:49Z" user="didier2020" uid="300459" lat="44.7376396" lon="2.7292506"/>
 <node id="4028755744" visible="true" version="2" changeset="37507373" timestamp="2016-02-28T20:07:49Z" user="didier2020" uid="300459" lat="44.7376406" lon="2.7295086"/>
 <node id="4028755746" visible="true" version="2" changeset="37507373" timestamp="2016-02-28T20:07:49Z" user="didier2020" uid="300459" lat="44.7376436" lon="2.7294076"/>
 <node id="4028755747" visible="true" version="2" changeset="37507373" timestamp="2016-02-28T20:07:49Z" user="didier2020" uid="300459" lat="44.7376436" lon="2.7296036"/>
 <node id="4028755748" visible="true" version="2" changeset="37507373" timestamp="2016-02-28T20:07:49Z" user="didier2020" uid="300459" lat="44.7376446" lon="2.7290276"/>
 <node id="4028755749" visible="true" version="2" changeset="37507373" timestamp="2016-02-28T20:07:49Z" user="didier2020" uid="300459" lat="44.7376466" lon="2.7292626"/>
 <node id="4028755751" visible="true" version="2" changeset="37507373" timestamp="2016-02-28T20:07:49Z" user="didier2020" uid="300459" lat="44.7376506" lon="2.7295916"/>
 <node id="4028755753" visible="true" version="2" changeset="37507373" timestamp="2016-02-28T20:07:49Z" user="didier2020" uid="300459" lat="44.7376536" lon="2.7295276"/>
 <node id="4028755754" visible="true" version="2" changeset="37507373" timestamp="2016-02-28T20:07:49Z" user="didier2020" uid="300459" lat="44.7376546" lon="2.7290206"/>
 <node id="4028755757" visible="true" version="2" changeset="37507373" timestamp="2016-02-28T20:07:49Z" user="didier2020" uid="300459" lat="44.7376696" lon="2.7292456"/>
 <node id="4028755759" visible="true" version="2" changeset="37507373" timestamp="2016-02-28T20:07:49Z" user="didier2020" uid="300459" lat="44.7376786" lon="2.7294686"/>
 <node id="4028755760" visible="true" version="2" changeset="37507373" timestamp="2016-02-28T20:07:49Z" user="didier2020" uid="300459" lat="44.7377066" lon="2.7291566"/>
 <node id="4028755762" visible="true" version="2" changeset="37507373" timestamp="2016-02-28T20:07:49Z" user="didier2020" uid="300459" lat="44.7377106" lon="2.7289846"/>
 <node id="4028755763" visible="true" version="2" changeset="37507373" timestamp="2016-02-28T20:07:49Z" user="didier2020" uid="300459" lat="44.7377126" lon="2.7293636"/>
 <node id="4028755766" visible="true" version="2" changeset="37507373" timestamp="2016-02-28T20:07:49Z" user="didier2020" uid="300459" lat="44.7377236" lon="2.7295446"/>
 <node id="4028755768" visible="true" version="2" changeset="37507373" timestamp="2016-02-28T20:07:49Z" user="didier2020" uid="300459" lat="44.7377256" lon="2.7293386"/>
 <node id="4028755769" visible="true" version="2" changeset="37507373" timestamp="2016-02-28T20:07:49Z" user="didier2020" uid="300459" lat="44.7377286" lon="2.7290306"/>
 <node id="4028755770" visible="true" version="2" changeset="37507373" timestamp="2016-02-28T20:07:49Z" user="didier2020" uid="300459" lat="44.7377286" lon="2.7293466"/>
 <node id="4028755771" visible="true" version="2" changeset="37507373" timestamp="2016-02-28T20:07:49Z" user="didier2020" uid="300459" lat="44.7377386" lon="2.7289856"/>
 <node id="4028755774" visible="true" version="2" changeset="37507373" timestamp="2016-02-28T20:07:49Z" user="didier2020" uid="300459" lat="44.7377506" lon="2.7290856"/>
 <node id="4028755775" visible="true" version="2" changeset="37507373" timestamp="2016-02-28T20:07:49Z" user="didier2020" uid="300459" lat="44.7377576" lon="2.7290096"/>
 <node id="4028755776" visible="true" version="2" changeset="37507373" timestamp="2016-02-28T20:07:49Z" user="didier2020" uid="300459" lat="44.7377606" lon="2.7291136"/>
 <node id="4028755777" visible="true" version="2" changeset="37507373" timestamp="2016-02-28T20:07:49Z" user="didier2020" uid="300459" lat="44.7377666" lon="2.7287036"/>
 <node id="4028755778" visible="true" version="2" changeset="37507373" timestamp="2016-02-28T20:07:49Z" user="didier2020" uid="300459" lat="44.7377686" lon="2.7291936"/>
 <node id="4028755779" visible="true" version="2" changeset="37507373" timestamp="2016-02-28T20:07:49Z" user="didier2020" uid="300459" lat="44.7377726" lon="2.7290666"/>
 <node id="4028755781" visible="true" version="2" changeset="37507373" timestamp="2016-02-28T20:07:49Z" user="didier2020" uid="300459" lat="44.7377796" lon="2.7292836"/>
 <node id="4028755782" visible="true" version="2" changeset="37507373" timestamp="2016-02-28T20:07:49Z" user="didier2020" uid="300459" lat="44.7377796" lon="2.7294826"/>
 <node id="4028755783" visible="true" version="2" changeset="37507373" timestamp="2016-02-28T20:07:49Z" user="didier2020" uid="300459" lat="44.7377866" lon="2.7290436"/>
 <node id="4028755784" visible="true" version="2" changeset="37507373" timestamp="2016-02-28T20:07:49Z" user="didier2020" uid="300459" lat="44.7377926" lon="2.7287856"/>
 <node id="4028755785" visible="true" version="2" changeset="37507373" timestamp="2016-02-28T20:07:49Z" user="didier2020" uid="300459" lat="44.7377936" lon="2.7286906"/>
 <node id="4028755786" visible="true" version="2" changeset="37507373" timestamp="2016-02-28T20:07:49Z" user="didier2020" uid="300459" lat="44.7377956" lon="2.7288916"/>
 <node id="4028755787" visible="true" version="2" changeset="37507373" timestamp="2016-02-28T20:07:49Z" user="didier2020" uid="300459" lat="44.7377976" lon="2.7286986"/>
 <node id="4028755788" visible="true" version="2" changeset="37507373" timestamp="2016-02-28T20:07:49Z" user="didier2020" uid="300459" lat="44.7378011" lon="2.7296523"/>
 <node id="4028755791" visible="true" version="2" changeset="37507373" timestamp="2016-02-28T20:07:49Z" user="didier2020" uid="300459" lat="44.7378056" lon="2.7292516"/>
 <node id="4028755792" visible="true" version="2" changeset="37507373" timestamp="2016-02-28T20:07:49Z" user="didier2020" uid="300459" lat="44.7378066" lon="2.7289036"/>
 <node id="4028755793" visible="true" version="2" changeset="37507373" timestamp="2016-02-28T20:07:49Z" user="didier2020" uid="300459" lat="44.7378106" lon="2.7287766"/>
 <node id="4028755794" visible="true" version="2" changeset="37507373" timestamp="2016-02-28T20:07:49Z" user="didier2020" uid="300459" lat="44.7378176" lon="2.7287726"/>
 <node id="4028755795" visible="true" version="2" changeset="37507373" timestamp="2016-02-28T20:07:49Z" user="didier2020" uid="300459" lat="44.7378196" lon="2.7291326"/>
 <node id="4028755797" visible="true" version="2" changeset="37507373" timestamp="2016-02-28T20:07:49Z" user="didier2020" uid="300459" lat="44.7378256" lon="2.7289736"/>
 <node id="4028755798" visible="true" version="2" changeset="37507373" timestamp="2016-02-28T20:07:50Z" user="didier2020" uid="300459" lat="44.7378256" lon="2.7292846"/>
 <node id="4028755799" visible="true" version="2" changeset="37507373" timestamp="2016-02-28T20:07:50Z" user="didier2020" uid="300459" lat="44.7378286" lon="2.7286686"/>
 <node id="4028755800" visible="true" version="2" changeset="37507373" timestamp="2016-02-28T20:07:50Z" user="didier2020" uid="300459" lat="44.7378326" lon="2.7289346"/>
 <node id="4028755802" visible="true" version="2" changeset="37507373" timestamp="2016-02-28T20:07:50Z" user="didier2020" uid="300459" lat="44.7378451" lon="2.7296053"/>
 <node id="4028755805" visible="true" version="2" changeset="37507373" timestamp="2016-02-28T20:07:50Z" user="didier2020" uid="300459" lat="44.7378656" lon="2.7289476"/>
 <node id="4028755807" visible="true" version="2" changeset="37507373" timestamp="2016-02-28T20:07:50Z" user="didier2020" uid="300459" lat="44.7378686" lon="2.7285976"/>
 <node id="4028755812" visible="true" version="2" changeset="86516588" timestamp="2020-06-11T11:57:58Z" user="jcphal" uid="387627" lat="44.7378889" lon="2.7301427"/>
 <node id="4028755817" visible="true" version="2" changeset="86516588" timestamp="2020-06-11T11:57:58Z" user="jcphal" uid="387627" lat="44.7378959" lon="2.7301987"/>
 <node id="4028755818" visible="true" version="2" changeset="37507373" timestamp="2016-02-28T20:07:50Z" user="didier2020" uid="300459" lat="44.7379016" lon="2.7290346"/>
 <node id="4028755819" visible="true" version="2" changeset="37507373" timestamp="2016-02-28T20:07:50Z" user="didier2020" uid="300459" lat="44.7379046" lon="2.7290316"/>
 <node id="4028755820" visible="true" version="2" changeset="86516588" timestamp="2020-06-11T11:57:58Z" user="jcphal" uid="387627" lat="44.7379089" lon="2.7301837"/>
 <node id="4028755821" visible="true" version="2" changeset="37507373" timestamp="2016-02-28T20:07:50Z" user="didier2020" uid="300459" lat="44.7379126" lon="2.7290096"/>
 <node id="4028755823" visible="true" version="2" changeset="86516588" timestamp="2020-06-11T11:57:58Z" user="jcphal" uid="387627" lat="44.7379119" lon="2.7302327"/>
 <node id="4028755826" visible="true" version="2" changeset="37507373" timestamp="2016-02-28T20:07:50Z" user="didier2020" uid="300459" lat="44.7379206" lon="2.7290596"/>
 <node id="4028755827" visible="true" version="2" changeset="37507373" timestamp="2016-02-28T20:07:50Z" user="didier2020" uid="300459" lat="44.7379261" lon="2.7297543"/>
 <node id="4028755828" visible="true" version="2" changeset="86516588" timestamp="2020-06-11T11:57:58Z" user="jcphal" uid="387627" lat="44.7379249" lon="2.7302187"/>
 <node id="4028755832" visible="true" version="2" changeset="37507373" timestamp="2016-02-28T20:07:50Z" user="didier2020" uid="300459" lat="44.7379371" lon="2.7297423"/>
 <node id="4028755834" visible="true" version="2" changeset="86516588" timestamp="2020-06-11T11:57:58Z" user="jcphal" uid="387627" lat="44.7379349" lon="2.7300987"/>
 <node id="4028755835" visible="true" version="2" changeset="37507373" timestamp="2016-02-28T20:07:50Z" user="didier2020" uid="300459" lat="44.7379416" lon="2.7288356"/>
 <node id="4028755836" visible="true" version="2" changeset="37507373" timestamp="2016-02-28T20:07:50Z" user="didier2020" uid="300459" lat="44.7379481" lon="2.7297633"/>
 <node id="4028755838" visible="true" version="2" changeset="37507373" timestamp="2016-02-28T20:07:50Z" user="didier2020" uid="300459" lat="44.7379486" lon="2.7289596"/>
 <node id="4028755839" visible="true" version="2" changeset="86516588" timestamp="2020-06-11T11:57:58Z" user="jcphal" uid="387627" lat="44.7379479" lon="2.7302627"/>
 <node id="4028755842" visible="true" version="2" changeset="37507373" timestamp="2016-02-28T20:07:50Z" user="didier2020" uid="300459" lat="44.7379556" lon="2.7291206"/>
 <node id="4028755845" visible="true" version="2" changeset="37507373" timestamp="2016-02-28T20:07:50Z" user="didier2020" uid="300459" lat="44.7379616" lon="2.7288626"/>
 <node id="4028755846" visible="true" version="2" changeset="37507373" timestamp="2016-02-28T20:07:50Z" user="didier2020" uid="300459" lat="44.7379616" lon="2.7291336"/>
 <node id="4028755851" visible="true" version="2" changeset="37507373" timestamp="2016-02-28T20:07:50Z" user="didier2020" uid="300459" lat="44.7379781" lon="2.7297343"/>
 <node id="4028755852" visible="true" version="2" changeset="86516588" timestamp="2020-06-11T11:57:58Z" user="jcphal" uid="387627" lat="44.7379757" lon="2.7304587"/>
 <node id="4028755853" visible="true" version="2" changeset="86516588" timestamp="2020-06-11T11:57:58Z" user="jcphal" uid="387627" lat="44.7379795" lon="2.7307591"/>
 <node id="4028755856" visible="true" version="2" changeset="37507373" timestamp="2016-02-28T20:07:50Z" user="didier2020" uid="300459" lat="44.7379906" lon="2.7289046"/>
 <node id="4028755859" visible="true" version="2" changeset="86516588" timestamp="2020-06-11T11:57:58Z" user="jcphal" uid="387627" lat="44.7379929" lon="2.7302197"/>
 <node id="4028755860" visible="true" version="2" changeset="37507373" timestamp="2016-02-28T20:07:50Z" user="didier2020" uid="300459" lat="44.7380011" lon="2.7300313"/>
 <node id="4028755861" visible="true" version="2" changeset="37507373" timestamp="2016-02-28T20:07:50Z" user="didier2020" uid="300459" lat="44.7380026" lon="2.7288046"/>
 <node id="4028755863" visible="true" version="2" changeset="86516588" timestamp="2020-06-11T11:57:58Z" user="jcphal" uid="387627" lat="44.7380067" lon="2.7304337"/>
 <node id="4028755864" visible="true" version="2" changeset="37507373" timestamp="2016-02-28T20:07:50Z" user="didier2020" uid="300459" lat="44.7380131" lon="2.7298833"/>
 <node id="4028755865" visible="true" version="2" changeset="86516588" timestamp="2020-06-11T11:57:58Z" user="jcphal" uid="387627" lat="44.7380165" lon="2.7308141"/>
 <node id="4028755868" visible="true" version="2" changeset="86516588" timestamp="2020-06-11T11:57:58Z" user="jcphal" uid="387627" lat="44.7380137" lon="2.7305457"/>
 <node id="4028755869" visible="true" version="2" changeset="86516588" timestamp="2020-06-11T11:57:58Z" user="jcphal" uid="387627" lat="44.7380185" lon="2.7307071"/>
 <node id="4028755870" visible="true" version="2" changeset="86516588" timestamp="2020-06-11T11:57:58Z" user="jcphal" uid="387627" lat="44.7380177" lon="2.7304597"/>
 <node id="4028755872" visible="true" version="2" changeset="37507373" timestamp="2016-02-28T20:07:50Z" user="didier2020" uid="300459" lat="44.7380431" lon="2.7298543"/>
 <node id="4028755873" visible="true" version="2" changeset="86516588" timestamp="2020-06-11T11:57:58Z" user="jcphal" uid="387627" lat="44.7380437" lon="2.7305217"/>
 <node id="4028755875" visible="true" version="2" changeset="86516588" timestamp="2020-06-11T11:57:58Z" user="jcphal" uid="387627" lat="44.7380555" lon="2.7307621"/>
 <node id="4028755876" visible="true" version="2" changeset="37507373" timestamp="2016-02-28T20:07:50Z" user="didier2020" uid="300459" lat="44.7380591" lon="2.7299723"/>
 <node id="4028755882" visible="true" version="2" changeset="37507373" timestamp="2016-02-28T20:07:50Z" user="didier2020" uid="300459" lat="44.7380891" lon="2.7299413"/>
 <node id="4028755884" visible="true" version="2" changeset="86516588" timestamp="2020-06-11T11:57:58Z" user="jcphal" uid="387627" lat="44.7380897" lon="2.7303947"/>
 <node id="4028755889" visible="true" version="2" changeset="86516588" timestamp="2020-06-11T11:57:58Z" user="jcphal" uid="387627" lat="44.7381177" lon="2.7304547"/>
 <node id="4028755921" visible="true" version="2" changeset="86516588" timestamp="2020-06-11T11:57:58Z" user="jcphal" uid="387627" lat="44.7382713" lon="2.7305053"/>
 <node id="4028755929" visible="true" version="2" changeset="86516588" timestamp="2020-06-11T11:57:58Z" user="jcphal" uid="387627" lat="44.7383194" lon="2.7305725"/>
 <node id="4028755935" visible="true" version="2" changeset="86516588" timestamp="2020-06-11T11:57:58Z" user="jcphal" uid="387627" lat="44.7383395" lon="2.7303907"/>
 <node id="4028755952" visible="true" version="2" changeset="86516588" timestamp="2020-06-11T11:57:58Z" user="jcphal" uid="387627" lat="44.7383880" lon="2.7304590"/>
 <node id="4028755977" visible="true" version="2" changeset="86516588" timestamp="2020-06-11T11:57:58Z" user="jcphal" uid="387627" lat="44.7384880" lon="2.7309432"/>
 <node id="4028755985" visible="true" version="2" changeset="86516588" timestamp="2020-06-11T11:57:58Z" user="jcphal" uid="387627" lat="44.7385124" lon="2.7305248"/>
 <node id="4028756001" visible="true" version="2" changeset="86516588" timestamp="2020-06-11T11:57:58Z" user="jcphal" uid="387627" lat="44.7385524" lon="2.7304508"/>
 <node id="4028756004" visible="true" version="2" changeset="86516588" timestamp="2020-06-11T11:57:58Z" user="jcphal" uid="387627" lat="44.7385554" lon="2.7305798"/>
 <node id="4028756008" visible="true" version="2" changeset="86516588" timestamp="2020-06-11T11:57:58Z" user="jcphal" uid="387627" lat="44.7385510" lon="2.7310072"/>
 <node id="4028756016" visible="true" version="2" changeset="86516588" timestamp="2020-06-11T11:57:58Z" user="jcphal" uid="387627" lat="44.7385590" lon="2.7308052"/>
 <node id="4028756024" visible="true" version="2" changeset="86516588" timestamp="2020-06-11T11:57:58Z" user="jcphal" uid="387627" lat="44.7385974" lon="2.7305178"/>
 <node id="4028756034" visible="true" version="2" changeset="86516588" timestamp="2020-06-11T11:57:58Z" user="jcphal" uid="387627" lat="44.7386314" lon="2.7304128"/>
 <node id="4028756035" visible="true" version="2" changeset="86516588" timestamp="2020-06-11T11:57:58Z" user="jcphal" uid="387627" lat="44.7386220" lon="2.7308692"/>
 <node id="4028756043" visible="true" version="2" changeset="86516588" timestamp="2020-06-11T11:57:58Z" user="jcphal" uid="387627" lat="44.7386494" lon="2.7304858"/>
 <node id="4028756127" visible="true" version="2" changeset="86516588" timestamp="2020-06-11T12:45:43Z" user="jcphal" uid="387627" lat="44.7387942" lon="2.7265180"/>
 <node id="4028756139" visible="true" version="2" changeset="86516588" timestamp="2020-06-11T12:45:43Z" user="jcphal" uid="387627" lat="44.7388022" lon="2.7266690"/>
 <node id="4028756153" visible="true" version="2" changeset="86516588" timestamp="2020-06-11T12:45:43Z" user="jcphal" uid="387627" lat="44.7388077" lon="2.7271344"/>
 <node id="4028756157" visible="true" version="2" changeset="86516588" timestamp="2020-06-11T12:45:43Z" user="jcphal" uid="387627" lat="44.7388355" lon="2.7276825"/>
 <node id="4028756169" visible="true" version="2" changeset="86516588" timestamp="2020-06-11T12:45:43Z" user="jcphal" uid="387627" lat="44.7388294" lon="2.7279008"/>
 <node id="4028756173" visible="true" version="2" changeset="86516588" timestamp="2020-06-11T12:45:43Z" user="jcphal" uid="387627" lat="44.7388277" lon="2.7271164"/>
 <node id="4028756175" visible="true" version="2" changeset="86516588" timestamp="2020-06-11T12:45:43Z" user="jcphal" uid="387627" lat="44.7388525" lon="2.7277115"/>
 <node id="4028756176" visible="true" version="2" changeset="86516588" timestamp="2020-06-11T12:45:43Z" user="jcphal" uid="387627" lat="44.7388535" lon="2.7276545"/>
 <node id="4028756180" visible="true" version="2" changeset="86516588" timestamp="2020-06-11T12:45:43Z" user="jcphal" uid="387627" lat="44.7388231" lon="2.7281245"/>
 <node id="4028756181" visible="true" version="2" changeset="86516588" timestamp="2020-06-11T12:45:43Z" user="jcphal" uid="387627" lat="44.7388337" lon="2.7272054"/>
 <node id="4028756186" visible="true" version="2" changeset="86516588" timestamp="2020-06-11T12:45:43Z" user="jcphal" uid="387627" lat="44.7388462" lon="2.7264520"/>
 <node id="4028756290" visible="true" version="2" changeset="86516588" timestamp="2020-06-11T12:45:43Z" user="jcphal" uid="387627" lat="44.7388502" lon="2.7266100"/>
 <node id="4028756293" visible="true" version="2" changeset="86516588" timestamp="2020-06-11T12:45:43Z" user="jcphal" uid="387627" lat="44.7388527" lon="2.7271894"/>
 <node id="4028756299" visible="true" version="2" changeset="86516588" timestamp="2020-06-11T12:45:43Z" user="jcphal" uid="387627" lat="44.7388865" lon="2.7275765"/>
 <node id="4028756300" visible="true" version="2" changeset="86516588" timestamp="2020-06-11T12:45:43Z" user="jcphal" uid="387627" lat="44.7388875" lon="2.7275205"/>
 <node id="4028756301" visible="true" version="2" changeset="86516588" timestamp="2020-06-11T12:45:43Z" user="jcphal" uid="387627" lat="44.7388875" lon="2.7277025"/>
 <node id="4028756302" visible="true" version="2" changeset="86516588" timestamp="2020-06-11T12:45:43Z" user="jcphal" uid="387627" lat="44.7388561" lon="2.7282015"/>
 <node id="4028756304" visible="true" version="2" changeset="86516588" timestamp="2020-06-11T12:45:43Z" user="jcphal" uid="387627" lat="44.7388762" lon="2.7267860"/>
 <node id="4028756307" visible="true" version="2" changeset="86516588" timestamp="2020-06-11T12:45:43Z" user="jcphal" uid="387627" lat="44.7388744" lon="2.7278688"/>
 <node id="4028756313" visible="true" version="2" changeset="86516588" timestamp="2020-06-11T12:45:43Z" user="jcphal" uid="387627" lat="44.7389045" lon="2.7275515"/>
 <node id="4028756315" visible="true" version="2" changeset="86516588" timestamp="2020-06-11T12:45:43Z" user="jcphal" uid="387627" lat="44.7388924" lon="2.7280558"/>
 <node id="4028756316" visible="true" version="2" changeset="86516588" timestamp="2020-06-11T12:45:43Z" user="jcphal" uid="387627" lat="44.7389125" lon="2.7276195"/>
 <node id="4028756319" visible="true" version="2" changeset="86516588" timestamp="2020-06-11T12:45:43Z" user="jcphal" uid="387627" lat="44.7388851" lon="2.7280755"/>
 <node id="4028756320" visible="true" version="2" changeset="86516588" timestamp="2020-06-11T12:45:43Z" user="jcphal" uid="387627" lat="44.7389185" lon="2.7274725"/>
 <node id="4028756321" visible="true" version="2" changeset="86516588" timestamp="2020-06-11T12:45:43Z" user="jcphal" uid="387627" lat="44.7388881" lon="2.7281755"/>
 <node id="4028756329" visible="true" version="2" changeset="86516588" timestamp="2020-06-11T12:45:43Z" user="jcphal" uid="387627" lat="44.7389222" lon="2.7267270"/>
 <node id="4028756332" visible="true" version="2" changeset="86516588" timestamp="2020-06-11T12:45:43Z" user="jcphal" uid="387627" lat="44.7389171" lon="2.7281515"/>
 <node id="4028756333" visible="true" version="2" changeset="86516588" timestamp="2020-06-11T12:45:43Z" user="jcphal" uid="387627" lat="44.7389457" lon="2.7274463"/>
 <node id="4028756335" visible="true" version="2" changeset="86516588" timestamp="2020-06-11T12:45:43Z" user="jcphal" uid="387627" lat="44.7389344" lon="2.7280228"/>
 <node id="4028756337" visible="true" version="2" changeset="86516588" timestamp="2020-06-11T12:45:43Z" user="jcphal" uid="387627" lat="44.7389625" lon="2.7275515"/>
 <node id="4028756343" visible="true" version="2" changeset="86516588" timestamp="2020-06-11T12:45:43Z" user="jcphal" uid="387627" lat="44.7389642" lon="2.7278566"/>
 <node id="4028756354" visible="true" version="2" changeset="86516588" timestamp="2020-06-11T11:57:58Z" user="jcphal" uid="387627" lat="44.7389784" lon="2.7302865"/>
 <node id="4028756355" visible="true" version="2" changeset="86516588" timestamp="2020-06-11T12:45:43Z" user="jcphal" uid="387627" lat="44.7389832" lon="2.7268210"/>
 <node id="4028756363" visible="true" version="2" changeset="86516588" timestamp="2020-06-11T12:45:43Z" user="jcphal" uid="387627" lat="44.7389932" lon="2.7264147"/>
 <node id="4028756366" visible="true" version="2" changeset="86516588" timestamp="2020-06-11T12:45:43Z" user="jcphal" uid="387627" lat="44.7390067" lon="2.7273803"/>
 <node id="4028756369" visible="true" version="2" changeset="86516588" timestamp="2020-06-11T12:45:43Z" user="jcphal" uid="387627" lat="44.7389965" lon="2.7268587"/>
 <node id="4028756377" visible="true" version="2" changeset="86516588" timestamp="2020-06-11T11:57:58Z" user="jcphal" uid="387627" lat="44.7390054" lon="2.7303525"/>
 <node id="4028756378" visible="true" version="2" changeset="86516588" timestamp="2020-06-11T12:45:43Z" user="jcphal" uid="387627" lat="44.7390092" lon="2.7278986"/>
 <node id="4028756492" visible="true" version="2" changeset="86516588" timestamp="2020-06-11T12:45:43Z" user="jcphal" uid="387627" lat="44.7390372" lon="2.7267530"/>
 <node id="4028756496" visible="true" version="2" changeset="86516588" timestamp="2020-06-11T12:45:43Z" user="jcphal" uid="387627" lat="44.7390507" lon="2.7273293"/>
 <node id="4028756498" visible="true" version="2" changeset="86516588" timestamp="2020-06-11T11:57:58Z" user="jcphal" uid="387627" lat="44.7390394" lon="2.7303325"/>
 <node id="4028756503" visible="true" version="2" changeset="86516588" timestamp="2020-06-11T12:45:43Z" user="jcphal" uid="387627" lat="44.7390442" lon="2.7278316"/>
 <node id="4028756505" visible="true" version="2" changeset="86516588" timestamp="2020-06-11T12:45:43Z" user="jcphal" uid="387627" lat="44.7390452" lon="2.7277036"/>
 <node id="4028756516" visible="true" version="2" changeset="86516588" timestamp="2020-06-11T12:45:43Z" user="jcphal" uid="387627" lat="44.7390545" lon="2.7269537"/>
 <node id="4028756517" visible="true" version="2" changeset="86516588" timestamp="2020-06-11T12:45:43Z" user="jcphal" uid="387627" lat="44.7390670" lon="2.7282335"/>
 <node id="4028756528" visible="true" version="2" changeset="86516588" timestamp="2020-06-11T12:45:43Z" user="jcphal" uid="387627" lat="44.7390827" lon="2.7275123"/>
 <node id="4028756529" visible="true" version="2" changeset="86516588" timestamp="2020-06-11T12:45:43Z" user="jcphal" uid="387627" lat="44.7390722" lon="2.7278586"/>
 <node id="4028756530" visible="true" version="2" changeset="86516588" timestamp="2020-06-11T11:57:58Z" user="jcphal" uid="387627" lat="44.7390696" lon="2.7301435"/>
 <node id="4028756531" visible="true" version="2" changeset="86516588" timestamp="2020-06-11T12:45:43Z" user="jcphal" uid="387627" lat="44.7390830" lon="2.7282225"/>
 <node id="4028756532" visible="true" version="2" changeset="86516588" timestamp="2020-06-11T12:45:43Z" user="jcphal" uid="387627" lat="44.7390890" lon="2.7282975"/>
 <node id="4028756539" visible="true" version="2" changeset="86516588" timestamp="2020-06-11T12:45:43Z" user="jcphal" uid="387627" lat="44.7390987" lon="2.7277303"/>
 <node id="4028756542" visible="true" version="2" changeset="86516588" timestamp="2020-06-11T12:45:43Z" user="jcphal" uid="387627" lat="44.7390912" lon="2.7265707"/>
 <node id="4028756548" visible="true" version="2" changeset="86516588" timestamp="2020-06-11T12:45:43Z" user="jcphal" uid="387627" lat="44.7390955" lon="2.7267317"/>
 <node id="4028756550" visible="true" version="2" changeset="86516588" timestamp="2020-06-11T11:57:58Z" user="jcphal" uid="387627" lat="44.7390966" lon="2.7301875"/>
 <node id="4028756553" visible="true" version="2" changeset="86516588" timestamp="2020-06-11T12:45:43Z" user="jcphal" uid="387627" lat="44.7391142" lon="2.7277716"/>
 <node id="4028756554" visible="true" version="2" changeset="86516588" timestamp="2020-06-11T12:45:43Z" user="jcphal" uid="387627" lat="44.7391257" lon="2.7274633"/>
 <node id="4028756555" visible="true" version="2" changeset="86516588" timestamp="2020-06-11T11:57:58Z" user="jcphal" uid="387627" lat="44.7391144" lon="2.7305505"/>
 <node id="4028756556" visible="true" version="2" changeset="86516588" timestamp="2020-06-11T12:45:43Z" user="jcphal" uid="387627" lat="44.7391307" lon="2.7276043"/>
 <node id="4028756558" visible="true" version="2" changeset="86516588" timestamp="2020-06-11T12:45:43Z" user="jcphal" uid="387627" lat="44.7391270" lon="2.7281925"/>
 <node id="4028756561" visible="true" version="2" changeset="86516588" timestamp="2020-06-11T11:57:58Z" user="jcphal" uid="387627" lat="44.7391206" lon="2.7300775"/>
 <node id="4028756566" visible="true" version="2" changeset="86516588" timestamp="2020-06-11T12:45:43Z" user="jcphal" uid="387627" lat="44.7391480" lon="2.7282525"/>
 <node id="4028756567" visible="true" version="2" changeset="86516588" timestamp="2020-06-11T12:45:43Z" user="jcphal" uid="387627" lat="44.7391557" lon="2.7276493"/>
 <node id="4028756571" visible="true" version="2" changeset="86516588" timestamp="2020-06-11T12:45:43Z" user="jcphal" uid="387627" lat="44.7391617" lon="2.7274263"/>
 <node id="4028756572" visible="true" version="2" changeset="86516588" timestamp="2020-06-11T12:45:43Z" user="jcphal" uid="387627" lat="44.7391617" lon="2.7276623"/>
 <node id="4028756573" visible="true" version="2" changeset="86516588" timestamp="2020-06-11T11:57:58Z" user="jcphal" uid="387627" lat="44.7391466" lon="2.7301185"/>
 <node id="4028756575" visible="true" version="2" changeset="86516588" timestamp="2020-06-11T12:45:43Z" user="jcphal" uid="387627" lat="44.7391524" lon="2.7265791"/>
 <node id="4028756576" visible="true" version="2" changeset="86516588" timestamp="2020-06-11T11:57:58Z" user="jcphal" uid="387627" lat="44.7391554" lon="2.7301775"/>
 <node id="4028756577" visible="true" version="2" changeset="86516588" timestamp="2020-06-11T12:45:43Z" user="jcphal" uid="387627" lat="44.7391592" lon="2.7261967"/>
 <node id="4028756580" visible="true" version="2" changeset="86516588" timestamp="2020-06-11T12:45:43Z" user="jcphal" uid="387627" lat="44.7391565" lon="2.7268237"/>
 <node id="4028756588" visible="true" version="2" changeset="86516588" timestamp="2020-06-11T12:45:43Z" user="jcphal" uid="387627" lat="44.7391922" lon="2.7269521"/>
 <node id="4028756589" visible="true" version="2" changeset="86516588" timestamp="2020-06-11T12:45:43Z" user="jcphal" uid="387627" lat="44.7392077" lon="2.7275133"/>
 <node id="4028756594" visible="true" version="2" changeset="86516588" timestamp="2020-06-11T12:45:43Z" user="jcphal" uid="387627" lat="44.7392327" lon="2.7275623"/>
 <node id="4028756603" visible="true" version="2" changeset="86516588" timestamp="2020-06-11T11:57:58Z" user="jcphal" uid="387627" lat="44.7392404" lon="2.7304655"/>
 <node id="4028756604" visible="true" version="2" changeset="86516588" timestamp="2020-06-11T12:45:43Z" user="jcphal" uid="387627" lat="44.7392444" lon="2.7267161"/>
 <node id="4028756609" visible="true" version="2" changeset="86516588" timestamp="2020-06-11T12:45:43Z" user="jcphal" uid="387627" lat="44.7392582" lon="2.7263557"/>
 <node id="4028756620" visible="true" version="2" changeset="86516588" timestamp="2020-06-11T12:45:43Z" user="jcphal" uid="387627" lat="44.7392894" lon="2.7264071"/>
 <node id="4028756643" visible="true" version="2" changeset="86516588" timestamp="2020-06-11T12:45:43Z" user="jcphal" uid="387627" lat="44.7393784" lon="2.7265491"/>
 <node id="4028756664" visible="true" version="2" changeset="86516588" timestamp="2020-06-11T12:45:43Z" user="jcphal" uid="387627" lat="44.7394472" lon="2.7266441"/>
 <node id="4028756671" visible="true" version="2" changeset="86516588" timestamp="2020-06-11T12:45:43Z" user="jcphal" uid="387627" lat="44.7394892" lon="2.7274371"/>
 <node id="4028756793" visible="true" version="2" changeset="86516588" timestamp="2020-06-11T12:45:43Z" user="jcphal" uid="387627" lat="44.7397442" lon="2.7271291"/>
 <node id="4028790423" visible="true" version="2" changeset="37507373" timestamp="2016-02-28T20:07:50Z" user="didier2020" uid="300459" lat="44.7364994" lon="2.7316263"/>
 <node id="4028790424" visible="true" version="2" changeset="37507373" timestamp="2016-02-28T20:07:50Z" user="didier2020" uid="300459" lat="44.7365184" lon="2.7316223"/>
 <node id="4028790425" visible="true" version="2" changeset="37507373" timestamp="2016-02-28T20:07:50Z" user="didier2020" uid="300459" lat="44.7365624" lon="2.7318033"/>
 <node id="4028790427" visible="true" version="2" changeset="37507373" timestamp="2016-02-28T20:07:50Z" user="didier2020" uid="300459" lat="44.7366324" lon="2.7319753"/>
 <node id="4028790428" visible="true" version="2" changeset="37507373" timestamp="2016-02-28T20:07:50Z" user="didier2020" uid="300459" lat="44.7366334" lon="2.7319783"/>
 <node id="4028790430" visible="true" version="2" changeset="37507373" timestamp="2016-02-28T20:07:50Z" user="didier2020" uid="300459" lat="44.7366994" lon="2.7319453"/>
 <node id="4028790434" visible="true" version="2" changeset="37507373" timestamp="2016-02-28T20:07:50Z" user="didier2020" uid="300459" lat="44.7368394" lon="2.7315553"/>
 <node id="4028790438" visible="true" version="3" changeset="60846825" timestamp="2018-07-18T19:32:05Z" user="jcphal" uid="387627" lat="44.7369271" lon="2.7318602"/>
 <node id="4028790440" visible="true" version="2" changeset="37507373" timestamp="2016-02-28T20:07:50Z" user="didier2020" uid="300459" lat="44.7371414" lon="2.7318123"/>
 <node id="4028790441" visible="true" version="2" changeset="37507373" timestamp="2016-02-28T20:07:50Z" user="didier2020" uid="300459" lat="44.7371604" lon="2.7314773"/>
 <node id="4028790442" visible="true" version="2" changeset="37507373" timestamp="2016-02-28T20:07:50Z" user="didier2020" uid="300459" lat="44.7371754" lon="2.7317443"/>
 <node id="4028790443" visible="true" version="2" changeset="37507373" timestamp="2016-02-28T20:07:50Z" user="didier2020" uid="300459" lat="44.7372094" lon="2.7317413"/>
 <node id="4028790444" visible="true" version="2" changeset="37507373" timestamp="2016-02-28T20:07:50Z" user="didier2020" uid="300459" lat="44.7372164" lon="2.7317853"/>
 <node id="4028864706" visible="true" version="1" changeset="37470981" timestamp="2016-02-26T20:43:03Z" user="Thierry_la_Fronde_12" uid="161646" lat="44.7388231" lon="2.7306442">
  <tag k="highway" v="turning_circle"/>
 </node>
 <node id="4028864707" visible="true" version="1" changeset="37470981" timestamp="2016-02-26T20:43:03Z" user="Thierry_la_Fronde_12" uid="161646" lat="44.7416592" lon="2.7290453"/>
 <node id="4031808032" visible="true" version="2" changeset="60846825" timestamp="2018-07-18T19:32:05Z" user="jcphal" uid="387627" lat="44.7367126" lon="2.7320297"/>
 <node id="4031808033" visible="true" version="1" changeset="37507478" timestamp="2016-02-28T20:13:34Z" user="didier2020" uid="300459" lat="44.7367207" lon="2.7323940"/>
 <node id="4031808034" visible="true" version="1" changeset="37507478" timestamp="2016-02-28T20:13:34Z" user="didier2020" uid="300459" lat="44.7367372" lon="2.7321269"/>
 <node id="4031808035" visible="true" version="1" changeset="37507478" timestamp="2016-02-28T20:13:34Z" user="didier2020" uid="300459" lat="44.7367592" lon="2.7349519"/>
 <node id="4031808036" visible="true" version="1" changeset="37507478" timestamp="2016-02-28T20:13:34Z" user="didier2020" uid="300459" lat="44.7367866" lon="2.7332221"/>
 <node id="4031808037" visible="true" version="2" changeset="86516588" timestamp="2020-06-11T11:57:58Z" user="jcphal" uid="387627" lat="44.7368005" lon="2.7352067"/>
 <node id="4031808038" visible="true" version="2" changeset="86516588" timestamp="2020-06-11T11:57:58Z" user="jcphal" uid="387627" lat="44.7369116" lon="2.7340865"/>
 <node id="4031808039" visible="true" version="2" changeset="86516588" timestamp="2020-06-11T11:57:58Z" user="jcphal" uid="387627" lat="44.7368692" lon="2.7352875"/>
 <node id="4031808041" visible="true" version="2" changeset="60846825" timestamp="2018-07-18T19:41:08Z" user="jcphal" uid="387627" lat="44.7371214" lon="2.7428218"/>
 <node id="4031808042" visible="true" version="2" changeset="86516588" timestamp="2020-06-11T11:57:58Z" user="jcphal" uid="387627" lat="44.7370417" lon="2.7353690"/>
 <node id="4031808043" visible="true" version="2" changeset="60846825" timestamp="2018-07-18T19:41:08Z" user="jcphal" uid="387627" lat="44.7371482" lon="2.7429906"/>
 <node id="4031808044" visible="true" version="2" changeset="60846825" timestamp="2018-07-18T19:41:08Z" user="jcphal" uid="387627" lat="44.7371388" lon="2.7426851"/>
 <node id="4031808045" visible="true" version="1" changeset="37507478" timestamp="2016-02-28T20:13:34Z" user="didier2020" uid="300459" lat="44.7373057" lon="2.7358438"/>
 <node id="4031808046" visible="true" version="2" changeset="60846825" timestamp="2018-07-18T19:41:08Z" user="jcphal" uid="387627" lat="44.7373662" lon="2.7422017"/>
 <node id="4031808047" visible="true" version="2" changeset="60846825" timestamp="2018-07-18T19:41:08Z" user="jcphal" uid="387627" lat="44.7373775" lon="2.7440964"/>
 <node id="4031808048" visible="true" version="2" changeset="86516588" timestamp="2020-06-11T11:57:58Z" user="jcphal" uid="387627" lat="44.7377073" lon="2.7361180"/>
 <node id="4031808049" visible="true" version="2" changeset="60846825" timestamp="2018-07-18T19:41:08Z" user="jcphal" uid="387627" lat="44.7376972" lon="2.7416489"/>
 <node id="4031808050" visible="true" version="2" changeset="86516588" timestamp="2020-06-11T11:57:58Z" user="jcphal" uid="387627" lat="44.7378271" lon="2.7362307"/>
 <node id="4031808051" visible="true" version="2" changeset="86516588" timestamp="2020-06-11T11:57:58Z" user="jcphal" uid="387627" lat="44.7380078" lon="2.7365486"/>
 <node id="4031808052" visible="true" version="2" changeset="60846825" timestamp="2018-07-18T19:41:08Z" user="jcphal" uid="387627" lat="44.7381362" lon="2.7407514"/>
 <node id="4031808053" visible="true" version="2" changeset="86516588" timestamp="2020-06-11T11:57:58Z" user="jcphal" uid="387627" lat="44.7381974" lon="2.7374434"/>
 <node id="4031808054" visible="true" version="2" changeset="60846825" timestamp="2018-07-18T19:41:08Z" user="jcphal" uid="387627" lat="44.7385006" lon="2.7402979"/>
 <node id="4031808055" visible="true" version="2" changeset="60846825" timestamp="2018-07-18T19:41:08Z" user="jcphal" uid="387627" lat="44.7387185" lon="2.7468765"/>
 <node id="4031808056" visible="true" version="2" changeset="86516588" timestamp="2020-06-11T11:57:58Z" user="jcphal" uid="387627" lat="44.7388593" lon="2.7401646"/>
 <node id="4031808057" visible="true" version="2" changeset="86516588" timestamp="2020-06-11T11:57:58Z" user="jcphal" uid="387627" lat="44.7388777" lon="2.7382070"/>
 <node id="4031808058" visible="true" version="1" changeset="37507478" timestamp="2016-02-28T20:13:34Z" user="didier2020" uid="300459" lat="44.7389759" lon="2.7475077"/>
 <node id="4031808059" visible="true" version="2" changeset="86516588" timestamp="2020-06-11T11:57:58Z" user="jcphal" uid="387627" lat="44.7391374" lon="2.7387135"/>
 <node id="4031808060" visible="true" version="2" changeset="86516588" timestamp="2020-06-11T11:57:58Z" user="jcphal" uid="387627" lat="44.7392660" lon="2.7389888"/>
 <node id="4031808061" visible="true" version="1" changeset="37507478" timestamp="2016-02-28T20:13:34Z" user="didier2020" uid="300459" lat="44.7393607" lon="2.7484764"/>
 <node id="4031808062" visible="true" version="1" changeset="37507478" timestamp="2016-02-28T20:13:34Z" user="didier2020" uid="300459" lat="44.7393700" lon="2.7401973"/>
 <node id="4031808063" visible="true" version="2" changeset="60846825" timestamp="2018-07-18T19:41:08Z" user="jcphal" uid="387627" lat="44.7394453" lon="2.7505275"/>
 <node id="4031808064" visible="true" version="2" changeset="60846825" timestamp="2018-07-18T19:41:08Z" user="jcphal" uid="387627" lat="44.7394586" lon="2.7488518"/>
 <node id="4031808065" visible="true" version="1" changeset="37507478" timestamp="2016-02-28T20:13:34Z" user="didier2020" uid="300459" lat="44.7396587" lon="2.7400154"/>
 <node id="4031808066" visible="true" version="2" changeset="60846825" timestamp="2018-07-18T19:41:08Z" user="jcphal" uid="387627" lat="44.7396772" lon="2.7518981"/>
 <node id="4031808069" visible="true" version="1" changeset="37507478" timestamp="2016-02-28T20:13:34Z" user="didier2020" uid="300459" lat="44.7398389" lon="2.7523893"/>
 <node id="4031808072" visible="true" version="2" changeset="86516588" timestamp="2020-06-11T11:57:58Z" user="jcphal" uid="387627" lat="44.7400838" lon="2.7398414"/>
 <node id="4031808074" visible="true" version="2" changeset="86516588" timestamp="2020-06-11T11:57:58Z" user="jcphal" uid="387627" lat="44.7402398" lon="2.7393870"/>
 <node id="4031808076" visible="true" version="2" changeset="86516588" timestamp="2020-06-11T11:57:58Z" user="jcphal" uid="387627" lat="44.7402660" lon="2.7395208"/>
 <node id="4031808077" visible="true" version="2" changeset="86516588" timestamp="2020-06-11T11:57:58Z" user="jcphal" uid="387627" lat="44.7402590" lon="2.7396640"/>
 <node id="4031808081" visible="true" version="1" changeset="37507478" timestamp="2016-02-28T20:13:35Z" user="didier2020" uid="300459" lat="44.7405191" lon="2.7535058"/>
 <node id="4031808083" visible="true" version="1" changeset="37507478" timestamp="2016-02-28T20:13:35Z" user="didier2020" uid="300459" lat="44.7407485" lon="2.7539162"/>
 <node id="4031808088" visible="true" version="2" changeset="60846825" timestamp="2018-07-18T19:41:08Z" user="jcphal" uid="387627" lat="44.7410549" lon="2.7550484"/>
 <node id="4031809196" visible="true" version="3" changeset="110240732" timestamp="2021-08-25T15:50:45Z" user="Yod4z" uid="318821" lat="44.7418404" lon="2.7579819"/>
 <node id="4032455383" visible="true" version="1" changeset="37516119" timestamp="2016-02-29T08:25:37Z" user="Yod4z" uid="318821" lat="44.7392660" lon="2.7287323"/>
 <node id="4032455384" visible="true" version="1" changeset="37516119" timestamp="2016-02-29T08:25:37Z" user="Yod4z" uid="318821" lat="44.7392175" lon="2.7286866"/>
 <node id="4032455385" visible="true" version="2" changeset="86516588" timestamp="2020-06-11T12:45:43Z" user="jcphal" uid="387627" lat="44.7390848" lon="2.7284178"/>
 <node id="4032455386" visible="true" version="1" changeset="37516119" timestamp="2016-02-29T08:25:37Z" user="Yod4z" uid="318821" lat="44.7389309" lon="2.7278761"/>
 <node id="4032455387" visible="true" version="1" changeset="37516119" timestamp="2016-02-29T08:25:37Z" user="Yod4z" uid="318821" lat="44.7392056" lon="2.7283493"/>
 <node id="4032455388" visible="true" version="1" changeset="37516119" timestamp="2016-02-29T08:25:37Z" user="Yod4z" uid="318821" lat="44.7392405" lon="2.7278216"/>
 <node id="4032457289" visible="true" version="1" changeset="37516119" timestamp="2016-02-29T08:25:37Z" user="Yod4z" uid="318821" lat="44.7392786" lon="2.7276441"/>
 <node id="4032457290" visible="true" version="1" changeset="37516119" timestamp="2016-02-29T08:25:37Z" user="Yod4z" uid="318821" lat="44.7392388" lon="2.7272542"/>
 <node id="4032457291" visible="true" version="1" changeset="37516119" timestamp="2016-02-29T08:25:37Z" user="Yod4z" uid="318821" lat="44.7358076" lon="2.7333349"/>
 <node id="4032457292" visible="true" version="1" changeset="37516119" timestamp="2016-02-29T08:25:37Z" user="Yod4z" uid="318821" lat="44.7356391" lon="2.7334828"/>
 <node id="4032457293" visible="true" version="1" changeset="37516119" timestamp="2016-02-29T08:25:37Z" user="Yod4z" uid="318821" lat="44.7354049" lon="2.7336060"/>
 <node id="4032457314" visible="true" version="2" changeset="60846825" timestamp="2018-07-18T19:32:05Z" user="jcphal" uid="387627" lat="44.7324355" lon="2.7382378"/>
 <node id="4032457344" visible="true" version="1" changeset="37516119" timestamp="2016-02-29T08:25:38Z" user="Yod4z" uid="318821" lat="44.7331419" lon="2.7462739"/>
 <node id="4032457345" visible="true" version="1" changeset="37516119" timestamp="2016-02-29T08:25:38Z" user="Yod4z" uid="318821" lat="44.7337460" lon="2.7469825"/>
 <node id="4273549811" visible="true" version="2" changeset="110296249" timestamp="2021-08-26T15:57:37Z" user="Yod4z" uid="318821" lat="44.7444409" lon="2.7444590"/>
 <node id="4273549813" visible="true" version="2" changeset="110296249" timestamp="2021-08-26T15:57:37Z" user="Yod4z" uid="318821" lat="44.7449442" lon="2.7442448"/>
 <node id="4273549816" visible="true" version="1" changeset="40392362" timestamp="2016-06-30T13:39:11Z" user="Olyon" uid="1443767" lat="44.7459138" lon="2.7443098"/>
 <node id="4273549818" visible="true" version="1" changeset="40392362" timestamp="2016-06-30T13:39:11Z" user="Olyon" uid="1443767" lat="44.7466357" lon="2.7439116"/>
 <node id="4273549819" visible="true" version="1" changeset="40392362" timestamp="2016-06-30T13:39:11Z" user="Olyon" uid="1443767" lat="44.7466952" lon="2.7444879"/>
 <node id="4273549821" visible="true" version="2" changeset="110296249" timestamp="2021-08-26T15:57:37Z" user="Yod4z" uid="318821" lat="44.7471544" lon="2.7454780"/>
 <node id="4273549825" visible="true" version="2" changeset="110296249" timestamp="2021-08-26T15:57:37Z" user="Yod4z" uid="318821" lat="44.7479625" lon="2.7449991"/>
 <node id="4273549829" visible="true" version="1" changeset="40392362" timestamp="2016-06-30T13:39:11Z" user="Olyon" uid="1443767" lat="44.7481502" lon="2.7420254"/>
 <node id="4273549831" visible="true" version="1" changeset="40392362" timestamp="2016-06-30T13:39:11Z" user="Olyon" uid="1443767" lat="44.7483474" lon="2.7425336"/>
 <node id="4273549832" visible="true" version="1" changeset="40392362" timestamp="2016-06-30T13:39:11Z" user="Olyon" uid="1443767" lat="44.7484404" lon="2.7431833"/>
 <node id="4273549833" visible="true" version="2" changeset="110296249" timestamp="2021-08-26T15:57:37Z" user="Yod4z" uid="318821" lat="44.7484387" lon="2.7453376"/>
 <node id="4273549835" visible="true" version="1" changeset="40392362" timestamp="2016-06-30T13:39:11Z" user="Olyon" uid="1443767" lat="44.7495567" lon="2.7447971"/>
 <node id="4273549836" visible="true" version="1" changeset="40392362" timestamp="2016-06-30T13:39:11Z" user="Olyon" uid="1443767" lat="44.7496014" lon="2.7442312"/>
 <node id="5768942729" visible="true" version="1" changeset="60846825" timestamp="2018-07-18T19:31:58Z" user="jcphal" uid="387627" lat="44.7324156" lon="2.7398483"/>
 <node id="5768942736" visible="true" version="1" changeset="60846825" timestamp="2018-07-18T19:31:58Z" user="jcphal" uid="387627" lat="44.7322327" lon="2.7400441"/>
 <node id="5768942737" visible="true" version="1" changeset="60846825" timestamp="2018-07-18T19:31:58Z" user="jcphal" uid="387627" lat="44.7324709" lon="2.7397504"/>
 <node id="5768942738" visible="true" version="1" changeset="60846825" timestamp="2018-07-18T19:31:58Z" user="jcphal" uid="387627" lat="44.7326061" lon="2.7392381"/>
 <node id="5768942741" visible="true" version="1" changeset="60846825" timestamp="2018-07-18T19:31:58Z" user="jcphal" uid="387627" lat="44.7322813" lon="2.7376704"/>
 <node id="5768942742" visible="true" version="1" changeset="60846825" timestamp="2018-07-18T19:31:58Z" user="jcphal" uid="387627" lat="44.7321574" lon="2.7366739"/>
 <node id="5768942743" visible="true" version="1" changeset="60846825" timestamp="2018-07-18T19:31:58Z" user="jcphal" uid="387627" lat="44.7324890" lon="2.7357392"/>
 <node id="5768942745" visible="true" version="1" changeset="60846825" timestamp="2018-07-18T19:31:58Z" user="jcphal" uid="387627" lat="44.7370247" lon="2.7318755"/>
 <node id="5768942746" visible="true" version="1" changeset="60846825" timestamp="2018-07-18T19:31:58Z" user="jcphal" uid="387627" lat="44.7367417" lon="2.7327928"/>
 <node id="5768942747" visible="true" version="1" changeset="60846825" timestamp="2018-07-18T19:31:58Z" user="jcphal" uid="387627" lat="44.7360644" lon="2.7331401"/>
 <node id="5768942748" visible="true" version="1" changeset="60846825" timestamp="2018-07-18T19:31:58Z" user="jcphal" uid="387627" lat="44.7358501" lon="2.7331160"/>
 <node id="5768942749" visible="true" version="2" changeset="109931497" timestamp="2021-08-19T12:16:58Z" user="Yod4z" uid="318821" lat="44.7354318" lon="2.7328742"/>
 <node id="5768942750" visible="true" version="1" changeset="60846825" timestamp="2018-07-18T19:31:58Z" user="jcphal" uid="387627" lat="44.7342610" lon="2.7323797"/>
 <node id="5768942751" visible="true" version="1" changeset="60846825" timestamp="2018-07-18T19:31:58Z" user="jcphal" uid="387627" lat="44.7339857" lon="2.7325796"/>
 <node id="5768942752" visible="true" version="1" changeset="60846825" timestamp="2018-07-18T19:31:58Z" user="jcphal" uid="387627" lat="44.7335951" lon="2.7333131"/>
 <node id="5768943453" visible="true" version="1" changeset="60846825" timestamp="2018-07-18T19:31:58Z" user="jcphal" uid="387627" lat="44.7333665" lon="2.7338500"/>
 <node id="5768943478" visible="true" version="1" changeset="60846825" timestamp="2018-07-18T19:31:58Z" user="jcphal" uid="387627" lat="44.7330996" lon="2.7302192"/>
 <node id="5768943479" visible="true" version="1" changeset="60846825" timestamp="2018-07-18T19:31:58Z" user="jcphal" uid="387627" lat="44.7330920" lon="2.7302755"/>
 <node id="5768943480" visible="true" version="1" changeset="60846825" timestamp="2018-07-18T19:31:58Z" user="jcphal" uid="387627" lat="44.7330673" lon="2.7303077"/>
 <node id="5768943481" visible="true" version="1" changeset="60846825" timestamp="2018-07-18T19:31:58Z" user="jcphal" uid="387627" lat="44.7330368" lon="2.7303077"/>
 <node id="5768943482" visible="true" version="1" changeset="60846825" timestamp="2018-07-18T19:31:59Z" user="jcphal" uid="387627" lat="44.7330244" lon="2.7302863"/>
 <node id="5768943483" visible="true" version="1" changeset="60846825" timestamp="2018-07-18T19:31:59Z" user="jcphal" uid="387627" lat="44.7330291" lon="2.7301776"/>
 <node id="5768943487" visible="true" version="1" changeset="60846825" timestamp="2018-07-18T19:31:59Z" user="jcphal" uid="387627" lat="44.7330330" lon="2.7300395"/>
 <node id="5768943488" visible="true" version="1" changeset="60846825" timestamp="2018-07-18T19:31:59Z" user="jcphal" uid="387627" lat="44.7330215" lon="2.7298611"/>
 <node id="5768943489" visible="true" version="1" changeset="60846825" timestamp="2018-07-18T19:31:59Z" user="jcphal" uid="387627" lat="44.7329929" lon="2.7296492"/>
 <node id="5768943490" visible="true" version="1" changeset="60846825" timestamp="2018-07-18T19:31:59Z" user="jcphal" uid="387627" lat="44.7329472" lon="2.7294548"/>
 <node id="5768943491" visible="true" version="1" changeset="60846825" timestamp="2018-07-18T19:31:59Z" user="jcphal" uid="387627" lat="44.7329386" lon="2.7292442"/>
 <node id="5768943492" visible="true" version="1" changeset="60846825" timestamp="2018-07-18T19:31:59Z" user="jcphal" uid="387627" lat="44.7329534" lon="2.7290335"/>
 <node id="5768943493" visible="true" version="1" changeset="60846825" timestamp="2018-07-18T19:31:59Z" user="jcphal" uid="387627" lat="44.7332807" lon="2.7286823"/>
 <node id="5768943494" visible="true" version="1" changeset="60846825" timestamp="2018-07-18T19:31:59Z" user="jcphal" uid="387627" lat="44.7331701" lon="2.7287467"/>
 <node id="5768943495" visible="true" version="1" changeset="60846825" timestamp="2018-07-18T19:31:59Z" user="jcphal" uid="387627" lat="44.7330939" lon="2.7288124"/>
 <node id="5768943496" visible="true" version="1" changeset="60846825" timestamp="2018-07-18T19:31:59Z" user="jcphal" uid="387627" lat="44.7329882" lon="2.7289559"/>
 <node id="5768955989" visible="true" version="1" changeset="60846825" timestamp="2018-07-18T19:41:05Z" user="jcphal" uid="387627" lat="44.7409104" lon="2.7544127"/>
 <node id="5768955990" visible="true" version="1" changeset="60846825" timestamp="2018-07-18T19:41:05Z" user="jcphal" uid="387627" lat="44.7399797" lon="2.7526626"/>
 <node id="5768955991" visible="true" version="1" changeset="60846825" timestamp="2018-07-18T19:41:05Z" user="jcphal" uid="387627" lat="44.7397606" lon="2.7522039"/>
 <node id="5768955992" visible="true" version="1" changeset="60846825" timestamp="2018-07-18T19:41:05Z" user="jcphal" uid="387627" lat="44.7394844" lon="2.7509017"/>
 <node id="5768955993" visible="true" version="1" changeset="60846825" timestamp="2018-07-18T19:41:05Z" user="jcphal" uid="387627" lat="44.7394767" lon="2.7496693"/>
 <node id="5768955994" visible="true" version="1" changeset="60846825" timestamp="2018-07-18T19:41:05Z" user="jcphal" uid="387627" lat="44.7394834" lon="2.7491248"/>
 <node id="5768955995" visible="true" version="1" changeset="60846825" timestamp="2018-07-18T19:41:05Z" user="jcphal" uid="387627" lat="44.7386442" lon="2.7468020"/>
 <node id="5768955996" visible="true" version="1" changeset="60846825" timestamp="2018-07-18T19:41:05Z" user="jcphal" uid="387627" lat="44.7385479" lon="2.7467805"/>
 <node id="5768955997" visible="true" version="1" changeset="60846825" timestamp="2018-07-18T19:41:05Z" user="jcphal" uid="387627" lat="44.7382898" lon="2.7470420"/>
 <node id="5768955998" visible="true" version="1" changeset="60846825" timestamp="2018-07-18T19:41:05Z" user="jcphal" uid="387627" lat="44.7384574" lon="2.7468221"/>
 <node id="5768955999" visible="true" version="1" changeset="60846825" timestamp="2018-07-18T19:41:05Z" user="jcphal" uid="387627" lat="44.7381345" lon="2.7471560"/>
 <node id="5768956000" visible="true" version="1" changeset="60846825" timestamp="2018-07-18T19:41:05Z" user="jcphal" uid="387627" lat="44.7379916" lon="2.7471413"/>
 <node id="5768956001" visible="true" version="1" changeset="60846825" timestamp="2018-07-18T19:41:05Z" user="jcphal" uid="387627" lat="44.7378163" lon="2.7470675"/>
 <node id="5768956002" visible="true" version="1" changeset="60846825" timestamp="2018-07-18T19:41:05Z" user="jcphal" uid="387627" lat="44.7373190" lon="2.7466102"/>
 <node id="5768956003" visible="true" version="1" changeset="60846825" timestamp="2018-07-18T19:41:05Z" user="jcphal" uid="387627" lat="44.7371876" lon="2.7464399"/>
 <node id="5768956004" visible="true" version="1" changeset="60846825" timestamp="2018-07-18T19:41:05Z" user="jcphal" uid="387627" lat="44.7371295" lon="2.7462548"/>
 <node id="5768956005" visible="true" version="1" changeset="60846825" timestamp="2018-07-18T19:41:05Z" user="jcphal" uid="387627" lat="44.7371028" lon="2.7458793"/>
 <node id="5768956006" visible="true" version="1" changeset="60846825" timestamp="2018-07-18T19:41:05Z" user="jcphal" uid="387627" lat="44.7370914" lon="2.7456285"/>
 <node id="5768956007" visible="true" version="1" changeset="60846825" timestamp="2018-07-18T19:41:05Z" user="jcphal" uid="387627" lat="44.7371723" lon="2.7451524"/>
 <node id="5768956008" visible="true" version="1" changeset="60846825" timestamp="2018-07-18T19:41:05Z" user="jcphal" uid="387627" lat="44.7375220" lon="2.7467765"/>
 <node id="5768956009" visible="true" version="1" changeset="60846825" timestamp="2018-07-18T19:41:05Z" user="jcphal" uid="387627" lat="44.7374019" lon="2.7436289"/>
 <node id="5768956010" visible="true" version="1" changeset="60846825" timestamp="2018-07-18T19:41:05Z" user="jcphal" uid="387627" lat="44.7373457" lon="2.7434371"/>
 <node id="5768956011" visible="true" version="1" changeset="60846825" timestamp="2018-07-18T19:41:05Z" user="jcphal" uid="387627" lat="44.7372676" lon="2.7432802"/>
 <node id="5768956012" visible="true" version="1" changeset="60846825" timestamp="2018-07-18T19:41:05Z" user="jcphal" uid="387627" lat="44.7374134" lon="2.7438194"/>
 <node id="5768956013" visible="true" version="1" changeset="60846825" timestamp="2018-07-18T19:41:05Z" user="jcphal" uid="387627" lat="44.7375477" lon="2.7419284"/>
 <node id="5768956014" visible="true" version="1" changeset="60846825" timestamp="2018-07-18T19:41:05Z" user="jcphal" uid="387627" lat="44.7383993" lon="2.7403647"/>
 <node id="5768956015" visible="true" version="1" changeset="60846825" timestamp="2018-07-18T19:41:05Z" user="jcphal" uid="387627" lat="44.7382965" lon="2.7404720"/>
 <node id="5768956016" visible="true" version="1" changeset="60846825" timestamp="2018-07-18T19:41:05Z" user="jcphal" uid="387627" lat="44.7372247" lon="2.7424675"/>
 <node id="6381827107" visible="true" version="1" changeset="68855611" timestamp="2019-04-03T19:41:36Z" user="el-skrat" uid="1182644" lat="44.7685787" lon="2.7357650"/>
 <node id="6387317490" visible="true" version="1" changeset="68946657" timestamp="2019-04-06T08:44:04Z" user="el-skrat" uid="1182644" lat="44.7361923" lon="2.7290210"/>
 <node id="6387317491" visible="true" version="1" changeset="68946657" timestamp="2019-04-06T08:44:04Z" user="el-skrat" uid="1182644" lat="44.7361208" lon="2.7290478"/>
 <node id="6387317492" visible="true" version="1" changeset="68946657" timestamp="2019-04-06T08:44:04Z" user="el-skrat" uid="1182644" lat="44.7360854" lon="2.7288607"/>
 <node id="6387317493" visible="true" version="1" changeset="68946657" timestamp="2019-04-06T08:44:04Z" user="el-skrat" uid="1182644" lat="44.7361568" lon="2.7288339"/>
 <node id="6387317515" visible="true" version="1" changeset="68946657" timestamp="2019-04-06T08:44:04Z" user="el-skrat" uid="1182644" lat="44.7260163" lon="2.7226277"/>
 <node id="7284335063" visible="true" version="1" changeset="82045924" timestamp="2020-03-11T08:33:20Z" user="Mouton tenebreu" uid="4827442" lat="44.7594329" lon="2.7287848"/>
 <node id="7612173763" visible="true" version="1" changeset="86516588" timestamp="2020-06-11T11:57:58Z" user="jcphal" uid="387627" lat="44.7399578" lon="2.7392207"/>
 <node id="7612173764" visible="true" version="1" changeset="86516588" timestamp="2020-06-11T11:57:58Z" user="jcphal" uid="387627" lat="44.7401781" lon="2.7393141"/>
 <node id="7612173772" visible="true" version="1" changeset="86516588" timestamp="2020-06-11T11:57:58Z" user="jcphal" uid="387627" lat="44.7401826" lon="2.7397826"/>
 <node id="7612173773" visible="true" version="1" changeset="86516588" timestamp="2020-06-11T11:57:58Z" user="jcphal" uid="387627" lat="44.7386499" lon="2.7402078"/>
 <node id="7612173774" visible="true" version="1" changeset="86516588" timestamp="2020-06-11T11:57:58Z" user="jcphal" uid="387627" lat="44.7390338" lon="2.7401876"/>
 <node id="7612173775" visible="true" version="1" changeset="86516588" timestamp="2020-06-11T11:57:58Z" user="jcphal" uid="387627" lat="44.7392376" lon="2.7402359"/>
 <node id="7612173776" visible="true" version="1" changeset="86516588" timestamp="2020-06-11T11:57:58Z" user="jcphal" uid="387627" lat="44.7393967" lon="2.7390973"/>
 <node id="7612173777" visible="true" version="1" changeset="86516588" timestamp="2020-06-11T11:57:58Z" user="jcphal" uid="387627" lat="44.7397016" lon="2.7391684"/>
 <node id="7612173778" visible="true" version="1" changeset="86516588" timestamp="2020-06-11T11:57:58Z" user="jcphal" uid="387627" lat="44.7390081" lon="2.7384067"/>
 <node id="7612173779" visible="true" version="1" changeset="86516588" timestamp="2020-06-11T11:57:58Z" user="jcphal" uid="387627" lat="44.7385079" lon="2.7378716"/>
 <node id="7612173780" visible="true" version="1" changeset="86516588" timestamp="2020-06-11T11:57:58Z" user="jcphal" uid="387627" lat="44.7382736" lon="2.7375953"/>
 <node id="7612173781" visible="true" version="1" changeset="86516588" timestamp="2020-06-11T11:57:58Z" user="jcphal" uid="387627" lat="44.7381393" lon="2.7370374"/>
 <node id="7612173782" visible="true" version="1" changeset="86516588" timestamp="2020-06-11T11:57:58Z" user="jcphal" uid="387627" lat="44.7379221" lon="2.7363789"/>
 <node id="7612173783" visible="true" version="1" changeset="86516588" timestamp="2020-06-11T11:57:58Z" user="jcphal" uid="387627" lat="44.7373848" lon="2.7359471"/>
 <node id="7612173784" visible="true" version="1" changeset="86516588" timestamp="2020-06-11T11:57:58Z" user="jcphal" uid="387627" lat="44.7372104" lon="2.7355890"/>
 <node id="7612211185" visible="true" version="1" changeset="86516588" timestamp="2020-06-11T11:57:58Z" user="jcphal" uid="387627" lat="44.7371447" lon="2.7354656"/>
 <node id="7612211186" visible="true" version="1" changeset="86516588" timestamp="2020-06-11T11:57:58Z" user="jcphal" uid="387627" lat="44.7367551" lon="2.7350874"/>
 <node id="7612211187" visible="true" version="1" changeset="86516588" timestamp="2020-06-11T11:57:58Z" user="jcphal" uid="387627" lat="44.7368570" lon="2.7347884">
  <tag k="man_made" v="reservoir_covered"/>
 </node>
 <node id="7612211188" visible="true" version="1" changeset="86516588" timestamp="2020-06-11T11:57:58Z" user="jcphal" uid="387627" lat="44.7369085" lon="2.7343284"/>
 <node id="7612211189" visible="true" version="1" changeset="86516588" timestamp="2020-06-11T11:57:58Z" user="jcphal" uid="387627" lat="44.7368894" lon="2.7337530"/>
 <node id="7612211190" visible="true" version="1" changeset="86516588" timestamp="2020-06-11T11:57:58Z" user="jcphal" uid="387627" lat="44.7367846" lon="2.7320726">
  <tag k="historic" v="wayside_cross"/>
 </node>
 <node id="7612211191" visible="true" version="1" changeset="86516588" timestamp="2020-06-11T11:57:58Z" user="jcphal" uid="387627" lat="44.7383689" lon="2.7309850">
  <tag k="man_made" v="cross"/>
 </node>
 <node id="7612211192" visible="true" version="1" changeset="86516588" timestamp="2020-06-11T11:57:58Z" user="jcphal" uid="387627" lat="44.7386251" lon="2.7317615"/>
 <node id="7612211193" visible="true" version="1" changeset="86516588" timestamp="2020-06-11T11:57:58Z" user="jcphal" uid="387627" lat="44.7385279" lon="2.7314892"/>
 <node id="7612211194" visible="true" version="1" changeset="86516588" timestamp="2020-06-11T11:57:58Z" user="jcphal" uid="387627" lat="44.7384422" lon="2.7312385"/>
 <node id="7612211195" visible="true" version="1" changeset="86516588" timestamp="2020-06-11T11:57:58Z" user="jcphal" uid="387627" lat="44.7383679" lon="2.7310306"/>
 <node id="7612211196" visible="true" version="1" changeset="86516588" timestamp="2020-06-11T11:57:58Z" user="jcphal" uid="387627" lat="44.7383080" lon="2.7309393"/>
 <node id="7612211197" visible="true" version="2" changeset="167155197" timestamp="2025-06-03T23:09:38Z" user="Ptigrouick" uid="195175" lat="44.7381859" lon="2.7302501">
  <tag k="emergency" v="fire_hydrant"/>
  <tag k="fire_hydrant:type" v="pillar"/>
  <tag k="ref:FR:SIS" v="12250014"/>
 </node>
 <node id="7612211198" visible="true" version="1" changeset="86516588" timestamp="2020-06-11T11:57:58Z" user="jcphal" uid="387627" lat="44.7380602" lon="2.7303024">
  <tag k="amenity" v="fountain"/>
 </node>
 <node id="7612211199" visible="true" version="2" changeset="167155197" timestamp="2025-06-03T23:09:38Z" user="Ptigrouick" uid="195175" lat="44.7374562" lon="2.7293877">
  <tag k="emergency" v="fire_hydrant"/>
  <tag k="fire_hydrant:diameter" v="100"/>
  <tag k="fire_hydrant:type" v="pillar"/>
  <tag k="ref:FR:SIS" v="12250001"/>
 </node>
 <node id="7612211200" visible="true" version="1" changeset="86516588" timestamp="2020-06-11T11:57:58Z" user="jcphal" uid="387627" lat="44.7373676" lon="2.7293448">
  <tag k="amenity" v="bench"/>
 </node>
 <node id="7612211201" visible="true" version="1" changeset="86516588" timestamp="2020-06-11T11:57:58Z" user="jcphal" uid="387627" lat="44.7373934" lon="2.7293502">
  <tag k="man_made" v="cross"/>
 </node>
 <node id="7612211202" visible="true" version="1" changeset="86516588" timestamp="2020-06-11T11:57:58Z" user="jcphal" uid="387627" lat="44.7368865" lon="2.7286823"/>
 <node id="7612211203" visible="true" version="1" changeset="86516588" timestamp="2020-06-11T11:57:58Z" user="jcphal" uid="387627" lat="44.7369656" lon="2.7288392"/>
 <node id="7612211204" visible="true" version="1" changeset="86516588" timestamp="2020-06-11T11:57:58Z" user="jcphal" uid="387627" lat="44.7370371" lon="2.7288821"/>
 <node id="7612211205" visible="true" version="3" changeset="188686698" timestamp="2026-09-07T18:39:50Z" user="Lisapple" uid="16291142" lat="44.7368770" lon="2.7288580">
  <tag k="amenity" v="post_box"/>
  <tag k="collection_times" v="Mo-Fr 09:30;Sa 09:00"/>
  <tag k="operator" v="La Poste"/>
  <tag k="operator:wikidata" v="Q373724"/>
  <tag k="ref" v="A0B7B2"/>
  <tag k="source" v="data.gouv.fr:LaPoste - 2026-09"/>
 </node>
 <node id="7612211206" visible="true" version="2" changeset="167155197" timestamp="2025-06-03T23:09:38Z" user="Ptigrouick" uid="195175" lat="44.7369332" lon="2.7289452">
  <tag k="emergency" v="fire_hydrant"/>
  <tag k="fire_hydrant:diameter" v="65"/>
  <tag k="fire_hydrant:type" v="pillar"/>
  <tag k="ref:FR:SIS" v="12250002"/>
 </node>
 <node id="7612211207" visible="true" version="1" changeset="86516588" timestamp="2020-06-11T11:57:58Z" user="jcphal" uid="387627" lat="44.7369170" lon="2.7289250">
  <tag k="amenity" v="waste_basket"/>
 </node>
 <node id="7612211208" visible="true" version="1" changeset="86516588" timestamp="2020-06-11T11:57:58Z" user="jcphal" uid="387627" lat="44.7369170" lon="2.7288996">
  <tag k="amenity" v="toilets"/>
 </node>
 <node id="7612211209" visible="true" version="1" changeset="86516588" timestamp="2020-06-11T11:57:58Z" user="jcphal" uid="387627" lat="44.7371352" lon="2.7290055"/>
 <node id="7612211210" visible="true" version="1" changeset="86516588" timestamp="2020-06-11T11:57:58Z" user="jcphal" uid="387627" lat="44.7370876" lon="2.7288781"/>
 <node id="7612211211" visible="true" version="1" changeset="86516588" timestamp="2020-06-11T11:57:58Z" user="jcphal" uid="387627" lat="44.7370961" lon="2.7290913"/>
 <node id="7612211212" visible="true" version="1" changeset="86516588" timestamp="2020-06-11T11:57:58Z" user="jcphal" uid="387627" lat="44.7370485" lon="2.7290149">
  <tag k="amenity" v="fountain"/>
  <tag k="drinking_water" v="no"/>
 </node>
 <node id="7612211213" visible="true" version="1" changeset="86516588" timestamp="2020-06-11T11:57:58Z" user="jcphal" uid="387627" lat="44.7370590" lon="2.7289706">
  <tag k="amenity" v="bench"/>
 </node>
 <node id="7612211214" visible="true" version="1" changeset="86516588" timestamp="2020-06-11T11:57:58Z" user="jcphal" uid="387627" lat="44.7370514" lon="2.7288030">
  <tag k="man_made" v="cross"/>
 </node>
 <node id="7612211215" visible="true" version="1" changeset="86516588" timestamp="2020-06-11T11:57:58Z" user="jcphal" uid="387627" lat="44.7382745" lon="2.7303332"/>
 <node id="7612211216" visible="true" version="1" changeset="86516588" timestamp="2020-06-11T11:57:58Z" user="jcphal" uid="387627" lat="44.7382812" lon="2.7310641"/>
 <node id="7612211217" visible="true" version="1" changeset="86516588" timestamp="2020-06-11T11:57:58Z" user="jcphal" uid="387627" lat="44.7377173" lon="2.7317145"/>
 <node id="7612211218" visible="true" version="1" changeset="86516588" timestamp="2020-06-11T11:57:58Z" user="jcphal" uid="387627" lat="44.7380107" lon="2.7315335"/>
 <node id="7612211219" visible="true" version="1" changeset="86516588" timestamp="2020-06-11T11:57:58Z" user="jcphal" uid="387627" lat="44.7372686" lon="2.7293193"/>
 <node id="7612211220" visible="true" version="1" changeset="86516588" timestamp="2020-06-11T11:57:58Z" user="jcphal" uid="387627" lat="44.7372762" lon="2.7288526"/>
 <node id="7612211221" visible="true" version="1" changeset="86516588" timestamp="2020-06-11T11:57:58Z" user="jcphal" uid="387627" lat="44.7371733" lon="2.7288459">
  <tag k="amenity" v="parking"/>
 </node>
 <node id="7612211222" visible="true" version="1" changeset="86516588" timestamp="2020-06-11T11:57:58Z" user="jcphal" uid="387627" lat="44.7378478" lon="2.7289774"/>
 <node id="7612211223" visible="true" version="1" changeset="86516588" timestamp="2020-06-11T11:57:58Z" user="jcphal" uid="387627" lat="44.7377677" lon="2.7291463"/>
 <node id="7612211224" visible="true" version="1" changeset="86516588" timestamp="2020-06-11T11:57:58Z" user="jcphal" uid="387627" lat="44.7377001" lon="2.7292067"/>
 <node id="7612211225" visible="true" version="1" changeset="86516588" timestamp="2020-06-11T11:57:58Z" user="jcphal" uid="387627" lat="44.7375925" lon="2.7292402"/>
 <node id="7612211226" visible="true" version="1" changeset="86516588" timestamp="2020-06-11T11:57:58Z" user="jcphal" uid="387627" lat="44.7375420" lon="2.7292550"/>
 <node id="7612211227" visible="true" version="1" changeset="86516588" timestamp="2020-06-11T11:57:58Z" user="jcphal" uid="387627" lat="44.7373745" lon="2.7294075"/>
 <node id="7612211228" visible="true" version="1" changeset="86516588" timestamp="2020-06-11T11:57:58Z" user="jcphal" uid="387627" lat="44.7375610" lon="2.7299523">
  <tag k="amenity" v="school"/>
 </node>
 <node id="7612211229" visible="true" version="1" changeset="86516588" timestamp="2020-06-11T11:57:58Z" user="jcphal" uid="387627" lat="44.7373429" lon="2.7304029">
  <tag k="leisure" v="playground"/>
 </node>
 <node id="7612211230" visible="true" version="1" changeset="86516588" timestamp="2020-06-11T11:57:58Z" user="jcphal" uid="387627" lat="44.7373943" lon="2.7303332"/>
 <node id="7612211231" visible="true" version="1" changeset="86516588" timestamp="2020-06-11T11:57:58Z" user="jcphal" uid="387627" lat="44.7372771" lon="2.7302138"/>
 <node id="7612211232" visible="true" version="1" changeset="86516588" timestamp="2020-06-11T11:57:58Z" user="jcphal" uid="387627" lat="44.7372305" lon="2.7301481"/>
 <node id="7612211233" visible="true" version="1" changeset="86516588" timestamp="2020-06-11T11:57:58Z" user="jcphal" uid="387627" lat="44.7371876" lon="2.7300315"/>
 <node id="7612211234" visible="true" version="1" changeset="86516588" timestamp="2020-06-11T11:57:58Z" user="jcphal" uid="387627" lat="44.7371914" lon="2.7299215"/>
 <node id="7612211235" visible="true" version="1" changeset="86516588" timestamp="2020-06-11T11:57:58Z" user="jcphal" uid="387627" lat="44.7372305" lon="2.7298236"/>
 <node id="7612211236" visible="true" version="1" changeset="86516588" timestamp="2020-06-11T11:57:58Z" user="jcphal" uid="387627" lat="44.7373133" lon="2.7297190"/>
 <node id="7612211237" visible="true" version="1" changeset="86516588" timestamp="2020-06-11T11:57:58Z" user="jcphal" uid="387627" lat="44.7373705" lon="2.7296077"/>
 <node id="7612211238" visible="true" version="1" changeset="86516588" timestamp="2020-06-11T11:57:58Z" user="jcphal" uid="387627" lat="44.7374071" lon="2.7294391"/>
 <node id="7612211239" visible="true" version="1" changeset="86516588" timestamp="2020-06-11T11:57:58Z" user="jcphal" uid="387627" lat="44.7380707" lon="2.7301951"/>
 <node id="7612211240" visible="true" version="1" changeset="86516588" timestamp="2020-06-11T11:57:58Z" user="jcphal" uid="387627" lat="44.7372047" lon="2.7292429"/>
 <node id="7612211241" visible="true" version="1" changeset="86516588" timestamp="2020-06-11T11:57:58Z" user="jcphal" uid="387627" lat="44.7370199" lon="2.7290377"/>
 <node id="7612211242" visible="true" version="1" changeset="86516588" timestamp="2020-06-11T11:57:58Z" user="jcphal" uid="387627" lat="44.7363245" lon="2.7291825"/>
 <node id="7612211243" visible="true" version="1" changeset="86516588" timestamp="2020-06-11T11:57:58Z" user="jcphal" uid="387627" lat="44.7359996" lon="2.7280305"/>
 <node id="7612211244" visible="true" version="1" changeset="86516588" timestamp="2020-06-11T11:57:58Z" user="jcphal" uid="387627" lat="44.7366503" lon="2.7277650"/>
 <node id="7612211245" visible="true" version="1" changeset="86516588" timestamp="2020-06-11T11:57:58Z" user="jcphal" uid="387627" lat="44.7371933" lon="2.7282397"/>
 <node id="7612309151" visible="true" version="1" changeset="86516588" timestamp="2020-06-11T12:45:43Z" user="jcphal" uid="387627" lat="44.7388785" lon="2.7302568"/>
 <node id="7612309152" visible="true" version="1" changeset="86516588" timestamp="2020-06-11T12:45:43Z" user="jcphal" uid="387627" lat="44.7393034" lon="2.7298853"/>
 <node id="7612309153" visible="true" version="1" changeset="86516588" timestamp="2020-06-11T12:45:43Z" user="jcphal" uid="387627" lat="44.7398063" lon="2.7296573"/>
 <node id="7612309154" visible="true" version="1" changeset="86516588" timestamp="2020-06-11T12:45:43Z" user="jcphal" uid="387627" lat="44.7398044" lon="2.7297860"/>
 <node id="7612309155" visible="true" version="1" changeset="86516588" timestamp="2020-06-11T12:45:43Z" user="jcphal" uid="387627" lat="44.7396234" lon="2.7293663"/>
 <node id="7612309156" visible="true" version="1" changeset="86516588" timestamp="2020-06-11T12:45:43Z" user="jcphal" uid="387627" lat="44.7391500" lon="2.7283658">
  <tag k="name" v="Les Cazelles"/>
  <tag k="place" v="isolated_dwelling"/>
 </node>
 <node id="7612309157" visible="true" version="1" changeset="86516588" timestamp="2020-06-11T12:45:43Z" user="jcphal" uid="387627" lat="44.7391976" lon="2.7287239">
  <tag k="historic" v="wayside_cross"/>
 </node>
 <node id="7612309158" visible="true" version="1" changeset="86516588" timestamp="2020-06-11T12:45:43Z" user="jcphal" uid="387627" lat="44.7393253" lon="2.7286153"/>
 <node id="7612309159" visible="true" version="1" changeset="86516588" timestamp="2020-06-11T12:45:43Z" user="jcphal" uid="387627" lat="44.7391290" lon="2.7285509"/>
 <node id="7612309160" visible="true" version="1" changeset="86516588" timestamp="2020-06-11T12:45:43Z" user="jcphal" uid="387627" lat="44.7390185" lon="2.7281365"/>
 <node id="7612309161" visible="true" version="1" changeset="86516588" timestamp="2020-06-11T12:45:43Z" user="jcphal" uid="387627" lat="44.7392662" lon="2.7289116"/>
 <node id="7612309162" visible="true" version="1" changeset="86516588" timestamp="2020-06-11T12:45:43Z" user="jcphal" uid="387627" lat="44.7393777" lon="2.7286890"/>
 <node id="7612309163" visible="true" version="1" changeset="86516588" timestamp="2020-06-11T12:45:43Z" user="jcphal" uid="387627" lat="44.7418115" lon="2.7268557"/>
 <node id="7612309164" visible="true" version="1" changeset="86516588" timestamp="2020-06-11T12:45:43Z" user="jcphal" uid="387627" lat="44.7425374" lon="2.7264306"/>
 <node id="7612309165" visible="true" version="1" changeset="86516588" timestamp="2020-06-11T12:45:43Z" user="jcphal" uid="387627" lat="44.7471447" lon="2.7258700"/>
 <node id="7612309168" visible="true" version="1" changeset="86516588" timestamp="2020-06-11T12:45:43Z" user="jcphal" uid="387627" lat="44.7468542" lon="2.7247113"/>
 <node id="7612309169" visible="true" version="1" changeset="86516588" timestamp="2020-06-11T12:45:43Z" user="jcphal" uid="387627" lat="44.7466618" lon="2.7241467"/>
 <node id="7612309173" visible="true" version="1" changeset="86516588" timestamp="2020-06-11T12:45:43Z" user="jcphal" uid="387627" lat="44.7470666" lon="2.7232656"/>
 <node id="7612309177" visible="true" version="1" changeset="86516588" timestamp="2020-06-11T12:45:43Z" user="jcphal" uid="387627" lat="44.7469018" lon="2.7234372"/>
 <node id="7612309178" visible="true" version="1" changeset="86516588" timestamp="2020-06-11T12:45:43Z" user="jcphal" uid="387627" lat="44.7475571" lon="2.7230228"/>
 <node id="7612309179" visible="true" version="1" changeset="86516588" timestamp="2020-06-11T12:45:43Z" user="jcphal" uid="387627" lat="44.7484696" lon="2.7227761"/>
 <node id="9010503377" visible="true" version="1" changeset="109757271" timestamp="2021-08-16T15:06:41Z" user="Yod4z" uid="318821" lat="44.7365809" lon="2.7218282"/>
 <node id="9010503379" visible="true" version="1" changeset="109757271" timestamp="2021-08-16T15:06:41Z" user="Yod4z" uid="318821" lat="44.7348985" lon="2.7217883"/>
 <node id="9010503382" visible="true" version="1" changeset="109757271" timestamp="2021-08-16T15:06:41Z" user="Yod4z" uid="318821" lat="44.7340987" lon="2.7244729"/>
 <node id="9010503383" visible="true" version="1" changeset="109757271" timestamp="2021-08-16T15:06:41Z" user="Yod4z" uid="318821" lat="44.7342469" lon="2.7248559"/>
 <node id="9010503408" visible="true" version="1" changeset="109757271" timestamp="2021-08-16T15:06:41Z" user="Yod4z" uid="318821" lat="44.7378673" lon="2.7209514"/>
 <node id="9010537029" visible="true" version="1" changeset="109757271" timestamp="2021-08-16T15:06:41Z" user="Yod4z" uid="318821" lat="44.7384670" lon="2.7196434"/>
 <node id="9010537030" visible="true" version="1" changeset="109757271" timestamp="2021-08-16T15:06:41Z" user="Yod4z" uid="318821" lat="44.7387042" lon="2.7192556"/>
 <node id="9010537031" visible="true" version="1" changeset="109757271" timestamp="2021-08-16T15:06:41Z" user="Yod4z" uid="318821" lat="44.7387369" lon="2.7178376"/>
 <node id="9010537032" visible="true" version="2" changeset="136275070" timestamp="2023-05-18T22:12:41Z" user="InfosReseaux" uid="93222" lat="44.7379895" lon="2.7213424">
  <tag k="operator" v="Enedis"/>
  <tag k="operator:wikidata" v="Q3587594"/>
  <tag k="power" v="pole"/>
 </node>
 <node id="9010537033" visible="true" version="2" changeset="136275070" timestamp="2023-05-18T22:12:41Z" user="InfosReseaux" uid="93222" lat="44.7380694" lon="2.7199590">
  <tag k="operator" v="Enedis"/>
  <tag k="operator:wikidata" v="Q3587594"/>
  <tag k="power" v="pole"/>
 </node>
 <node id="9010537034" visible="true" version="2" changeset="136275070" timestamp="2023-05-18T22:12:41Z" user="InfosReseaux" uid="93222" lat="44.7381039" lon="2.7192188">
  <tag k="operator" v="Enedis"/>
  <tag k="operator:wikidata" v="Q3587594"/>
  <tag k="power" v="pole"/>
 </node>
 <node id="9010537035" visible="true" version="2" changeset="136275070" timestamp="2023-05-18T22:12:41Z" user="InfosReseaux" uid="93222" lat="44.7383113" lon="2.7184354">
  <tag k="operator" v="Enedis"/>
  <tag k="operator:wikidata" v="Q3587594"/>
  <tag k="power" v="pole"/>
 </node>
 <node id="9010537036" visible="true" version="2" changeset="136275070" timestamp="2023-05-18T22:12:41Z" user="InfosReseaux" uid="93222" lat="44.7385039" lon="2.7177330">
  <tag k="operator" v="Enedis"/>
  <tag k="operator:wikidata" v="Q3587594"/>
  <tag k="power" v="pole"/>
 </node>
 <node id="9010537037" visible="true" version="2" changeset="136275070" timestamp="2023-05-18T22:12:41Z" user="InfosReseaux" uid="93222" lat="44.7387534" lon="2.7168210">
  <tag k="operator" v="Enedis"/>
  <tag k="operator:wikidata" v="Q3587594"/>
  <tag k="power" v="pole"/>
 </node>
 <node id="9010537038" visible="true" version="2" changeset="136275070" timestamp="2023-05-18T22:12:41Z" user="InfosReseaux" uid="93222" lat="44.7389405" lon="2.7161354">
  <tag k="operator" v="Enedis"/>
  <tag k="operator:wikidata" v="Q3587594"/>
  <tag k="power" v="pole"/>
 </node>
 <node id="9010537039" visible="true" version="2" changeset="136275070" timestamp="2023-05-18T22:12:41Z" user="InfosReseaux" uid="93222" lat="44.7392283" lon="2.7150463">
  <tag k="operator" v="Enedis"/>
  <tag k="operator:wikidata" v="Q3587594"/>
  <tag k="power" v="pole"/>
 </node>
 <node id="9010537040" visible="true" version="2" changeset="136275070" timestamp="2023-05-18T22:12:41Z" user="InfosReseaux" uid="93222" lat="44.7394635" lon="2.7142021">
  <tag k="operator" v="Enedis"/>
  <tag k="operator:wikidata" v="Q3587594"/>
  <tag k="power" v="pole"/>
 </node>
 <node id="9010537041" visible="true" version="2" changeset="136275070" timestamp="2023-05-18T22:12:41Z" user="InfosReseaux" uid="93222" lat="44.7397032" lon="2.7132809">
  <tag k="operator" v="Enedis"/>
  <tag k="operator:wikidata" v="Q3587594"/>
  <tag k="power" v="pole"/>
 </node>
 <node id="9010537042" visible="true" version="2" changeset="136275070" timestamp="2023-05-18T22:12:41Z" user="InfosReseaux" uid="93222" lat="44.7397546" lon="2.7120713">
  <tag k="operator" v="Enedis"/>
  <tag k="operator:wikidata" v="Q3587594"/>
  <tag k="power" v="pole"/>
 </node>
 <node id="9010537043" visible="true" version="2" changeset="136275070" timestamp="2023-05-18T22:12:41Z" user="InfosReseaux" uid="93222" lat="44.7397927" lon="2.7110743">
  <tag k="operator" v="Enedis"/>
  <tag k="operator:wikidata" v="Q3587594"/>
  <tag k="power" v="pole"/>
 </node>
 <node id="9010537044" visible="true" version="2" changeset="136275070" timestamp="2023-05-18T22:12:41Z" user="InfosReseaux" uid="93222" lat="44.7398251" lon="2.7103388">
  <tag k="operator" v="Enedis"/>
  <tag k="operator:wikidata" v="Q3587594"/>
  <tag k="power" v="pole"/>
 </node>
 <node id="9010537045" visible="true" version="2" changeset="136275070" timestamp="2023-05-18T22:12:41Z" user="InfosReseaux" uid="93222" lat="44.7398665" lon="2.7093837">
  <tag k="operator" v="Enedis"/>
  <tag k="operator:wikidata" v="Q3587594"/>
  <tag k="power" v="pole"/>
 </node>
 <node id="9010537046" visible="true" version="2" changeset="136275070" timestamp="2023-05-18T22:12:41Z" user="InfosReseaux" uid="93222" lat="44.7399047" lon="2.7084836">
  <tag k="operator" v="Enedis"/>
  <tag k="operator:wikidata" v="Q3587594"/>
  <tag k="power" v="pole"/>
 </node>
 <node id="9010537047" visible="true" version="2" changeset="136275070" timestamp="2023-05-18T22:12:41Z" user="InfosReseaux" uid="93222" lat="44.7399611" lon="2.7074620">
  <tag k="operator" v="Enedis"/>
  <tag k="operator:wikidata" v="Q3587594"/>
  <tag k="power" v="pole"/>
 </node>
 <node id="9010537048" visible="true" version="2" changeset="136275070" timestamp="2023-05-18T22:12:41Z" user="InfosReseaux" uid="93222" lat="44.7400150" lon="2.7064568">
  <tag k="operator" v="Enedis"/>
  <tag k="operator:wikidata" v="Q3587594"/>
  <tag k="power" v="pole"/>
 </node>
 <node id="9010537049" visible="true" version="2" changeset="136275070" timestamp="2023-05-18T22:12:41Z" user="InfosReseaux" uid="93222" lat="44.7400639" lon="2.7055170">
  <tag k="operator" v="Enedis"/>
  <tag k="operator:wikidata" v="Q3587594"/>
  <tag k="power" v="pole"/>
 </node>
 <node id="9010537059" visible="true" version="2" changeset="136275070" timestamp="2023-05-18T22:12:41Z" user="InfosReseaux" uid="93222" lat="44.7379326" lon="2.7222487">
  <tag k="operator" v="Enedis"/>
  <tag k="operator:wikidata" v="Q3587594"/>
  <tag k="power" v="pole"/>
 </node>
 <node id="9010537060" visible="true" version="2" changeset="136275070" timestamp="2023-05-18T22:12:41Z" user="InfosReseaux" uid="93222" lat="44.7378849" lon="2.7231634">
  <tag k="operator" v="Enedis"/>
  <tag k="operator:wikidata" v="Q3587594"/>
  <tag k="power" v="pole"/>
 </node>
 <node id="9010537061" visible="true" version="2" changeset="136275070" timestamp="2023-05-18T22:12:41Z" user="InfosReseaux" uid="93222" lat="44.7378330" lon="2.7240985">
  <tag k="operator" v="Enedis"/>
  <tag k="operator:wikidata" v="Q3587594"/>
  <tag k="power" v="pole"/>
 </node>
 <node id="9010537062" visible="true" version="2" changeset="136275070" timestamp="2023-05-18T22:12:41Z" user="InfosReseaux" uid="93222" lat="44.7377868" lon="2.7249095">
  <tag k="operator" v="Enedis"/>
  <tag k="operator:wikidata" v="Q3587594"/>
  <tag k="power" v="pole"/>
 </node>
 <node id="9010537063" visible="true" version="2" changeset="136275070" timestamp="2023-05-18T22:12:41Z" user="InfosReseaux" uid="93222" lat="44.7377276" lon="2.7259482">
  <tag k="operator" v="Enedis"/>
  <tag k="operator:wikidata" v="Q3587594"/>
  <tag k="power" v="pole"/>
 </node>
 <node id="9010537064" visible="true" version="2" changeset="136275070" timestamp="2023-05-18T22:12:41Z" user="InfosReseaux" uid="93222" lat="44.7376712" lon="2.7268630">
  <tag k="operator" v="Enedis"/>
  <tag k="operator:wikidata" v="Q3587594"/>
  <tag k="power" v="pole"/>
 </node>
 <node id="9010537065" visible="true" version="2" changeset="136275070" timestamp="2023-05-18T22:12:41Z" user="InfosReseaux" uid="93222" lat="44.7376539" lon="2.7271841">
  <tag k="operator" v="Enedis"/>
  <tag k="operator:wikidata" v="Q3587594"/>
  <tag k="power" v="pole"/>
 </node>
 <node id="9010537066" visible="true" version="2" changeset="136275070" timestamp="2023-05-18T22:12:41Z" user="InfosReseaux" uid="93222" lat="44.7375249" lon="2.7276732">
  <tag k="operator" v="Enedis"/>
  <tag k="operator:wikidata" v="Q3587594"/>
  <tag k="power" v="pole"/>
 </node>
 <node id="9010537067" visible="true" version="2" changeset="136275070" timestamp="2023-05-18T22:12:41Z" user="InfosReseaux" uid="93222" lat="44.7374100" lon="2.7281061">
  <tag k="operator" v="Enedis"/>
  <tag k="operator:wikidata" v="Q3587594"/>
  <tag k="power" v="pole"/>
 </node>
 <node id="9010537068" visible="true" version="3" changeset="136275070" timestamp="2023-05-18T22:12:41Z" user="InfosReseaux" uid="93222" lat="44.7373269" lon="2.7284604">
  <tag k="location:transition" v="yes"/>
  <tag k="operator" v="Enedis"/>
  <tag k="operator:wikidata" v="Q3587594"/>
  <tag k="power" v="pole"/>
  <tag k="substation" v="minor_distribution"/>
  <tag k="transformer" v="main"/>
  <tag k="voltage:primary" v="20000"/>
  <tag k="voltage:secondary" v="400"/>
 </node>
 <node id="9010537069" visible="true" version="2" changeset="136275070" timestamp="2023-05-18T22:12:41Z" user="InfosReseaux" uid="93222" lat="44.7374165" lon="2.7268145">
  <tag k="operator" v="Enedis"/>
  <tag k="operator:wikidata" v="Q3587594"/>
  <tag k="power" v="pole"/>
 </node>
 <node id="9010537070" visible="true" version="2" changeset="136275070" timestamp="2023-05-18T22:12:41Z" user="InfosReseaux" uid="93222" lat="44.7367880" lon="2.7266658">
  <tag k="operator" v="Enedis"/>
  <tag k="operator:wikidata" v="Q3587594"/>
  <tag k="power" v="pole"/>
 </node>
 <node id="9010537071" visible="true" version="2" changeset="136275070" timestamp="2023-05-18T22:12:41Z" user="InfosReseaux" uid="93222" lat="44.7360287" lon="2.7264517">
  <tag k="operator" v="Enedis"/>
  <tag k="operator:wikidata" v="Q3587594"/>
  <tag k="power" v="pole"/>
 </node>
 <node id="9010537072" visible="true" version="2" changeset="136275070" timestamp="2023-05-18T22:12:41Z" user="InfosReseaux" uid="93222" lat="44.7355196" lon="2.7262942">
  <tag k="operator" v="Enedis"/>
  <tag k="operator:wikidata" v="Q3587594"/>
  <tag k="power" v="pole"/>
 </node>
 <node id="9010537073" visible="true" version="2" changeset="136275070" timestamp="2023-05-18T22:12:41Z" user="InfosReseaux" uid="93222" lat="44.7347943" lon="2.7261296">
  <tag k="operator" v="Enedis"/>
  <tag k="operator:wikidata" v="Q3587594"/>
  <tag k="power" v="pole"/>
 </node>
 <node id="9010537074" visible="true" version="2" changeset="136275070" timestamp="2023-05-18T22:12:41Z" user="InfosReseaux" uid="93222" lat="44.7345017" lon="2.7260644">
  <tag k="operator" v="Enedis"/>
  <tag k="operator:wikidata" v="Q3587594"/>
  <tag k="power" v="pole"/>
 </node>
 <node id="9010537075" visible="true" version="2" changeset="136275070" timestamp="2023-05-18T22:12:41Z" user="InfosReseaux" uid="93222" lat="44.7339031" lon="2.7259226">
  <tag k="operator" v="Enedis"/>
  <tag k="operator:wikidata" v="Q3587594"/>
  <tag k="power" v="pole"/>
 </node>
 <node id="9010537076" visible="true" version="2" changeset="136275070" timestamp="2023-05-18T22:12:41Z" user="InfosReseaux" uid="93222" lat="44.7333822" lon="2.7257963">
  <tag k="operator" v="Enedis"/>
  <tag k="operator:wikidata" v="Q3587594"/>
  <tag k="power" v="pole"/>
 </node>
 <node id="9010537077" visible="true" version="2" changeset="136275070" timestamp="2023-05-18T22:12:41Z" user="InfosReseaux" uid="93222" lat="44.7330189" lon="2.7257116">
  <tag k="operator" v="Enedis"/>
  <tag k="operator:wikidata" v="Q3587594"/>
  <tag k="power" v="pole"/>
 </node>
 <node id="9010537078" visible="true" version="2" changeset="136275070" timestamp="2023-05-18T22:12:41Z" user="InfosReseaux" uid="93222" lat="44.7326829" lon="2.7255329">
  <tag k="operator" v="Enedis"/>
  <tag k="operator:wikidata" v="Q3587594"/>
  <tag k="power" v="pole"/>
 </node>
 <node id="9010537079" visible="true" version="2" changeset="136275070" timestamp="2023-05-18T22:12:41Z" user="InfosReseaux" uid="93222" lat="44.7322878" lon="2.7253003">
  <tag k="operator" v="Enedis"/>
  <tag k="operator:wikidata" v="Q3587594"/>
  <tag k="power" v="pole"/>
 </node>
 <node id="9010537080" visible="true" version="2" changeset="136275070" timestamp="2023-05-18T22:12:41Z" user="InfosReseaux" uid="93222" lat="44.7317253" lon="2.7250183">
  <tag k="operator" v="Enedis"/>
  <tag k="operator:wikidata" v="Q3587594"/>
  <tag k="power" v="pole"/>
 </node>
 <node id="9010537081" visible="true" version="2" changeset="136275070" timestamp="2023-05-18T22:12:41Z" user="InfosReseaux" uid="93222" lat="44.7313959" lon="2.7249090">
  <tag k="operator" v="Enedis"/>
  <tag k="operator:wikidata" v="Q3587594"/>
  <tag k="power" v="pole"/>
 </node>
 <node id="9010537082" visible="true" version="2" changeset="136275070" timestamp="2023-05-18T22:12:41Z" user="InfosReseaux" uid="93222" lat="44.7308771" lon="2.7247318">
  <tag k="operator" v="Enedis"/>
  <tag k="operator:wikidata" v="Q3587594"/>
  <tag k="power" v="pole"/>
 </node>
 <node id="9010537083" visible="true" version="2" changeset="136275070" timestamp="2023-05-18T22:12:41Z" user="InfosReseaux" uid="93222" lat="44.7303671" lon="2.7245700">
  <tag k="operator" v="Enedis"/>
  <tag k="operator:wikidata" v="Q3587594"/>
  <tag k="power" v="pole"/>
 </node>
 <node id="9010537084" visible="true" version="2" changeset="136275070" timestamp="2023-05-18T22:12:41Z" user="InfosReseaux" uid="93222" lat="44.7300158" lon="2.7244591">
  <tag k="operator" v="Enedis"/>
  <tag k="operator:wikidata" v="Q3587594"/>
  <tag k="power" v="pole"/>
 </node>
 <node id="9010537085" visible="true" version="2" changeset="136275070" timestamp="2023-05-18T22:12:41Z" user="InfosReseaux" uid="93222" lat="44.7293077" lon="2.7249074">
  <tag k="operator" v="Enedis"/>
  <tag k="operator:wikidata" v="Q3587594"/>
  <tag k="power" v="pole"/>
 </node>
 <node id="9010537086" visible="true" version="2" changeset="136275070" timestamp="2023-05-18T22:12:41Z" user="InfosReseaux" uid="93222" lat="44.7289597" lon="2.7250245">
  <tag k="operator" v="Enedis"/>
  <tag k="operator:wikidata" v="Q3587594"/>
  <tag k="power" v="pole"/>
 </node>
 <node id="9010537087" visible="true" version="2" changeset="136275070" timestamp="2023-05-18T22:12:41Z" user="InfosReseaux" uid="93222" lat="44.7286171" lon="2.7251524">
  <tag k="operator" v="Enedis"/>
  <tag k="operator:wikidata" v="Q3587594"/>
  <tag k="power" v="pole"/>
 </node>
 <node id="9010537088" visible="true" version="2" changeset="136275070" timestamp="2023-05-18T22:12:41Z" user="InfosReseaux" uid="93222" lat="44.7280108" lon="2.7253881">
  <tag k="operator" v="Enedis"/>
  <tag k="operator:wikidata" v="Q3587594"/>
  <tag k="power" v="pole"/>
 </node>
 <node id="9010537089" visible="true" version="2" changeset="136275070" timestamp="2023-05-18T22:12:41Z" user="InfosReseaux" uid="93222" lat="44.7275062" lon="2.7255822">
  <tag k="operator" v="Enedis"/>
  <tag k="operator:wikidata" v="Q3587594"/>
  <tag k="power" v="pole"/>
 </node>
 <node id="9010537090" visible="true" version="2" changeset="136275070" timestamp="2023-05-18T22:12:41Z" user="InfosReseaux" uid="93222" lat="44.7269962" lon="2.7257670">
  <tag k="operator" v="Enedis"/>
  <tag k="operator:wikidata" v="Q3587594"/>
  <tag k="power" v="pole"/>
 </node>
 <node id="9010537091" visible="true" version="2" changeset="136275070" timestamp="2023-05-18T22:12:41Z" user="InfosReseaux" uid="93222" lat="44.7266667" lon="2.7258780">
  <tag k="operator" v="Enedis"/>
  <tag k="operator:wikidata" v="Q3587594"/>
  <tag k="power" v="pole"/>
 </node>
 <node id="9010537092" visible="true" version="2" changeset="136275070" timestamp="2023-05-18T22:12:41Z" user="InfosReseaux" uid="93222" lat="44.7262891" lon="2.7256715">
  <tag k="operator" v="Enedis"/>
  <tag k="operator:wikidata" v="Q3587594"/>
  <tag k="power" v="pole"/>
  <tag k="source" v="ortho hr 2"/>
  <tag k="substation" v="minor_distribution"/>
  <tag k="transformer" v="main"/>
  <tag k="voltage:primary" v="20000"/>
  <tag k="voltage:secondary" v="400"/>
 </node>
 <node id="9010537097" visible="true" version="1" changeset="109757271" timestamp="2021-08-16T15:06:41Z" user="Yod4z" uid="318821" lat="44.7356802" lon="2.7281381">
  <tag k="direction" v="backward"/>
  <tag k="highway" v="give_way"/>
 </node>
 <node id="9010537112" visible="true" version="1" changeset="109757271" timestamp="2021-08-16T15:06:41Z" user="Yod4z" uid="318821" lat="44.7393030" lon="2.6994433"/>
 <node id="9010537113" visible="true" version="1" changeset="109757271" timestamp="2021-08-16T15:06:41Z" user="Yod4z" uid="318821" lat="44.7396035" lon="2.7006179"/>
 <node id="9010537114" visible="true" version="1" changeset="109757271" timestamp="2021-08-16T15:06:41Z" user="Yod4z" uid="318821" lat="44.7397586" lon="2.7023968"/>
 <node id="9010537115" visible="true" version="1" changeset="109757271" timestamp="2021-08-16T15:06:41Z" user="Yod4z" uid="318821" lat="44.7400889" lon="2.7033170"/>
 <node id="9010537117" visible="true" version="1" changeset="109757271" timestamp="2021-08-16T15:06:41Z" user="Yod4z" uid="318821" lat="44.7396256" lon="2.7153766"/>
 <node id="9019285603" visible="true" version="1" changeset="109915230" timestamp="2021-08-19T07:50:47Z" user="Yod4z" uid="318821" lat="44.7287464" lon="2.7368247"/>
 <node id="9019285604" visible="true" version="1" changeset="109915230" timestamp="2021-08-19T07:50:47Z" user="Yod4z" uid="318821" lat="44.7278497" lon="2.7378590"/>
 <node id="9019969103" visible="true" version="1" changeset="109931497" timestamp="2021-08-19T12:16:58Z" user="Yod4z" uid="318821" lat="44.7352977" lon="2.7272735"/>
 <node id="9019969104" visible="true" version="1" changeset="109931497" timestamp="2021-08-19T12:16:58Z" user="Yod4z" uid="318821" lat="44.7352673" lon="2.7272905">
  <tag k="direction" v="backward"/>
  <tag k="highway" v="give_way"/>
 </node>
 <node id="9019969105" visible="true" version="1" changeset="109931497" timestamp="2021-08-19T12:16:58Z" user="Yod4z" uid="318821" lat="44.7351929" lon="2.7273183"/>
 <node id="9019969106" visible="true" version="1" changeset="109931497" timestamp="2021-08-19T12:16:58Z" user="Yod4z" uid="318821" lat="44.7350736" lon="2.7275108"/>
 <node id="9019969107" visible="true" version="1" changeset="109931497" timestamp="2021-08-19T12:16:58Z" user="Yod4z" uid="318821" lat="44.7350025" lon="2.7278790"/>
 <node id="9019969108" visible="true" version="1" changeset="109931497" timestamp="2021-08-19T12:16:58Z" user="Yod4z" uid="318821" lat="44.7345713" lon="2.7282795"/>
 <node id="9019969109" visible="true" version="2" changeset="162256007" timestamp="2025-02-07T18:11:37Z" user="Olyon" uid="1443767" lat="44.7343110" lon="2.7284700"/>
 <node id="9019969110" visible="true" version="1" changeset="109931497" timestamp="2021-08-19T12:16:58Z" user="Yod4z" uid="318821" lat="44.7349926" lon="2.7288955"/>
 <node id="9019969111" visible="true" version="1" changeset="109931497" timestamp="2021-08-19T12:16:58Z" user="Yod4z" uid="318821" lat="44.7345755" lon="2.7284842"/>
 <node id="9019969112" visible="true" version="1" changeset="109931497" timestamp="2021-08-19T12:16:58Z" user="Yod4z" uid="318821" lat="44.7350234" lon="2.7286443"/>
 <node id="9019969113" visible="true" version="1" changeset="109931497" timestamp="2021-08-19T12:16:58Z" user="Yod4z" uid="318821" lat="44.7349426" lon="2.7284431"/>
 <node id="9019969114" visible="true" version="1" changeset="109931497" timestamp="2021-08-19T12:16:58Z" user="Yod4z" uid="318821" lat="44.7348675" lon="2.7283676"/>
 <node id="9019969115" visible="true" version="1" changeset="109931497" timestamp="2021-08-19T12:16:58Z" user="Yod4z" uid="318821" lat="44.7346311" lon="2.7283938"/>
 <node id="9019969116" visible="true" version="1" changeset="109931497" timestamp="2021-08-19T12:16:58Z" user="Yod4z" uid="318821" lat="44.7346267" lon="2.7285001"/>
 <node id="9019970017" visible="true" version="1" changeset="109931497" timestamp="2021-08-19T12:16:58Z" user="Yod4z" uid="318821" lat="44.7350054" lon="2.7288636"/>
 <node id="9019970018" visible="true" version="1" changeset="109931497" timestamp="2021-08-19T12:16:58Z" user="Yod4z" uid="318821" lat="44.7326133" lon="2.7271523"/>
 <node id="9019970019" visible="true" version="1" changeset="109931497" timestamp="2021-08-19T12:16:58Z" user="Yod4z" uid="318821" lat="44.7322371" lon="2.7262233"/>
 <node id="9019970020" visible="true" version="1" changeset="109931497" timestamp="2021-08-19T12:16:58Z" user="Yod4z" uid="318821" lat="44.7319362" lon="2.7256514"/>
 <node id="9019970021" visible="true" version="1" changeset="109931497" timestamp="2021-08-19T12:16:58Z" user="Yod4z" uid="318821" lat="44.7322701" lon="2.7256410"/>
 <node id="9019970022" visible="true" version="1" changeset="109931497" timestamp="2021-08-19T12:16:58Z" user="Yod4z" uid="318821" lat="44.7330163" lon="2.7274421"/>
 <node id="9019970023" visible="true" version="1" changeset="109931497" timestamp="2021-08-19T12:16:58Z" user="Yod4z" uid="318821" lat="44.7331850" lon="2.7276410"/>
 <node id="9019970024" visible="true" version="1" changeset="109931497" timestamp="2021-08-19T12:16:58Z" user="Yod4z" uid="318821" lat="44.7325097" lon="2.7284129"/>
 <node id="9019970025" visible="true" version="1" changeset="109931497" timestamp="2021-08-19T12:16:58Z" user="Yod4z" uid="318821" lat="44.7333298" lon="2.7285747"/>
 <node id="9019970026" visible="true" version="1" changeset="109931497" timestamp="2021-08-19T12:16:58Z" user="Yod4z" uid="318821" lat="44.7320970" lon="2.7289655"/>
 <node id="9019970027" visible="true" version="1" changeset="109931497" timestamp="2021-08-19T12:16:58Z" user="Yod4z" uid="318821" lat="44.7323730" lon="2.7283763"/>
 <node id="9019970028" visible="true" version="1" changeset="109931497" timestamp="2021-08-19T12:16:58Z" user="Yod4z" uid="318821" lat="44.7325807" lon="2.7293445"/>
 <node id="9019970029" visible="true" version="1" changeset="109931497" timestamp="2021-08-19T12:16:58Z" user="Yod4z" uid="318821" lat="44.7322260" lon="2.7291643"/>
 <node id="9019970030" visible="true" version="1" changeset="109931497" timestamp="2021-08-19T12:16:58Z" user="Yod4z" uid="318821" lat="44.7313852" lon="2.7291863"/>
 <node id="9019970031" visible="true" version="1" changeset="109931497" timestamp="2021-08-19T12:16:58Z" user="Yod4z" uid="318821" lat="44.7315900" lon="2.7294508"/>
 <node id="9019970032" visible="true" version="1" changeset="109931497" timestamp="2021-08-19T12:16:58Z" user="Yod4z" uid="318821" lat="44.7330083" lon="2.7290390"/>
 <node id="9019970033" visible="true" version="1" changeset="109931497" timestamp="2021-08-19T12:16:58Z" user="Yod4z" uid="318821" lat="44.7329902" lon="2.7294813"/>
 <node id="9019970035" visible="true" version="1" changeset="109931497" timestamp="2021-08-19T12:16:58Z" user="Yod4z" uid="318821" lat="44.7330342" lon="2.7296844"/>
 <node id="9019970044" visible="true" version="1" changeset="109931497" timestamp="2021-08-19T12:16:58Z" user="Yod4z" uid="318821" lat="44.7353931" lon="2.7338202"/>
 <node id="9019970045" visible="true" version="1" changeset="109931497" timestamp="2021-08-19T12:16:58Z" user="Yod4z" uid="318821" lat="44.7351858" lon="2.7344226"/>
 <node id="9019970046" visible="true" version="1" changeset="109931497" timestamp="2021-08-19T12:16:58Z" user="Yod4z" uid="318821" lat="44.7352106" lon="2.7334606"/>
 <node id="9019970047" visible="true" version="1" changeset="109931497" timestamp="2021-08-19T12:16:58Z" user="Yod4z" uid="318821" lat="44.7359329" lon="2.7331788">
  <tag k="direction" v="backward"/>
  <tag k="highway" v="give_way"/>
 </node>
 <node id="9019970048" visible="true" version="1" changeset="109931497" timestamp="2021-08-19T12:16:58Z" user="Yod4z" uid="318821" lat="44.7391247" lon="2.7313139"/>
 <node id="9019970049" visible="true" version="1" changeset="109931497" timestamp="2021-08-19T12:16:58Z" user="Yod4z" uid="318821" lat="44.7391765" lon="2.7314047"/>
 <node id="9019970050" visible="true" version="1" changeset="109931497" timestamp="2021-08-19T12:16:58Z" user="Yod4z" uid="318821" lat="44.7391374" lon="2.7314488"/>
 <node id="9019970051" visible="true" version="1" changeset="109931497" timestamp="2021-08-19T12:16:58Z" user="Yod4z" uid="318821" lat="44.7391490" lon="2.7314691"/>
 <node id="9019970052" visible="true" version="1" changeset="109931497" timestamp="2021-08-19T12:16:58Z" user="Yod4z" uid="318821" lat="44.7390930" lon="2.7315323"/>
 <node id="9019970053" visible="true" version="1" changeset="109931497" timestamp="2021-08-19T12:16:58Z" user="Yod4z" uid="318821" lat="44.7390852" lon="2.7315187"/>
 <node id="9019970054" visible="true" version="1" changeset="109931497" timestamp="2021-08-19T12:16:58Z" user="Yod4z" uid="318821" lat="44.7390614" lon="2.7315456"/>
 <node id="9019970055" visible="true" version="1" changeset="109931497" timestamp="2021-08-19T12:16:58Z" user="Yod4z" uid="318821" lat="44.7389996" lon="2.7314374"/>
 <node id="9019970056" visible="true" version="1" changeset="109931497" timestamp="2021-08-19T12:16:58Z" user="Yod4z" uid="318821" lat="44.7390743" lon="2.7313530"/>
 <node id="9019970057" visible="true" version="1" changeset="109931497" timestamp="2021-08-19T12:16:58Z" user="Yod4z" uid="318821" lat="44.7390805" lon="2.7313639"/>
 <node id="9019970058" visible="true" version="1" changeset="109931497" timestamp="2021-08-19T12:16:58Z" user="Yod4z" uid="318821" lat="44.7381903" lon="2.7303625">
  <tag k="direction" v="forward"/>
  <tag k="highway" v="give_way"/>
 </node>
 <node id="9019970059" visible="true" version="1" changeset="109931497" timestamp="2021-08-19T12:16:58Z" user="Yod4z" uid="318821" lat="44.7367199" lon="2.7320584">
  <tag k="direction" v="forward"/>
  <tag k="highway" v="give_way"/>
 </node>
 <node id="9019970060" visible="true" version="1" changeset="109931497" timestamp="2021-08-19T12:16:58Z" user="Yod4z" uid="318821" lat="44.7354961" lon="2.7280437"/>
 <node id="9019970061" visible="true" version="1" changeset="109931497" timestamp="2021-08-19T12:16:58Z" user="Yod4z" uid="318821" lat="44.7352786" lon="2.7274011"/>
 <node id="9019970062" visible="true" version="1" changeset="109931497" timestamp="2021-08-19T12:16:58Z" user="Yod4z" uid="318821" lat="44.7351680" lon="2.7269694"/>
 <node id="9019970063" visible="true" version="1" changeset="109931497" timestamp="2021-08-19T12:16:58Z" user="Yod4z" uid="318821" lat="44.7351001" lon="2.7271003"/>
 <node id="9019970064" visible="true" version="1" changeset="109931497" timestamp="2021-08-19T12:16:58Z" user="Yod4z" uid="318821" lat="44.7350549" lon="2.7273976"/>
 <node id="9019970065" visible="true" version="1" changeset="109931497" timestamp="2021-08-19T12:16:58Z" user="Yod4z" uid="318821" lat="44.7349593" lon="2.7275958"/>
 <node id="9019970066" visible="true" version="1" changeset="109931497" timestamp="2021-08-19T12:16:58Z" user="Yod4z" uid="318821" lat="44.7350976" lon="2.7276666"/>
 <node id="9019970067" visible="true" version="1" changeset="109931497" timestamp="2021-08-19T12:16:58Z" user="Yod4z" uid="318821" lat="44.7350147" lon="2.7279887"/>
 <node id="9019970068" visible="true" version="1" changeset="109931497" timestamp="2021-08-19T12:16:58Z" user="Yod4z" uid="318821" lat="44.7350549" lon="2.7281196"/>
 <node id="9019970069" visible="true" version="1" changeset="109931497" timestamp="2021-08-19T12:16:58Z" user="Yod4z" uid="318821" lat="44.7353691" lon="2.7282824"/>
 <node id="9019970085" visible="true" version="1" changeset="109931497" timestamp="2021-08-19T12:16:58Z" user="Yod4z" uid="318821" lat="44.7346551" lon="2.7234426"/>
 <node id="9019970086" visible="true" version="1" changeset="109931497" timestamp="2021-08-19T12:16:58Z" user="Yod4z" uid="318821" lat="44.7347443" lon="2.7235257"/>
 <node id="9019970087" visible="true" version="1" changeset="109931497" timestamp="2021-08-19T12:16:58Z" user="Yod4z" uid="318821" lat="44.7318635" lon="2.7329249"/>
 <node id="9019970089" visible="true" version="1" changeset="109931497" timestamp="2021-08-19T12:16:58Z" user="Yod4z" uid="318821" lat="44.7307375" lon="2.7349745"/>
 <node id="9019970090" visible="true" version="1" changeset="109931497" timestamp="2021-08-19T12:16:58Z" user="Yod4z" uid="318821" lat="44.7300026" lon="2.7358033"/>
 <node id="9019970101" visible="true" version="1" changeset="109931497" timestamp="2021-08-19T12:16:58Z" user="Yod4z" uid="318821" lat="44.7358965" lon="2.7315501"/>
 <node id="9019970102" visible="true" version="1" changeset="109931497" timestamp="2021-08-19T12:16:58Z" user="Yod4z" uid="318821" lat="44.7359447" lon="2.7293925"/>
 <node id="9019970103" visible="true" version="1" changeset="109931497" timestamp="2021-08-19T12:16:58Z" user="Yod4z" uid="318821" lat="44.7376954" lon="2.7282684"/>
 <node id="9019970104" visible="true" version="1" changeset="109931497" timestamp="2021-08-19T12:16:58Z" user="Yod4z" uid="318821" lat="44.7379542" lon="2.7285065"/>
 <node id="9019970105" visible="true" version="1" changeset="109931497" timestamp="2021-08-19T12:16:58Z" user="Yod4z" uid="318821" lat="44.7382262" lon="2.7289875"/>
 <node id="9019970106" visible="true" version="1" changeset="109931497" timestamp="2021-08-19T12:16:58Z" user="Yod4z" uid="318821" lat="44.7380106" lon="2.7292164"/>
 <node id="9019970107" visible="true" version="1" changeset="109931497" timestamp="2021-08-19T12:16:58Z" user="Yod4z" uid="318821" lat="44.7385247" lon="2.7302531"/>
 <node id="9019970108" visible="true" version="1" changeset="109931497" timestamp="2021-08-19T12:16:58Z" user="Yod4z" uid="318821" lat="44.7388233" lon="2.7302251"/>
 <node id="9019970109" visible="true" version="1" changeset="109931497" timestamp="2021-08-19T12:16:58Z" user="Yod4z" uid="318821" lat="44.7391583" lon="2.7300663"/>
 <node id="9019970110" visible="true" version="1" changeset="109931497" timestamp="2021-08-19T12:16:58Z" user="Yod4z" uid="318821" lat="44.7393043" lon="2.7304913"/>
 <node id="9019970111" visible="true" version="1" changeset="109931497" timestamp="2021-08-19T12:16:58Z" user="Yod4z" uid="318821" lat="44.7389958" lon="2.7306781"/>
 <node id="9019970112" visible="true" version="1" changeset="109931497" timestamp="2021-08-19T12:16:58Z" user="Yod4z" uid="318821" lat="44.7393275" lon="2.7315047"/>
 <node id="9019970113" visible="true" version="1" changeset="109931497" timestamp="2021-08-19T12:16:58Z" user="Yod4z" uid="318821" lat="44.7389294" lon="2.7320371"/>
 <node id="9019970114" visible="true" version="1" changeset="109931497" timestamp="2021-08-19T12:16:58Z" user="Yod4z" uid="318821" lat="44.7388167" lon="2.7323359"/>
 <node id="9019970115" visible="true" version="1" changeset="109931497" timestamp="2021-08-19T12:16:58Z" user="Yod4z" uid="318821" lat="44.7387470" lon="2.7323126"/>
 <node id="9019970116" visible="true" version="1" changeset="109931497" timestamp="2021-08-19T12:16:58Z" user="Yod4z" uid="318821" lat="44.7382693" lon="2.7308929"/>
 <node id="9019970117" visible="true" version="1" changeset="109931497" timestamp="2021-08-19T12:16:58Z" user="Yod4z" uid="318821" lat="44.7381797" lon="2.7311311"/>
 <node id="9019970118" visible="true" version="1" changeset="109931497" timestamp="2021-08-19T12:16:58Z" user="Yod4z" uid="318821" lat="44.7379276" lon="2.7307902"/>
 <node id="9019970119" visible="true" version="1" changeset="109931497" timestamp="2021-08-19T12:16:58Z" user="Yod4z" uid="318821" lat="44.7378945" lon="2.7305613"/>
 <node id="9019970120" visible="true" version="1" changeset="109931497" timestamp="2021-08-19T12:16:58Z" user="Yod4z" uid="318821" lat="44.7378314" lon="2.7304306"/>
 <node id="9019970121" visible="true" version="1" changeset="109931497" timestamp="2021-08-19T12:16:58Z" user="Yod4z" uid="318821" lat="44.7378845" lon="2.7303559"/>
 <node id="9019970122" visible="true" version="1" changeset="109931497" timestamp="2021-08-19T12:16:58Z" user="Yod4z" uid="318821" lat="44.7378779" lon="2.7300149"/>
 <node id="9019970123" visible="true" version="1" changeset="109931497" timestamp="2021-08-19T12:16:58Z" user="Yod4z" uid="318821" lat="44.7376689" lon="2.7300149"/>
 <node id="9019970124" visible="true" version="1" changeset="109931497" timestamp="2021-08-19T12:16:58Z" user="Yod4z" uid="318821" lat="44.7375063" lon="2.7304493"/>
 <node id="9019970125" visible="true" version="1" changeset="109931497" timestamp="2021-08-19T12:16:58Z" user="Yod4z" uid="318821" lat="44.7373206" lon="2.7305100"/>
 <node id="9019970126" visible="true" version="1" changeset="109931497" timestamp="2021-08-19T12:16:58Z" user="Yod4z" uid="318821" lat="44.7370983" lon="2.7300383"/>
 <node id="9019970127" visible="true" version="1" changeset="109931497" timestamp="2021-08-19T12:16:58Z" user="Yod4z" uid="318821" lat="44.7366770" lon="2.7297908"/>
 <node id="9019970128" visible="true" version="1" changeset="109931497" timestamp="2021-08-19T12:16:58Z" user="Yod4z" uid="318821" lat="44.7365277" lon="2.7298702"/>
 <node id="9019970129" visible="true" version="1" changeset="109931497" timestamp="2021-08-19T12:16:58Z" user="Yod4z" uid="318821" lat="44.7360135" lon="2.7295806"/>
 <node id="9019970130" visible="true" version="1" changeset="109931497" timestamp="2021-08-19T12:16:58Z" user="Yod4z" uid="318821" lat="44.7359538" lon="2.7293098"/>
 <node id="9019970131" visible="true" version="1" changeset="109931497" timestamp="2021-08-19T12:16:58Z" user="Yod4z" uid="318821" lat="44.7359920" lon="2.7291253"/>
 <node id="9019970132" visible="true" version="1" changeset="109931497" timestamp="2021-08-19T12:16:58Z" user="Yod4z" uid="318821" lat="44.7355110" lon="2.7288498"/>
 <node id="9019970133" visible="true" version="1" changeset="109931497" timestamp="2021-08-19T12:16:58Z" user="Yod4z" uid="318821" lat="44.7353998" lon="2.7286163"/>
 <node id="9019970134" visible="true" version="1" changeset="109931497" timestamp="2021-08-19T12:16:58Z" user="Yod4z" uid="318821" lat="44.7357631" lon="2.7281585"/>
 <node id="9019970135" visible="true" version="1" changeset="109931497" timestamp="2021-08-19T12:16:58Z" user="Yod4z" uid="318821" lat="44.7365928" lon="2.7279497"/>
 <node id="9019970136" visible="true" version="1" changeset="109931497" timestamp="2021-08-19T12:16:58Z" user="Yod4z" uid="318821" lat="44.7368492" lon="2.7279179"/>
 <node id="9019970137" visible="true" version="1" changeset="109931497" timestamp="2021-08-19T12:16:58Z" user="Yod4z" uid="318821" lat="44.7371107" lon="2.7281975"/>
 <node id="9019970138" visible="true" version="1" changeset="109931497" timestamp="2021-08-19T12:16:58Z" user="Yod4z" uid="318821" lat="44.7372590" lon="2.7285089"/>
 <node id="9019970139" visible="true" version="1" changeset="109931497" timestamp="2021-08-19T12:16:58Z" user="Yod4z" uid="318821" lat="44.7358817" lon="2.7293247"/>
 <node id="9019970140" visible="true" version="1" changeset="109931497" timestamp="2021-08-19T12:16:58Z" user="Yod4z" uid="318821" lat="44.7358716" lon="2.7294185"/>
 <node id="9019970141" visible="true" version="1" changeset="109931497" timestamp="2021-08-19T12:16:58Z" user="Yod4z" uid="318821" lat="44.7357849" lon="2.7297990"/>
 <node id="9019970142" visible="true" version="1" changeset="109931497" timestamp="2021-08-19T12:16:58Z" user="Yod4z" uid="318821" lat="44.7356391" lon="2.7294680"/>
 <node id="9019970143" visible="true" version="1" changeset="109931497" timestamp="2021-08-19T12:16:58Z" user="Yod4z" uid="318821" lat="44.7356151" lon="2.7281877"/>
 <node id="9019970144" visible="true" version="1" changeset="109931497" timestamp="2021-08-19T12:16:58Z" user="Yod4z" uid="318821" lat="44.7353675" lon="2.7283080"/>
 <node id="9019970145" visible="true" version="1" changeset="109931497" timestamp="2021-08-19T12:16:58Z" user="Yod4z" uid="318821" lat="44.7353656" lon="2.7292015"/>
 <node id="9019970146" visible="true" version="1" changeset="109931497" timestamp="2021-08-19T12:16:58Z" user="Yod4z" uid="318821" lat="44.7351259" lon="2.7308936"/>
 <node id="9019970147" visible="true" version="1" changeset="109931497" timestamp="2021-08-19T12:16:58Z" user="Yod4z" uid="318821" lat="44.7357002" lon="2.7303978"/>
 <node id="9019970148" visible="true" version="1" changeset="109931497" timestamp="2021-08-19T12:16:58Z" user="Yod4z" uid="318821" lat="44.7352588" lon="2.7302067"/>
 <node id="9019970149" visible="true" version="1" changeset="109931497" timestamp="2021-08-19T12:16:58Z" user="Yod4z" uid="318821" lat="44.7355326" lon="2.7302626"/>
 <node id="9019970150" visible="true" version="1" changeset="109931497" timestamp="2021-08-19T12:16:58Z" user="Yod4z" uid="318821" lat="44.7351924" lon="2.7305502"/>
 <node id="9019970151" visible="true" version="1" changeset="109931497" timestamp="2021-08-19T12:16:58Z" user="Yod4z" uid="318821" lat="44.7353639" lon="2.7310924"/>
 <node id="9019970152" visible="true" version="1" changeset="109931497" timestamp="2021-08-19T12:16:58Z" user="Yod4z" uid="318821" lat="44.7353379" lon="2.7306368"/>
 <node id="9019970153" visible="true" version="1" changeset="109931497" timestamp="2021-08-19T12:16:58Z" user="Yod4z" uid="318821" lat="44.7354355" lon="2.7306007"/>
 <node id="9019970154" visible="true" version="1" changeset="109931497" timestamp="2021-08-19T12:16:58Z" user="Yod4z" uid="318821" lat="44.7355042" lon="2.7307905"/>
 <node id="9019970155" visible="true" version="1" changeset="109931497" timestamp="2021-08-19T12:16:58Z" user="Yod4z" uid="318821" lat="44.7358337" lon="2.7312565"/>
 <node id="9019970156" visible="true" version="1" changeset="109931497" timestamp="2021-08-19T12:16:58Z" user="Yod4z" uid="318821" lat="44.7359913" lon="2.7316109"/>
 <node id="9019970157" visible="true" version="1" changeset="109931497" timestamp="2021-08-19T12:16:58Z" user="Yod4z" uid="318821" lat="44.7360350" lon="2.7315462"/>
 <node id="9019970158" visible="true" version="1" changeset="109931497" timestamp="2021-08-19T12:16:58Z" user="Yod4z" uid="318821" lat="44.7360766" lon="2.7315708"/>
 <node id="9019970159" visible="true" version="1" changeset="109931497" timestamp="2021-08-19T12:16:58Z" user="Yod4z" uid="318821" lat="44.7360066" lon="2.7318481"/>
 <node id="9019970160" visible="true" version="1" changeset="109931497" timestamp="2021-08-19T12:16:58Z" user="Yod4z" uid="318821" lat="44.7359125" lon="2.7320391"/>
 <node id="9019970161" visible="true" version="1" changeset="109931497" timestamp="2021-08-19T12:16:58Z" user="Yod4z" uid="318821" lat="44.7357614" lon="2.7322147"/>
 <node id="9019970162" visible="true" version="1" changeset="109931497" timestamp="2021-08-19T12:16:58Z" user="Yod4z" uid="318821" lat="44.7356192" lon="2.7321932"/>
 <node id="9019970163" visible="true" version="1" changeset="109931497" timestamp="2021-08-19T12:16:58Z" user="Yod4z" uid="318821" lat="44.7356695" lon="2.7320360"/>
 <node id="9019970164" visible="true" version="1" changeset="109931497" timestamp="2021-08-19T12:16:58Z" user="Yod4z" uid="318821" lat="44.7355535" lon="2.7318728"/>
 <node id="9019970165" visible="true" version="1" changeset="109931497" timestamp="2021-08-19T12:16:58Z" user="Yod4z" uid="318821" lat="44.7356433" lon="2.7318389"/>
 <node id="9019970166" visible="true" version="1" changeset="109931497" timestamp="2021-08-19T12:16:58Z" user="Yod4z" uid="318821" lat="44.7357680" lon="2.7318604"/>
 <node id="9019970167" visible="true" version="1" changeset="109931497" timestamp="2021-08-19T12:16:58Z" user="Yod4z" uid="318821" lat="44.7358468" lon="2.7319405"/>
 <node id="9019970168" visible="true" version="1" changeset="109931497" timestamp="2021-08-19T12:16:58Z" user="Yod4z" uid="318821" lat="44.7359103" lon="2.7317896"/>
 <node id="9019970169" visible="true" version="1" changeset="109931497" timestamp="2021-08-19T12:16:58Z" user="Yod4z" uid="318821" lat="44.7358227" lon="2.7317002"/>
 <node id="9019970170" visible="true" version="1" changeset="109931497" timestamp="2021-08-19T12:16:58Z" user="Yod4z" uid="318821" lat="44.7357921" lon="2.7314260"/>
 <node id="9019970171" visible="true" version="1" changeset="109931497" timestamp="2021-08-19T12:16:58Z" user="Yod4z" uid="318821" lat="44.7329015" lon="2.7313399"/>
 <node id="9019970172" visible="true" version="1" changeset="109931497" timestamp="2021-08-19T12:16:58Z" user="Yod4z" uid="318821" lat="44.7332765" lon="2.7312184"/>
 <node id="9019970173" visible="true" version="1" changeset="109931497" timestamp="2021-08-19T12:16:58Z" user="Yod4z" uid="318821" lat="44.7340391" lon="2.7301611"/>
 <node id="9019970174" visible="true" version="1" changeset="109931497" timestamp="2021-08-19T12:16:58Z" user="Yod4z" uid="318821" lat="44.7334297" lon="2.7311654"/>
 <node id="9019970175" visible="true" version="1" changeset="109931497" timestamp="2021-08-19T12:16:58Z" user="Yod4z" uid="318821" lat="44.7332421" lon="2.7307993"/>
 <node id="9019970176" visible="true" version="1" changeset="109931497" timestamp="2021-08-19T12:16:58Z" user="Yod4z" uid="318821" lat="44.7335425" lon="2.7300980"/>
 <node id="9019970177" visible="true" version="1" changeset="109931497" timestamp="2021-08-19T12:16:58Z" user="Yod4z" uid="318821" lat="44.7338601" lon="2.7298613"/>
 <node id="9019970178" visible="true" version="1" changeset="109931497" timestamp="2021-08-19T12:16:58Z" user="Yod4z" uid="318821" lat="44.7335222" lon="2.7295609"/>
 <node id="9019970179" visible="true" version="1" changeset="109931497" timestamp="2021-08-19T12:16:58Z" user="Yod4z" uid="318821" lat="44.7333562" lon="2.7297482"/>
 <node id="9019970180" visible="true" version="1" changeset="109931497" timestamp="2021-08-19T12:16:58Z" user="Yod4z" uid="318821" lat="44.7331094" lon="2.7310045"/>
 <node id="9019970181" visible="true" version="1" changeset="109931497" timestamp="2021-08-19T12:16:58Z" user="Yod4z" uid="318821" lat="44.7330978" lon="2.7308206"/>
 <node id="9019970183" visible="true" version="1" changeset="109931497" timestamp="2021-08-19T12:16:58Z" user="Yod4z" uid="318821" lat="44.7327481" lon="2.7311384"/>
 <node id="9019970184" visible="true" version="1" changeset="109931497" timestamp="2021-08-19T12:16:58Z" user="Yod4z" uid="318821" lat="44.7325675" lon="2.7303668"/>
 <node id="9019970189" visible="true" version="1" changeset="109931497" timestamp="2021-08-19T12:16:58Z" user="Yod4z" uid="318821" lat="44.7325713" lon="2.7301458"/>
 <node id="9019970191" visible="true" version="1" changeset="109931497" timestamp="2021-08-19T12:16:58Z" user="Yod4z" uid="318821" lat="44.7327673" lon="2.7302189"/>
 <node id="9019970192" visible="true" version="1" changeset="109931497" timestamp="2021-08-19T12:16:58Z" user="Yod4z" uid="318821" lat="44.7328863" lon="2.7301911"/>
 <node id="9019970193" visible="true" version="1" changeset="109931497" timestamp="2021-08-19T12:16:58Z" user="Yod4z" uid="318821" lat="44.7329572" lon="2.7302791"/>
 <node id="9019970194" visible="true" version="1" changeset="109931497" timestamp="2021-08-19T12:16:58Z" user="Yod4z" uid="318821" lat="44.7332328" lon="2.7297653"/>
 <node id="9019970195" visible="true" version="1" changeset="109931497" timestamp="2021-08-19T12:16:58Z" user="Yod4z" uid="318821" lat="44.7331512" lon="2.7302918"/>
 <node id="9019970196" visible="true" version="1" changeset="109931497" timestamp="2021-08-19T12:16:58Z" user="Yod4z" uid="318821" lat="44.7329932" lon="2.7304035"/>
 <node id="9019970197" visible="true" version="1" changeset="109931497" timestamp="2021-08-19T12:16:58Z" user="Yod4z" uid="318821" lat="44.7327999" lon="2.7303735"/>
 <node id="9019970198" visible="true" version="1" changeset="109931497" timestamp="2021-08-19T12:16:58Z" user="Yod4z" uid="318821" lat="44.7327308" lon="2.7306165"/>
 <node id="9019970199" visible="true" version="1" changeset="109931497" timestamp="2021-08-19T12:16:58Z" user="Yod4z" uid="318821" lat="44.7328163" lon="2.7307031"/>
 <node id="9019970200" visible="true" version="1" changeset="109931497" timestamp="2021-08-19T12:16:58Z" user="Yod4z" uid="318821" lat="44.7326733" lon="2.7292687"/>
 <node id="9019970201" visible="true" version="1" changeset="109931497" timestamp="2021-08-19T12:16:58Z" user="Yod4z" uid="318821" lat="44.7328684" lon="2.7291104"/>
 <node id="9020421057" visible="true" version="1" changeset="109942223" timestamp="2021-08-19T15:53:03Z" user="Yod4z" uid="318821" lat="44.7351315" lon="2.7356534"/>
 <node id="9020421070" visible="true" version="1" changeset="109942223" timestamp="2021-08-19T15:53:03Z" user="Yod4z" uid="318821" lat="44.7354423" lon="2.7357014"/>
 <node id="9029183696" visible="true" version="1" changeset="110125602" timestamp="2021-08-23T16:04:55Z" user="Yod4z" uid="318821" lat="44.7369409" lon="2.7385052"/>
 <node id="9029183697" visible="true" version="1" changeset="110125602" timestamp="2021-08-23T16:04:55Z" user="Yod4z" uid="318821" lat="44.7368596" lon="2.7371858"/>
 <node id="9029183698" visible="true" version="1" changeset="110125602" timestamp="2021-08-23T16:04:55Z" user="Yod4z" uid="318821" lat="44.7374996" lon="2.7376436"/>
 <node id="9029183699" visible="true" version="1" changeset="110125602" timestamp="2021-08-23T16:04:55Z" user="Yod4z" uid="318821" lat="44.7365094" lon="2.7467644"/>
 <node id="9029183700" visible="true" version="1" changeset="110125602" timestamp="2021-08-23T16:04:55Z" user="Yod4z" uid="318821" lat="44.7368721" lon="2.7468896"/>
 <node id="9029183701" visible="true" version="1" changeset="110125602" timestamp="2021-08-23T16:04:55Z" user="Yod4z" uid="318821" lat="44.7359574" lon="2.7480139"/>
 <node id="9029183702" visible="true" version="1" changeset="110125602" timestamp="2021-08-23T16:04:55Z" user="Yod4z" uid="318821" lat="44.7358868" lon="2.7486976"/>
 <node id="9029183703" visible="true" version="1" changeset="110125602" timestamp="2021-08-23T16:04:55Z" user="Yod4z" uid="318821" lat="44.7372041" lon="2.7469371"/>
 <node id="9029183704" visible="true" version="1" changeset="110125602" timestamp="2021-08-23T16:04:55Z" user="Yod4z" uid="318821" lat="44.7372896" lon="2.7472298"/>
 <node id="9029183705" visible="true" version="1" changeset="110125602" timestamp="2021-08-23T16:04:55Z" user="Yod4z" uid="318821" lat="44.7364826" lon="2.7485370"/>
 <node id="9029183706" visible="true" version="1" changeset="110125602" timestamp="2021-08-23T16:04:55Z" user="Yod4z" uid="318821" lat="44.7376604" lon="2.7475366"/>
 <node id="9029183707" visible="true" version="1" changeset="110125602" timestamp="2021-08-23T16:04:55Z" user="Yod4z" uid="318821" lat="44.7369508" lon="2.7489429"/>
 <node id="9029183708" visible="true" version="2" changeset="110296249" timestamp="2021-08-26T15:57:37Z" user="Yod4z" uid="318821" lat="44.7372654" lon="2.7483806"/>
 <node id="9034862292" visible="true" version="1" changeset="110228878" timestamp="2021-08-25T12:08:51Z" user="Yod4z" uid="318821" lat="44.7332612" lon="2.7453979"/>
 <node id="9034862293" visible="true" version="1" changeset="110228878" timestamp="2021-08-25T12:08:51Z" user="Yod4z" uid="318821" lat="44.7317728" lon="2.7447056"/>
 <node id="9034862294" visible="true" version="1" changeset="110228878" timestamp="2021-08-25T12:08:51Z" user="Yod4z" uid="318821" lat="44.7321080" lon="2.7448769"/>
 <node id="9034862295" visible="true" version="2" changeset="110296249" timestamp="2021-08-26T15:57:37Z" user="Yod4z" uid="318821" lat="44.7309500" lon="2.7451322"/>
 <node id="9034862296" visible="true" version="1" changeset="110228878" timestamp="2021-08-25T12:08:51Z" user="Yod4z" uid="318821" lat="44.7309799" lon="2.7452201"/>
 <node id="9034862297" visible="true" version="1" changeset="110228878" timestamp="2021-08-25T12:08:51Z" user="Yod4z" uid="318821" lat="44.7316849" lon="2.7450376"/>
 <node id="9038379915" visible="true" version="1" changeset="110296249" timestamp="2021-08-26T15:57:37Z" user="Yod4z" uid="318821" lat="44.7348138" lon="2.7470919"/>
 <node id="9038379916" visible="true" version="1" changeset="110296249" timestamp="2021-08-26T15:57:37Z" user="Yod4z" uid="318821" lat="44.7372854" lon="2.7481327"/>
 <node id="9038394817" visible="true" version="1" changeset="110296249" timestamp="2021-08-26T15:57:37Z" user="Yod4z" uid="318821" lat="44.7360104" lon="2.7356289"/>
 <node id="9038394818" visible="true" version="1" changeset="110296249" timestamp="2021-08-26T15:57:37Z" user="Yod4z" uid="318821" lat="44.7397020" lon="2.7390164"/>
 <node id="9038394819" visible="true" version="1" changeset="110296249" timestamp="2021-08-26T15:57:37Z" user="Yod4z" uid="318821" lat="44.7396224" lon="2.7389230"/>
 <node id="9038394820" visible="true" version="1" changeset="110296249" timestamp="2021-08-26T15:57:37Z" user="Yod4z" uid="318821" lat="44.7393703" lon="2.7388576"/>
 <node id="9038394821" visible="true" version="1" changeset="110296249" timestamp="2021-08-26T15:57:37Z" user="Yod4z" uid="318821" lat="44.7392708" lon="2.7385727"/>
 <node id="9038394822" visible="true" version="1" changeset="110296249" timestamp="2021-08-26T15:57:37Z" user="Yod4z" uid="318821" lat="44.7390021" lon="2.7380544"/>
 <node id="9038394823" visible="true" version="1" changeset="110296249" timestamp="2021-08-26T15:57:37Z" user="Yod4z" uid="318821" lat="44.7384017" lon="2.7375453"/>
 <node id="9038394824" visible="true" version="1" changeset="110296249" timestamp="2021-08-26T15:57:37Z" user="Yod4z" uid="318821" lat="44.7382027" lon="2.7371204"/>
 <node id="9038394825" visible="true" version="1" changeset="110296249" timestamp="2021-08-26T15:57:37Z" user="Yod4z" uid="318821" lat="44.7382292" lon="2.7367981"/>
 <node id="9038394826" visible="true" version="1" changeset="110296249" timestamp="2021-08-26T15:57:37Z" user="Yod4z" uid="318821" lat="44.7381363" lon="2.7362144"/>
 <node id="9038394827" visible="true" version="1" changeset="110296249" timestamp="2021-08-26T15:57:37Z" user="Yod4z" uid="318821" lat="44.7379074" lon="2.7364899"/>
 <node id="9038394828" visible="true" version="1" changeset="110296249" timestamp="2021-08-26T15:57:37Z" user="Yod4z" uid="318821" lat="44.7380700" lon="2.7371717"/>
 <node id="9038394829" visible="true" version="1" changeset="110296249" timestamp="2021-08-26T15:57:37Z" user="Yod4z" uid="318821" lat="44.7381595" lon="2.7374239"/>
 <node id="9038394830" visible="true" version="1" changeset="110296249" timestamp="2021-08-26T15:57:37Z" user="Yod4z" uid="318821" lat="44.7385045" lon="2.7379750"/>
 <node id="9038394831" visible="true" version="1" changeset="110296249" timestamp="2021-08-26T15:57:37Z" user="Yod4z" uid="318821" lat="44.7388628" lon="2.7382598"/>
 <node id="9038394832" visible="true" version="1" changeset="110296249" timestamp="2021-08-26T15:57:37Z" user="Yod4z" uid="318821" lat="44.7392177" lon="2.7390024"/>
 <node id="9038394833" visible="true" version="1" changeset="110296249" timestamp="2021-08-26T15:57:37Z" user="Yod4z" uid="318821" lat="44.7393935" lon="2.7391892"/>
 <node id="9038394834" visible="true" version="1" changeset="110296249" timestamp="2021-08-26T15:57:37Z" user="Yod4z" uid="318821" lat="44.7395859" lon="2.7392219"/>
 <node id="9038394835" visible="true" version="1" changeset="110296249" timestamp="2021-08-26T15:57:37Z" user="Yod4z" uid="318821" lat="44.7381931" lon="2.7411598"/>
 <node id="9038394836" visible="true" version="1" changeset="110296249" timestamp="2021-08-26T15:57:37Z" user="Yod4z" uid="318821" lat="44.7384410" lon="2.7411148"/>
 <node id="9038394837" visible="true" version="1" changeset="110296249" timestamp="2021-08-26T15:57:37Z" user="Yod4z" uid="318821" lat="44.7385956" lon="2.7409105"/>
 <node id="9038394838" visible="true" version="1" changeset="110296249" timestamp="2021-08-26T15:57:37Z" user="Yod4z" uid="318821" lat="44.7388305" lon="2.7408793"/>
 <node id="9038394839" visible="true" version="1" changeset="110296249" timestamp="2021-08-26T15:57:37Z" user="Yod4z" uid="318821" lat="44.7388473" lon="2.7405494"/>
 <node id="9038394840" visible="true" version="1" changeset="110296249" timestamp="2021-08-26T15:57:37Z" user="Yod4z" uid="318821" lat="44.7384442" lon="2.7403998"/>
 <node id="9038394841" visible="true" version="1" changeset="110296249" timestamp="2021-08-26T15:57:37Z" user="Yod4z" uid="318821" lat="44.7390715" lon="2.7404823"/>
 <node id="9038394842" visible="true" version="1" changeset="110296249" timestamp="2021-08-26T15:57:37Z" user="Yod4z" uid="318821" lat="44.7394867" lon="2.7410560"/>
 <node id="9038394843" visible="true" version="1" changeset="110296249" timestamp="2021-08-26T15:57:37Z" user="Yod4z" uid="318821" lat="44.7403758" lon="2.7408916"/>
 <node id="9038394844" visible="true" version="1" changeset="110296249" timestamp="2021-08-26T15:57:37Z" user="Yod4z" uid="318821" lat="44.7397377" lon="2.7418764"/>
 <node id="9038394845" visible="true" version="1" changeset="110296249" timestamp="2021-08-26T15:57:37Z" user="Yod4z" uid="318821" lat="44.7401521" lon="2.7413312"/>
 <node id="9038394846" visible="true" version="1" changeset="110296249" timestamp="2021-08-26T15:57:37Z" user="Yod4z" uid="318821" lat="44.7403361" lon="2.7411602"/>
 <node id="9038394847" visible="true" version="1" changeset="110296249" timestamp="2021-08-26T15:57:37Z" user="Yod4z" uid="318821" lat="44.7409352" lon="2.7411420"/>
 <node id="9038394848" visible="true" version="1" changeset="110296249" timestamp="2021-08-26T15:57:37Z" user="Yod4z" uid="318821" lat="44.7415997" lon="2.7420004"/>
 <node id="9038394849" visible="true" version="1" changeset="110296249" timestamp="2021-08-26T15:57:37Z" user="Yod4z" uid="318821" lat="44.7424163" lon="2.7415096"/>
 <node id="9038394850" visible="true" version="1" changeset="110296249" timestamp="2021-08-26T15:57:37Z" user="Yod4z" uid="318821" lat="44.7417924" lon="2.7418063"/>
 <node id="9038394851" visible="true" version="1" changeset="110296249" timestamp="2021-08-26T15:57:37Z" user="Yod4z" uid="318821" lat="44.7423767" lon="2.7412128"/>
 <node id="9038394852" visible="true" version="1" changeset="110296249" timestamp="2021-08-26T15:57:37Z" user="Yod4z" uid="318821" lat="44.7421778" lon="2.7409196"/>
 <node id="9038394853" visible="true" version="1" changeset="110296249" timestamp="2021-08-26T15:57:37Z" user="Yod4z" uid="318821" lat="44.7421546" lon="2.7410522"/>
 <node id="9038394854" visible="true" version="1" changeset="110296249" timestamp="2021-08-26T15:57:37Z" user="Yod4z" uid="318821" lat="44.7442660" lon="2.7419605"/>
 <node id="9038394855" visible="true" version="1" changeset="110296249" timestamp="2021-08-26T15:57:37Z" user="Yod4z" uid="318821" lat="44.7438229" lon="2.7422519"/>
 <node id="9038394856" visible="true" version="1" changeset="110296249" timestamp="2021-08-26T15:57:37Z" user="Yod4z" uid="318821" lat="44.7430839" lon="2.7416831"/>
 <node id="9038394857" visible="true" version="1" changeset="110296249" timestamp="2021-08-26T15:57:37Z" user="Yod4z" uid="318821" lat="44.7432776" lon="2.7411970"/>
 <node id="9038394858" visible="true" version="1" changeset="110296249" timestamp="2021-08-26T15:57:37Z" user="Yod4z" uid="318821" lat="44.7436962" lon="2.7417898"/>
 <node id="9038394859" visible="true" version="1" changeset="110296249" timestamp="2021-08-26T15:57:37Z" user="Yod4z" uid="318821" lat="44.7442600" lon="2.7422837"/>
 <node id="9038394860" visible="true" version="1" changeset="110296249" timestamp="2021-08-26T15:57:37Z" user="Yod4z" uid="318821" lat="44.7456793" lon="2.7432942"/>
 <node id="9038394861" visible="true" version="1" changeset="110296249" timestamp="2021-08-26T15:57:37Z" user="Yod4z" uid="318821" lat="44.7449332" lon="2.7429757"/>
 <node id="9038394862" visible="true" version="1" changeset="110296249" timestamp="2021-08-26T15:57:37Z" user="Yod4z" uid="318821" lat="44.7447075" lon="2.7442188"/>
 <node id="9041465939" visible="true" version="1" changeset="110353670" timestamp="2021-08-27T17:54:02Z" user="Yod4z" uid="318821" lat="44.7391858" lon="2.7210910"/>
 <node id="9041465940" visible="true" version="1" changeset="110353670" timestamp="2021-08-27T17:54:02Z" user="Yod4z" uid="318821" lat="44.7390098" lon="2.7215348"/>
 <node id="9041465941" visible="true" version="1" changeset="110353670" timestamp="2021-08-27T17:54:02Z" user="Yod4z" uid="318821" lat="44.7392736" lon="2.7217752"/>
 <node id="9041465942" visible="true" version="1" changeset="110353670" timestamp="2021-08-27T17:54:02Z" user="Yod4z" uid="318821" lat="44.7389593" lon="2.7226121"/>
 <node id="9041465943" visible="true" version="1" changeset="110353670" timestamp="2021-08-27T17:54:02Z" user="Yod4z" uid="318821" lat="44.7389572" lon="2.7228958"/>
 <node id="9041465944" visible="true" version="1" changeset="110353670" timestamp="2021-08-27T17:54:02Z" user="Yod4z" uid="318821" lat="44.7387161" lon="2.7225952"/>
 <node id="9041465945" visible="true" version="1" changeset="110353670" timestamp="2021-08-27T17:54:02Z" user="Yod4z" uid="318821" lat="44.7387945" lon="2.7224635"/>
 <node id="9041465946" visible="true" version="1" changeset="110353670" timestamp="2021-08-27T17:54:02Z" user="Yod4z" uid="318821" lat="44.7387409" lon="2.7231391"/>
 <node id="9041465947" visible="true" version="1" changeset="110353670" timestamp="2021-08-27T17:54:02Z" user="Yod4z" uid="318821" lat="44.7381115" lon="2.7233858"/>
 <node id="9041465948" visible="true" version="1" changeset="110353670" timestamp="2021-08-27T17:54:02Z" user="Yod4z" uid="318821" lat="44.7383907" lon="2.7237146"/>
 <node id="9041465949" visible="true" version="1" changeset="110353670" timestamp="2021-08-27T17:54:02Z" user="Yod4z" uid="318821" lat="44.7380123" lon="2.7236997"/>
 <node id="9041465950" visible="true" version="1" changeset="110353670" timestamp="2021-08-27T17:54:02Z" user="Yod4z" uid="318821" lat="44.7381617" lon="2.7238099"/>
 <node id="9041465951" visible="true" version="1" changeset="110353670" timestamp="2021-08-27T17:54:02Z" user="Yod4z" uid="318821" lat="44.7383856" lon="2.7241032"/>
 <node id="9041465952" visible="true" version="1" changeset="110353670" timestamp="2021-08-27T17:54:02Z" user="Yod4z" uid="318821" lat="44.7380812" lon="2.7240686"/>
 <node id="9041465953" visible="true" version="1" changeset="110353670" timestamp="2021-08-27T17:54:02Z" user="Yod4z" uid="318821" lat="44.7382998" lon="2.7245716"/>
 <node id="9041465954" visible="true" version="1" changeset="110353670" timestamp="2021-08-27T17:54:02Z" user="Yod4z" uid="318821" lat="44.7379649" lon="2.7243668"/>
 <node id="9041465955" visible="true" version="1" changeset="110353670" timestamp="2021-08-27T17:54:02Z" user="Yod4z" uid="318821" lat="44.7379368" lon="2.7240916"/>
 <node id="9041465957" visible="true" version="1" changeset="110353670" timestamp="2021-08-27T17:54:02Z" user="Yod4z" uid="318821" lat="44.7399714" lon="2.7225932"/>
 <node id="9041465958" visible="true" version="1" changeset="110353670" timestamp="2021-08-27T17:54:02Z" user="Yod4z" uid="318821" lat="44.7427795" lon="2.7290519"/>
 <node id="9041465959" visible="true" version="1" changeset="110353670" timestamp="2021-08-27T17:54:02Z" user="Yod4z" uid="318821" lat="44.7419497" lon="2.7288671"/>
 <node id="9041465960" visible="true" version="1" changeset="110353670" timestamp="2021-08-27T17:54:02Z" user="Yod4z" uid="318821" lat="44.7434053" lon="2.7287047"/>
 <node id="9041465961" visible="true" version="1" changeset="110353670" timestamp="2021-08-27T17:54:02Z" user="Yod4z" uid="318821" lat="44.7435422" lon="2.7282055"/>
 <node id="9041465962" visible="true" version="1" changeset="110353670" timestamp="2021-08-27T17:54:02Z" user="Yod4z" uid="318821" lat="44.7433995" lon="2.7276798"/>
 <node id="9041465963" visible="true" version="1" changeset="110353670" timestamp="2021-08-27T17:54:02Z" user="Yod4z" uid="318821" lat="44.7411929" lon="2.7291924"/>
 <node id="9041465964" visible="true" version="1" changeset="110353670" timestamp="2021-08-27T17:54:02Z" user="Yod4z" uid="318821" lat="44.7417724" lon="2.7295677"/>
 <node id="9041465965" visible="true" version="1" changeset="110353670" timestamp="2021-08-27T17:54:02Z" user="Yod4z" uid="318821" lat="44.7413770" lon="2.7296349"/>
 <node id="9041465966" visible="true" version="1" changeset="110353670" timestamp="2021-08-27T17:54:02Z" user="Yod4z" uid="318821" lat="44.7422434" lon="2.7307763"/>
 <node id="9041465967" visible="true" version="1" changeset="110353670" timestamp="2021-08-27T17:54:02Z" user="Yod4z" uid="318821" lat="44.7416292" lon="2.7304179"/>
 <node id="9041465968" visible="true" version="1" changeset="110353670" timestamp="2021-08-27T17:54:02Z" user="Yod4z" uid="318821" lat="44.7429770" lon="2.7320623"/>
 <node id="9041465969" visible="true" version="1" changeset="110353670" timestamp="2021-08-27T17:54:02Z" user="Yod4z" uid="318821" lat="44.7433442" lon="2.7312777"/>
 <node id="9041465970" visible="true" version="1" changeset="110353670" timestamp="2021-08-27T17:54:02Z" user="Yod4z" uid="318821" lat="44.7439238" lon="2.7324088"/>
 <node id="9041465971" visible="true" version="1" changeset="110353670" timestamp="2021-08-27T17:54:02Z" user="Yod4z" uid="318821" lat="44.7445916" lon="2.7338211"/>
 <node id="9041465972" visible="true" version="1" changeset="110353670" timestamp="2021-08-27T17:54:02Z" user="Yod4z" uid="318821" lat="44.7445292" lon="2.7329522"/>
 <node id="9041465973" visible="true" version="1" changeset="110353670" timestamp="2021-08-27T17:54:02Z" user="Yod4z" uid="318821" lat="44.7449425" lon="2.7338326"/>
 <node id="9041465974" visible="true" version="1" changeset="110353670" timestamp="2021-08-27T17:54:02Z" user="Yod4z" uid="318821" lat="44.7447721" lon="2.7340675"/>
 <node id="9041465990" visible="true" version="1" changeset="110353670" timestamp="2021-08-27T17:54:02Z" user="Yod4z" uid="318821" lat="44.7453502" lon="2.7283200"/>
 <node id="9041465991" visible="true" version="1" changeset="110353670" timestamp="2021-08-27T17:54:02Z" user="Yod4z" uid="318821" lat="44.7471030" lon="2.7299383"/>
 <node id="9041465992" visible="true" version="1" changeset="110353670" timestamp="2021-08-27T17:54:02Z" user="Yod4z" uid="318821" lat="44.7475670" lon="2.7301899"/>
 <node id="9041465993" visible="true" version="1" changeset="110353670" timestamp="2021-08-27T17:54:02Z" user="Yod4z" uid="318821" lat="44.7472576" lon="2.7323027"/>
 <node id="9041465994" visible="true" version="1" changeset="110353670" timestamp="2021-08-27T17:54:02Z" user="Yod4z" uid="318821" lat="44.7475893" lon="2.7333591"/>
 <node id="9041465996" visible="true" version="1" changeset="110353670" timestamp="2021-08-27T17:54:02Z" user="Yod4z" uid="318821" lat="44.7483583" lon="2.7337649"/>
 <node id="9041465997" visible="true" version="1" changeset="110353670" timestamp="2021-08-27T17:54:02Z" user="Yod4z" uid="318821" lat="44.7479788" lon="2.7338593"/>
 <node id="9041465998" visible="true" version="1" changeset="110353670" timestamp="2021-08-27T17:54:02Z" user="Yod4z" uid="318821" lat="44.7479876" lon="2.7340811"/>
 <node id="9041465999" visible="true" version="1" changeset="110353670" timestamp="2021-08-27T17:54:02Z" user="Yod4z" uid="318821" lat="44.7492014" lon="2.7334201"/>
 <node id="9041466000" visible="true" version="1" changeset="110353670" timestamp="2021-08-27T17:54:02Z" user="Yod4z" uid="318821" lat="44.7492949" lon="2.7327891"/>
 <node id="9041466001" visible="true" version="1" changeset="110353670" timestamp="2021-08-27T17:54:02Z" user="Yod4z" uid="318821" lat="44.7466031" lon="2.7281183"/>
 <node id="9041466002" visible="true" version="1" changeset="110353670" timestamp="2021-08-27T17:54:02Z" user="Yod4z" uid="318821" lat="44.7453172" lon="2.7274493"/>
 <node id="9041466003" visible="true" version="1" changeset="110353670" timestamp="2021-08-27T17:54:02Z" user="Yod4z" uid="318821" lat="44.7448964" lon="2.7284439"/>
 <node id="9041466004" visible="true" version="1" changeset="110353670" timestamp="2021-08-27T17:54:02Z" user="Yod4z" uid="318821" lat="44.7449761" lon="2.7263115"/>
 <node id="9041466005" visible="true" version="1" changeset="110353670" timestamp="2021-08-27T17:54:02Z" user="Yod4z" uid="318821" lat="44.7446597" lon="2.7266203"/>
 <node id="9041466006" visible="true" version="1" changeset="110353670" timestamp="2021-08-27T17:54:02Z" user="Yod4z" uid="318821" lat="44.7447982" lon="2.7279639"/>
 <node id="9041466007" visible="true" version="1" changeset="110353670" timestamp="2021-08-27T17:54:02Z" user="Yod4z" uid="318821" lat="44.7446586" lon="2.7282547"/>
 <node id="9041466008" visible="true" version="1" changeset="110353670" timestamp="2021-08-27T17:54:02Z" user="Yod4z" uid="318821" lat="44.7442016" lon="2.7273596"/>
 <node id="9041466009" visible="true" version="1" changeset="110353670" timestamp="2021-08-27T17:54:02Z" user="Yod4z" uid="318821" lat="44.7437469" lon="2.7270961"/>
 <node id="9041466010" visible="true" version="1" changeset="110353670" timestamp="2021-08-27T17:54:02Z" user="Yod4z" uid="318821" lat="44.7440425" lon="2.7264831"/>
 <node id="9041466011" visible="true" version="1" changeset="110353670" timestamp="2021-08-27T17:54:02Z" user="Yod4z" uid="318821" lat="44.7444064" lon="2.7253413"/>
 <node id="9041466012" visible="true" version="1" changeset="110353670" timestamp="2021-08-27T17:54:02Z" user="Yod4z" uid="318821" lat="44.7441490" lon="2.7260396"/>
 <node id="9041466013" visible="true" version="1" changeset="110353670" timestamp="2021-08-27T17:54:02Z" user="Yod4z" uid="318821" lat="44.7439198" lon="2.7262967"/>
 <node id="9041466014" visible="true" version="1" changeset="110353670" timestamp="2021-08-27T17:54:02Z" user="Yod4z" uid="318821" lat="44.7484737" lon="2.7329390"/>
 <node id="9041466015" visible="true" version="1" changeset="110353670" timestamp="2021-08-27T17:54:02Z" user="Yod4z" uid="318821" lat="44.7490565" lon="2.7324978"/>
 <node id="9318406389" visible="true" version="2" changeset="136275070" timestamp="2023-05-18T22:12:47Z" user="InfosReseaux" uid="93222" lat="44.7393394" lon="2.6984129">
  <tag k="location:transition" v="yes"/>
  <tag k="operator" v="Enedis"/>
  <tag k="operator:wikidata" v="Q3587594"/>
  <tag k="power" v="pole"/>
 </node>
 <node id="9318406390" visible="true" version="2" changeset="136275070" timestamp="2023-05-18T22:12:47Z" user="InfosReseaux" uid="93222" lat="44.7394723" lon="2.6993987">
  <tag k="operator" v="Enedis"/>
  <tag k="operator:wikidata" v="Q3587594"/>
  <tag k="power" v="pole"/>
 </node>
 <node id="9318406391" visible="true" version="2" changeset="136275070" timestamp="2023-05-18T22:12:47Z" user="InfosReseaux" uid="93222" lat="44.7396282" lon="2.7004354">
  <tag k="operator" v="Enedis"/>
  <tag k="operator:wikidata" v="Q3587594"/>
  <tag k="power" v="pole"/>
 </node>
 <node id="9318406392" visible="true" version="2" changeset="136275070" timestamp="2023-05-18T22:12:47Z" user="InfosReseaux" uid="93222" lat="44.7398361" lon="2.7017730">
  <tag k="operator" v="Enedis"/>
  <tag k="operator:wikidata" v="Q3587594"/>
  <tag k="power" v="pole"/>
 </node>
 <node id="9318406393" visible="true" version="2" changeset="136275070" timestamp="2023-05-18T22:12:47Z" user="InfosReseaux" uid="93222" lat="44.7401552" lon="2.7036655">
  <tag k="operator" v="Enedis"/>
  <tag k="operator:wikidata" v="Q3587594"/>
  <tag k="power" v="pole"/>
 </node>
 <node id="9318406394" visible="true" version="2" changeset="136275070" timestamp="2023-05-18T22:12:47Z" user="InfosReseaux" uid="93222" lat="44.7401076" lon="2.7045782">
  <tag k="operator" v="Enedis"/>
  <tag k="operator:wikidata" v="Q3587594"/>
  <tag k="power" v="pole"/>
 </node>
 <node id="9318406402" visible="true" version="2" changeset="136275070" timestamp="2023-05-18T22:12:47Z" user="InfosReseaux" uid="93222" lat="44.7383451" lon="2.7264599">
  <tag k="operator" v="Enedis"/>
  <tag k="operator:wikidata" v="Q3587594"/>
  <tag k="power" v="pole"/>
 </node>
 <node id="9318406403" visible="true" version="2" changeset="136275070" timestamp="2023-05-18T22:12:47Z" user="InfosReseaux" uid="93222" lat="44.7398478" lon="2.7281557">
  <tag k="operator" v="Enedis"/>
  <tag k="operator:wikidata" v="Q3587594"/>
  <tag k="power" v="pole"/>
 </node>
 <node id="9318406404" visible="true" version="2" changeset="136275070" timestamp="2023-05-18T22:12:47Z" user="InfosReseaux" uid="93222" lat="44.7394188" lon="2.7273393">
  <tag k="operator" v="Enedis"/>
  <tag k="operator:wikidata" v="Q3587594"/>
  <tag k="power" v="pole"/>
 </node>
 <node id="9318406405" visible="true" version="2" changeset="136275070" timestamp="2023-05-18T22:12:47Z" user="InfosReseaux" uid="93222" lat="44.7402466" lon="2.7289722">
  <tag k="operator" v="Enedis"/>
  <tag k="operator:wikidata" v="Q3587594"/>
  <tag k="power" v="pole"/>
 </node>
 <node id="9318406406" visible="true" version="2" changeset="136275070" timestamp="2023-05-18T22:12:47Z" user="InfosReseaux" uid="93222" lat="44.7407872" lon="2.7296300">
  <tag k="operator" v="Enedis"/>
  <tag k="operator:wikidata" v="Q3587594"/>
  <tag k="power" v="pole"/>
 </node>
 <node id="9318406407" visible="true" version="2" changeset="136275070" timestamp="2023-05-18T22:12:47Z" user="InfosReseaux" uid="93222" lat="44.7412807" lon="2.7302077">
  <tag k="operator" v="Enedis"/>
  <tag k="operator:wikidata" v="Q3587594"/>
  <tag k="power" v="pole"/>
 </node>
 <node id="9318406408" visible="true" version="2" changeset="136275070" timestamp="2023-05-18T22:12:47Z" user="InfosReseaux" uid="93222" lat="44.7417162" lon="2.7307392">
  <tag k="operator" v="Enedis"/>
  <tag k="operator:wikidata" v="Q3587594"/>
  <tag k="power" v="pole"/>
 </node>
 <node id="9318406409" visible="true" version="2" changeset="136275070" timestamp="2023-05-18T22:12:47Z" user="InfosReseaux" uid="93222" lat="44.7429220" lon="2.7321627">
  <tag k="operator" v="Enedis"/>
  <tag k="operator:wikidata" v="Q3587594"/>
  <tag k="power" v="pole"/>
 </node>
 <node id="9318406410" visible="true" version="2" changeset="136275070" timestamp="2023-05-18T22:12:47Z" user="InfosReseaux" uid="93222" lat="44.7433618" lon="2.7327157">
  <tag k="operator" v="Enedis"/>
  <tag k="operator:wikidata" v="Q3587594"/>
  <tag k="power" v="pole"/>
 </node>
 <node id="9318406411" visible="true" version="2" changeset="136275070" timestamp="2023-05-18T22:12:47Z" user="InfosReseaux" uid="93222" lat="44.7437897" lon="2.7331671">
  <tag k="operator" v="Enedis"/>
  <tag k="operator:wikidata" v="Q3587594"/>
  <tag k="power" v="pole"/>
 </node>
 <node id="9318406412" visible="true" version="2" changeset="136275070" timestamp="2023-05-18T22:12:47Z" user="InfosReseaux" uid="93222" lat="44.7442306" lon="2.7337093">
  <tag k="operator" v="Enedis"/>
  <tag k="operator:wikidata" v="Q3587594"/>
  <tag k="power" v="pole"/>
 </node>
 <node id="9318406413" visible="true" version="2" changeset="136275070" timestamp="2023-05-18T22:12:47Z" user="InfosReseaux" uid="93222" lat="44.7446333" lon="2.7342208">
  <tag k="operator" v="Enedis"/>
  <tag k="operator:wikidata" v="Q3587594"/>
  <tag k="power" v="pole"/>
 </node>
 <node id="9318406414" visible="true" version="2" changeset="136275070" timestamp="2023-05-18T22:12:47Z" user="InfosReseaux" uid="93222" lat="44.7450983" lon="2.7347831">
  <tag k="operator" v="Enedis"/>
  <tag k="operator:wikidata" v="Q3587594"/>
  <tag k="power" v="pole"/>
 </node>
 <node id="9318406415" visible="true" version="2" changeset="136275070" timestamp="2023-05-18T22:12:47Z" user="InfosReseaux" uid="93222" lat="44.7458817" lon="2.7357213">
  <tag k="location:transition" v="yes"/>
  <tag k="operator" v="Enedis"/>
  <tag k="operator:wikidata" v="Q3587594"/>
  <tag k="power" v="pole"/>
  <tag k="substation" v="minor_distribution"/>
  <tag k="transformer" v="main"/>
  <tag k="voltage:primary" v="20000"/>
  <tag k="voltage:secondary" v="400"/>
 </node>
 <node id="9318406416" visible="true" version="2" changeset="136275070" timestamp="2023-05-18T22:12:47Z" user="InfosReseaux" uid="93222" lat="44.7423191" lon="2.7314545">
  <tag k="operator" v="Enedis"/>
  <tag k="operator:wikidata" v="Q3587594"/>
  <tag k="power" v="pole"/>
 </node>
 <node id="12566062351" visible="true" version="1" changeset="162256007" timestamp="2025-02-07T18:11:37Z" user="Olyon" uid="1443767" lat="44.7334045" lon="2.7286381"/>
 <node id="12566062352" visible="true" version="1" changeset="162256007" timestamp="2025-02-07T18:11:37Z" user="Olyon" uid="1443767" lat="44.7335855" lon="2.7286032"/>
 <node id="12566062353" visible="true" version="1" changeset="162256007" timestamp="2025-02-07T18:11:37Z" user="Olyon" uid="1443767" lat="44.7337913" lon="2.7286434"/>
 <node id="12566062354" visible="true" version="1" changeset="162256007" timestamp="2025-02-07T18:11:37Z" user="Olyon" uid="1443767" lat="44.7339647" lon="2.7286273"/>
 <node id="12566062355" visible="true" version="1" changeset="162256007" timestamp="2025-02-07T18:11:37Z" user="Olyon" uid="1443767" lat="44.7341381" lon="2.7285844"/>
 <node id="12566062372" visible="true" version="1" changeset="162256007" timestamp="2025-02-07T18:11:37Z" user="Olyon" uid="1443767" lat="44.7366608" lon="2.7324575">
  <tag k="name" v="La Mauve"/>
  <tag k="place" v="isolated_dwelling"/>
 </node>
 <node id="12566062380" visible="true" version="1" changeset="162256007" timestamp="2025-02-07T18:11:37Z" user="Olyon" uid="1443767" lat="44.7368842" lon="2.7289902"/>
 <node id="12566062381" visible="true" version="1" changeset="162256007" timestamp="2025-02-07T18:11:37Z" user="Olyon" uid="1443767" lat="44.7368656" lon="2.7289076"/>
 <node id="12566062382" visible="true" version="1" changeset="162256007" timestamp="2025-02-07T18:11:37Z" user="Olyon" uid="1443767" lat="44.7368303" lon="2.7288312"/>
 <node id="12566062383" visible="true" version="1" changeset="162256007" timestamp="2025-02-07T18:11:37Z" user="Olyon" uid="1443767" lat="44.7367875" lon="2.7287950"/>
 <node id="12566062384" visible="true" version="1" changeset="162256007" timestamp="2025-02-07T18:11:37Z" user="Olyon" uid="1443767" lat="44.7367527" lon="2.7287594"/>
 <node id="12566062385" visible="true" version="1" changeset="162256007" timestamp="2025-02-07T18:11:37Z" user="Olyon" uid="1443767" lat="44.7367317" lon="2.7287051"/>
 <node id="12566062390" visible="true" version="1" changeset="162256007" timestamp="2025-02-07T18:11:37Z" user="Olyon" uid="1443767" lat="44.7362549" lon="2.7292925"/>
 <node id="12566062391" visible="true" version="1" changeset="162256007" timestamp="2025-02-07T18:11:37Z" user="Olyon" uid="1443767" lat="44.7361359" lon="2.7293569"/>
 <node id="12566062392" visible="true" version="1" changeset="162256007" timestamp="2025-02-07T18:11:37Z" user="Olyon" uid="1443767" lat="44.7360025" lon="2.7293783"/>
 <node id="13964412250" visible="true" version="1" changeset="184572354" timestamp="2026-06-25T08:54:57Z" user="john9357" uid="297761" lat="44.7785451" lon="2.7371450"/>
 <way id="59081225" visible="true" version="27" changeset="179046537" timestamp="2026-02-25T16:51:07Z" user="Olyon" uid="1443767">
  <nd ref="732257202"/>
  <nd ref="7612211245"/>
  <nd ref="732257605"/>
  <nd ref="732257030"/>
  <nd ref="7612211244"/>
  <nd ref="732257387"/>
  <nd ref="732256466"/>
  <nd ref="7612211243"/>
  <nd ref="732256765"/>
  <nd ref="3995771638"/>
  <nd ref="732256312"/>
  <nd ref="732256595"/>
  <nd ref="9019969103"/>
  <nd ref="732255796"/>
  <nd ref="732256049"/>
  <nd ref="732257587"/>
  <nd ref="732255901"/>
  <nd ref="732256889"/>
  <nd ref="732257174"/>
  <nd ref="732256754"/>
  <nd ref="732257019"/>
  <nd ref="732256171"/>
  <nd ref="732256461"/>
  <nd ref="732256033"/>
  <nd ref="9010503408"/>
  <nd ref="732256302"/>
  <nd ref="732257373"/>
  <nd ref="9010537029"/>
  <nd ref="732255782"/>
  <nd ref="9010537030"/>
  <nd ref="732257162"/>
  <nd ref="732257565"/>
  <nd ref="732256579"/>
  <nd ref="9010537031"/>
  <nd ref="732256878"/>
  <nd ref="732256446"/>
  <nd ref="732256735"/>
  <nd ref="732255883"/>
  <nd ref="9010537117"/>
  <nd ref="732256162"/>
  <nd ref="732255775"/>
  <nd ref="732256020"/>
  <nd ref="732257003"/>
  <nd ref="3995773191"/>
  <nd ref="732257358"/>
  <nd ref="732256862"/>
  <nd ref="732257141"/>
  <nd ref="732256285"/>
  <nd ref="732256559"/>
  <nd ref="732256146"/>
  <nd ref="732256425"/>
  <nd ref="732257539"/>
  <nd ref="2271663406"/>
  <nd ref="732255875"/>
  <nd ref="9010537115"/>
  <nd ref="732257344"/>
  <nd ref="9010537114"/>
  <nd ref="732255762"/>
  <nd ref="732256724"/>
  <nd ref="9010537113"/>
  <nd ref="732256991"/>
  <nd ref="9010537112"/>
  <nd ref="732256550"/>
  <nd ref="732256849"/>
  <nd ref="732724233"/>
  <tag k="highway" v="tertiary"/>
  <tag k="maxspeed" v="90"/>
  <tag k="ref" v="D 504"/>
 </way>
 <way id="152800901" visible="true" version="6" changeset="162256007" timestamp="2025-02-07T18:11:37Z" user="Olyon" uid="1443767">
  <nd ref="732256049"/>
  <nd ref="1655789555"/>
  <nd ref="1655789512"/>
  <nd ref="1655789585"/>
  <nd ref="1655789523"/>
  <nd ref="1655789525"/>
  <nd ref="1655789591"/>
  <nd ref="1655789517"/>
  <nd ref="1655789573"/>
  <nd ref="1655789598"/>
  <nd ref="1655789559"/>
  <nd ref="1655789561"/>
  <nd ref="1655789589"/>
  <nd ref="1655789566"/>
  <nd ref="1655789522"/>
  <nd ref="1655789600"/>
  <nd ref="1655789532"/>
  <nd ref="1655789584"/>
  <nd ref="1655789567"/>
  <nd ref="1655789575"/>
  <nd ref="1655789509"/>
  <nd ref="1655789612"/>
  <nd ref="1655789558"/>
  <nd ref="1655789590"/>
  <nd ref="1655789614"/>
  <nd ref="1655789587"/>
  <nd ref="1655789534"/>
  <nd ref="1655789594"/>
  <nd ref="1655789549"/>
  <nd ref="1655789580"/>
  <nd ref="1655789560"/>
  <nd ref="1655789547"/>
  <nd ref="1655789569"/>
  <nd ref="1655789536"/>
  <nd ref="1655789586"/>
  <nd ref="1655789568"/>
  <nd ref="1655789583"/>
  <nd ref="1655789582"/>
  <nd ref="1655789562"/>
  <nd ref="1655789570"/>
  <nd ref="1655789565"/>
  <nd ref="1655789615"/>
  <nd ref="1655789529"/>
  <nd ref="1655789578"/>
  <nd ref="1655789511"/>
  <nd ref="1655789544"/>
  <nd ref="1655789513"/>
  <nd ref="6387317515"/>
  <nd ref="1655789563"/>
  <nd ref="2392179551"/>
  <nd ref="2392179549"/>
  <nd ref="1655789577"/>
  <tag k="highway" v="tertiary"/>
  <tag k="name" v="Route des Vergnes"/>
  <tag k="ref" v="D 233"/>
 </way>
 <way id="270433486" visible="true" version="6" changeset="184572354" timestamp="2026-06-25T08:54:57Z" user="john9357" uid="297761">
  <nd ref="2841339369"/>
  <nd ref="2841339329"/>
  <nd ref="2841339388"/>
  <nd ref="2841339549"/>
  <nd ref="2841339338"/>
  <nd ref="2841339129"/>
  <nd ref="2841339158"/>
  <nd ref="13964412250"/>
  <nd ref="2841337390"/>
  <nd ref="2841339107"/>
  <nd ref="2841339379"/>
  <nd ref="2841339137"/>
  <nd ref="2841339397"/>
  <nd ref="2841339162"/>
  <nd ref="2841339508"/>
  <nd ref="2841339518"/>
  <nd ref="2841339149"/>
  <nd ref="2841339194"/>
  <nd ref="2841339192"/>
  <nd ref="2841339195"/>
  <nd ref="2841337379"/>
  <nd ref="2841339503"/>
  <nd ref="2841337393"/>
  <nd ref="2841339384"/>
  <nd ref="2841339358"/>
  <nd ref="2841339364"/>
  <nd ref="2841339128"/>
  <nd ref="2841339189"/>
  <nd ref="2841339190"/>
  <nd ref="2841339532"/>
  <nd ref="2841337398"/>
  <nd ref="2841339547"/>
  <nd ref="2841339506"/>
  <nd ref="2841337377"/>
  <nd ref="2841339336"/>
  <nd ref="2841339147"/>
  <nd ref="2841339355"/>
  <nd ref="2841339119"/>
  <nd ref="2841339174"/>
  <nd ref="2841339143"/>
  <nd ref="2841339399"/>
  <nd ref="2841339178"/>
  <nd ref="2841339385"/>
  <nd ref="6381827107"/>
  <nd ref="2841339200"/>
  <nd ref="2841339392"/>
  <nd ref="2841339102"/>
  <nd ref="2841339550"/>
  <nd ref="2841339199"/>
  <nd ref="2841339387"/>
  <nd ref="2841337380"/>
  <nd ref="2841337389"/>
  <nd ref="2841339524"/>
  <nd ref="2841339131"/>
  <nd ref="2841339109"/>
  <nd ref="2841337373"/>
  <nd ref="2841339376"/>
  <nd ref="2841339326"/>
  <nd ref="2841339521"/>
  <nd ref="2841339347"/>
  <nd ref="2841339517"/>
  <nd ref="2841339510"/>
  <nd ref="2841339325"/>
  <nd ref="2841339142"/>
  <nd ref="2841339536"/>
  <nd ref="2841339356"/>
  <nd ref="7284335063"/>
  <nd ref="2841339101"/>
  <nd ref="2841339339"/>
  <nd ref="2841339310"/>
  <nd ref="2841339541"/>
  <nd ref="2841339312"/>
  <nd ref="2841339400"/>
  <nd ref="2841339133"/>
  <nd ref="2841339314"/>
  <nd ref="2841339198"/>
  <nd ref="2841339380"/>
  <nd ref="2841339526"/>
  <nd ref="2841339537"/>
  <nd ref="2841337366"/>
  <nd ref="2841339141"/>
  <nd ref="2841339138"/>
  <nd ref="2841339513"/>
  <nd ref="2841339512"/>
  <nd ref="2841339320"/>
  <nd ref="2841339382"/>
  <nd ref="2841339352"/>
  <nd ref="2841339188"/>
  <nd ref="2841339346"/>
  <nd ref="2841339334"/>
  <nd ref="2841339335"/>
  <nd ref="2841339168"/>
  <nd ref="2841339505"/>
  <nd ref="2841339344"/>
  <nd ref="2841337391"/>
  <nd ref="2754532007"/>
  <nd ref="2754532035"/>
  <nd ref="2754532369"/>
  <nd ref="2754532316"/>
  <nd ref="2754532320"/>
  <nd ref="2754532371"/>
  <nd ref="2754532378"/>
  <nd ref="2754532410"/>
  <nd ref="2754532223"/>
  <nd ref="2754532340"/>
  <nd ref="2754532046"/>
  <nd ref="2754532087"/>
  <nd ref="2754532114"/>
  <nd ref="2754532038"/>
  <nd ref="2754532270"/>
  <nd ref="2754532107"/>
  <nd ref="2754532347"/>
  <nd ref="2754531957"/>
  <nd ref="2754532129"/>
  <nd ref="2754532404"/>
  <nd ref="2754532401"/>
  <nd ref="2754532200"/>
  <nd ref="2754531986"/>
  <nd ref="2754532343"/>
  <nd ref="2754532375"/>
  <nd ref="2754532065"/>
  <nd ref="2754532076"/>
  <nd ref="2754532308"/>
  <nd ref="2754532070"/>
  <nd ref="2754531975"/>
  <nd ref="2754532048"/>
  <nd ref="2754532142"/>
  <nd ref="2754532416"/>
  <nd ref="2754532425"/>
  <nd ref="2754532428"/>
  <nd ref="7612309179"/>
  <nd ref="2754532431"/>
  <nd ref="2754532245"/>
  <nd ref="2754532277"/>
  <nd ref="2754532288"/>
  <nd ref="7612309178"/>
  <nd ref="2754532312"/>
  <nd ref="7612309173"/>
  <nd ref="2754531995"/>
  <nd ref="7612309177"/>
  <nd ref="2754532449"/>
  <nd ref="2754532443"/>
  <nd ref="2754532446"/>
  <nd ref="7612309169"/>
  <nd ref="2754532134"/>
  <nd ref="2754531960"/>
  <nd ref="7612309168"/>
  <nd ref="2754532067"/>
  <nd ref="2754532233"/>
  <nd ref="2754532284"/>
  <nd ref="2754532305"/>
  <nd ref="7612309165"/>
  <nd ref="2754531970"/>
  <nd ref="2754531964"/>
  <nd ref="2754532014"/>
  <nd ref="2754532205"/>
  <nd ref="2754532146"/>
  <nd ref="2754532122"/>
  <nd ref="2754532382"/>
  <nd ref="2754532210"/>
  <nd ref="2754531998"/>
  <nd ref="2754532281"/>
  <nd ref="2754532126"/>
  <nd ref="2754531967"/>
  <nd ref="2754532224"/>
  <nd ref="2754531980"/>
  <nd ref="2754532296"/>
  <nd ref="2754532004"/>
  <nd ref="2754531972"/>
  <nd ref="2754532394"/>
  <nd ref="2754532220"/>
  <nd ref="2754532042"/>
  <nd ref="2754532056"/>
  <nd ref="2754532407"/>
  <nd ref="7612309164"/>
  <nd ref="2754532251"/>
  <nd ref="7612309163"/>
  <nd ref="2754532397"/>
  <nd ref="2754532052"/>
  <nd ref="2754532413"/>
  <nd ref="2754532257"/>
  <nd ref="2754532266"/>
  <nd ref="2754532081"/>
  <nd ref="2754532084"/>
  <nd ref="7612309158"/>
  <nd ref="1652862274"/>
  <tag k="highway" v="unclassified"/>
 </way>
 <way id="396747066" visible="true" version="4" changeset="162256007" timestamp="2025-02-07T18:11:37Z" user="Olyon" uid="1443767">
  <nd ref="3995771638"/>
  <nd ref="9010537097"/>
  <nd ref="3995771636"/>
  <nd ref="3995771631"/>
  <nd ref="3995771630"/>
  <nd ref="3995771635"/>
  <nd ref="3995771640"/>
  <nd ref="3995771641"/>
  <nd ref="7612211242"/>
  <nd ref="3995771643"/>
  <nd ref="3995771645"/>
  <nd ref="12566062380"/>
  <nd ref="3995771648"/>
  <nd ref="7612211241"/>
  <nd ref="7612211211"/>
  <nd ref="732256335"/>
  <tag k="highway" v="unclassified"/>
  <tag k="name" v="Rue du Four"/>
  <tag k="source" v="bing 2016"/>
 </way>
 <way id="396747074" visible="true" version="3" changeset="174923988" timestamp="2025-11-20T20:43:30Z" user="Hervé TUC" uid="922338">
  <nd ref="1652862046"/>
  <nd ref="3995773182"/>
  <nd ref="3995773183"/>
  <nd ref="3995773181"/>
  <tag k="highway" v="unclassified"/>
  <tag k="name" v="Impasse de la Pierre"/>
 </way>
 <way id="400292362" visible="true" version="1" changeset="37469739" timestamp="2016-02-26T19:31:04Z" user="Thierry_la_Fronde_12" uid="161646">
  <nd ref="4028755819"/>
  <nd ref="4028755818"/>
  <nd ref="4028755795"/>
  <nd ref="4028755778"/>
  <nd ref="4028755791"/>
  <nd ref="4028755781"/>
  <nd ref="4028755798"/>
  <nd ref="4028755846"/>
  <nd ref="4028755842"/>
  <nd ref="4028755826"/>
  <nd ref="4028755819"/>
  <tag k="building" v="yes"/>
  <tag k="source" v="cadastre-dgi-fr source : Direction Générale des Finances Publiques - Cadastre. Mise à jour : 2016"/>
 </way>
 <way id="400292366" visible="true" version="1" changeset="37469739" timestamp="2016-02-26T19:31:04Z" user="Thierry_la_Fronde_12" uid="161646">
  <nd ref="4028755788"/>
  <nd ref="4028755860"/>
  <nd ref="4028755876"/>
  <nd ref="4028755864"/>
  <nd ref="4028755872"/>
  <nd ref="4028755851"/>
  <nd ref="4028755836"/>
  <nd ref="4028755832"/>
  <nd ref="4028755827"/>
  <nd ref="4028755802"/>
  <nd ref="4028755788"/>
  <tag k="building" v="yes"/>
  <tag k="source" v="cadastre-dgi-fr source : Direction Générale des Finances Publiques - Cadastre. Mise à jour : 2016"/>
 </way>
 <way id="400292387" visible="true" version="1" changeset="37469739" timestamp="2016-02-26T19:31:05Z" user="Thierry_la_Fronde_12" uid="161646">
  <nd ref="4028756572"/>
  <nd ref="4028756567"/>
  <nd ref="4028756556"/>
  <nd ref="4028756589"/>
  <nd ref="4028756571"/>
  <nd ref="4028756554"/>
  <nd ref="4028756528"/>
  <nd ref="4028756366"/>
  <nd ref="4028756333"/>
  <nd ref="4028756539"/>
  <nd ref="4028756572"/>
  <tag k="building" v="yes"/>
  <tag k="source" v="cadastre-dgi-fr source : Direction Générale des Finances Publiques - Cadastre. Mise à jour : 2016"/>
 </way>
 <way id="400292389" visible="true" version="1" changeset="37469739" timestamp="2016-02-26T19:31:05Z" user="Thierry_la_Fronde_12" uid="161646">
  <nd ref="4028755357"/>
  <nd ref="4028755365"/>
  <nd ref="4028755349"/>
  <nd ref="4028755356"/>
  <nd ref="4028755305"/>
  <nd ref="4028755293"/>
  <nd ref="4028755337"/>
  <nd ref="4028755333"/>
  <nd ref="4028755320"/>
  <nd ref="4028755312"/>
  <nd ref="4028755357"/>
  <tag k="building" v="yes"/>
  <tag k="source" v="cadastre-dgi-fr source : Direction Générale des Finances Publiques - Cadastre. Mise à jour : 2016"/>
 </way>
 <way id="400292429" visible="true" version="1" changeset="37469739" timestamp="2016-02-26T19:31:06Z" user="Thierry_la_Fronde_12" uid="161646">
  <nd ref="4028754896"/>
  <nd ref="4028754884"/>
  <nd ref="4028754894"/>
  <nd ref="4028754895"/>
  <nd ref="4028754902"/>
  <nd ref="4028754929"/>
  <nd ref="4028754916"/>
  <nd ref="4028754919"/>
  <nd ref="4028754928"/>
  <nd ref="4028754931"/>
  <nd ref="4028754904"/>
  <nd ref="4028754896"/>
  <tag k="building" v="yes"/>
  <tag k="source" v="cadastre-dgi-fr source : Direction Générale des Finances Publiques - Cadastre. Mise à jour : 2016"/>
 </way>
 <way id="400292439" visible="true" version="1" changeset="37469739" timestamp="2016-02-26T19:31:07Z" user="Thierry_la_Fronde_12" uid="161646">
  <nd ref="4028755479"/>
  <nd ref="4028755499"/>
  <nd ref="4028755546"/>
  <nd ref="4028755549"/>
  <nd ref="4028755551"/>
  <nd ref="4028755552"/>
  <nd ref="4028755556"/>
  <nd ref="4028755560"/>
  <nd ref="4028755561"/>
  <nd ref="4028755568"/>
  <nd ref="4028755498"/>
  <nd ref="4028755479"/>
  <tag k="building" v="yes"/>
  <tag k="source" v="cadastre-dgi-fr source : Direction Générale des Finances Publiques - Cadastre. Mise à jour : 2016"/>
 </way>
 <way id="400292448" visible="true" version="1" changeset="37469739" timestamp="2016-02-26T19:31:07Z" user="Thierry_la_Fronde_12" uid="161646">
  <nd ref="4028755699"/>
  <nd ref="4028755715"/>
  <nd ref="4028755734"/>
  <nd ref="4028755722"/>
  <nd ref="4028755726"/>
  <nd ref="4028755748"/>
  <nd ref="4028755740"/>
  <nd ref="4028755735"/>
  <nd ref="4028755708"/>
  <nd ref="4028755703"/>
  <nd ref="4028755695"/>
  <nd ref="4028755718"/>
  <nd ref="4028755699"/>
  <tag k="building" v="yes"/>
  <tag k="source" v="cadastre-dgi-fr source : Direction Générale des Finances Publiques - Cadastre. Mise à jour : 2016"/>
 </way>
 <way id="400292462" visible="true" version="1" changeset="37469739" timestamp="2016-02-26T19:31:08Z" user="Thierry_la_Fronde_12" uid="161646">
  <nd ref="4028755661"/>
  <nd ref="4028755652"/>
  <nd ref="4028755655"/>
  <nd ref="4028755653"/>
  <nd ref="4028755654"/>
  <nd ref="4028755658"/>
  <nd ref="4028755663"/>
  <nd ref="4028755667"/>
  <nd ref="4028755673"/>
  <nd ref="4028755678"/>
  <nd ref="4028755688"/>
  <nd ref="4028755669"/>
  <nd ref="4028755661"/>
  <tag k="building" v="yes"/>
  <tag k="source" v="cadastre-dgi-fr source : Direction Générale des Finances Publiques - Cadastre. Mise à jour : 2016"/>
 </way>
 <way id="400292472" visible="true" version="1" changeset="37469739" timestamp="2016-02-26T19:31:08Z" user="Thierry_la_Fronde_12" uid="161646">
  <nd ref="4028755548"/>
  <nd ref="4028755595"/>
  <nd ref="4028755612"/>
  <nd ref="4028755590"/>
  <nd ref="4028755580"/>
  <nd ref="4028755576"/>
  <nd ref="4028755572"/>
  <nd ref="4028755570"/>
  <nd ref="4028755569"/>
  <nd ref="4028755563"/>
  <nd ref="4028755587"/>
  <nd ref="4028755537"/>
  <nd ref="4028755548"/>
  <tag k="building" v="yes"/>
  <tag k="source" v="cadastre-dgi-fr source : Direction Générale des Finances Publiques - Cadastre. Mise à jour : 2016"/>
 </way>
 <way id="400292507" visible="true" version="2" changeset="37507373" timestamp="2016-02-28T20:07:42Z" user="didier2020" uid="300459">
  <nd ref="4028755236"/>
  <nd ref="4028755210"/>
  <nd ref="4028755239"/>
  <nd ref="4028755252"/>
  <nd ref="4028755267"/>
  <nd ref="4028755325"/>
  <nd ref="4028755318"/>
  <nd ref="4028755332"/>
  <nd ref="4028755327"/>
  <nd ref="4028755342"/>
  <nd ref="4028755331"/>
  <nd ref="4028755316"/>
  <nd ref="4028755302"/>
  <nd ref="4028755261"/>
  <nd ref="4028755251"/>
  <nd ref="4028755236"/>
  <tag k="building" v="yes"/>
  <tag k="source" v="cadastre-dgi-fr source : Direction Générale des Finances Publiques - Cadastre. Mise à jour : 2016"/>
 </way>
 <way id="400292520" visible="true" version="1" changeset="37469739" timestamp="2016-02-26T19:31:10Z" user="Thierry_la_Fronde_12" uid="161646">
  <nd ref="4028755277"/>
  <nd ref="4028755276"/>
  <nd ref="4028755266"/>
  <nd ref="4028755265"/>
  <nd ref="4028755245"/>
  <nd ref="4028755235"/>
  <nd ref="4028755230"/>
  <nd ref="4028755212"/>
  <nd ref="4028755215"/>
  <nd ref="4028755234"/>
  <nd ref="4028755238"/>
  <nd ref="4028755246"/>
  <nd ref="4028755255"/>
  <nd ref="4028755282"/>
  <nd ref="4028755281"/>
  <nd ref="4028755277"/>
  <tag k="building" v="yes"/>
  <tag k="source" v="cadastre-dgi-fr source : Direction Générale des Finances Publiques - Cadastre. Mise à jour : 2016"/>
 </way>
 <way id="400292554" visible="true" version="1" changeset="37469739" timestamp="2016-02-26T19:31:11Z" user="Thierry_la_Fronde_12" uid="161646">
  <nd ref="4028754990"/>
  <nd ref="4028754984"/>
  <nd ref="4028754986"/>
  <nd ref="4028754987"/>
  <nd ref="4028754985"/>
  <nd ref="4028754982"/>
  <nd ref="4028754980"/>
  <nd ref="4028754978"/>
  <nd ref="4028754976"/>
  <nd ref="4028754948"/>
  <nd ref="4028754955"/>
  <nd ref="4028754936"/>
  <nd ref="4028754910"/>
  <nd ref="4028754930"/>
  <nd ref="4028754945"/>
  <nd ref="4028754959"/>
  <nd ref="4028754979"/>
  <nd ref="4028754969"/>
  <nd ref="4028754990"/>
  <tag k="building" v="yes"/>
  <tag k="source" v="cadastre-dgi-fr source : Direction Générale des Finances Publiques - Cadastre. Mise à jour : 2016"/>
 </way>
 <way id="400292561" visible="true" version="1" changeset="37469739" timestamp="2016-02-26T19:31:12Z" user="Thierry_la_Fronde_12" uid="161646">
  <nd ref="4028755414"/>
  <nd ref="4028755419"/>
  <nd ref="4028755422"/>
  <nd ref="4028755418"/>
  <nd ref="4028755412"/>
  <nd ref="4028755405"/>
  <nd ref="4028755402"/>
  <nd ref="4028755396"/>
  <nd ref="4028755390"/>
  <nd ref="4028755379"/>
  <nd ref="4028755388"/>
  <nd ref="4028755398"/>
  <nd ref="4028755400"/>
  <nd ref="4028755410"/>
  <nd ref="4028755409"/>
  <nd ref="4028755406"/>
  <nd ref="4028755408"/>
  <nd ref="4028755413"/>
  <nd ref="4028755415"/>
  <nd ref="4028755414"/>
  <tag k="building" v="yes"/>
  <tag k="source" v="cadastre-dgi-fr source : Direction Générale des Finances Publiques - Cadastre. Mise à jour : 2016"/>
 </way>
 <way id="400292567" visible="true" version="1" changeset="37469739" timestamp="2016-02-26T19:31:12Z" user="Thierry_la_Fronde_12" uid="161646">
  <nd ref="4028755721"/>
  <nd ref="4028755719"/>
  <nd ref="4028755705"/>
  <nd ref="4028755710"/>
  <nd ref="4028755727"/>
  <nd ref="4028755746"/>
  <nd ref="4028755730"/>
  <nd ref="4028755736"/>
  <nd ref="4028755744"/>
  <nd ref="4028755759"/>
  <nd ref="4028755766"/>
  <nd ref="4028755782"/>
  <nd ref="4028755763"/>
  <nd ref="4028755770"/>
  <nd ref="4028755768"/>
  <nd ref="4028755757"/>
  <nd ref="4028755749"/>
  <nd ref="4028755743"/>
  <nd ref="4028755738"/>
  <nd ref="4028755728"/>
  <nd ref="4028755721"/>
  <tag k="building" v="yes"/>
  <tag k="source" v="cadastre-dgi-fr source : Direction Générale des Finances Publiques - Cadastre. Mise à jour : 2016"/>
 </way>
 <way id="400292603" visible="true" version="1" changeset="37469739" timestamp="2016-02-26T19:31:14Z" user="Thierry_la_Fronde_12" uid="161646">
  <nd ref="4028755281"/>
  <nd ref="4028755360"/>
  <nd ref="4028755366"/>
  <nd ref="4028755277"/>
  <nd ref="4028755281"/>
  <tag k="building" v="yes"/>
  <tag k="source" v="cadastre-dgi-fr source : Direction Générale des Finances Publiques - Cadastre. Mise à jour : 2016"/>
 </way>
 <way id="400292613" visible="true" version="1" changeset="37469739" timestamp="2016-02-26T19:31:15Z" user="Thierry_la_Fronde_12" uid="161646">
  <nd ref="4028755681"/>
  <nd ref="4028755675"/>
  <nd ref="4028755670"/>
  <nd ref="4028755677"/>
  <nd ref="4028755681"/>
  <tag k="building" v="yes"/>
  <tag k="source" v="cadastre-dgi-fr source : Direction Générale des Finances Publiques - Cadastre. Mise à jour : 2016"/>
  <tag k="wall" v="no"/>
 </way>
 <way id="400292617" visible="true" version="1" changeset="37469739" timestamp="2016-02-26T19:31:15Z" user="Thierry_la_Fronde_12" uid="161646">
  <nd ref="4028755390"/>
  <nd ref="4028755396"/>
  <nd ref="4028755394"/>
  <nd ref="4028755386"/>
  <nd ref="4028755390"/>
  <tag k="building" v="yes"/>
  <tag k="source" v="cadastre-dgi-fr source : Direction Générale des Finances Publiques - Cadastre. Mise à jour : 2016"/>
  <tag k="wall" v="no"/>
 </way>
 <way id="400292619" visible="true" version="1" changeset="37469739" timestamp="2016-02-26T19:31:16Z" user="Thierry_la_Fronde_12" uid="161646">
  <nd ref="4028756175"/>
  <nd ref="4028756301"/>
  <nd ref="4028756176"/>
  <nd ref="4028756157"/>
  <nd ref="4028756175"/>
  <tag k="building" v="yes"/>
  <tag k="source" v="cadastre-dgi-fr source : Direction Générale des Finances Publiques - Cadastre. Mise à jour : 2016"/>
 </way>
 <way id="400292624" visible="true" version="1" changeset="37469739" timestamp="2016-02-26T19:31:16Z" user="Thierry_la_Fronde_12" uid="161646">
  <nd ref="4028756577"/>
  <nd ref="4028756363"/>
  <nd ref="4028756542"/>
  <nd ref="4028756609"/>
  <nd ref="4028756577"/>
  <tag k="building" v="yes"/>
  <tag k="source" v="cadastre-dgi-fr source : Direction Générale des Finances Publiques - Cadastre. Mise à jour : 2016"/>
 </way>
 <way id="400292629" visible="true" version="1" changeset="37469739" timestamp="2016-02-26T19:31:16Z" user="Thierry_la_Fronde_12" uid="161646">
  <nd ref="4028754951"/>
  <nd ref="4028754961"/>
  <nd ref="4028754965"/>
  <nd ref="4028754958"/>
  <nd ref="4028754951"/>
  <tag k="building" v="yes"/>
  <tag k="source" v="cadastre-dgi-fr source : Direction Générale des Finances Publiques - Cadastre. Mise à jour : 2016"/>
 </way>
 <way id="400292648" visible="true" version="2" changeset="37507373" timestamp="2016-02-28T20:07:42Z" user="didier2020" uid="300459">
  <nd ref="4028755249"/>
  <nd ref="4028755236"/>
  <nd ref="4028755251"/>
  <nd ref="4028755261"/>
  <nd ref="4028755249"/>
  <tag k="building" v="yes"/>
  <tag k="source" v="cadastre-dgi-fr source : Direction Générale des Finances Publiques - Cadastre. Mise à jour : 2016"/>
  <tag k="wall" v="no"/>
 </way>
 <way id="400292652" visible="true" version="3" changeset="166533519" timestamp="2025-05-20T16:43:42Z" user="nlehuby" uid="1424448">
  <nd ref="4028755636"/>
  <nd ref="4028755573"/>
  <nd ref="4028755553"/>
  <nd ref="4028755622"/>
  <nd ref="4028755636"/>
  <tag k="amenity" v="townhall"/>
  <tag k="building" v="civic"/>
  <tag k="contact:email" v="mairie.st-symphorien@orange.fr"/>
  <tag k="contact:phone" v="+33 5 65 44 30 20"/>
  <tag k="contact:website" v="https://www.saint-symphorien-de-thenieres.fr/"/>
  <tag k="opening_hours" v="Mo-Tu 09:00-11:45; Th-Fr 09:00-11:45"/>
  <tag k="ref:FR:SIRET" v="21120250200012"/>
  <tag k="source" v="cadastre-dgi-fr source : Direction Générale des Finances Publiques - Cadastre. Mise à jour : 2016;Service-Public.fr - 03/2025"/>
  <tag k="wheelchair" v="yes"/>
 </way>
 <way id="400292656" visible="true" version="1" changeset="37469739" timestamp="2016-02-26T19:31:18Z" user="Thierry_la_Fronde_12" uid="161646">
  <nd ref="4028755853"/>
  <nd ref="4028755865"/>
  <nd ref="4028755875"/>
  <nd ref="4028755869"/>
  <nd ref="4028755853"/>
  <tag k="building" v="yes"/>
  <tag k="source" v="cadastre-dgi-fr source : Direction Générale des Finances Publiques - Cadastre. Mise à jour : 2016"/>
 </way>
 <way id="400292666" visible="true" version="1" changeset="37469739" timestamp="2016-02-26T19:31:19Z" user="Thierry_la_Fronde_12" uid="161646">
  <nd ref="4028756604"/>
  <nd ref="4028756643"/>
  <nd ref="4028756620"/>
  <nd ref="4028756575"/>
  <nd ref="4028756604"/>
  <tag k="building" v="yes"/>
  <tag k="source" v="cadastre-dgi-fr source : Direction Générale des Finances Publiques - Cadastre. Mise à jour : 2016"/>
  <tag k="wall" v="no"/>
 </way>
 <way id="400292710" visible="true" version="1" changeset="37469739" timestamp="2016-02-26T19:31:20Z" user="Thierry_la_Fronde_12" uid="161646">
  <nd ref="4028756548"/>
  <nd ref="4028756369"/>
  <nd ref="4028756516"/>
  <nd ref="4028756580"/>
  <nd ref="4028756548"/>
  <tag k="building" v="yes"/>
  <tag k="source" v="cadastre-dgi-fr source : Direction Générale des Finances Publiques - Cadastre. Mise à jour : 2016"/>
 </way>
 <way id="400292717" visible="true" version="1" changeset="37469739" timestamp="2016-02-26T19:31:21Z" user="Thierry_la_Fronde_12" uid="161646">
  <nd ref="4028756016"/>
  <nd ref="4028755977"/>
  <nd ref="4028756008"/>
  <nd ref="4028756035"/>
  <nd ref="4028756016"/>
  <tag k="building" v="yes"/>
  <tag k="source" v="cadastre-dgi-fr source : Direction Générale des Finances Publiques - Cadastre. Mise à jour : 2016"/>
 </way>
 <way id="400292731" visible="true" version="1" changeset="37469739" timestamp="2016-02-26T19:31:22Z" user="Thierry_la_Fronde_12" uid="161646">
  <nd ref="4028756153"/>
  <nd ref="4028756181"/>
  <nd ref="4028756293"/>
  <nd ref="4028756173"/>
  <nd ref="4028756153"/>
  <tag k="building" v="yes"/>
  <tag k="source" v="cadastre-dgi-fr source : Direction Générale des Finances Publiques - Cadastre. Mise à jour : 2016"/>
 </way>
 <way id="400292761" visible="true" version="1" changeset="37469739" timestamp="2016-02-26T19:31:24Z" user="Thierry_la_Fronde_12" uid="161646">
  <nd ref="4028755864"/>
  <nd ref="4028755876"/>
  <nd ref="4028755882"/>
  <nd ref="4028755872"/>
  <nd ref="4028755864"/>
  <tag k="building" v="yes"/>
  <tag k="source" v="cadastre-dgi-fr source : Direction Générale des Finances Publiques - Cadastre. Mise à jour : 2016"/>
 </way>
 <way id="400292775" visible="true" version="1" changeset="37469739" timestamp="2016-02-26T19:31:25Z" user="Thierry_la_Fronde_12" uid="161646">
  <nd ref="4028755252"/>
  <nd ref="4028755239"/>
  <nd ref="4028755247"/>
  <nd ref="4028755259"/>
  <nd ref="4028755252"/>
  <tag k="building" v="yes"/>
  <tag k="source" v="cadastre-dgi-fr source : Direction Générale des Finances Publiques - Cadastre. Mise à jour : 2016"/>
  <tag k="wall" v="no"/>
 </way>
 <way id="400292790" visible="true" version="1" changeset="37469739" timestamp="2016-02-26T19:31:26Z" user="Thierry_la_Fronde_12" uid="161646">
  <nd ref="4028756496"/>
  <nd ref="4028756366"/>
  <nd ref="4028756528"/>
  <nd ref="4028756554"/>
  <nd ref="4028756496"/>
  <tag k="building" v="yes"/>
  <tag k="source" v="cadastre-dgi-fr source : Direction Générale des Finances Publiques - Cadastre. Mise à jour : 2016"/>
  <tag k="wall" v="no"/>
 </way>
 <way id="400292804" visible="true" version="1" changeset="37469739" timestamp="2016-02-26T19:31:27Z" user="Thierry_la_Fronde_12" uid="161646">
  <nd ref="4028756561"/>
  <nd ref="4028756530"/>
  <nd ref="4028756550"/>
  <nd ref="4028756573"/>
  <nd ref="4028756561"/>
  <tag k="building" v="yes"/>
  <tag k="source" v="cadastre-dgi-fr source : Direction Générale des Finances Publiques - Cadastre. Mise à jour : 2016"/>
 </way>
 <way id="400292811" visible="true" version="1" changeset="37469739" timestamp="2016-02-26T19:31:27Z" user="Thierry_la_Fronde_12" uid="161646">
  <nd ref="4028756588"/>
  <nd ref="4028756671"/>
  <nd ref="4028756793"/>
  <nd ref="4028756664"/>
  <nd ref="4028756588"/>
  <tag k="building" v="yes"/>
  <tag k="source" v="cadastre-dgi-fr source : Direction Générale des Finances Publiques - Cadastre. Mise à jour : 2016"/>
 </way>
 <way id="400292814" visible="true" version="1" changeset="37469739" timestamp="2016-02-26T19:31:27Z" user="Thierry_la_Fronde_12" uid="161646">
  <nd ref="4028756307"/>
  <nd ref="4028756169"/>
  <nd ref="4028756315"/>
  <nd ref="4028756335"/>
  <nd ref="4028756307"/>
  <tag k="building" v="yes"/>
  <tag k="source" v="cadastre-dgi-fr source : Direction Générale des Finances Publiques - Cadastre. Mise à jour : 2016"/>
 </way>
 <way id="400292856" visible="true" version="1" changeset="37469739" timestamp="2016-02-26T19:31:30Z" user="Thierry_la_Fronde_12" uid="161646">
  <nd ref="4028756567"/>
  <nd ref="4028756594"/>
  <nd ref="4028756589"/>
  <nd ref="4028756556"/>
  <nd ref="4028756567"/>
  <tag k="building" v="yes"/>
  <tag k="source" v="cadastre-dgi-fr source : Direction Générale des Finances Publiques - Cadastre. Mise à jour : 2016"/>
  <tag k="wall" v="no"/>
 </way>
 <way id="400292876" visible="true" version="1" changeset="37469739" timestamp="2016-02-26T19:31:32Z" user="Thierry_la_Fronde_12" uid="161646">
  <nd ref="4028756180"/>
  <nd ref="4028756302"/>
  <nd ref="4028756321"/>
  <nd ref="4028756332"/>
  <nd ref="4028756319"/>
  <nd ref="4028756180"/>
  <tag k="building" v="yes"/>
  <tag k="source" v="cadastre-dgi-fr source : Direction Générale des Finances Publiques - Cadastre. Mise à jour : 2016"/>
 </way>
 <way id="400292877" visible="true" version="1" changeset="37469739" timestamp="2016-02-26T19:31:32Z" user="Thierry_la_Fronde_12" uid="161646">
  <nd ref="4028755551"/>
  <nd ref="4028755549"/>
  <nd ref="4028755538"/>
  <nd ref="4028755553"/>
  <nd ref="4028755573"/>
  <nd ref="4028755551"/>
  <tag k="building" v="yes"/>
  <tag k="source" v="cadastre-dgi-fr source : Direction Générale des Finances Publiques - Cadastre. Mise à jour : 2016"/>
  <tag k="wall" v="no"/>
 </way>
 <way id="400292891" visible="true" version="1" changeset="37469739" timestamp="2016-02-26T19:31:33Z" user="Thierry_la_Fronde_12" uid="161646">
  <nd ref="4028755009"/>
  <nd ref="4028755007"/>
  <nd ref="4028755004"/>
  <nd ref="4028755008"/>
  <nd ref="4028755011"/>
  <nd ref="4028755009"/>
  <tag k="building" v="yes"/>
  <tag k="source" v="cadastre-dgi-fr source : Direction Générale des Finances Publiques - Cadastre. Mise à jour : 2016"/>
 </way>
 <way id="400292897" visible="true" version="1" changeset="37469739" timestamp="2016-02-26T19:31:33Z" user="Thierry_la_Fronde_12" uid="161646">
  <nd ref="4028756558"/>
  <nd ref="4028756531"/>
  <nd ref="4028756517"/>
  <nd ref="4028756532"/>
  <nd ref="4028756566"/>
  <nd ref="4028756558"/>
  <tag k="building" v="yes"/>
  <tag k="source" v="cadastre-dgi-fr source : Direction Générale des Finances Publiques - Cadastre. Mise à jour : 2016"/>
 </way>
 <way id="400292908" visible="true" version="1" changeset="37469739" timestamp="2016-02-26T19:31:34Z" user="Thierry_la_Fronde_12" uid="161646">
  <nd ref="4028755428"/>
  <nd ref="4028755421"/>
  <nd ref="4028755444"/>
  <nd ref="4028755455"/>
  <nd ref="4028755436"/>
  <nd ref="4028755428"/>
  <tag k="building" v="yes"/>
  <tag k="source" v="cadastre-dgi-fr source : Direction Générale des Finances Publiques - Cadastre. Mise à jour : 2016"/>
 </way>
 <way id="400292926" visible="true" version="2" changeset="86516588" timestamp="2020-06-11T11:57:58Z" user="jcphal" uid="387627">
  <nd ref="4028755952"/>
  <nd ref="4028755935"/>
  <nd ref="4028755921"/>
  <nd ref="4028755929"/>
  <nd ref="4028755952"/>
  <tag k="building" v="yes"/>
  <tag k="source" v="cadastre-dgi-fr source : Direction Générale des Finances Publiques - Cadastre. Mise à jour : 2016"/>
 </way>
 <way id="400292935" visible="true" version="1" changeset="37469739" timestamp="2016-02-26T19:31:36Z" user="Thierry_la_Fronde_12" uid="161646">
  <nd ref="4028755173"/>
  <nd ref="4028755153"/>
  <nd ref="4028755147"/>
  <nd ref="4028755161"/>
  <nd ref="4028755171"/>
  <nd ref="4028755173"/>
  <tag k="building" v="yes"/>
  <tag k="source" v="cadastre-dgi-fr source : Direction Générale des Finances Publiques - Cadastre. Mise à jour : 2016"/>
 </way>
 <way id="400292956" visible="true" version="1" changeset="37469739" timestamp="2016-02-26T19:31:37Z" user="Thierry_la_Fronde_12" uid="161646">
  <nd ref="4028755373"/>
  <nd ref="4028755380"/>
  <nd ref="4028755403"/>
  <nd ref="4028755400"/>
  <nd ref="4028755398"/>
  <nd ref="4028755373"/>
  <tag k="building" v="yes"/>
  <tag k="source" v="cadastre-dgi-fr source : Direction Générale des Finances Publiques - Cadastre. Mise à jour : 2016"/>
 </way>
 <way id="400292961" visible="true" version="1" changeset="37469739" timestamp="2016-02-26T19:31:38Z" user="Thierry_la_Fronde_12" uid="161646">
  <nd ref="4028754939"/>
  <nd ref="4028754922"/>
  <nd ref="4028754914"/>
  <nd ref="4028754909"/>
  <nd ref="4028754926"/>
  <nd ref="4028754939"/>
  <tag k="building" v="yes"/>
  <tag k="source" v="cadastre-dgi-fr source : Direction Générale des Finances Publiques - Cadastre. Mise à jour : 2016"/>
 </way>
 <way id="400292962" visible="true" version="1" changeset="37469739" timestamp="2016-02-26T19:31:38Z" user="Thierry_la_Fronde_12" uid="161646">
  <nd ref="4028755389"/>
  <nd ref="4028755370"/>
  <nd ref="4028755366"/>
  <nd ref="4028755360"/>
  <nd ref="4028755381"/>
  <nd ref="4028755389"/>
  <tag k="building" v="yes"/>
  <tag k="source" v="cadastre-dgi-fr source : Direction Générale des Finances Publiques - Cadastre. Mise à jour : 2016"/>
 </way>
 <way id="400293016" visible="true" version="1" changeset="37469739" timestamp="2016-02-26T19:31:41Z" user="Thierry_la_Fronde_12" uid="161646">
  <nd ref="4028755396"/>
  <nd ref="4028755402"/>
  <nd ref="4028755405"/>
  <nd ref="4028755417"/>
  <nd ref="4028755416"/>
  <nd ref="4028755394"/>
  <nd ref="4028755396"/>
  <tag k="building" v="yes"/>
  <tag k="source" v="cadastre-dgi-fr source : Direction Générale des Finances Publiques - Cadastre. Mise à jour : 2016"/>
 </way>
 <way id="400293019" visible="true" version="1" changeset="37469739" timestamp="2016-02-26T19:31:41Z" user="Thierry_la_Fronde_12" uid="161646">
  <nd ref="4028756505"/>
  <nd ref="4028756343"/>
  <nd ref="4028756378"/>
  <nd ref="4028756503"/>
  <nd ref="4028756529"/>
  <nd ref="4028756553"/>
  <nd ref="4028756505"/>
  <tag k="building" v="yes"/>
  <tag k="source" v="cadastre-dgi-fr source : Direction Générale des Finances Publiques - Cadastre. Mise à jour : 2016"/>
 </way>
 <way id="400293028" visible="true" version="1" changeset="37469739" timestamp="2016-02-26T19:31:41Z" user="Thierry_la_Fronde_12" uid="161646">
  <nd ref="4028756034"/>
  <nd ref="4028756001"/>
  <nd ref="4028755985"/>
  <nd ref="4028756004"/>
  <nd ref="4028756024"/>
  <nd ref="4028756043"/>
  <nd ref="4028756034"/>
  <tag k="building" v="yes"/>
  <tag k="source" v="cadastre-dgi-fr source : Direction Générale des Finances Publiques - Cadastre. Mise à jour : 2016"/>
 </way>
 <way id="400293036" visible="true" version="1" changeset="37469739" timestamp="2016-02-26T19:31:42Z" user="Thierry_la_Fronde_12" uid="161646">
  <nd ref="4028755153"/>
  <nd ref="4028755173"/>
  <nd ref="4028755183"/>
  <nd ref="4028755192"/>
  <nd ref="4028755197"/>
  <nd ref="4028755182"/>
  <nd ref="4028755153"/>
  <tag k="building" v="yes"/>
  <tag k="source" v="cadastre-dgi-fr source : Direction Générale des Finances Publiques - Cadastre. Mise à jour : 2016"/>
 </way>
 <way id="400293076" visible="true" version="1" changeset="37469739" timestamp="2016-02-26T19:31:45Z" user="Thierry_la_Fronde_12" uid="161646">
  <nd ref="4028754999"/>
  <nd ref="4028754995"/>
  <nd ref="4028754989"/>
  <nd ref="4028754992"/>
  <nd ref="4028754993"/>
  <nd ref="4028754996"/>
  <nd ref="4028754999"/>
  <tag k="building" v="yes"/>
  <tag k="source" v="cadastre-dgi-fr source : Direction Générale des Finances Publiques - Cadastre. Mise à jour : 2016"/>
  <tag k="wall" v="no"/>
 </way>
 <way id="400293078" visible="true" version="1" changeset="37469739" timestamp="2016-02-26T19:31:45Z" user="Thierry_la_Fronde_12" uid="161646">
  <nd ref="4028756320"/>
  <nd ref="4028756300"/>
  <nd ref="4028756313"/>
  <nd ref="4028756299"/>
  <nd ref="4028756316"/>
  <nd ref="4028756337"/>
  <nd ref="4028756320"/>
  <tag k="building" v="yes"/>
  <tag k="source" v="cadastre-dgi-fr source : Direction Générale des Finances Publiques - Cadastre. Mise à jour : 2016"/>
 </way>
 <way id="400293079" visible="true" version="1" changeset="37469739" timestamp="2016-02-26T19:31:45Z" user="Thierry_la_Fronde_12" uid="161646">
  <nd ref="4028755787"/>
  <nd ref="4028755785"/>
  <nd ref="4028755777"/>
  <nd ref="4028755784"/>
  <nd ref="4028755793"/>
  <nd ref="4028755794"/>
  <nd ref="4028755787"/>
  <tag k="building" v="yes"/>
  <tag k="source" v="cadastre-dgi-fr source : Direction Générale des Finances Publiques - Cadastre. Mise à jour : 2016"/>
 </way>
 <way id="400293080" visible="true" version="1" changeset="37469739" timestamp="2016-02-26T19:31:45Z" user="Thierry_la_Fronde_12" uid="161646">
  <nd ref="4028756576"/>
  <nd ref="4028756354"/>
  <nd ref="4028756377"/>
  <nd ref="4028756498"/>
  <nd ref="4028756555"/>
  <nd ref="4028756603"/>
  <nd ref="4028756576"/>
  <tag k="building" v="yes"/>
  <tag k="source" v="cadastre-dgi-fr source : Direction Générale des Finances Publiques - Cadastre. Mise à jour : 2016"/>
 </way>
 <way id="400293088" visible="true" version="1" changeset="37469739" timestamp="2016-02-26T19:31:46Z" user="Thierry_la_Fronde_12" uid="161646">
  <nd ref="4028755485"/>
  <nd ref="4028755487"/>
  <nd ref="4028755546"/>
  <nd ref="4028755499"/>
  <nd ref="4028755470"/>
  <nd ref="4028755460"/>
  <nd ref="4028755485"/>
  <tag k="building" v="yes"/>
  <tag k="source" v="cadastre-dgi-fr source : Direction Générale des Finances Publiques - Cadastre. Mise à jour : 2016"/>
 </way>
 <way id="400293090" visible="true" version="3" changeset="47063623" timestamp="2017-03-22T10:05:07Z" user="JeaRRo" uid="187177">
  <nd ref="4028755502"/>
  <nd ref="4028755496"/>
  <nd ref="4028755465"/>
  <nd ref="4028755463"/>
  <nd ref="4028755458"/>
  <nd ref="4028755456"/>
  <nd ref="4028755457"/>
  <nd ref="4028755438"/>
  <nd ref="4028755437"/>
  <nd ref="4028755433"/>
  <nd ref="4028755432"/>
  <nd ref="4028755434"/>
  <nd ref="4028755420"/>
  <nd ref="4028755424"/>
  <nd ref="4028755425"/>
  <nd ref="4028755429"/>
  <nd ref="4028755435"/>
  <nd ref="4028755430"/>
  <nd ref="4028755441"/>
  <nd ref="4028755446"/>
  <nd ref="4028755452"/>
  <nd ref="4028755450"/>
  <nd ref="4028755449"/>
  <nd ref="4028755451"/>
  <nd ref="4028755464"/>
  <nd ref="4028755471"/>
  <nd ref="4028755468"/>
  <nd ref="4028755469"/>
  <nd ref="4028755472"/>
  <nd ref="4028755474"/>
  <nd ref="4028755475"/>
  <nd ref="4028755481"/>
  <nd ref="4028755483"/>
  <nd ref="4028755491"/>
  <nd ref="4028755493"/>
  <nd ref="4028755505"/>
  <nd ref="4028755508"/>
  <nd ref="4028755518"/>
  <nd ref="4028755527"/>
  <nd ref="4028755516"/>
  <nd ref="4028755515"/>
  <nd ref="4028755520"/>
  <nd ref="4028755524"/>
  <nd ref="4028755533"/>
  <nd ref="4028755532"/>
  <nd ref="4028755531"/>
  <nd ref="4028755523"/>
  <nd ref="4028755513"/>
  <nd ref="4028755510"/>
  <nd ref="4028755512"/>
  <nd ref="4028755517"/>
  <nd ref="4028755530"/>
  <nd ref="4028755525"/>
  <nd ref="4028755529"/>
  <nd ref="4028755534"/>
  <nd ref="4028755528"/>
  <nd ref="4028755514"/>
  <nd ref="4028755503"/>
  <nd ref="4028755507"/>
  <nd ref="4028755511"/>
  <nd ref="4028755506"/>
  <nd ref="4028755497"/>
  <nd ref="4028755489"/>
  <nd ref="4028755490"/>
  <nd ref="4028755495"/>
  <nd ref="4028755492"/>
  <nd ref="4028755509"/>
  <nd ref="4028755502"/>
  <tag k="amenity" v="place_of_worship"/>
  <tag k="building" v="church"/>
  <tag k="denomination" v="catholic"/>
  <tag k="heritage" v="3"/>
  <tag k="heritage:operator" v="mhs"/>
  <tag k="mhs:inscription_date" v="1927-03-26"/>
  <tag k="name" v="Église de Saint-Symphorien"/>
  <tag k="ref:mhs" v="PA00094168"/>
  <tag k="religion" v="christian"/>
  <tag k="source" v="cadastre-dgi-fr source : Direction Générale des Finances Publiques - Cadastre. Mise à jour : 2016"/>
  <tag k="source:heritage" v="data.gouv.fr, Ministère de la Culture - 2016"/>
  <tag k="start_date" v="C15"/>
  <tag k="wikidata" v="Q3585617"/>
  <tag k="wikipedia" v="fr:Église de Saint-Symphorien-de-Thénières"/>
 </way>
 <way id="400293098" visible="true" version="1" changeset="37469739" timestamp="2016-02-26T19:31:47Z" user="Thierry_la_Fronde_12" uid="161646">
  <nd ref="4028755783"/>
  <nd ref="4028755797"/>
  <nd ref="4028755800"/>
  <nd ref="4028755792"/>
  <nd ref="4028755786"/>
  <nd ref="4028755771"/>
  <nd ref="4028755775"/>
  <nd ref="4028755783"/>
  <tag k="building" v="yes"/>
  <tag k="source" v="cadastre-dgi-fr source : Direction Générale des Finances Publiques - Cadastre. Mise à jour : 2016"/>
 </way>
 <way id="400293102" visible="true" version="1" changeset="37469739" timestamp="2016-02-26T19:31:47Z" user="Thierry_la_Fronde_12" uid="161646">
  <nd ref="4028755884"/>
  <nd ref="4028755870"/>
  <nd ref="4028755863"/>
  <nd ref="4028755852"/>
  <nd ref="4028755868"/>
  <nd ref="4028755873"/>
  <nd ref="4028755889"/>
  <nd ref="4028755884"/>
  <tag k="building" v="yes"/>
  <tag k="source" v="cadastre-dgi-fr source : Direction Générale des Finances Publiques - Cadastre. Mise à jour : 2016"/>
 </way>
 <way id="400293118" visible="true" version="1" changeset="37469739" timestamp="2016-02-26T19:31:48Z" user="Thierry_la_Fronde_12" uid="161646">
  <nd ref="4028755336"/>
  <nd ref="4028755310"/>
  <nd ref="4028755297"/>
  <nd ref="4028755287"/>
  <nd ref="4028755275"/>
  <nd ref="4028755339"/>
  <nd ref="4028755364"/>
  <nd ref="4028755336"/>
  <tag k="building" v="yes"/>
  <tag k="source" v="cadastre-dgi-fr source : Direction Générale des Finances Publiques - Cadastre. Mise à jour : 2016"/>
 </way>
 <way id="400293131" visible="true" version="1" changeset="37469739" timestamp="2016-02-26T19:31:49Z" user="Thierry_la_Fronde_12" uid="161646">
  <nd ref="4028756186"/>
  <nd ref="4028756127"/>
  <nd ref="4028756290"/>
  <nd ref="4028756139"/>
  <nd ref="4028756304"/>
  <nd ref="4028756329"/>
  <nd ref="4028756355"/>
  <nd ref="4028756492"/>
  <nd ref="4028756186"/>
  <tag k="building" v="yes"/>
  <tag k="source" v="cadastre-dgi-fr source : Direction Générale des Finances Publiques - Cadastre. Mise à jour : 2016"/>
  <tag k="wall" v="no"/>
 </way>
 <way id="400293143" visible="true" version="1" changeset="37469739" timestamp="2016-02-26T19:31:50Z" user="Thierry_la_Fronde_12" uid="161646">
  <nd ref="4028755859"/>
  <nd ref="4028755834"/>
  <nd ref="4028755812"/>
  <nd ref="4028755820"/>
  <nd ref="4028755817"/>
  <nd ref="4028755823"/>
  <nd ref="4028755828"/>
  <nd ref="4028755839"/>
  <nd ref="4028755859"/>
  <tag k="building" v="yes"/>
  <tag k="source" v="cadastre-dgi-fr source : Direction Générale des Finances Publiques - Cadastre. Mise à jour : 2016"/>
 </way>
 <way id="400293147" visible="true" version="1" changeset="37469739" timestamp="2016-02-26T19:31:50Z" user="Thierry_la_Fronde_12" uid="161646">
  <nd ref="4028755292"/>
  <nd ref="4028755310"/>
  <nd ref="4028755336"/>
  <nd ref="4028755344"/>
  <nd ref="4028755348"/>
  <nd ref="4028755347"/>
  <nd ref="4028755304"/>
  <nd ref="4028755294"/>
  <nd ref="4028755292"/>
  <tag k="building" v="yes"/>
  <tag k="source" v="cadastre-dgi-fr source : Direction Générale des Finances Publiques - Cadastre. Mise à jour : 2016"/>
 </way>
 <way id="400293154" visible="true" version="1" changeset="37469739" timestamp="2016-02-26T19:31:51Z" user="Thierry_la_Fronde_12" uid="161646">
  <nd ref="4028755479"/>
  <nd ref="4028755498"/>
  <nd ref="4028755476"/>
  <nd ref="4028755466"/>
  <nd ref="4028755462"/>
  <nd ref="4028755440"/>
  <nd ref="4028755431"/>
  <nd ref="4028755467"/>
  <nd ref="4028755479"/>
  <tag k="building" v="yes"/>
  <tag k="source" v="cadastre-dgi-fr source : Direction Générale des Finances Publiques - Cadastre. Mise à jour : 2016"/>
 </way>
 <way id="400293155" visible="true" version="1" changeset="37469739" timestamp="2016-02-26T19:31:51Z" user="Thierry_la_Fronde_12" uid="161646">
  <nd ref="4028755616"/>
  <nd ref="4028755608"/>
  <nd ref="4028755614"/>
  <nd ref="4028755615"/>
  <nd ref="4028755634"/>
  <nd ref="4028755645"/>
  <nd ref="4028755627"/>
  <nd ref="4028755621"/>
  <nd ref="4028755616"/>
  <tag k="building" v="yes"/>
  <tag k="source" v="cadastre-dgi-fr source : Direction Générale des Finances Publiques - Cadastre. Mise à jour : 2016"/>
 </way>
 <way id="400293156" visible="true" version="1" changeset="37469739" timestamp="2016-02-26T19:31:51Z" user="Thierry_la_Fronde_12" uid="161646">
  <nd ref="4028755760"/>
  <nd ref="4028755776"/>
  <nd ref="4028755774"/>
  <nd ref="4028755779"/>
  <nd ref="4028755775"/>
  <nd ref="4028755769"/>
  <nd ref="4028755762"/>
  <nd ref="4028755754"/>
  <nd ref="4028755760"/>
  <tag k="building" v="yes"/>
  <tag k="source" v="cadastre-dgi-fr source : Direction Générale des Finances Publiques - Cadastre. Mise à jour : 2016"/>
 </way>
 <way id="400293161" visible="true" version="1" changeset="37469739" timestamp="2016-02-26T19:31:51Z" user="Thierry_la_Fronde_12" uid="161646">
  <nd ref="4028755086"/>
  <nd ref="4028755078"/>
  <nd ref="4028755094"/>
  <nd ref="4028755096"/>
  <nd ref="4028755109"/>
  <nd ref="4028755116"/>
  <nd ref="4028755100"/>
  <nd ref="4028755102"/>
  <nd ref="4028755086"/>
  <tag k="building" v="yes"/>
  <tag k="source" v="cadastre-dgi-fr source : Direction Générale des Finances Publiques - Cadastre. Mise à jour : 2016"/>
 </way>
 <way id="400293166" visible="true" version="1" changeset="37469739" timestamp="2016-02-26T19:31:52Z" user="Thierry_la_Fronde_12" uid="161646">
  <nd ref="4028755377"/>
  <nd ref="4028755393"/>
  <nd ref="4028755391"/>
  <nd ref="4028755397"/>
  <nd ref="4028755423"/>
  <nd ref="4028755431"/>
  <nd ref="4028755399"/>
  <nd ref="4028755376"/>
  <nd ref="4028755377"/>
  <tag k="building" v="yes"/>
  <tag k="source" v="cadastre-dgi-fr source : Direction Générale des Finances Publiques - Cadastre. Mise à jour : 2016"/>
 </way>
 <way id="400293176" visible="true" version="1" changeset="37469739" timestamp="2016-02-26T19:31:52Z" user="Thierry_la_Fronde_12" uid="161646">
  <nd ref="4028754992"/>
  <nd ref="4028754971"/>
  <nd ref="4028754981"/>
  <nd ref="4028754988"/>
  <nd ref="4028754998"/>
  <nd ref="4028754994"/>
  <nd ref="4028755002"/>
  <nd ref="4028754996"/>
  <nd ref="4028754993"/>
  <nd ref="4028754992"/>
  <tag k="building" v="yes"/>
  <tag k="source" v="cadastre-dgi-fr source : Direction Générale des Finances Publiques - Cadastre. Mise à jour : 2016"/>
 </way>
 <way id="400293183" visible="true" version="1" changeset="37469739" timestamp="2016-02-26T19:31:53Z" user="Thierry_la_Fronde_12" uid="161646">
  <nd ref="4028754874"/>
  <nd ref="4028754867"/>
  <nd ref="4028754844"/>
  <nd ref="4028754842"/>
  <nd ref="4028754857"/>
  <nd ref="4028754861"/>
  <nd ref="4028754879"/>
  <nd ref="4028754886"/>
  <nd ref="4028754882"/>
  <nd ref="4028754874"/>
  <tag k="building" v="yes"/>
  <tag k="source" v="cadastre-dgi-fr source : Direction Générale des Finances Publiques - Cadastre. Mise à jour : 2016"/>
 </way>
 <way id="400293194" visible="true" version="1" changeset="37469739" timestamp="2016-02-26T19:31:54Z" user="Thierry_la_Fronde_12" uid="161646">
  <nd ref="4028755838"/>
  <nd ref="4028755856"/>
  <nd ref="4028755845"/>
  <nd ref="4028755861"/>
  <nd ref="4028755807"/>
  <nd ref="4028755799"/>
  <nd ref="4028755835"/>
  <nd ref="4028755805"/>
  <nd ref="4028755821"/>
  <nd ref="4028755838"/>
  <tag k="building" v="yes"/>
  <tag k="source" v="cadastre-dgi-fr source : Direction Générale des Finances Publiques - Cadastre. Mise à jour : 2016"/>
 </way>
 <way id="400293200" visible="true" version="1" changeset="37469739" timestamp="2016-02-26T19:31:54Z" user="Thierry_la_Fronde_12" uid="161646">
  <nd ref="4028755118"/>
  <nd ref="4028755125"/>
  <nd ref="4028755135"/>
  <nd ref="4028755148"/>
  <nd ref="4028755166"/>
  <nd ref="4028755170"/>
  <nd ref="4028755146"/>
  <nd ref="4028755139"/>
  <nd ref="4028755129"/>
  <nd ref="4028755118"/>
  <tag k="building" v="yes"/>
  <tag k="source" v="cadastre-dgi-fr source : Direction Générale des Finances Publiques - Cadastre. Mise à jour : 2016"/>
 </way>
 <way id="400293203" visible="true" version="1" changeset="37469739" timestamp="2016-02-26T19:31:54Z" user="Thierry_la_Fronde_12" uid="161646">
  <nd ref="4028755717"/>
  <nd ref="4028755729"/>
  <nd ref="4028755737"/>
  <nd ref="4028755747"/>
  <nd ref="4028755751"/>
  <nd ref="4028755742"/>
  <nd ref="4028755753"/>
  <nd ref="4028755744"/>
  <nd ref="4028755736"/>
  <nd ref="4028755717"/>
  <tag k="building" v="yes"/>
  <tag k="source" v="cadastre-dgi-fr source : Direction Générale des Finances Publiques - Cadastre. Mise à jour : 2016"/>
 </way>
 <way id="400293205" visible="true" version="1" changeset="37469739" timestamp="2016-02-26T19:31:55Z" user="Thierry_la_Fronde_12" uid="161646">
  <nd ref="4028755144"/>
  <nd ref="4028755122"/>
  <nd ref="4028755115"/>
  <nd ref="4028755111"/>
  <nd ref="4028755110"/>
  <nd ref="4028755114"/>
  <nd ref="4028755117"/>
  <nd ref="4028755119"/>
  <nd ref="4028755141"/>
  <nd ref="4028755144"/>
  <tag k="building" v="yes"/>
  <tag k="source" v="cadastre-dgi-fr source : Direction Générale des Finances Publiques - Cadastre. Mise à jour : 2016"/>
 </way>
 <way id="400296349" visible="true" version="2" changeset="158308122" timestamp="2024-10-24T18:10:16Z" user="chabe01" uid="502891">
  <nd ref="4028790444"/>
  <nd ref="4028790443"/>
  <nd ref="4028790442"/>
  <nd ref="4028790441"/>
  <nd ref="4028790434"/>
  <nd ref="4028790424"/>
  <nd ref="4028790423"/>
  <nd ref="4028790425"/>
  <nd ref="4028790427"/>
  <nd ref="4028790428"/>
  <nd ref="4028790430"/>
  <nd ref="4028790438"/>
  <nd ref="4028790440"/>
  <nd ref="4028790444"/>
  <tag k="landuse" v="cemetery"/>
  <tag k="source" v="cadastre-dgi-fr source : Direction Générale des Finances Publiques - Cadastre. Mise à jour : 2016"/>
  <tag k="wikidata" v="Q110330151"/>
 </way>
 <way id="400305701" visible="true" version="1" changeset="37470981" timestamp="2016-02-26T20:43:03Z" user="Thierry_la_Fronde_12" uid="161646">
  <nd ref="3995773182"/>
  <nd ref="4028864706"/>
  <tag k="highway" v="residential"/>
 </way>
 <way id="400305706" visible="true" version="6" changeset="162256007" timestamp="2025-02-07T18:11:37Z" user="Olyon" uid="1443767">
  <nd ref="4028864707"/>
  <nd ref="1652862139"/>
  <nd ref="1652862325"/>
  <nd ref="1652862382"/>
  <nd ref="1652861694"/>
  <nd ref="1652862800"/>
  <nd ref="1652861821"/>
  <nd ref="1652862928"/>
  <nd ref="1652862380"/>
  <nd ref="1652862453"/>
  <nd ref="7612309162"/>
  <nd ref="1652862274"/>
  <nd ref="4032455383"/>
  <nd ref="1652862871"/>
  <nd ref="7612309161"/>
  <nd ref="1652862919"/>
  <nd ref="7612309155"/>
  <nd ref="1652862102"/>
  <nd ref="7612309153"/>
  <nd ref="7612309154"/>
  <nd ref="1652862781"/>
  <nd ref="1652862898"/>
  <nd ref="1652861682"/>
  <nd ref="1652862948"/>
  <nd ref="7612309152"/>
  <nd ref="1652862011"/>
  <nd ref="1652862459"/>
  <nd ref="7612309151"/>
  <nd ref="1652862046"/>
  <nd ref="1652862087"/>
  <nd ref="7612211215"/>
  <nd ref="9019970058"/>
  <nd ref="1652861756"/>
  <tag k="highway" v="tertiary"/>
  <tag k="name" v="Route de Thénières"/>
  <tag k="ref" v="D 233"/>
 </way>
 <way id="400642310" visible="true" version="1" changeset="37507373" timestamp="2016-02-28T20:07:41Z" user="didier2020" uid="300459">
  <nd ref="4028755700"/>
  <nd ref="4028755702"/>
  <nd ref="4028755707"/>
  <nd ref="4028755709"/>
  <nd ref="4028755725"/>
  <nd ref="4028755732"/>
  <nd ref="4028755711"/>
  <nd ref="4028755712"/>
  <nd ref="4028755704"/>
  <nd ref="4028755706"/>
  <nd ref="4028755649"/>
  <nd ref="4028755647"/>
  <nd ref="4028755639"/>
  <nd ref="4028755675"/>
  <nd ref="4028755681"/>
  <nd ref="4028755677"/>
  <nd ref="4028755662"/>
  <nd ref="4028755659"/>
  <nd ref="4028755687"/>
  <nd ref="4028755700"/>
  <tag k="building" v="yes"/>
  <tag k="source" v="cadastre-dgi-fr source : Direction Générale des Finances Publiques - Cadastre. Mise à jour : 2016"/>
 </way>
 <way id="400643119" visible="true" version="5" changeset="109931497" timestamp="2021-08-19T12:16:58Z" user="Yod4z" uid="318821">
  <nd ref="4031809196"/>
  <nd ref="4031808088"/>
  <nd ref="5768955989"/>
  <nd ref="4031808083"/>
  <nd ref="4031808081"/>
  <nd ref="5768955990"/>
  <nd ref="4031808069"/>
  <nd ref="5768955991"/>
  <nd ref="4031808066"/>
  <nd ref="5768955992"/>
  <nd ref="4031808063"/>
  <nd ref="5768955993"/>
  <nd ref="5768955994"/>
  <nd ref="4031808064"/>
  <nd ref="4031808061"/>
  <nd ref="4031808058"/>
  <nd ref="4031808055"/>
  <nd ref="5768955995"/>
  <nd ref="5768955996"/>
  <nd ref="5768955998"/>
  <nd ref="5768955997"/>
  <nd ref="5768955999"/>
  <nd ref="5768956000"/>
  <nd ref="5768956001"/>
  <nd ref="5768956008"/>
  <nd ref="5768956002"/>
  <nd ref="5768956003"/>
  <nd ref="5768956004"/>
  <nd ref="5768956005"/>
  <nd ref="5768956006"/>
  <nd ref="5768956007"/>
  <nd ref="4031808047"/>
  <nd ref="5768956012"/>
  <nd ref="5768956009"/>
  <nd ref="5768956010"/>
  <nd ref="5768956011"/>
  <nd ref="4031808043"/>
  <nd ref="4031808041"/>
  <nd ref="4031808044"/>
  <nd ref="5768956016"/>
  <nd ref="4031808046"/>
  <nd ref="5768956013"/>
  <nd ref="4031808049"/>
  <nd ref="4031808052"/>
  <nd ref="5768956015"/>
  <nd ref="5768956014"/>
  <nd ref="4031808054"/>
  <nd ref="7612173773"/>
  <nd ref="4031808056"/>
  <nd ref="7612173774"/>
  <nd ref="7612173775"/>
  <nd ref="4031808062"/>
  <nd ref="4031808065"/>
  <nd ref="4031808072"/>
  <nd ref="7612173772"/>
  <nd ref="4031808077"/>
  <nd ref="4031808076"/>
  <nd ref="4031808074"/>
  <nd ref="7612173764"/>
  <nd ref="7612173763"/>
  <nd ref="7612173777"/>
  <nd ref="7612173776"/>
  <nd ref="4031808060"/>
  <nd ref="4031808059"/>
  <nd ref="7612173778"/>
  <nd ref="4031808057"/>
  <nd ref="7612173779"/>
  <nd ref="7612173780"/>
  <nd ref="4031808053"/>
  <nd ref="7612173781"/>
  <nd ref="4031808051"/>
  <nd ref="7612173782"/>
  <nd ref="4031808050"/>
  <nd ref="4031808048"/>
  <nd ref="7612173783"/>
  <nd ref="4031808045"/>
  <nd ref="7612173784"/>
  <nd ref="7612211185"/>
  <nd ref="4031808042"/>
  <nd ref="4031808039"/>
  <nd ref="4031808037"/>
  <nd ref="7612211186"/>
  <nd ref="4031808035"/>
  <nd ref="7612211188"/>
  <nd ref="4031808038"/>
  <nd ref="7612211189"/>
  <nd ref="4031808036"/>
  <nd ref="5768942746"/>
  <nd ref="4031808033"/>
  <nd ref="4031808034"/>
  <nd ref="9019970059"/>
  <nd ref="4031808032"/>
  <tag k="highway" v="unclassified"/>
 </way>
 <way id="400716710" visible="true" version="2" changeset="86516588" timestamp="2020-06-11T12:45:43Z" user="jcphal" uid="387627">
  <nd ref="4032455383"/>
  <nd ref="4032455384"/>
  <nd ref="7612309159"/>
  <nd ref="4032455385"/>
  <nd ref="7612309160"/>
  <nd ref="4032455386"/>
  <tag k="highway" v="service"/>
  <tag k="service" v="driveway"/>
  <tag k="source" v="bing 2016"/>
 </way>
 <way id="400716711" visible="true" version="1" changeset="37516119" timestamp="2016-02-29T08:25:43Z" user="Yod4z" uid="318821">
  <nd ref="4032455383"/>
  <nd ref="4032455387"/>
  <nd ref="4032455388"/>
  <nd ref="4032457289"/>
  <nd ref="4032457290"/>
  <tag k="highway" v="service"/>
  <tag k="service" v="driveway"/>
  <tag k="source" v="bing 2016"/>
 </way>
 <way id="400716714" visible="true" version="4" changeset="109931497" timestamp="2021-08-19T12:16:58Z" user="Yod4z" uid="318821">
  <nd ref="732256488"/>
  <nd ref="9019970047"/>
  <nd ref="4032457291"/>
  <nd ref="4032457292"/>
  <nd ref="4032457293"/>
  <nd ref="9019970044"/>
  <nd ref="9019970045"/>
  <tag k="highway" v="service"/>
  <tag k="service" v="driveway"/>
 </way>
 <way id="428220227" visible="true" version="9" changeset="110353670" timestamp="2021-08-27T17:54:02Z" user="Yod4z" uid="318821">
  <nd ref="524201547"/>
  <nd ref="524201546"/>
  <nd ref="524201545"/>
  <nd ref="524201544"/>
  <nd ref="524201543"/>
  <nd ref="524201542"/>
  <nd ref="9029183699"/>
  <nd ref="9029183700"/>
  <nd ref="9029183703"/>
  <nd ref="9029183704"/>
  <nd ref="9029183706"/>
  <nd ref="9038379916"/>
  <nd ref="9029183708"/>
  <nd ref="9029183707"/>
  <nd ref="9029183705"/>
  <nd ref="9029183702"/>
  <nd ref="9029183701"/>
  <nd ref="524201539"/>
  <nd ref="9038379915"/>
  <nd ref="524201531"/>
  <nd ref="524201529"/>
  <nd ref="4032457345"/>
  <nd ref="4032457344"/>
  <nd ref="524201527"/>
  <nd ref="9034862292"/>
  <nd ref="524201525"/>
  <nd ref="9034862294"/>
  <nd ref="9034862293"/>
  <nd ref="9034862297"/>
  <nd ref="9034862296"/>
  <nd ref="9034862295"/>
  <nd ref="524201523"/>
  <nd ref="524201522"/>
  <nd ref="524201519"/>
  <nd ref="524201516"/>
  <nd ref="524201509"/>
  <nd ref="524201507"/>
  <nd ref="524201505"/>
  <nd ref="524201503"/>
  <nd ref="524201501"/>
  <nd ref="524201499"/>
  <nd ref="524201497"/>
  <nd ref="524201494"/>
  <nd ref="524201486"/>
  <nd ref="804743947"/>
  <nd ref="524201482"/>
  <nd ref="524201480"/>
  <nd ref="524201478"/>
  <nd ref="9019285604"/>
  <nd ref="9019285603"/>
  <nd ref="524201473"/>
  <nd ref="9019970090"/>
  <nd ref="9019970089"/>
  <nd ref="524201465"/>
  <nd ref="9019970087"/>
  <nd ref="524201463"/>
  <nd ref="524201462"/>
  <nd ref="524201461"/>
  <nd ref="9019970101"/>
  <nd ref="9019970102"/>
  <nd ref="9019969110"/>
  <nd ref="9019969111"/>
  <nd ref="524201458"/>
  <nd ref="9019970025"/>
  <nd ref="9019970032"/>
  <nd ref="9019970033"/>
  <nd ref="9019970201"/>
  <nd ref="9019970200"/>
  <nd ref="9019970028"/>
  <nd ref="9019970029"/>
  <nd ref="9019970031"/>
  <nd ref="9019970030"/>
  <nd ref="9019970026"/>
  <nd ref="9019970027"/>
  <nd ref="9019970024"/>
  <nd ref="9019970023"/>
  <nd ref="9019970022"/>
  <nd ref="524201456"/>
  <nd ref="9019970018"/>
  <nd ref="9019970019"/>
  <nd ref="9019970020"/>
  <nd ref="9019970021"/>
  <nd ref="524201454"/>
  <nd ref="804746075"/>
  <nd ref="565559260"/>
  <nd ref="3995771616"/>
  <nd ref="3995771617"/>
  <nd ref="3995771618"/>
  <nd ref="565559261"/>
  <nd ref="9010503383"/>
  <nd ref="9010503382"/>
  <nd ref="565559256"/>
  <nd ref="3995771619"/>
  <nd ref="9019970085"/>
  <nd ref="9019970086"/>
  <nd ref="565559257"/>
  <nd ref="3995771621"/>
  <nd ref="9010503379"/>
  <nd ref="565559258"/>
  <nd ref="565559259"/>
  <nd ref="9010503377"/>
  <nd ref="565559636"/>
  <nd ref="565559645"/>
  <nd ref="565559643"/>
  <nd ref="565559639"/>
  <nd ref="565559637"/>
  <nd ref="9041465939"/>
  <nd ref="9041465941"/>
  <nd ref="9041465940"/>
  <nd ref="565559642"/>
  <nd ref="3995773178"/>
  <nd ref="9041465946"/>
  <nd ref="9041465947"/>
  <nd ref="9041465949"/>
  <nd ref="9041465950"/>
  <nd ref="9041465952"/>
  <nd ref="9041465955"/>
  <nd ref="9041465954"/>
  <nd ref="9041465953"/>
  <nd ref="9041465951"/>
  <nd ref="9041465948"/>
  <nd ref="565559641"/>
  <nd ref="9041465943"/>
  <nd ref="9041465944"/>
  <nd ref="9041465945"/>
  <nd ref="9041465942"/>
  <nd ref="565559648"/>
  <nd ref="9041465957"/>
  <nd ref="3995773194"/>
  <nd ref="565559649"/>
  <nd ref="3995773202"/>
  <nd ref="3995773208"/>
  <nd ref="565559646"/>
  <nd ref="565559647"/>
  <nd ref="3995773362"/>
  <nd ref="565559654"/>
  <nd ref="565559652"/>
  <nd ref="565560591"/>
  <nd ref="565560589"/>
  <nd ref="565560587"/>
  <nd ref="565560585"/>
  <nd ref="565560582"/>
  <nd ref="9041465963"/>
  <nd ref="9041465965"/>
  <nd ref="9041465967"/>
  <nd ref="9041465968"/>
  <nd ref="9041465971"/>
  <nd ref="9041465974"/>
  <nd ref="9041465973"/>
  <nd ref="9041465972"/>
  <nd ref="9041465970"/>
  <nd ref="9041465969"/>
  <nd ref="9041465966"/>
  <nd ref="9041465964"/>
  <nd ref="9041465959"/>
  <nd ref="9041465962"/>
  <nd ref="9041465961"/>
  <nd ref="9041465960"/>
  <nd ref="9041465958"/>
  <nd ref="565560592"/>
  <nd ref="565560593"/>
  <nd ref="565560595"/>
  <nd ref="565560610"/>
  <nd ref="565560608"/>
  <nd ref="565560606"/>
  <nd ref="9041465990"/>
  <nd ref="9041466003"/>
  <nd ref="9041466006"/>
  <nd ref="9041466007"/>
  <nd ref="9041466008"/>
  <nd ref="9041466009"/>
  <nd ref="9041466010"/>
  <nd ref="9041466013"/>
  <nd ref="9041466012"/>
  <nd ref="9041466011"/>
  <nd ref="9041466005"/>
  <nd ref="9041466004"/>
  <nd ref="9041466002"/>
  <nd ref="565560604"/>
  <nd ref="9041466001"/>
  <nd ref="565560603"/>
  <nd ref="565560602"/>
  <nd ref="9041465991"/>
  <nd ref="9041465992"/>
  <nd ref="565560599"/>
  <nd ref="9041465993"/>
  <nd ref="565560597"/>
  <nd ref="9041465994"/>
  <nd ref="9041465997"/>
  <nd ref="9041465998"/>
  <nd ref="9041465996"/>
  <nd ref="9041466014"/>
  <nd ref="9041466015"/>
  <nd ref="9041466000"/>
  <nd ref="9041465999"/>
  <nd ref="565560634"/>
  <nd ref="525091817"/>
  <nd ref="525091816"/>
  <nd ref="525091814"/>
  <nd ref="525092260"/>
  <nd ref="525092259"/>
  <nd ref="525092258"/>
  <nd ref="525092257"/>
  <nd ref="525092256"/>
  <nd ref="4273549829"/>
  <nd ref="4273549831"/>
  <nd ref="525092255"/>
  <nd ref="525092254"/>
  <nd ref="4273549832"/>
  <nd ref="4273549836"/>
  <nd ref="4273549835"/>
  <nd ref="525092253"/>
  <nd ref="4273549833"/>
  <nd ref="4273549825"/>
  <nd ref="4273549821"/>
  <nd ref="4273549819"/>
  <nd ref="4273549818"/>
  <nd ref="4273549816"/>
  <nd ref="524201593"/>
  <nd ref="4273549813"/>
  <nd ref="9038394862"/>
  <nd ref="4273549811"/>
  <nd ref="524201590"/>
  <nd ref="524201589"/>
  <nd ref="524201587"/>
  <nd ref="524201584"/>
  <nd ref="9038394856"/>
  <nd ref="9038394857"/>
  <nd ref="9038394858"/>
  <nd ref="9038394855"/>
  <nd ref="9038394859"/>
  <nd ref="9038394861"/>
  <nd ref="9038394860"/>
  <nd ref="9038394854"/>
  <nd ref="524201582"/>
  <nd ref="524201580"/>
  <nd ref="524201579"/>
  <nd ref="524201577"/>
  <nd ref="524201576"/>
  <nd ref="524201573"/>
  <nd ref="9038394852"/>
  <nd ref="9038394853"/>
  <nd ref="9038394851"/>
  <nd ref="9038394849"/>
  <nd ref="9038394850"/>
  <nd ref="9038394848"/>
  <nd ref="9038394847"/>
  <nd ref="9038394843"/>
  <nd ref="9038394846"/>
  <nd ref="9038394845"/>
  <nd ref="9038394844"/>
  <nd ref="9038394842"/>
  <nd ref="9038394841"/>
  <nd ref="524201571"/>
  <nd ref="9038394840"/>
  <nd ref="9038394839"/>
  <nd ref="9038394838"/>
  <nd ref="9038394837"/>
  <nd ref="9038394836"/>
  <nd ref="9038394835"/>
  <nd ref="524201569"/>
  <nd ref="524201547"/>
  <tag k="CLC:code" v="231"/>
  <tag k="CLC:id" v="FR-186530"/>
  <tag k="CLC:year" v="2006"/>
  <tag k="landuse" v="meadow"/>
  <tag k="source" v="Union européenne - SOeS, CORINE Land Cover, 2006."/>
 </way>
 <way id="682064381" visible="true" version="1" changeset="68946657" timestamp="2019-04-06T08:44:05Z" user="el-skrat" uid="1182644">
  <nd ref="6387317493"/>
  <nd ref="6387317490"/>
  <nd ref="6387317491"/>
  <nd ref="6387317492"/>
  <nd ref="6387317493"/>
  <tag k="building" v="yes"/>
 </way>
 <way id="814929206" visible="true" version="1" changeset="86516588" timestamp="2020-06-11T11:57:58Z" user="jcphal" uid="387627">
  <nd ref="7612211196"/>
  <nd ref="7612211195"/>
  <nd ref="7612211194"/>
  <nd ref="7612211193"/>
  <nd ref="7612211192"/>
  <tag k="highway" v="track"/>
 </way>
 <way id="814929207" visible="true" version="2" changeset="162256007" timestamp="2025-02-07T18:11:37Z" user="Olyon" uid="1443767">
  <nd ref="7612211202"/>
  <nd ref="7612211203"/>
  <nd ref="7612211204"/>
  <nd ref="7612211210"/>
  <nd ref="7612211209"/>
  <nd ref="732256335"/>
  <tag k="highway" v="service"/>
  <tag k="name" v="Place du Marronnier"/>
 </way>
 <way id="814929208" visible="true" version="2" changeset="162256007" timestamp="2025-02-07T18:11:37Z" user="Olyon" uid="1443767">
  <nd ref="7612211227"/>
  <nd ref="7612211226"/>
  <nd ref="7612211225"/>
  <nd ref="7612211224"/>
  <nd ref="7612211223"/>
  <nd ref="7612211222"/>
  <tag k="highway" v="service"/>
  <tag k="name" v="Impasse de la Fontaine"/>
 </way>
 <way id="814929209" visible="true" version="2" changeset="162256007" timestamp="2025-02-07T18:11:37Z" user="Olyon" uid="1443767">
  <nd ref="7612211238"/>
  <nd ref="7612211237"/>
  <nd ref="7612211236"/>
  <nd ref="7612211235"/>
  <nd ref="7612211234"/>
  <nd ref="7612211233"/>
  <nd ref="7612211232"/>
  <nd ref="7612211231"/>
  <nd ref="7612211230"/>
  <tag k="highway" v="service"/>
  <tag k="name" v="Impasse Conquet"/>
 </way>
 <way id="973568046" visible="true" version="3" changeset="136275081" timestamp="2023-05-18T22:13:30Z" user="InfosReseaux" uid="93222">
  <nd ref="9318406389"/>
  <nd ref="9318406390"/>
  <nd ref="9318406391"/>
  <nd ref="9318406392"/>
  <nd ref="9318406393"/>
  <nd ref="9318406394"/>
  <nd ref="9010537049"/>
  <nd ref="9010537048"/>
  <nd ref="9010537047"/>
  <nd ref="9010537046"/>
  <nd ref="9010537045"/>
  <nd ref="9010537044"/>
  <nd ref="9010537043"/>
  <nd ref="9010537042"/>
  <nd ref="9010537041"/>
  <nd ref="9010537040"/>
  <nd ref="9010537039"/>
  <nd ref="9010537038"/>
  <nd ref="9010537037"/>
  <nd ref="9010537036"/>
  <nd ref="9010537035"/>
  <nd ref="9010537034"/>
  <nd ref="9010537033"/>
  <nd ref="9010537032"/>
  <nd ref="9010537059"/>
  <nd ref="9010537060"/>
  <nd ref="9010537061"/>
  <nd ref="9010537062"/>
  <nd ref="9010537063"/>
  <nd ref="9010537064"/>
  <nd ref="9010537065"/>
  <nd ref="9010537066"/>
  <nd ref="9010537067"/>
  <nd ref="9010537068"/>
  <tag k="cables" v="3"/>
  <tag k="operator" v="Enedis"/>
  <tag k="operator:wikidata" v="Q3587594"/>
  <tag k="power" v="minor_line"/>
  <tag k="source" v="ortho hr 2019"/>
  <tag k="voltage" v="20000"/>
 </way>
 <way id="973568048" visible="true" version="3" changeset="136275081" timestamp="2023-05-18T22:13:30Z" user="InfosReseaux" uid="93222">
  <nd ref="9010537064"/>
  <nd ref="9010537069"/>
  <nd ref="9010537070"/>
  <nd ref="9010537071"/>
  <nd ref="9010537072"/>
  <nd ref="9010537073"/>
  <nd ref="9010537074"/>
  <nd ref="9010537075"/>
  <nd ref="9010537076"/>
  <nd ref="9010537077"/>
  <nd ref="9010537078"/>
  <nd ref="9010537079"/>
  <nd ref="9010537080"/>
  <nd ref="9010537081"/>
  <nd ref="9010537082"/>
  <nd ref="9010537083"/>
  <nd ref="9010537084"/>
  <nd ref="9010537085"/>
  <nd ref="9010537086"/>
  <nd ref="9010537087"/>
  <nd ref="9010537088"/>
  <nd ref="9010537089"/>
  <nd ref="9010537090"/>
  <nd ref="9010537091"/>
  <nd ref="9010537092"/>
  <tag k="cables" v="3"/>
  <tag k="operator" v="Enedis"/>
  <tag k="operator:wikidata" v="Q3587594"/>
  <tag k="power" v="minor_line"/>
  <tag k="source" v="ortho 2019"/>
  <tag k="voltage" v="20000"/>
 </way>
 <way id="974643819" visible="true" version="2" changeset="162256007" timestamp="2025-02-07T18:11:37Z" user="Olyon" uid="1443767">
  <nd ref="9019969103"/>
  <nd ref="9019969104"/>
  <nd ref="9019969105"/>
  <nd ref="9019969106"/>
  <nd ref="9019969107"/>
  <nd ref="9019969108"/>
  <nd ref="9019969109"/>
  <nd ref="12566062355"/>
  <nd ref="12566062354"/>
  <nd ref="12566062353"/>
  <nd ref="12566062352"/>
  <nd ref="12566062351"/>
  <nd ref="5768943493"/>
  <nd ref="5768943494"/>
  <nd ref="5768943495"/>
  <nd ref="5768943496"/>
  <nd ref="5768943492"/>
  <nd ref="5768943491"/>
  <nd ref="5768943490"/>
  <nd ref="5768943489"/>
  <nd ref="5768943488"/>
  <nd ref="5768943487"/>
  <nd ref="5768943483"/>
  <nd ref="5768943482"/>
  <nd ref="5768943481"/>
  <nd ref="5768943480"/>
  <nd ref="5768943479"/>
  <nd ref="5768943478"/>
  <tag k="highway" v="unclassified"/>
  <tag k="name" v="Rue des Moulins"/>
 </way>
 <way id="974643820" visible="true" version="1" changeset="109931497" timestamp="2021-08-19T12:16:58Z" user="Yod4z" uid="318821">
  <nd ref="9019969112"/>
  <nd ref="9019969113"/>
  <nd ref="9019969114"/>
  <nd ref="9019969115"/>
  <nd ref="9019969116"/>
  <nd ref="9019970017"/>
  <nd ref="9019969112"/>
  <tag k="natural" v="water"/>
  <tag k="source" v="ortho hr 2019"/>
 </way>
 <way id="974643822" visible="true" version="1" changeset="109931497" timestamp="2021-08-19T12:16:58Z" user="Yod4z" uid="318821">
  <nd ref="5768942749"/>
  <nd ref="9019970046"/>
  <tag k="highway" v="track"/>
 </way>
 <way id="974643823" visible="true" version="1" changeset="109931497" timestamp="2021-08-19T12:16:58Z" user="Yod4z" uid="318821">
  <nd ref="9019970048"/>
  <nd ref="9019970049"/>
  <nd ref="9019970050"/>
  <nd ref="9019970051"/>
  <nd ref="9019970052"/>
  <nd ref="9019970053"/>
  <nd ref="9019970054"/>
  <nd ref="9019970055"/>
  <nd ref="9019970056"/>
  <nd ref="9019970057"/>
  <nd ref="9019970048"/>
  <tag k="building" v="detached"/>
  <tag k="source" v="ortho hr 2019"/>
 </way>
 <way id="974643824" visible="true" version="1" changeset="109931497" timestamp="2021-08-19T12:16:58Z" user="Yod4z" uid="318821">
  <nd ref="9019970060"/>
  <nd ref="9019970061"/>
  <nd ref="9019970062"/>
  <nd ref="9019970063"/>
  <nd ref="9019970064"/>
  <nd ref="9019970065"/>
  <nd ref="9019970066"/>
  <nd ref="9019970067"/>
  <nd ref="9019970068"/>
  <nd ref="9019970069"/>
  <nd ref="9019970060"/>
  <tag k="landuse" v="forest"/>
  <tag k="source" v="ortho hr 2019"/>
 </way>
 <way id="974643826" visible="true" version="1" changeset="109931497" timestamp="2021-08-19T12:16:58Z" user="Yod4z" uid="318821">
  <nd ref="9019970103"/>
  <nd ref="9019970104"/>
  <nd ref="9019970105"/>
  <nd ref="9019970106"/>
  <nd ref="9019970107"/>
  <nd ref="9019970108"/>
  <nd ref="9019970109"/>
  <nd ref="9019970110"/>
  <nd ref="9019970111"/>
  <nd ref="9019970112"/>
  <nd ref="9019970113"/>
  <nd ref="9019970114"/>
  <nd ref="9019970115"/>
  <nd ref="9019970116"/>
  <nd ref="9019970117"/>
  <nd ref="9019970118"/>
  <nd ref="9019970119"/>
  <nd ref="9019970120"/>
  <nd ref="9019970121"/>
  <nd ref="9019970122"/>
  <nd ref="9019970123"/>
  <nd ref="9019970124"/>
  <nd ref="9019970125"/>
  <nd ref="9019970126"/>
  <nd ref="9019970127"/>
  <nd ref="9019970128"/>
  <nd ref="9019970129"/>
  <nd ref="9019970130"/>
  <nd ref="9019970131"/>
  <nd ref="9019970132"/>
  <nd ref="9019970133"/>
  <nd ref="9019970134"/>
  <nd ref="9019970135"/>
  <nd ref="9019970136"/>
  <nd ref="9019970137"/>
  <nd ref="9019970138"/>
  <nd ref="9019970103"/>
  <tag k="landuse" v="residential"/>
  <tag k="source" v="ortho hr 2019"/>
 </way>
 <way id="974643827" visible="true" version="1" changeset="109931497" timestamp="2021-08-19T12:16:58Z" user="Yod4z" uid="318821">
  <nd ref="9019970139"/>
  <nd ref="9019970140"/>
  <nd ref="9019970141"/>
  <nd ref="9019970142"/>
  <nd ref="9019970139"/>
  <tag k="man_made" v="wastewater_plant"/>
  <tag k="source" v="ortho hr 2019"/>
 </way>
 <way id="974643828" visible="true" version="1" changeset="109931497" timestamp="2021-08-19T12:16:58Z" user="Yod4z" uid="318821">
  <nd ref="3995771638"/>
  <nd ref="9019970143"/>
  <nd ref="9019970144"/>
  <tag k="highway" v="service"/>
 </way>
 <way id="974643829" visible="true" version="1" changeset="109931497" timestamp="2021-08-19T12:16:58Z" user="Yod4z" uid="318821">
  <nd ref="9019970155"/>
  <nd ref="9019970156"/>
  <nd ref="9019970157"/>
  <nd ref="9019970158"/>
  <nd ref="9019970159"/>
  <nd ref="9019970160"/>
  <nd ref="9019970161"/>
  <nd ref="9019970162"/>
  <nd ref="9019970163"/>
  <nd ref="9019970164"/>
  <nd ref="9019970165"/>
  <nd ref="9019970166"/>
  <nd ref="9019970167"/>
  <nd ref="9019970168"/>
  <nd ref="9019970169"/>
  <nd ref="9019970170"/>
  <nd ref="9019970155"/>
  <tag k="landuse" v="forest"/>
 </way>
 <way id="974643830" visible="true" version="1" changeset="109931497" timestamp="2021-08-19T12:16:58Z" user="Yod4z" uid="318821">
  <nd ref="9019970194"/>
  <nd ref="9019970035"/>
  <nd ref="9019970033"/>
  <nd ref="9019970032"/>
  <nd ref="9019970025"/>
  <nd ref="524201458"/>
  <nd ref="9019969111"/>
  <nd ref="9019969110"/>
  <nd ref="524201459"/>
  <nd ref="9019970145"/>
  <nd ref="524201460"/>
  <nd ref="9019970147"/>
  <nd ref="9019970149"/>
  <nd ref="9019970148"/>
  <nd ref="9019970150"/>
  <nd ref="9019970152"/>
  <nd ref="9019970153"/>
  <nd ref="9019970154"/>
  <nd ref="9019970151"/>
  <nd ref="9019970146"/>
  <nd ref="524201461"/>
  <nd ref="524201462"/>
  <nd ref="524201463"/>
  <nd ref="9019970172"/>
  <nd ref="9019970174"/>
  <nd ref="9019970173"/>
  <nd ref="9019970177"/>
  <nd ref="9019970178"/>
  <nd ref="9019970179"/>
  <nd ref="9019970176"/>
  <nd ref="9019970175"/>
  <nd ref="9019970181"/>
  <nd ref="9019970180"/>
  <nd ref="9019970171"/>
  <nd ref="9019970183"/>
  <nd ref="9019970184"/>
  <nd ref="9019970189"/>
  <nd ref="9019970191"/>
  <nd ref="9019970192"/>
  <nd ref="9019970193"/>
  <nd ref="9019970197"/>
  <nd ref="9019970198"/>
  <nd ref="9019970199"/>
  <nd ref="9019970196"/>
  <nd ref="9019970195"/>
  <nd ref="9019970194"/>
  <tag k="CLC:code" v="311"/>
  <tag k="CLC:id" v="FR-191387"/>
  <tag k="CLC:year" v="2006"/>
  <tag k="landuse" v="forest"/>
  <tag k="leaf_cycle" v="deciduous"/>
  <tag k="source" v="Union européenne - SOeS, CORINE Land Cover, 2006;ortho hr 2019"/>
 </way>
 <way id="975716351" visible="true" version="2" changeset="110296249" timestamp="2021-08-26T15:57:37Z" user="Yod4z" uid="318821">
  <nd ref="524201567"/>
  <nd ref="9029183696"/>
  <nd ref="9029183697"/>
  <nd ref="524201548"/>
  <nd ref="524201550"/>
  <nd ref="524201551"/>
  <nd ref="524201552"/>
  <nd ref="524201553"/>
  <nd ref="524201554"/>
  <nd ref="524201555"/>
  <nd ref="9020421070"/>
  <nd ref="9020421057"/>
  <nd ref="524201558"/>
  <nd ref="524201562"/>
  <nd ref="9038394817"/>
  <nd ref="524201563"/>
  <nd ref="524201564"/>
  <nd ref="524201565"/>
  <nd ref="9029183698"/>
  <nd ref="524201566"/>
  <nd ref="524201567"/>
  <tag k="CLC:code" v="311"/>
  <tag k="CLC:id" v="FR-191387"/>
  <tag k="CLC:year" v="2006"/>
  <tag k="landuse" v="forest"/>
  <tag k="leaf_cycle" v="deciduous"/>
  <tag k="source" v="Union européenne - SOeS, CORINE Land Cover, 2006;ortho hr 2019"/>
 </way>
 <way id="976720748" visible="true" version="1" changeset="110296249" timestamp="2021-08-26T15:57:37Z" user="Yod4z" uid="318821">
  <nd ref="9038394818"/>
  <nd ref="9038394819"/>
  <nd ref="9038394820"/>
  <nd ref="9038394821"/>
  <nd ref="9038394822"/>
  <nd ref="9038394823"/>
  <nd ref="9038394824"/>
  <nd ref="9038394825"/>
  <nd ref="9038394826"/>
  <nd ref="9038394827"/>
  <nd ref="9038394828"/>
  <nd ref="9038394829"/>
  <nd ref="9038394830"/>
  <nd ref="9038394831"/>
  <nd ref="9038394832"/>
  <nd ref="9038394833"/>
  <nd ref="9038394834"/>
  <nd ref="9038394818"/>
  <tag k="landuse" v="forest"/>
  <tag k="source" v="ortho hr 2019"/>
 </way>
 <way id="1009950278" visible="true" version="3" changeset="183129218" timestamp="2026-05-24T22:32:53Z" user="InfosReseaux" uid="93222">
  <nd ref="9010537063"/>
  <nd ref="9318406402"/>
  <nd ref="9318406404"/>
  <nd ref="9318406403"/>
  <nd ref="9318406405"/>
  <nd ref="9318406406"/>
  <nd ref="9318406407"/>
  <nd ref="9318406408"/>
  <nd ref="9318406416"/>
  <nd ref="9318406409"/>
  <nd ref="9318406410"/>
  <nd ref="9318406411"/>
  <nd ref="9318406412"/>
  <nd ref="9318406413"/>
  <nd ref="9318406414"/>
  <nd ref="9318406415"/>
  <tag k="cables" v="3"/>
  <tag k="operator" v="Enedis"/>
  <tag k="operator:wikidata" v="Q3587594"/>
  <tag k="power" v="minor_line"/>
  <tag k="voltage" v="20000"/>
 </way>
 <way id="1357842432" visible="true" version="2" changeset="179046537" timestamp="2026-02-25T16:51:07Z" user="Olyon" uid="1443767">
  <nd ref="4031808032"/>
  <nd ref="732255806"/>
  <nd ref="5768942745"/>
  <nd ref="7612211217"/>
  <nd ref="732256784"/>
  <nd ref="7612211218"/>
  <nd ref="732257050"/>
  <nd ref="7612211216"/>
  <nd ref="7612211196"/>
  <nd ref="732256619"/>
  <nd ref="732256908"/>
  <nd ref="1652861756"/>
  <nd ref="7612211239"/>
  <nd ref="732256067"/>
  <nd ref="7612211238"/>
  <nd ref="7612211227"/>
  <nd ref="7612211219"/>
  <nd ref="7612211240"/>
  <nd ref="732256335"/>
  <nd ref="732255915"/>
  <nd ref="7612211220"/>
  <nd ref="732256188"/>
  <nd ref="732257202"/>
  <tag k="highway" v="tertiary"/>
  <tag k="maxspeed" v="90"/>
  <tag k="name" v="Rue des Fontaines"/>
  <tag k="ref" v="D 504"/>
 </way>
 <way id="1357842433" visible="true" version="2" changeset="179046537" timestamp="2026-02-25T16:51:07Z" user="Olyon" uid="1443767">
  <nd ref="5768942736"/>
  <nd ref="732256500"/>
  <nd ref="5768942729"/>
  <nd ref="5768942737"/>
  <nd ref="732256796"/>
  <nd ref="5768942738"/>
  <nd ref="732255950"/>
  <nd ref="732256214"/>
  <nd ref="4032457314"/>
  <nd ref="5768942741"/>
  <nd ref="732255819"/>
  <nd ref="732256079"/>
  <nd ref="5768942742"/>
  <nd ref="732257063"/>
  <nd ref="5768942743"/>
  <nd ref="732257444"/>
  <nd ref="732256925"/>
  <nd ref="5768943453"/>
  <nd ref="5768942752"/>
  <nd ref="732257229"/>
  <nd ref="5768942751"/>
  <nd ref="732256357"/>
  <nd ref="5768942750"/>
  <nd ref="732256644"/>
  <nd ref="732256203"/>
  <nd ref="5768942749"/>
  <nd ref="5768942748"/>
  <nd ref="732256488"/>
  <nd ref="5768942747"/>
  <nd ref="732255716"/>
  <nd ref="732255934"/>
  <nd ref="732257415"/>
  <nd ref="4031808032"/>
  <tag k="highway" v="tertiary"/>
  <tag k="maxspeed" v="90"/>
  <tag k="ref" v="D 504"/>
 </way>
 <way id="1357842441" visible="true" version="1" changeset="162256007" timestamp="2025-02-07T18:11:37Z" user="Olyon" uid="1443767">
  <nd ref="12566062385"/>
  <nd ref="12566062384"/>
  <nd ref="12566062383"/>
  <nd ref="12566062382"/>
  <nd ref="12566062381"/>
  <nd ref="12566062380"/>
  <tag k="highway" v="residential"/>
  <tag k="name" v="Impasse des Jardins"/>
 </way>
 <way id="1357842442" visible="true" version="2" changeset="174923988" timestamp="2025-11-20T20:43:38Z" user="Hervé TUC" uid="922338">
  <nd ref="3995773183"/>
  <nd ref="3995773184"/>
  <tag k="highway" v="unclassified"/>
 </way>
 <way id="1357842444" visible="true" version="1" changeset="162256007" timestamp="2025-02-07T18:11:37Z" user="Olyon" uid="1443767">
  <nd ref="12566062392"/>
  <nd ref="12566062391"/>
  <nd ref="12566062390"/>
  <nd ref="7612211242"/>
  <tag k="highway" v="service"/>
  <tag k="name" v="Chemin de la Station"/>
 </way>
 <relation id="115830" visible="true" version="26" changeset="170579156" timestamp="2025-08-17T17:36:28Z" user="Niconil" uid="217235">
  <member type="node" ref="244938821" role="admin_centre"/>
  <member type="way" ref="81161091" role="outer"/>
  <member type="way" ref="33331735" role="outer"/>
  <member type="way" ref="33331799" role="outer"/>
  <member type="way" ref="33331747" role="outer"/>
  <member type="way" ref="33331762" role="outer"/>
  <member type="way" ref="34764124" role="outer"/>
  <member type="way" ref="34761900" role="outer"/>
  <member type="way" ref="1422874386" role="outer"/>
  <member type="way" ref="1422874385" role="outer"/>
  <tag k="admin_level" v="8"/>
  <tag k="boundary" v="administrative"/>
  <tag k="name" v="Saint-Symphorien-de-Thénières"/>
  <tag k="name:oc" v="Sant Aforians de Tenièiras"/>
  <tag k="population" v="214"/>
  <tag k="population:date" v="2021"/>
  <tag k="postal_code" v="12460"/>
  <tag k="ref:FR:SIREN" v="211202502"/>
  <tag k="ref:INSEE" v="12250"/>
  <tag k="source:name:oc" v="ieo-bdtopoc"/>
  <tag k="source:population" v="INSEE 2024"/>
  <tag k="source:postal_code" v="La Poste - 12/2014"/>
  <tag k="type" v="boundary"/>
  <tag k="wikidata" v="Q1376204"/>
  <tag k="wikipedia" v="fr:Saint-Symphorien-de-Thénières"/>
 </relation>
 <relation id="2099961" visible="true" version="9" changeset="170583783" timestamp="2025-08-17T19:26:25Z" user="Niconil" uid="217235">
  <member type="node" ref="244938785" role="admin_centre"/>
  <member type="way" ref="81161091" role="outer"/>
  <member type="way" ref="34761899" role="outer"/>
  <member type="way" ref="1422900413" role="outer"/>
  <member type="way" ref="1422900412" role="outer"/>
  <member type="way" ref="81161090" role="outer"/>
  <member type="way" ref="34656302" role="outer"/>
  <member type="way" ref="762121395" role="outer"/>
  <member type="way" ref="36877492" role="outer"/>
  <member type="way" ref="762121394" role="outer"/>
  <member type="way" ref="34656295" role="outer"/>
  <member type="way" ref="34656292" role="outer"/>
  <member type="way" ref="118528597" role="outer"/>
  <member type="way" ref="34656284" role="outer"/>
  <member type="way" ref="34656320" role="outer"/>
  <member type="way" ref="33331675" role="outer"/>
  <member type="way" ref="33331764" role="outer"/>
  <member type="way" ref="33331658" role="outer"/>
  <member type="way" ref="33503563" role="outer"/>
  <member type="way" ref="33503562" role="outer"/>
  <member type="way" ref="33503518" role="outer"/>
  <member type="way" ref="33331762" role="outer"/>
  <member type="way" ref="34764124" role="outer"/>
  <member type="way" ref="34761900" role="outer"/>
  <member type="way" ref="1422874386" role="outer"/>
  <member type="way" ref="1422874385" role="outer"/>
  <member type="relation" ref="140711" role="subarea"/>
  <member type="relation" ref="141075" role="subarea"/>
  <member type="relation" ref="123285" role="subarea"/>
  <member type="relation" ref="142768" role="subarea"/>
  <member type="relation" ref="115816" role="subarea"/>
  <member type="relation" ref="115830" role="subarea"/>
  <tag k="disused:boundary" v="political"/>
  <tag k="disused:political_division" v="canton"/>
  <tag k="end_date" v="2015-03"/>
  <tag k="name" v="Saint-Amans-des-Cots"/>
  <tag k="ref:INSEE" v="1230"/>
  <tag k="type" v="boundary"/>
  <tag k="wikidata" v="Q201956"/>
  <tag k="wikipedia" v="fr:Canton de Saint-Amans-des-Cots"/>
 </relation>
 <relation id="9090917" visible="true" version="14" changeset="183005209" timestamp="2026-05-22T06:06:44Z" user="confusedbuffalo" uid="242345">
  <member type="way" ref="81238577" role="outer"/>
  <member type="way" ref="81238593" role="outer"/>
  <member type="way" ref="82173505" role="outer"/>
  <member type="way" ref="82173504" role="outer"/>
  <member type="way" ref="81238602" role="outer"/>
  <member type="way" ref="153969232" role="outer"/>
  <member type="way" ref="153969231" role="outer"/>
  <member type="way" ref="49847680" role="outer"/>
  <member type="way" ref="49847638" role="outer"/>
  <member type="way" ref="49847674" role="outer"/>
  <member type="way" ref="33082768" role="outer"/>
  <member type="way" ref="33082778" role="outer"/>
  <member type="way" ref="33082913" role="outer"/>
  <member type="way" ref="33082789" role="outer"/>
  <member type="way" ref="33082700" role="outer"/>
  <member type="way" ref="33082761" role="outer"/>
  <member type="way" ref="33082916" role="outer"/>
  <member type="way" ref="33082765" role="outer"/>
  <member type="way" ref="67806004" role="outer"/>
  <member type="way" ref="67808550" role="outer"/>
  <member type="way" ref="67808557" role="outer"/>
  <member type="way" ref="67805445" role="outer"/>
  <member type="way" ref="42163066" role="outer"/>
  <member type="way" ref="42162973" role="outer"/>
  <member type="way" ref="42162965" role="outer"/>
  <member type="way" ref="42162983" role="outer"/>
  <member type="way" ref="42163032" role="outer"/>
  <member type="way" ref="61797174" role="outer"/>
  <member type="way" ref="61797173" role="outer"/>
  <member type="way" ref="42162969" role="outer"/>
  <member type="way" ref="824375888" role="outer"/>
  <member type="way" ref="42162982" role="outer"/>
  <member type="way" ref="42163007" role="outer"/>
  <member type="way" ref="824375889" role="outer"/>
  <member type="way" ref="824375884" role="outer"/>
  <member type="way" ref="42162971" role="outer"/>
  <member type="way" ref="42162998" role="outer"/>
  <member type="way" ref="42162991" role="outer"/>
  <member type="way" ref="42163008" role="outer"/>
  <member type="way" ref="53507015" role="outer"/>
  <member type="way" ref="101848715" role="outer"/>
  <member type="way" ref="53507022" role="outer"/>
  <member type="way" ref="42163096" role="outer"/>
  <member type="way" ref="33473490" role="outer"/>
  <member type="way" ref="80962266" role="outer"/>
  <member type="way" ref="101834645" role="outer"/>
  <member type="way" ref="33473491" role="outer"/>
  <member type="way" ref="101834621" role="outer"/>
  <member type="way" ref="101839487" role="outer"/>
  <member type="way" ref="33331802" role="outer"/>
  <member type="way" ref="33331745" role="outer"/>
  <member type="way" ref="36899285" role="outer"/>
  <member type="way" ref="36899287" role="outer"/>
  <member type="way" ref="36899288" role="outer"/>
  <member type="way" ref="33331833" role="outer"/>
  <member type="way" ref="33331759" role="outer"/>
  <member type="way" ref="33331730" role="outer"/>
  <member type="way" ref="33331705" role="outer"/>
  <member type="way" ref="33331755" role="outer"/>
  <member type="way" ref="33426397" role="outer"/>
  <member type="way" ref="36781415" role="outer"/>
  <member type="way" ref="36781414" role="outer"/>
  <member type="way" ref="36781412" role="outer"/>
  <member type="way" ref="36781413" role="outer"/>
  <member type="way" ref="228487979" role="outer"/>
  <member type="way" ref="33331677" role="outer"/>
  <member type="way" ref="33331803" role="outer"/>
  <member type="way" ref="33331829" role="outer"/>
  <member type="way" ref="33331766" role="outer"/>
  <member type="way" ref="1422969173" role="outer"/>
  <member type="way" ref="1422969172" role="outer"/>
  <member type="way" ref="96400418" role="outer"/>
  <member type="way" ref="33331663" role="outer"/>
  <member type="way" ref="34760236" role="outer"/>
  <member type="way" ref="37997580" role="outer"/>
  <member type="way" ref="118528597" role="outer"/>
  <member type="way" ref="118528598" role="outer"/>
  <member type="way" ref="118528599" role="outer"/>
  <member type="way" ref="112599436" role="outer"/>
  <member type="way" ref="113751412" role="outer"/>
  <member type="way" ref="113751394" role="outer"/>
  <member type="way" ref="113751397" role="outer"/>
  <member type="way" ref="34656302" role="outer"/>
  <member type="way" ref="81161090" role="outer"/>
  <member type="way" ref="1422900412" role="outer"/>
  <member type="way" ref="1422900413" role="outer"/>
  <member type="way" ref="34761899" role="outer"/>
  <member type="way" ref="81161091" role="outer"/>
  <member type="way" ref="1422874385" role="outer"/>
  <member type="way" ref="1422874386" role="outer"/>
  <member type="way" ref="34761900" role="outer"/>
  <member type="way" ref="86222222" role="outer"/>
  <member type="way" ref="34764122" role="outer"/>
  <member type="way" ref="86222225" role="outer"/>
  <member type="way" ref="34764123" role="outer"/>
  <member type="way" ref="215216077" role="outer"/>
  <member type="way" ref="33478281" role="outer"/>
  <member type="way" ref="215216334" role="outer"/>
  <member type="way" ref="215216329" role="outer"/>
  <member type="way" ref="216621680" role="outer"/>
  <member type="way" ref="200241153" role="outer"/>
  <member type="way" ref="216221846" role="outer"/>
  <member type="way" ref="216221845" role="outer"/>
  <member type="way" ref="107508830" role="outer"/>
  <member type="way" ref="107508829" role="outer"/>
  <member type="way" ref="33082882" role="inner"/>
  <member type="way" ref="33082722" role="inner"/>
  <member type="way" ref="82174208" role="inner"/>
  <member type="way" ref="82174201" role="inner"/>
  <member type="way" ref="49847635" role="inner"/>
  <member type="way" ref="81238609" role="inner"/>
  <member type="way" ref="33082875" role="inner"/>
  <member type="way" ref="33082637" role="inner"/>
  <member type="way" ref="33082646" role="inner"/>
  <member type="way" ref="33082846" role="inner"/>
  <member type="node" ref="244938775" role="admin_centre"/>
  <member type="relation" ref="111904" role="subarea"/>
  <member type="relation" ref="1223479" role="subarea"/>
  <member type="relation" ref="283799" role="subarea"/>
  <member type="relation" ref="5811925" role="subarea"/>
  <member type="relation" ref="111903" role="subarea"/>
  <member type="relation" ref="5812013" role="subarea"/>
  <member type="relation" ref="111896" role="subarea"/>
  <member type="relation" ref="5812014" role="subarea"/>
  <member type="relation" ref="111902" role="subarea"/>
  <member type="relation" ref="283824" role="subarea"/>
  <member type="relation" ref="140711" role="subarea"/>
  <member type="relation" ref="117015" role="subarea"/>
  <member type="relation" ref="117205" role="subarea"/>
  <member type="relation" ref="115827" role="subarea"/>
  <member type="relation" ref="116477" role="subarea"/>
  <member type="relation" ref="111914" role="subarea"/>
  <member type="relation" ref="2658224" role="subarea"/>
  <member type="relation" ref="116480" role="subarea"/>
  <member type="relation" ref="115818" role="subarea"/>
  <member type="relation" ref="116481" role="subarea"/>
  <member type="relation" ref="1223476" role="subarea"/>
  <member type="relation" ref="1737383" role="subarea"/>
  <member type="relation" ref="115810" role="subarea"/>
  <member type="relation" ref="2690872" role="subarea"/>
  <member type="relation" ref="115826" role="subarea"/>
  <member type="relation" ref="111923" role="subarea"/>
  <member type="relation" ref="111912" role="subarea"/>
  <member type="relation" ref="141075" role="subarea"/>
  <member type="relation" ref="111899" role="subarea"/>
  <member type="relation" ref="1223471" role="subarea"/>
  <member type="relation" ref="283795" role="subarea"/>
  <member type="relation" ref="283822" role="subarea"/>
  <member type="relation" ref="123285" role="subarea"/>
  <member type="relation" ref="2617578" role="subarea"/>
  <member type="relation" ref="116468" role="subarea"/>
  <member type="relation" ref="2865521" role="subarea"/>
  <member type="relation" ref="960293" role="subarea"/>
  <member type="relation" ref="2073379" role="subarea"/>
  <member type="relation" ref="142768" role="subarea"/>
  <member type="relation" ref="115835" role="subarea"/>
  <member type="relation" ref="138714" role="subarea"/>
  <member type="relation" ref="142751" role="subarea"/>
  <member type="relation" ref="111908" role="subarea"/>
  <member type="relation" ref="6837824" role="subarea"/>
  <member type="relation" ref="116951" role="subarea"/>
  <member type="relation" ref="116471" role="subarea"/>
  <member type="relation" ref="6837826" role="subarea"/>
  <member type="relation" ref="283825" role="subarea"/>
  <member type="relation" ref="115816" role="subarea"/>
  <member type="relation" ref="116473" role="subarea"/>
  <member type="relation" ref="115820" role="subarea"/>
  <member type="relation" ref="5815489" role="subarea"/>
  <member type="relation" ref="283805" role="subarea"/>
  <member type="relation" ref="404435" role="subarea"/>
  <member type="relation" ref="960292" role="subarea"/>
  <member type="relation" ref="111915" role="subarea"/>
  <member type="relation" ref="1070577" role="subarea"/>
  <member type="relation" ref="2865522" role="subarea"/>
  <member type="relation" ref="959450" role="subarea"/>
  <member type="relation" ref="2073500" role="subarea"/>
  <member type="relation" ref="115830" role="subarea"/>
  <member type="relation" ref="2303090" role="subarea"/>
  <member type="relation" ref="283820" role="subarea"/>
  <member type="relation" ref="115812" role="subarea"/>
  <member type="relation" ref="404436" role="subarea"/>
  <member type="relation" ref="283802" role="subarea"/>
  <member type="relation" ref="2690873" role="subarea"/>
  <tag k="boundary" v="protected_area"/>
  <tag k="iucn_level" v="5"/>
  <tag k="name" v="Parc naturel régional de l'Aubrac"/>
  <tag k="name:br" v="Park natur rannvroel Aubrac"/>
  <tag k="name:fr" v="Parc naturel régional de l'Aubrac"/>
  <tag k="protect_class" v="5"/>
  <tag k="protection_title" v="parc naturel régional"/>
  <tag k="ref:FR:INPN" v="FR8000054"/>
  <tag k="short_name" v="Parc de l'Aubrac"/>
  <tag k="type" v="boundary"/>
  <tag k="website" v="https://www.parc-naturel-aubrac.fr/"/>
  <tag k="wikidata" v="Q54561886"/>
  <tag k="wikipedia" v="fr:Parc naturel régional de l'Aubrac"/>
 </relation>
</osm>
