<?xml version="1.0" encoding="UTF-8"?>
<osm version="0.6" generator="openstreetmap-cgimap 2.1.0 (2942767 spike-08.openstreetmap.org)" copyright="OpenStreetMap and contributors" attribution="http://www.openstreetmap.org/copyright" license="http://opendatacommons.org/licenses/odbl/1-0/">
 <bounds minlat="44.4764250" minlon="3.9322690" maxlat="44.4791920" maxlon="3.9381160"/>
 <node id="475850100" visible="true" version="5" changeset="169911366" timestamp="2025-08-03T15:30:19Z" user="Herbert Non" uid="1425246" lat="44.4532615" lon="3.9313681"/>
 <node id="475850102" visible="true" version="4" changeset="12187958" timestamp="2012-07-11T16:54:23Z" user="Britz" uid="143703" lat="44.4520533" lon="3.9318665"/>
 <node id="475850103" visible="true" version="3" changeset="12187958" timestamp="2012-07-11T16:54:23Z" user="Britz" uid="143703" lat="44.4512990" lon="3.9317849"/>
 <node id="475850105" visible="true" version="4" changeset="12187958" timestamp="2012-07-11T16:54:23Z" user="Britz" uid="143703" lat="44.4500322" lon="3.9309186"/>
 <node id="475850107" visible="true" version="4" changeset="12187958" timestamp="2012-07-11T16:54:23Z" user="Britz" uid="143703" lat="44.4491755" lon="3.9301393"/>
 <node id="475850108" visible="true" version="4" changeset="12187958" timestamp="2012-07-11T16:54:23Z" user="Britz" uid="143703" lat="44.4491350" lon="3.9296827"/>
 <node id="475850110" visible="true" version="3" changeset="12187958" timestamp="2012-07-11T16:54:23Z" user="Britz" uid="143703" lat="44.4504759" lon="3.9256104"/>
 <node id="518574875" visible="true" version="2" changeset="12187958" timestamp="2012-07-11T16:54:31Z" user="Britz" uid="143703" lat="44.4844357" lon="3.9559310"/>
 <node id="518574876" visible="true" version="2" changeset="12187958" timestamp="2012-07-11T16:54:31Z" user="Britz" uid="143703" lat="44.4850282" lon="3.9552499"/>
 <node id="518574880" visible="true" version="2" changeset="12187958" timestamp="2012-07-11T16:54:31Z" user="Britz" uid="143703" lat="44.4846791" lon="3.9507025"/>
 <node id="518574881" visible="true" version="2" changeset="12187958" timestamp="2012-07-11T16:54:31Z" user="Britz" uid="143703" lat="44.4845230" lon="3.9499999"/>
 <node id="518574882" visible="true" version="2" changeset="12187958" timestamp="2012-07-11T16:54:31Z" user="Britz" uid="143703" lat="44.4850459" lon="3.9483854"/>
 <node id="518574883" visible="true" version="2" changeset="12187958" timestamp="2012-07-11T16:54:31Z" user="Britz" uid="143703" lat="44.4853102" lon="3.9474624"/>
 <node id="518574886" visible="true" version="2" changeset="12187958" timestamp="2012-07-11T16:54:31Z" user="Britz" uid="143703" lat="44.4849358" lon="3.9445430"/>
 <node id="518574887" visible="true" version="2" changeset="12187958" timestamp="2012-07-11T16:54:31Z" user="Britz" uid="143703" lat="44.4855887" lon="3.9454922"/>
 <node id="518574888" visible="true" version="2" changeset="12187958" timestamp="2012-07-11T16:54:31Z" user="Britz" uid="143703" lat="44.4864164" lon="3.9458653"/>
 <node id="518574889" visible="true" version="2" changeset="12187958" timestamp="2012-07-11T16:54:31Z" user="Britz" uid="143703" lat="44.4869222" lon="3.9454141"/>
 <node id="518574890" visible="true" version="2" changeset="12187958" timestamp="2012-07-11T16:54:31Z" user="Britz" uid="143703" lat="44.4876633" lon="3.9460172"/>
 <node id="518574891" visible="true" version="2" changeset="12187958" timestamp="2012-07-11T16:54:31Z" user="Britz" uid="143703" lat="44.4884010" lon="3.9468527"/>
 <node id="518574894" visible="true" version="2" changeset="12187958" timestamp="2012-07-11T16:54:32Z" user="Britz" uid="143703" lat="44.4903161" lon="3.9469075"/>
 <node id="518574895" visible="true" version="2" changeset="12187958" timestamp="2012-07-11T16:54:32Z" user="Britz" uid="143703" lat="44.4918160" lon="3.9468342"/>
 <node id="518574901" visible="true" version="2" changeset="12187958" timestamp="2012-07-11T16:54:32Z" user="Britz" uid="143703" lat="44.4946743" lon="3.9450537"/>
 <node id="518574903" visible="true" version="2" changeset="12187958" timestamp="2012-07-11T16:54:32Z" user="Britz" uid="143703" lat="44.4949408" lon="3.9438981"/>
 <node id="518574905" visible="true" version="2" changeset="12187958" timestamp="2012-07-11T16:54:32Z" user="Britz" uid="143703" lat="44.4956226" lon="3.9428698"/>
 <node id="518574906" visible="true" version="2" changeset="12187958" timestamp="2012-07-11T16:54:32Z" user="Britz" uid="143703" lat="44.4963010" lon="3.9420747"/>
 <node id="518574909" visible="true" version="2" changeset="12187958" timestamp="2012-07-11T16:54:32Z" user="Britz" uid="143703" lat="44.4968051" lon="3.9417395"/>
 <node id="518574911" visible="true" version="2" changeset="12187958" timestamp="2012-07-11T16:54:32Z" user="Britz" uid="143703" lat="44.4976260" lon="3.9425782"/>
 <node id="518576021" visible="true" version="2" changeset="12187958" timestamp="2012-07-11T16:54:32Z" user="Britz" uid="143703" lat="44.4421020" lon="3.9264612"/>
 <node id="518576022" visible="true" version="2" changeset="12187958" timestamp="2012-07-11T16:54:32Z" user="Britz" uid="143703" lat="44.4420112" lon="3.9286181"/>
 <node id="518576026" visible="true" version="3" changeset="160800196" timestamp="2024-12-30T16:42:47Z" user="Britzz" uid="7550430" lat="44.4427878" lon="3.9314092"/>
 <node id="518576027" visible="true" version="4" changeset="187253326" timestamp="2026-08-10T20:39:36Z" user="Britzz" uid="7550430" lat="44.4440811" lon="3.9324445"/>
 <node id="518576028" visible="true" version="3" changeset="160800196" timestamp="2024-12-30T16:42:47Z" user="Britzz" uid="7550430" lat="44.4426999" lon="3.9329544"/>
 <node id="518576029" visible="true" version="2" changeset="12187958" timestamp="2012-07-11T16:54:32Z" user="Britz" uid="143703" lat="44.4421344" lon="3.9324415"/>
 <node id="518576030" visible="true" version="3" changeset="12187958" timestamp="2012-07-11T16:54:32Z" user="Britz" uid="143703" lat="44.4411943" lon="3.9319635"/>
 <node id="518576033" visible="true" version="4" changeset="109321689" timestamp="2021-08-07T18:38:05Z" user="Britzz" uid="7550430" lat="44.4391450" lon="3.9336237"/>
 <node id="520848742" visible="true" version="2" changeset="12187958" timestamp="2012-07-11T16:54:33Z" user="Britz" uid="143703" lat="44.4890293" lon="3.9380269"/>
 <node id="520848743" visible="true" version="2" changeset="12187958" timestamp="2012-07-11T16:54:33Z" user="Britz" uid="143703" lat="44.4881914" lon="3.9383525"/>
 <node id="520848744" visible="true" version="2" changeset="12187958" timestamp="2012-07-11T16:54:33Z" user="Britz" uid="143703" lat="44.4875260" lon="3.9383336"/>
 <node id="520848745" visible="true" version="2" changeset="12187958" timestamp="2012-07-11T16:54:33Z" user="Britz" uid="143703" lat="44.4868731" lon="3.9373844"/>
 <node id="520848746" visible="true" version="2" changeset="12187958" timestamp="2012-07-11T16:54:33Z" user="Britz" uid="143703" lat="44.4860640" lon="3.9357319"/>
 <node id="520848747" visible="true" version="2" changeset="12187958" timestamp="2012-07-11T16:54:33Z" user="Britz" uid="143703" lat="44.4854055" lon="3.9352483"/>
 <node id="520848748" visible="true" version="2" changeset="12187958" timestamp="2012-07-11T16:54:33Z" user="Britz" uid="143703" lat="44.4843945" lon="3.9360339"/>
 <node id="520848749" visible="true" version="2" changeset="12187958" timestamp="2012-07-11T16:54:33Z" user="Britz" uid="143703" lat="44.4836635" lon="3.9347331"/>
 <node id="520848750" visible="true" version="2" changeset="12187958" timestamp="2012-07-11T16:54:33Z" user="Britz" uid="143703" lat="44.4833297" lon="3.9347237"/>
 <node id="520848751" visible="true" version="2" changeset="12187958" timestamp="2012-07-11T16:54:33Z" user="Britz" uid="143703" lat="44.4825710" lon="3.9354002"/>
 <node id="520848752" visible="true" version="2" changeset="12187958" timestamp="2012-07-11T16:54:33Z" user="Britz" uid="143703" lat="44.4816364" lon="3.9366536"/>
 <node id="520848753" visible="true" version="2" changeset="12187958" timestamp="2012-07-11T16:54:33Z" user="Britz" uid="143703" lat="44.4803895" lon="3.9365020"/>
 <node id="520848754" visible="true" version="2" changeset="12187958" timestamp="2012-07-11T16:54:33Z" user="Britz" uid="143703" lat="44.4797247" lon="3.9363661"/>
 <node id="520848755" visible="true" version="2" changeset="12187958" timestamp="2012-07-11T16:54:33Z" user="Britz" uid="143703" lat="44.4792959" lon="3.9371689"/>
 <node id="520848756" visible="true" version="2" changeset="12187958" timestamp="2012-07-11T16:54:33Z" user="Britz" uid="143703" lat="44.4785474" lon="3.9371477"/>
 <node id="520848757" visible="true" version="2" changeset="12187958" timestamp="2012-07-11T16:54:33Z" user="Britz" uid="143703" lat="44.4782271" lon="3.9362073"/>
 <node id="520848758" visible="true" version="2" changeset="12187958" timestamp="2012-07-11T16:54:33Z" user="Britz" uid="143703" lat="44.4778113" lon="3.9361955"/>
 <node id="520848759" visible="true" version="2" changeset="12187958" timestamp="2012-07-11T16:54:33Z" user="Britz" uid="143703" lat="44.4771380" lon="3.9366420"/>
 <node id="520848760" visible="true" version="2" changeset="12187958" timestamp="2012-07-11T16:54:33Z" user="Britz" uid="143703" lat="44.4761899" lon="3.9388253"/>
 <node id="520848761" visible="true" version="2" changeset="12187958" timestamp="2012-07-11T16:54:34Z" user="Britz" uid="143703" lat="44.4755058" lon="3.9400856"/>
 <node id="520848762" visible="true" version="2" changeset="12187958" timestamp="2012-07-11T16:54:34Z" user="Britz" uid="143703" lat="44.4757350" lon="3.9414882"/>
 <node id="520848763" visible="true" version="2" changeset="12187958" timestamp="2012-07-11T16:54:34Z" user="Britz" uid="143703" lat="44.4747935" lon="3.9432059"/>
 <node id="520848764" visible="true" version="2" changeset="12187958" timestamp="2012-07-11T16:54:34Z" user="Britz" uid="143703" lat="44.4743675" lon="3.9438917"/>
 <node id="520848765" visible="true" version="2" changeset="12187958" timestamp="2012-07-11T16:54:34Z" user="Britz" uid="143703" lat="44.4734549" lon="3.9436333"/>
 <node id="520848766" visible="true" version="2" changeset="12187958" timestamp="2012-07-11T16:54:34Z" user="Britz" uid="143703" lat="44.4728665" lon="3.9439659"/>
 <node id="520848767" visible="true" version="2" changeset="12187958" timestamp="2012-07-11T16:54:34Z" user="Britz" uid="143703" lat="44.4718878" lon="3.9425420"/>
 <node id="520848768" visible="true" version="2" changeset="12187958" timestamp="2012-07-11T16:54:34Z" user="Britz" uid="143703" lat="44.4703751" lon="3.9408054"/>
 <node id="520848769" visible="true" version="2" changeset="12187958" timestamp="2012-07-11T16:54:34Z" user="Britz" uid="143703" lat="44.4705017" lon="3.9405248"/>
 <node id="520848770" visible="true" version="2" changeset="12187958" timestamp="2012-07-11T16:54:34Z" user="Britz" uid="143703" lat="44.4717741" lon="3.9389320"/>
 <node id="520848771" visible="true" version="2" changeset="12187958" timestamp="2012-07-11T16:54:34Z" user="Britz" uid="143703" lat="44.4727919" lon="3.9376820"/>
 <node id="520848772" visible="true" version="2" changeset="12187958" timestamp="2012-07-11T16:54:34Z" user="Britz" uid="143703" lat="44.4727358" lon="3.9358189"/>
 <node id="520848773" visible="true" version="2" changeset="12187958" timestamp="2012-07-11T16:54:34Z" user="Britz" uid="143703" lat="44.4719081" lon="3.9354460"/>
 <node id="520848774" visible="true" version="2" changeset="12187958" timestamp="2012-07-11T16:54:34Z" user="Britz" uid="143703" lat="44.4708224" lon="3.9356484"/>
 <node id="520848775" visible="true" version="2" changeset="12187958" timestamp="2012-07-11T16:54:34Z" user="Britz" uid="143703" lat="44.4698131" lon="3.9363176"/>
 <node id="520848776" visible="true" version="2" changeset="12187958" timestamp="2012-07-11T16:54:34Z" user="Britz" uid="143703" lat="44.4694822" lon="3.9361920"/>
 <node id="520848777" visible="true" version="2" changeset="12187958" timestamp="2012-07-11T16:54:34Z" user="Britz" uid="143703" lat="44.4693536" lon="3.9335129"/>
 <node id="520848778" visible="true" version="2" changeset="12187958" timestamp="2012-07-11T16:54:34Z" user="Britz" uid="143703" lat="44.4701151" lon="3.9327203"/>
 <node id="520848779" visible="true" version="2" changeset="12187958" timestamp="2012-07-11T16:54:34Z" user="Britz" uid="143703" lat="44.4728748" lon="3.9319836"/>
 <node id="520848780" visible="true" version="2" changeset="12187958" timestamp="2012-07-11T16:54:34Z" user="Britz" uid="143703" lat="44.4738807" lon="3.9315473"/>
 <node id="520848781" visible="true" version="2" changeset="12187958" timestamp="2012-07-11T16:54:34Z" user="Britz" uid="143703" lat="44.4742320" lon="3.9302775"/>
 <node id="520848782" visible="true" version="2" changeset="12187958" timestamp="2012-07-11T16:54:34Z" user="Britz" uid="143703" lat="44.4751597" lon="3.9294896"/>
 <node id="520848783" visible="true" version="2" changeset="12187958" timestamp="2012-07-11T16:54:34Z" user="Britz" uid="143703" lat="44.4756541" lon="3.9290490"/>
 <node id="520848788" visible="true" version="2" changeset="55267673" timestamp="2018-01-08T15:34:39Z" user="Jérémy Nicvert" uid="2265979" lat="44.4821092" lon="3.9272088"/>
 <node id="520848789" visible="true" version="2" changeset="55267673" timestamp="2018-01-08T15:34:39Z" user="Jérémy Nicvert" uid="2265979" lat="44.4833389" lon="3.9273406"/>
 <node id="520848790" visible="true" version="2" changeset="55267673" timestamp="2018-01-08T15:34:39Z" user="Jérémy Nicvert" uid="2265979" lat="44.4837905" lon="3.9279366"/>
 <node id="520848791" visible="true" version="1" changeset="2744155" timestamp="2009-10-04T23:54:23Z" user="CLCF06" uid="143308" lat="44.4842577" lon="3.9283344"/>
 <node id="520848792" visible="true" version="2" changeset="55267673" timestamp="2018-01-08T15:34:39Z" user="Jérémy Nicvert" uid="2265979" lat="44.4852184" lon="3.9285051"/>
 <node id="520848793" visible="true" version="1" changeset="2744155" timestamp="2009-10-04T23:54:23Z" user="CLCF06" uid="143308" lat="44.4856653" lon="3.9289561"/>
 <node id="520848794" visible="true" version="1" changeset="2744155" timestamp="2009-10-04T23:54:23Z" user="CLCF06" uid="143308" lat="44.4865066" lon="3.9283980"/>
 <node id="520848795" visible="true" version="1" changeset="2744155" timestamp="2009-10-04T23:54:23Z" user="CLCF06" uid="143308" lat="44.4872618" lon="3.9279536"/>
 <node id="520848796" visible="true" version="2" changeset="32919369" timestamp="2015-07-27T21:57:14Z" user="Britz" uid="143703" lat="44.4878258" lon="3.9281737"/>
 <node id="520848797" visible="true" version="1" changeset="2744155" timestamp="2009-10-04T23:54:23Z" user="CLCF06" uid="143308" lat="44.4890005" lon="3.9287009"/>
 <node id="520848798" visible="true" version="1" changeset="2744155" timestamp="2009-10-04T23:54:23Z" user="CLCF06" uid="143308" lat="44.4894973" lon="3.9289475"/>
 <node id="520848799" visible="true" version="1" changeset="2744155" timestamp="2009-10-04T23:54:23Z" user="CLCF06" uid="143308" lat="44.4899845" lon="3.9297764"/>
 <node id="520848800" visible="true" version="1" changeset="2744155" timestamp="2009-10-04T23:54:23Z" user="CLCF06" uid="143308" lat="44.4901339" lon="3.9309438"/>
 <node id="520848801" visible="true" version="1" changeset="2744155" timestamp="2009-10-04T23:54:23Z" user="CLCF06" uid="143308" lat="44.4917961" lon="3.9312241"/>
 <node id="520848802" visible="true" version="1" changeset="2744155" timestamp="2009-10-04T23:54:23Z" user="CLCF06" uid="143308" lat="44.4922901" lon="3.9315868"/>
 <node id="520848803" visible="true" version="1" changeset="2744155" timestamp="2009-10-04T23:54:23Z" user="CLCF06" uid="143308" lat="44.4925069" lon="3.9339201"/>
 <node id="520848804" visible="true" version="1" changeset="2744155" timestamp="2009-10-04T23:54:23Z" user="CLCF06" uid="143308" lat="44.4933279" lon="3.9347587"/>
 <node id="520848805" visible="true" version="1" changeset="2744155" timestamp="2009-10-04T23:54:23Z" user="CLCF06" uid="143308" lat="44.4932250" lon="3.9360351"/>
 <node id="520848806" visible="true" version="1" changeset="2744155" timestamp="2009-10-04T23:54:23Z" user="CLCF06" uid="143308" lat="44.4917116" lon="3.9370398"/>
 <node id="520848807" visible="true" version="1" changeset="2744155" timestamp="2009-10-04T23:54:24Z" user="CLCF06" uid="143308" lat="44.4909619" lon="3.9370185"/>
 <node id="520848808" visible="true" version="1" changeset="2744155" timestamp="2009-10-04T23:54:24Z" user="CLCF06" uid="143308" lat="44.4897897" lon="3.9374509"/>
 <node id="521779674" visible="true" version="2" changeset="12187958" timestamp="2012-07-11T16:54:35Z" user="Britz" uid="143703" lat="44.4738787" lon="4.0114989"/>
 <node id="521779676" visible="true" version="2" changeset="12187958" timestamp="2012-07-11T16:54:35Z" user="Britz" uid="143703" lat="44.4761707" lon="4.0086587"/>
 <node id="521779677" visible="true" version="2" changeset="12187958" timestamp="2012-07-11T16:54:36Z" user="Britz" uid="143703" lat="44.4771835" lon="4.0076437"/>
 <node id="521779679" visible="true" version="2" changeset="12187958" timestamp="2012-07-11T16:54:36Z" user="Britz" uid="143703" lat="44.4775237" lon="4.0073028"/>
 <node id="521779680" visible="true" version="2" changeset="12187958" timestamp="2012-07-11T16:54:36Z" user="Britz" uid="143703" lat="44.4784627" lon="4.0058176"/>
 <node id="521779682" visible="true" version="2" changeset="12187958" timestamp="2012-07-11T16:54:36Z" user="Britz" uid="143703" lat="44.4790636" lon="4.0046725"/>
 <node id="521779684" visible="true" version="2" changeset="12187958" timestamp="2012-07-11T16:54:36Z" user="Britz" uid="143703" lat="44.4814982" lon="4.0052441"/>
 <node id="521779685" visible="true" version="2" changeset="12187958" timestamp="2012-07-11T16:54:36Z" user="Britz" uid="143703" lat="44.4839005" lon="4.0044609"/>
 <node id="521779721" visible="true" version="2" changeset="12187958" timestamp="2012-07-11T16:54:36Z" user="Britz" uid="143703" lat="44.4880069" lon="3.9990372"/>
 <node id="521779722" visible="true" version="2" changeset="12187958" timestamp="2012-07-11T16:54:36Z" user="Britz" uid="143703" lat="44.4888509" lon="3.9982470"/>
 <node id="521779723" visible="true" version="2" changeset="12187958" timestamp="2012-07-11T16:54:36Z" user="Britz" uid="143703" lat="44.4896855" lon="3.9981553"/>
 <node id="521779724" visible="true" version="2" changeset="12187958" timestamp="2012-07-11T16:54:36Z" user="Britz" uid="143703" lat="44.4906863" lon="3.9980687"/>
 <node id="521779725" visible="true" version="2" changeset="12187958" timestamp="2012-07-11T16:54:36Z" user="Britz" uid="143703" lat="44.4911191" lon="3.9970345"/>
 <node id="521779726" visible="true" version="2" changeset="12187958" timestamp="2012-07-11T16:54:36Z" user="Britz" uid="143703" lat="44.4929537" lon="3.9969135"/>
 <node id="521779728" visible="true" version="2" changeset="12187958" timestamp="2012-07-11T16:54:36Z" user="Britz" uid="143703" lat="44.4928922" lon="3.9953990"/>
 <node id="521779729" visible="true" version="2" changeset="12187958" timestamp="2012-07-11T16:54:36Z" user="Britz" uid="143703" lat="44.4928319" lon="3.9938845"/>
 <node id="521779731" visible="true" version="2" changeset="12187958" timestamp="2012-07-11T16:54:36Z" user="Britz" uid="143703" lat="44.4935124" lon="3.9929738"/>
 <node id="521779732" visible="true" version="2" changeset="12187958" timestamp="2012-07-11T16:54:36Z" user="Britz" uid="143703" lat="44.4941824" lon="3.9927603"/>
 <node id="521779733" visible="true" version="2" changeset="12187958" timestamp="2012-07-11T16:54:36Z" user="Britz" uid="143703" lat="44.4950948" lon="3.9930204"/>
 <node id="521779735" visible="true" version="2" changeset="12187958" timestamp="2012-07-11T16:54:36Z" user="Britz" uid="143703" lat="44.4955019" lon="3.9936144"/>
 <node id="521779737" visible="true" version="2" changeset="12187958" timestamp="2012-07-11T16:54:36Z" user="Britz" uid="143703" lat="44.4956436" lon="3.9952476"/>
 <node id="521779738" visible="true" version="2" changeset="12187958" timestamp="2012-07-11T16:54:36Z" user="Britz" uid="143703" lat="44.4950333" lon="3.9970919"/>
 <node id="521779740" visible="true" version="2" changeset="12187958" timestamp="2012-07-11T16:54:36Z" user="Britz" uid="143703" lat="44.4948430" lon="3.9985990"/>
 <node id="521779741" visible="true" version="2" changeset="12187958" timestamp="2012-07-11T16:54:36Z" user="Britz" uid="143703" lat="44.4944892" lon="3.9999851"/>
 <node id="521779742" visible="true" version="2" changeset="12187958" timestamp="2012-07-11T16:54:37Z" user="Britz" uid="143703" lat="44.4948043" lon="4.0011576"/>
 <node id="521779744" visible="true" version="2" changeset="12187958" timestamp="2012-07-11T16:54:37Z" user="Britz" uid="143703" lat="44.4953770" lon="4.0018728"/>
 <node id="521779745" visible="true" version="2" changeset="12187958" timestamp="2012-07-11T16:54:37Z" user="Britz" uid="143703" lat="44.4959426" lon="4.0030536"/>
 <node id="521779746" visible="true" version="2" changeset="12187958" timestamp="2012-07-11T16:54:37Z" user="Britz" uid="143703" lat="44.4965212" lon="4.0033032"/>
 <node id="521779748" visible="true" version="2" changeset="12187958" timestamp="2012-07-11T16:54:37Z" user="Britz" uid="143703" lat="44.4973593" lon="4.0029793"/>
 <node id="521779749" visible="true" version="2" changeset="12187958" timestamp="2012-07-11T16:54:37Z" user="Britz" uid="143703" lat="44.4970408" lon="4.0020391"/>
 <node id="521779750" visible="true" version="2" changeset="12187958" timestamp="2012-07-11T16:54:37Z" user="Britz" uid="143703" lat="44.4968886" lon="4.0011030"/>
 <node id="521779752" visible="true" version="2" changeset="12187958" timestamp="2012-07-11T16:54:37Z" user="Britz" uid="143703" lat="44.4987334" lon="4.0002268"/>
 <node id="521779753" visible="true" version="2" changeset="12187958" timestamp="2012-07-11T16:54:37Z" user="Britz" uid="143703" lat="44.4998263" lon="3.9995608"/>
 <node id="521779754" visible="true" version="2" changeset="12187958" timestamp="2012-07-11T16:54:37Z" user="Britz" uid="143703" lat="44.5012424" lon="3.9996026"/>
 <node id="521779755" visible="true" version="2" changeset="12187958" timestamp="2012-07-11T16:54:37Z" user="Britz" uid="143703" lat="44.5014531" lon="4.0021696"/>
 <node id="521779756" visible="true" version="2" changeset="12187958" timestamp="2012-07-11T16:54:37Z" user="Britz" uid="143703" lat="44.5023567" lon="4.0030110"/>
 <node id="521779758" visible="true" version="2" changeset="12187958" timestamp="2012-07-11T16:54:37Z" user="Britz" uid="143703" lat="44.5026611" lon="4.0048818"/>
 <node id="521779760" visible="true" version="2" changeset="12187958" timestamp="2012-07-11T16:54:37Z" user="Britz" uid="143703" lat="44.5034019" lon="4.0054858"/>
 <node id="521779766" visible="true" version="2" changeset="12187958" timestamp="2012-07-11T16:54:37Z" user="Britz" uid="143703" lat="44.5043214" lon="4.0052806"/>
 <node id="523416298" visible="true" version="2" changeset="12187958" timestamp="2012-07-11T16:54:37Z" user="Britz" uid="143703" lat="44.5190812" lon="3.9704181"/>
 <node id="523416299" visible="true" version="2" changeset="12187958" timestamp="2012-07-11T16:54:37Z" user="Britz" uid="143703" lat="44.5181583" lon="3.9708573"/>
 <node id="523416300" visible="true" version="2" changeset="12187958" timestamp="2012-07-11T16:54:37Z" user="Britz" uid="143703" lat="44.5174982" lon="3.9704885"/>
 <node id="523416301" visible="true" version="2" changeset="12187958" timestamp="2012-07-11T16:54:37Z" user="Britz" uid="143703" lat="44.5160041" lon="3.9700962"/>
 <node id="523416302" visible="true" version="2" changeset="12187958" timestamp="2012-07-11T16:54:37Z" user="Britz" uid="143703" lat="44.5143379" lon="3.9701641"/>
 <node id="523416303" visible="true" version="2" changeset="12187958" timestamp="2012-07-11T16:54:37Z" user="Britz" uid="143703" lat="44.5134860" lon="3.9714201"/>
 <node id="523416304" visible="true" version="2" changeset="12187958" timestamp="2012-07-11T16:54:38Z" user="Britz" uid="143703" lat="44.5128057" lon="3.9723314"/>
 <node id="523416306" visible="true" version="2" changeset="12187958" timestamp="2012-07-11T16:54:38Z" user="Britz" uid="143703" lat="44.5117962" lon="3.9730005"/>
 <node id="523416324" visible="true" version="2" changeset="12187958" timestamp="2012-07-11T16:54:38Z" user="Britz" uid="143703" lat="44.5003118" lon="3.9723179"/>
 <node id="523416326" visible="true" version="2" changeset="12187958" timestamp="2012-07-11T16:54:38Z" user="Britz" uid="143703" lat="44.4994114" lon="3.9712439"/>
 <node id="523416327" visible="true" version="2" changeset="12187958" timestamp="2012-07-11T16:54:38Z" user="Britz" uid="143703" lat="44.4984210" lon="3.9706331"/>
 <node id="523416328" visible="true" version="2" changeset="12187958" timestamp="2012-07-11T16:54:38Z" user="Britz" uid="143703" lat="44.4975812" lon="3.9710745"/>
 <node id="523416329" visible="true" version="2" changeset="12187958" timestamp="2012-07-11T16:54:38Z" user="Britz" uid="143703" lat="44.4967467" lon="3.9711665"/>
 <node id="523416330" visible="true" version="2" changeset="12187958" timestamp="2012-07-11T16:54:38Z" user="Britz" uid="143703" lat="44.4955726" lon="3.9717144"/>
 <node id="523416331" visible="true" version="2" changeset="12187958" timestamp="2012-07-11T16:54:38Z" user="Britz" uid="143703" lat="44.4949061" lon="3.9716950"/>
 <node id="523416332" visible="true" version="2" changeset="12187958" timestamp="2012-07-11T16:54:38Z" user="Britz" uid="143703" lat="44.4942379" lon="3.9717919"/>
 <node id="523416334" visible="true" version="2" changeset="12187958" timestamp="2012-07-11T16:54:38Z" user="Britz" uid="143703" lat="44.4930638" lon="3.9723397"/>
 <node id="523416335" visible="true" version="2" changeset="12187958" timestamp="2012-07-11T16:54:38Z" user="Britz" uid="143703" lat="44.4919035" lon="3.9719565"/>
 <node id="523416336" visible="true" version="2" changeset="12187958" timestamp="2012-07-11T16:54:38Z" user="Britz" uid="143703" lat="44.4913775" lon="3.9719412"/>
 <node id="523416378" visible="true" version="3" changeset="166854965" timestamp="2025-05-28T06:39:25Z" user="theo998" uid="509490" lat="44.5013322" lon="3.9332907"/>
 <node id="523416379" visible="true" version="2" changeset="12187958" timestamp="2012-07-11T16:54:38Z" user="Britz" uid="143703" lat="44.5012733" lon="3.9323237"/>
 <node id="523416380" visible="true" version="2" changeset="12187958" timestamp="2012-07-11T16:54:38Z" user="Britz" uid="143703" lat="44.5010306" lon="3.9318510"/>
 <node id="523423668" visible="true" version="2" changeset="12187958" timestamp="2012-07-11T16:54:38Z" user="Britz" uid="143703" lat="44.4486731" lon="4.0581164"/>
 <node id="523423669" visible="true" version="2" changeset="12187958" timestamp="2012-07-11T16:54:39Z" user="Britz" uid="143703" lat="44.4491119" lon="4.0575954"/>
 <node id="525868328" visible="true" version="2" changeset="12187958" timestamp="2012-07-11T16:54:39Z" user="Britz" uid="143703" lat="44.4330704" lon="3.9985437"/>
 <node id="525868330" visible="true" version="2" changeset="12187958" timestamp="2012-07-11T16:54:39Z" user="Britz" uid="143703" lat="44.4331980" lon="4.0011052"/>
 <node id="525868331" visible="true" version="2" changeset="12187958" timestamp="2012-07-11T16:54:39Z" user="Britz" uid="143703" lat="44.4326059" lon="4.0016691"/>
 <node id="525868333" visible="true" version="2" changeset="12187958" timestamp="2012-07-11T16:54:39Z" user="Britz" uid="143703" lat="44.4310300" lon="4.0012734"/>
 <node id="525868334" visible="true" version="2" changeset="12187958" timestamp="2012-07-11T16:54:39Z" user="Britz" uid="143703" lat="44.4297732" lon="4.0017015"/>
 <node id="525868336" visible="true" version="2" changeset="12187958" timestamp="2012-07-11T16:54:39Z" user="Britz" uid="143703" lat="44.4290655" lon="4.0044703"/>
 <node id="525868337" visible="true" version="2" changeset="12187958" timestamp="2012-07-11T16:54:39Z" user="Britz" uid="143703" lat="44.4289470" lon="4.0067913"/>
 <node id="525868340" visible="true" version="2" changeset="12187958" timestamp="2012-07-11T16:54:39Z" user="Britz" uid="143703" lat="44.4286521" lon="4.0096885"/>
 <node id="525868342" visible="true" version="2" changeset="12187958" timestamp="2012-07-11T16:54:39Z" user="Britz" uid="143703" lat="44.4292991" lon="4.0109865"/>
 <node id="525868343" visible="true" version="2" changeset="12187958" timestamp="2012-07-11T16:54:39Z" user="Britz" uid="143703" lat="44.4296016" lon="4.0129717"/>
 <node id="525868344" visible="true" version="2" changeset="12187958" timestamp="2012-07-11T16:54:39Z" user="Britz" uid="143703" lat="44.4300537" lon="4.0161233"/>
 <node id="525868345" visible="true" version="2" changeset="12187958" timestamp="2012-07-11T16:54:40Z" user="Britz" uid="143703" lat="44.4276243" lon="4.0169813"/>
 <node id="525868346" visible="true" version="2" changeset="12187958" timestamp="2012-07-11T16:54:40Z" user="Britz" uid="143703" lat="44.4265972" lon="4.0133475"/>
 <node id="525868349" visible="true" version="2" changeset="12187958" timestamp="2012-07-11T16:54:40Z" user="Britz" uid="143703" lat="44.4252018" lon="4.0120273"/>
 <node id="525868351" visible="true" version="2" changeset="12187958" timestamp="2012-07-11T16:54:40Z" user="Britz" uid="143703" lat="44.4220329" lon="4.0122814"/>
 <node id="525868352" visible="true" version="2" changeset="12187958" timestamp="2012-07-11T16:54:40Z" user="Britz" uid="143703" lat="44.4202117" lon="4.0115299"/>
 <node id="525868353" visible="true" version="2" changeset="12187958" timestamp="2012-07-11T16:54:40Z" user="Britz" uid="143703" lat="44.4184047" lon="4.0098494"/>
 <node id="525868355" visible="true" version="2" changeset="12187958" timestamp="2012-07-11T16:54:40Z" user="Britz" uid="143703" lat="44.4172287" lon="4.0105118"/>
 <node id="525868357" visible="true" version="2" changeset="12187958" timestamp="2012-07-11T16:54:40Z" user="Britz" uid="143703" lat="44.4173449" lon="4.0122502"/>
 <node id="525868358" visible="true" version="2" changeset="12187958" timestamp="2012-07-11T16:54:40Z" user="Britz" uid="143703" lat="44.4183869" lon="4.0141072"/>
 <node id="525868361" visible="true" version="2" changeset="12187958" timestamp="2012-07-11T16:54:40Z" user="Britz" uid="143703" lat="44.4206443" lon="4.0143407"/>
 <node id="525868362" visible="true" version="2" changeset="12187958" timestamp="2012-07-11T16:54:41Z" user="Britz" uid="143703" lat="44.4226280" lon="4.0168904"/>
 <node id="525868364" visible="true" version="2" changeset="12187958" timestamp="2012-07-11T16:54:41Z" user="Britz" uid="143703" lat="44.4244987" lon="4.0191050"/>
 <node id="525868366" visible="true" version="2" changeset="12187958" timestamp="2012-07-11T16:54:41Z" user="Britz" uid="143703" lat="44.4267205" lon="4.0216621"/>
 <node id="525868367" visible="true" version="2" changeset="12187958" timestamp="2012-07-11T16:54:41Z" user="Britz" uid="143703" lat="44.4268028" lon="4.0239891"/>
 <node id="525868369" visible="true" version="2" changeset="12187958" timestamp="2012-07-11T16:54:41Z" user="Britz" uid="143703" lat="44.4262961" lon="4.0257147"/>
 <node id="525868371" visible="true" version="2" changeset="12187958" timestamp="2012-07-11T16:54:41Z" user="Britz" uid="143703" lat="44.4261751" lon="4.0261292"/>
 <node id="525868372" visible="true" version="2" changeset="12187958" timestamp="2012-07-11T16:54:41Z" user="Britz" uid="143703" lat="44.4256767" lon="4.0276087"/>
 <node id="525868375" visible="true" version="2" changeset="12187958" timestamp="2012-07-11T16:54:41Z" user="Britz" uid="143703" lat="44.4256434" lon="4.0297658"/>
 <node id="525868376" visible="true" version="2" changeset="12187958" timestamp="2012-07-11T16:54:41Z" user="Britz" uid="143703" lat="44.4249093" lon="4.0310726"/>
 <node id="525868379" visible="true" version="2" changeset="12187958" timestamp="2012-07-11T16:54:41Z" user="Britz" uid="143703" lat="44.4249002" lon="4.0316615"/>
 <node id="525868380" visible="true" version="2" changeset="12187958" timestamp="2012-07-11T16:54:41Z" user="Britz" uid="143703" lat="44.4248708" lon="4.0335622"/>
 <node id="525868382" visible="true" version="2" changeset="12187958" timestamp="2012-07-11T16:54:41Z" user="Britz" uid="143703" lat="44.4229527" lon="4.0345007"/>
 <node id="525868383" visible="true" version="2" changeset="12187958" timestamp="2012-07-11T16:54:41Z" user="Britz" uid="143703" lat="44.4211244" lon="4.0372679"/>
 <node id="525868384" visible="true" version="2" changeset="12187958" timestamp="2012-07-11T16:54:41Z" user="Britz" uid="143703" lat="44.4228781" lon="4.0393133"/>
 <node id="525868385" visible="true" version="2" changeset="12187958" timestamp="2012-07-11T16:54:41Z" user="Britz" uid="143703" lat="44.4243899" lon="4.0415179"/>
 <node id="525868386" visible="true" version="2" changeset="12187958" timestamp="2012-07-11T16:54:41Z" user="Britz" uid="143703" lat="44.4262601" lon="4.0437326"/>
 <node id="525868387" visible="true" version="2" changeset="12187958" timestamp="2012-07-11T16:54:42Z" user="Britz" uid="143703" lat="44.4247198" lon="4.0455318"/>
 <node id="526548868" visible="true" version="2" changeset="12187958" timestamp="2012-07-11T16:54:42Z" user="Britz" uid="143703" lat="44.5045125" lon="4.0036569"/>
 <node id="526548869" visible="true" version="2" changeset="12187958" timestamp="2012-07-11T16:54:42Z" user="Britz" uid="143703" lat="44.5046912" lon="4.0028468"/>
 <node id="526548870" visible="true" version="2" changeset="12187958" timestamp="2012-07-11T16:54:42Z" user="Britz" uid="143703" lat="44.5057027" lon="4.0020621"/>
 <node id="526548871" visible="true" version="2" changeset="12187958" timestamp="2012-07-11T16:54:42Z" user="Britz" uid="143703" lat="44.5067106" lon="4.0015098"/>
 <node id="526548872" visible="true" version="2" changeset="12187958" timestamp="2012-07-11T16:54:42Z" user="Britz" uid="143703" lat="44.5077027" lon="4.0020050"/>
 <node id="526548873" visible="true" version="2" changeset="12187958" timestamp="2012-07-11T16:54:42Z" user="Britz" uid="143703" lat="44.5088763" lon="4.0015738"/>
 <node id="526548874" visible="true" version="2" changeset="12187958" timestamp="2012-07-11T16:54:42Z" user="Britz" uid="143703" lat="44.5095664" lon="3.9999648"/>
 <node id="526548875" visible="true" version="2" changeset="12187958" timestamp="2012-07-11T16:54:42Z" user="Britz" uid="143703" lat="44.5100735" lon="3.9995139"/>
 <node id="526548876" visible="true" version="2" changeset="12187958" timestamp="2012-07-11T16:54:42Z" user="Britz" uid="143703" lat="44.5102592" lon="3.9982396"/>
 <node id="526548877" visible="true" version="2" changeset="12187958" timestamp="2012-07-11T16:54:42Z" user="Britz" uid="143703" lat="44.5107741" lon="3.9972067"/>
 <node id="526548878" visible="true" version="2" changeset="12187958" timestamp="2012-07-11T16:54:42Z" user="Britz" uid="143703" lat="44.5107934" lon="3.9959266"/>
 <node id="526548879" visible="true" version="2" changeset="12187958" timestamp="2012-07-11T16:54:42Z" user="Britz" uid="143703" lat="44.5108941" lon="3.9947661"/>
 <node id="526548880" visible="true" version="2" changeset="12187958" timestamp="2012-07-11T16:54:42Z" user="Britz" uid="143703" lat="44.5114880" lon="3.9940851"/>
 <node id="526548881" visible="true" version="2" changeset="12187958" timestamp="2012-07-11T16:54:42Z" user="Britz" uid="143703" lat="44.5125703" lon="3.9941170"/>
 <node id="526548882" visible="true" version="2" changeset="12187958" timestamp="2012-07-11T16:54:42Z" user="Britz" uid="143703" lat="44.5138189" lon="3.9941538"/>
 <node id="526548883" visible="true" version="2" changeset="12187958" timestamp="2012-07-11T16:54:42Z" user="Britz" uid="143703" lat="44.5148251" lon="3.9937175"/>
 <node id="526548884" visible="true" version="2" changeset="12187958" timestamp="2012-07-11T16:54:42Z" user="Britz" uid="143703" lat="44.5158225" lon="3.9938631"/>
 <node id="526548885" visible="true" version="2" changeset="12187958" timestamp="2012-07-11T16:54:42Z" user="Britz" uid="143703" lat="44.5170775" lon="3.9935512"/>
 <node id="526548886" visible="true" version="2" changeset="12187958" timestamp="2012-07-11T16:54:42Z" user="Britz" uid="143703" lat="44.5179179" lon="3.9929937"/>
 <node id="526548887" visible="true" version="2" changeset="12187958" timestamp="2012-07-11T16:54:43Z" user="Britz" uid="143703" lat="44.5181047" lon="3.9917184"/>
 <node id="526548888" visible="true" version="2" changeset="12187958" timestamp="2012-07-11T16:54:43Z" user="Britz" uid="143703" lat="44.5174487" lon="3.9910006"/>
 <node id="526548889" visible="true" version="2" changeset="12187958" timestamp="2012-07-11T16:54:43Z" user="Britz" uid="143703" lat="44.5172203" lon="3.9895968"/>
 <node id="526548890" visible="true" version="2" changeset="12187958" timestamp="2012-07-11T16:54:43Z" user="Britz" uid="143703" lat="44.5187289" lon="3.9889426"/>
 <node id="526548891" visible="true" version="2" changeset="12187958" timestamp="2012-07-11T16:54:43Z" user="Britz" uid="143703" lat="44.5188296" lon="3.9877810"/>
 <node id="526548892" visible="true" version="2" changeset="12187958" timestamp="2012-07-11T16:54:43Z" user="Britz" uid="143703" lat="44.5179968" lon="3.9877566"/>
 <node id="526548893" visible="true" version="2" changeset="12187958" timestamp="2012-07-11T16:54:43Z" user="Britz" uid="143703" lat="44.5177647" lon="3.9865861"/>
 <node id="526548894" visible="true" version="2" changeset="12187958" timestamp="2012-07-11T16:54:43Z" user="Britz" uid="143703" lat="44.5176298" lon="3.9844865"/>
 <node id="526548895" visible="true" version="2" changeset="12187958" timestamp="2012-07-11T16:54:43Z" user="Britz" uid="143703" lat="44.5168959" lon="3.9834168"/>
 <node id="526548896" visible="true" version="2" changeset="12187958" timestamp="2012-07-11T16:54:43Z" user="Britz" uid="143703" lat="44.5159817" lon="3.9832738"/>
 <node id="526548897" visible="true" version="2" changeset="12187958" timestamp="2012-07-11T16:54:43Z" user="Britz" uid="143703" lat="44.5162515" lon="3.9820009"/>
 <node id="526548898" visible="true" version="2" changeset="12187958" timestamp="2012-07-11T16:54:43Z" user="Britz" uid="143703" lat="44.5167557" lon="3.9816668"/>
 <node id="526548899" visible="true" version="2" changeset="12187958" timestamp="2012-07-11T16:54:43Z" user="Britz" uid="143703" lat="44.5171866" lon="3.9807475"/>
 <node id="526548900" visible="true" version="2" changeset="12187958" timestamp="2012-07-11T16:54:43Z" user="Britz" uid="143703" lat="44.5178537" lon="3.9806507"/>
 <node id="526548901" visible="true" version="2" changeset="12187958" timestamp="2012-07-11T16:54:43Z" user="Britz" uid="143703" lat="44.5182567" lon="3.9815936"/>
 <node id="526548902" visible="true" version="2" changeset="12187958" timestamp="2012-07-11T16:54:43Z" user="Britz" uid="143703" lat="44.5183934" lon="3.9835769"/>
 <node id="526548904" visible="true" version="2" changeset="12187958" timestamp="2012-07-11T16:54:43Z" user="Britz" uid="143703" lat="44.5189721" lon="3.9838273"/>
 <node id="526548906" visible="true" version="2" changeset="12187958" timestamp="2012-07-11T16:54:43Z" user="Britz" uid="143703" lat="44.5195275" lon="3.9857058"/>
 <node id="526548908" visible="true" version="2" changeset="12187958" timestamp="2012-07-11T16:54:43Z" user="Britz" uid="143703" lat="44.5201572" lon="3.9881696"/>
 <node id="526548910" visible="true" version="2" changeset="12187958" timestamp="2012-07-11T16:54:44Z" user="Britz" uid="143703" lat="44.5201380" lon="3.9894499"/>
 <node id="526548912" visible="true" version="2" changeset="12187958" timestamp="2012-07-11T16:54:44Z" user="Britz" uid="143703" lat="44.5196221" lon="3.9904822"/>
 <node id="526548914" visible="true" version="2" changeset="12187958" timestamp="2012-07-11T16:54:44Z" user="Britz" uid="143703" lat="44.5196860" lon="3.9917649"/>
 <node id="526548916" visible="true" version="2" changeset="12187958" timestamp="2012-07-11T16:54:44Z" user="Britz" uid="143703" lat="44.5200889" lon="3.9927079"/>
 <node id="526548918" visible="true" version="2" changeset="12187958" timestamp="2012-07-11T16:54:44Z" user="Britz" uid="143703" lat="44.5208392" lon="3.9926137"/>
 <node id="526548920" visible="true" version="2" changeset="12187958" timestamp="2012-07-11T16:54:44Z" user="Britz" uid="143703" lat="44.5216439" lon="3.9945005"/>
 <node id="526548922" visible="true" version="2" changeset="12187958" timestamp="2012-07-11T16:54:44Z" user="Britz" uid="143703" lat="44.5221441" lon="3.9945153"/>
 <node id="526548924" visible="true" version="2" changeset="12187958" timestamp="2012-07-11T16:54:44Z" user="Britz" uid="143703" lat="44.5227403" lon="3.9936008"/>
 <node id="526548926" visible="true" version="2" changeset="12187958" timestamp="2012-07-11T16:54:44Z" user="Britz" uid="143703" lat="44.5236615" lon="3.9932791"/>
 <node id="526548928" visible="true" version="2" changeset="12187958" timestamp="2012-07-11T16:54:44Z" user="Britz" uid="143703" lat="44.5245845" lon="3.9928402"/>
 <node id="526548930" visible="true" version="2" changeset="12187958" timestamp="2012-07-11T16:54:44Z" user="Britz" uid="143703" lat="44.5253377" lon="3.9926298"/>
 <node id="526548931" visible="true" version="2" changeset="12187958" timestamp="2012-07-11T16:54:44Z" user="Britz" uid="143703" lat="44.5253552" lon="3.9914656"/>
 <node id="526548933" visible="true" version="2" changeset="12187958" timestamp="2012-07-11T16:54:44Z" user="Britz" uid="143703" lat="44.5248761" lon="3.9900543"/>
 <node id="526548935" visible="true" version="2" changeset="12187958" timestamp="2012-07-11T16:54:44Z" user="Britz" uid="143703" lat="44.5239601" lon="3.9900274"/>
 <node id="526548937" visible="true" version="2" changeset="12187958" timestamp="2012-07-11T16:54:44Z" user="Britz" uid="143703" lat="44.5233814" lon="3.9897778"/>
 <node id="526548939" visible="true" version="2" changeset="12187958" timestamp="2012-07-11T16:54:44Z" user="Britz" uid="143703" lat="44.5233105" lon="3.9889608"/>
 <node id="526548941" visible="true" version="2" changeset="12187958" timestamp="2012-07-11T16:54:44Z" user="Britz" uid="143703" lat="44.5240039" lon="3.9871179"/>
 <node id="526548943" visible="true" version="2" changeset="12187958" timestamp="2012-07-11T16:54:44Z" user="Britz" uid="143703" lat="44.5248541" lon="3.9859782"/>
 <node id="526548945" visible="true" version="2" changeset="12187958" timestamp="2012-07-11T16:54:44Z" user="Britz" uid="143703" lat="44.5256989" lon="3.9867771"/>
 <node id="526548947" visible="true" version="2" changeset="12187958" timestamp="2012-07-11T16:54:44Z" user="Britz" uid="143703" lat="44.5261107" lon="3.9871381"/>
 <node id="526548949" visible="true" version="2" changeset="12187958" timestamp="2012-07-11T16:54:44Z" user="Britz" uid="143703" lat="44.5265038" lon="3.9886632"/>
 <node id="526548951" visible="true" version="2" changeset="12187958" timestamp="2012-07-11T16:54:44Z" user="Britz" uid="143703" lat="44.5277542" lon="3.9885836"/>
 <node id="526548953" visible="true" version="2" changeset="12187958" timestamp="2012-07-11T16:54:44Z" user="Britz" uid="143703" lat="44.5281659" lon="3.9889454"/>
 <node id="526548954" visible="true" version="2" changeset="12187958" timestamp="2012-07-11T16:54:44Z" user="Britz" uid="143703" lat="44.5281449" lon="3.9903421"/>
 <node id="526548956" visible="true" version="2" changeset="12187958" timestamp="2012-07-11T16:54:44Z" user="Britz" uid="143703" lat="44.5281983" lon="3.9923226"/>
 <node id="526548958" visible="true" version="2" changeset="12187958" timestamp="2012-07-11T16:54:44Z" user="Britz" uid="143703" lat="44.5276027" lon="3.9931208"/>
 <node id="526548960" visible="true" version="2" changeset="12187958" timestamp="2012-07-11T16:54:44Z" user="Britz" uid="143703" lat="44.5270896" lon="3.9940370"/>
 <node id="526548962" visible="true" version="2" changeset="12187958" timestamp="2012-07-11T16:54:45Z" user="Britz" uid="143703" lat="44.5271535" lon="3.9953199"/>
 <node id="526548964" visible="true" version="2" changeset="12187958" timestamp="2012-07-11T16:54:45Z" user="Britz" uid="143703" lat="44.5280712" lon="3.9952306"/>
 <node id="526548967" visible="true" version="2" changeset="12187958" timestamp="2012-07-11T16:54:45Z" user="Britz" uid="143703" lat="44.5284677" lon="3.9965225"/>
 <node id="526548969" visible="true" version="2" changeset="12187958" timestamp="2012-07-11T16:54:45Z" user="Britz" uid="143703" lat="44.5297181" lon="3.9964431"/>
 <node id="526548971" visible="true" version="2" changeset="12187958" timestamp="2012-07-11T16:54:45Z" user="Britz" uid="143703" lat="44.5293234" lon="3.9950341"/>
 <node id="526548973" visible="true" version="2" changeset="12187958" timestamp="2012-07-11T16:54:45Z" user="Britz" uid="143703" lat="44.5296736" lon="3.9938805"/>
 <node id="526548975" visible="true" version="2" changeset="12187958" timestamp="2012-07-11T16:54:45Z" user="Britz" uid="143703" lat="44.5305948" lon="3.9935579"/>
 <node id="526548977" visible="true" version="2" changeset="12187958" timestamp="2012-07-11T16:54:45Z" user="Britz" uid="143703" lat="44.5309093" lon="3.9948482"/>
 <node id="526548978" visible="true" version="2" changeset="12187958" timestamp="2012-07-11T16:54:45Z" user="Britz" uid="143703" lat="44.5324163" lon="3.9943103"/>
 <node id="526548980" visible="true" version="2" changeset="12187958" timestamp="2012-07-11T16:54:45Z" user="Britz" uid="143703" lat="44.5326002" lon="3.9931509"/>
 <node id="526548982" visible="true" version="2" changeset="12187958" timestamp="2012-07-11T16:54:45Z" user="Britz" uid="143703" lat="44.5330382" lon="3.9917663"/>
 <node id="526548983" visible="true" version="2" changeset="12187958" timestamp="2012-07-11T16:54:45Z" user="Britz" uid="143703" lat="44.5329865" lon="3.9896686"/>
 <node id="526548984" visible="true" version="2" changeset="12187958" timestamp="2012-07-11T16:54:45Z" user="Britz" uid="143703" lat="44.5330040" lon="3.9885051"/>
 <node id="526548985" visible="true" version="2" changeset="12187958" timestamp="2012-07-11T16:54:45Z" user="Britz" uid="143703" lat="44.5331983" lon="3.9866473"/>
 <node id="526552108" visible="true" version="2" changeset="12187958" timestamp="2012-07-11T16:54:45Z" user="Britz" uid="143703" lat="44.4703296" lon="3.9691355"/>
 <node id="526552136" visible="true" version="2" changeset="12187958" timestamp="2012-07-11T16:54:45Z" user="Britz" uid="143703" lat="44.4649350" lon="3.9565335"/>
 <node id="526552137" visible="true" version="2" changeset="12187958" timestamp="2012-07-11T16:54:45Z" user="Britz" uid="143703" lat="44.4659461" lon="3.9557486"/>
 <node id="526552138" visible="true" version="2" changeset="12187958" timestamp="2012-07-11T16:54:45Z" user="Britz" uid="143703" lat="44.4667112" lon="3.9547233"/>
 <node id="526552140" visible="true" version="2" changeset="12187958" timestamp="2012-07-11T16:54:46Z" user="Britz" uid="143703" lat="44.4677155" lon="3.9544036"/>
 <node id="526552141" visible="true" version="2" changeset="12187958" timestamp="2012-07-11T16:54:46Z" user="Britz" uid="143703" lat="44.4683836" lon="3.9543066"/>
 <node id="526552143" visible="true" version="2" changeset="12187958" timestamp="2012-07-11T16:54:46Z" user="Britz" uid="143703" lat="44.4689846" lon="3.9530442"/>
 <node id="526552145" visible="true" version="2" changeset="12187958" timestamp="2012-07-11T16:54:46Z" user="Britz" uid="143703" lat="44.4697616" lon="3.9512051"/>
 <node id="526552147" visible="true" version="2" changeset="12187958" timestamp="2012-07-11T16:54:46Z" user="Britz" uid="143703" lat="44.4701148" lon="3.9498194"/>
 <node id="526552149" visible="true" version="2" changeset="12187958" timestamp="2012-07-11T16:54:46Z" user="Britz" uid="143703" lat="44.4699587" lon="3.9491170"/>
 <node id="526552150" visible="true" version="2" changeset="12187958" timestamp="2012-07-11T16:54:46Z" user="Britz" uid="143703" lat="44.4696380" lon="3.9482937"/>
 <node id="526552151" visible="true" version="2" changeset="12187958" timestamp="2012-07-11T16:54:46Z" user="Britz" uid="143703" lat="44.4686389" lon="3.9482651"/>
 <node id="526552152" visible="true" version="2" changeset="12187958" timestamp="2012-07-11T16:54:46Z" user="Britz" uid="143703" lat="44.4680624" lon="3.9477830"/>
 <node id="526552153" visible="true" version="2" changeset="12187958" timestamp="2012-07-11T16:54:46Z" user="Britz" uid="143703" lat="44.4679114" lon="3.9467322"/>
 <node id="526552155" visible="true" version="2" changeset="12187958" timestamp="2012-07-11T16:54:46Z" user="Britz" uid="143703" lat="44.4685220" lon="3.9448883"/>
 <node id="526552156" visible="true" version="2" changeset="12187958" timestamp="2012-07-11T16:54:46Z" user="Britz" uid="143703" lat="44.4680728" lon="3.9437756"/>
 <node id="526552158" visible="true" version="2" changeset="12187958" timestamp="2012-07-11T16:54:46Z" user="Britz" uid="143703" lat="44.4675331" lon="3.9441622"/>
 <node id="526552160" visible="true" version="2" changeset="12187958" timestamp="2012-07-11T16:54:46Z" user="Britz" uid="143703" lat="44.4667020" lon="3.9440222"/>
 <node id="526552161" visible="true" version="2" changeset="12187958" timestamp="2012-07-11T16:54:46Z" user="Britz" uid="143703" lat="44.4653804" lon="3.9432866"/>
 <node id="526552163" visible="true" version="2" changeset="12187958" timestamp="2012-07-11T16:54:46Z" user="Britz" uid="143703" lat="44.4646325" lon="3.9431491"/>
 <node id="526552199" visible="true" version="3" changeset="166930869" timestamp="2025-05-29T16:08:08Z" user="theo998" uid="509490" lat="44.4563797" lon="3.9346629"/>
 <node id="527006243" visible="true" version="2" changeset="12187958" timestamp="2012-07-11T16:54:47Z" user="Britz" uid="143703" lat="44.5326185" lon="3.9863976"/>
 <node id="527006244" visible="true" version="2" changeset="12187958" timestamp="2012-07-11T16:54:47Z" user="Britz" uid="143703" lat="44.5316211" lon="3.9862521"/>
 <node id="527006245" visible="true" version="2" changeset="12187958" timestamp="2012-07-11T16:54:47Z" user="Britz" uid="143703" lat="44.5306133" lon="3.9868041"/>
 <node id="527006246" visible="true" version="2" changeset="12187958" timestamp="2012-07-11T16:54:47Z" user="Britz" uid="143703" lat="44.5300346" lon="3.9865545"/>
 <node id="527006247" visible="true" version="2" changeset="12187958" timestamp="2012-07-11T16:54:47Z" user="Britz" uid="143703" lat="44.5298828" lon="3.9855024"/>
 <node id="527006249" visible="true" version="2" changeset="12187958" timestamp="2012-07-11T16:54:47Z" user="Britz" uid="143703" lat="44.5306552" lon="3.9840105"/>
 <node id="527006250" visible="true" version="2" changeset="12187958" timestamp="2012-07-11T16:54:47Z" user="Britz" uid="143703" lat="44.5303295" lon="3.9835357"/>
 <node id="527006251" visible="true" version="2" changeset="12187958" timestamp="2012-07-11T16:54:47Z" user="Britz" uid="143703" lat="44.5294949" lon="3.9836276"/>
 <node id="527006252" visible="true" version="2" changeset="12187958" timestamp="2012-07-11T16:54:47Z" user="Britz" uid="143703" lat="44.5287453" lon="3.9836057"/>
 <node id="527006253" visible="true" version="2" changeset="12187958" timestamp="2012-07-11T16:54:47Z" user="Britz" uid="143703" lat="44.5282306" lon="3.9846382"/>
 <node id="527006254" visible="true" version="2" changeset="12187958" timestamp="2012-07-11T16:54:47Z" user="Britz" uid="143703" lat="44.5275676" lon="3.9843862"/>
 <node id="527006255" visible="true" version="2" changeset="12187958" timestamp="2012-07-11T16:54:47Z" user="Britz" uid="143703" lat="44.5274291" lon="3.9825188"/>
 <node id="527006256" visible="true" version="2" changeset="12187958" timestamp="2012-07-11T16:54:47Z" user="Britz" uid="143703" lat="44.5265219" lon="3.9819107"/>
 <node id="527006257" visible="true" version="2" changeset="12187958" timestamp="2012-07-11T16:54:47Z" user="Britz" uid="143703" lat="44.5259455" lon="3.9814278"/>
 <node id="527006258" visible="true" version="2" changeset="12187958" timestamp="2012-07-11T16:54:47Z" user="Britz" uid="143703" lat="44.5250728" lon="3.9824915"/>
 <node id="527006259" visible="true" version="2" changeset="12187958" timestamp="2012-07-11T16:54:47Z" user="Britz" uid="143703" lat="44.5249152" lon="3.9819054"/>
 <node id="527006260" visible="true" version="2" changeset="12187958" timestamp="2012-07-11T16:54:47Z" user="Britz" uid="143703" lat="44.5246814" lon="3.9808502"/>
 <node id="527006261" visible="true" version="2" changeset="12187958" timestamp="2012-07-11T16:54:47Z" user="Britz" uid="143703" lat="44.5247767" lon="3.9800381"/>
 <node id="527006262" visible="true" version="2" changeset="12187958" timestamp="2012-07-11T16:54:48Z" user="Britz" uid="143703" lat="44.5253670" lon="3.9795893"/>
 <node id="527006263" visible="true" version="2" changeset="12187958" timestamp="2012-07-11T16:54:48Z" user="Britz" uid="143703" lat="44.5260376" lon="3.9792599"/>
 <node id="527006264" visible="true" version="2" changeset="12187958" timestamp="2012-07-11T16:54:48Z" user="Britz" uid="143703" lat="44.5267075" lon="3.9790461"/>
 <node id="527006265" visible="true" version="2" changeset="12187958" timestamp="2012-07-11T16:54:48Z" user="Britz" uid="143703" lat="44.5267249" lon="3.9778827"/>
 <node id="527006266" visible="true" version="2" changeset="12187958" timestamp="2012-07-11T16:54:48Z" user="Britz" uid="143703" lat="44.5273221" lon="3.9769681"/>
 <node id="527006267" visible="true" version="2" changeset="12187958" timestamp="2012-07-11T16:54:48Z" user="Britz" uid="143703" lat="44.5275023" lon="3.9760420"/>
 <node id="527006268" visible="true" version="2" changeset="12187958" timestamp="2012-07-11T16:54:48Z" user="Britz" uid="143703" lat="44.5280863" lon="3.9759427"/>
 <node id="527006270" visible="true" version="2" changeset="12187958" timestamp="2012-07-11T16:54:48Z" user="Britz" uid="143703" lat="44.5290196" lon="3.9748052"/>
 <node id="527006271" visible="true" version="2" changeset="12187958" timestamp="2012-07-11T16:54:48Z" user="Britz" uid="143703" lat="44.5295925" lon="3.9755206"/>
 <node id="527006272" visible="true" version="2" changeset="12187958" timestamp="2012-07-11T16:54:48Z" user="Britz" uid="143703" lat="44.5304253" lon="3.9755449"/>
 <node id="527006273" visible="true" version="2" changeset="12187958" timestamp="2012-07-11T16:54:48Z" user="Britz" uid="143703" lat="44.5312425" lon="3.9766171"/>
 <node id="527006274" visible="true" version="2" changeset="12187958" timestamp="2012-07-11T16:54:48Z" user="Britz" uid="143703" lat="44.5322451" lon="3.9764129"/>
 <node id="527007181" visible="true" version="2" changeset="12187958" timestamp="2012-07-11T16:54:48Z" user="Britz" uid="143703" lat="44.5113947" lon="3.9741343"/>
 <node id="527007182" visible="true" version="2" changeset="12187958" timestamp="2012-07-11T16:54:48Z" user="Britz" uid="143703" lat="44.5103107" lon="3.9742190"/>
 <node id="527007184" visible="true" version="2" changeset="12187958" timestamp="2012-07-11T16:54:48Z" user="Britz" uid="143703" lat="44.5088703" lon="3.9758073"/>
 <node id="527007185" visible="true" version="2" changeset="12187958" timestamp="2012-07-11T16:54:48Z" user="Britz" uid="143703" lat="44.5088442" lon="3.9775522"/>
 <node id="527007186" visible="true" version="2" changeset="12187958" timestamp="2012-07-11T16:54:48Z" user="Britz" uid="143703" lat="44.5076735" lon="3.9778677"/>
 <node id="527007187" visible="true" version="2" changeset="12187958" timestamp="2012-07-11T16:54:48Z" user="Britz" uid="143703" lat="44.5067524" lon="3.9781896"/>
 <node id="527007188" visible="true" version="2" changeset="12187958" timestamp="2012-07-11T16:54:48Z" user="Britz" uid="143703" lat="44.5063504" lon="3.9772470"/>
 <node id="527007190" visible="true" version="2" changeset="12187958" timestamp="2012-07-11T16:54:48Z" user="Britz" uid="143703" lat="44.5048529" lon="3.9770871"/>
 <node id="527007191" visible="true" version="2" changeset="12187958" timestamp="2012-07-11T16:54:48Z" user="Britz" uid="143703" lat="44.5040974" lon="3.9775301"/>
 <node id="527007192" visible="true" version="2" changeset="12187958" timestamp="2012-07-11T16:54:48Z" user="Britz" uid="143703" lat="44.5035782" lon="3.9787954"/>
 <node id="527007196" visible="true" version="2" changeset="12187958" timestamp="2012-07-11T16:54:48Z" user="Britz" uid="143703" lat="44.5037219" lon="3.9803126"/>
 <node id="527007200" visible="true" version="2" changeset="12187958" timestamp="2012-07-11T16:54:48Z" user="Britz" uid="143703" lat="44.5019592" lon="3.9811928"/>
 <node id="527007205" visible="true" version="2" changeset="12187958" timestamp="2012-07-11T16:54:48Z" user="Britz" uid="143703" lat="44.5006722" lon="3.9837152"/>
 <node id="527007207" visible="true" version="2" changeset="12187958" timestamp="2012-07-11T16:54:48Z" user="Britz" uid="143703" lat="44.4997632" lon="3.9832235"/>
 <node id="527007210" visible="true" version="2" changeset="12187958" timestamp="2012-07-11T16:54:48Z" user="Britz" uid="143703" lat="44.4999574" lon="3.9813668"/>
 <node id="527007212" visible="true" version="2" changeset="12187958" timestamp="2012-07-11T16:54:49Z" user="Britz" uid="143703" lat="44.4996370" lon="3.9805429"/>
 <node id="527007214" visible="true" version="2" changeset="12187958" timestamp="2012-07-11T16:54:49Z" user="Britz" uid="143703" lat="44.4997410" lon="3.9791493"/>
 <node id="527007216" visible="true" version="2" changeset="12187958" timestamp="2012-07-11T16:54:49Z" user="Britz" uid="143703" lat="44.5008320" lon="3.9785991"/>
 <node id="527007218" visible="true" version="2" changeset="12187958" timestamp="2012-07-11T16:54:49Z" user="Britz" uid="143703" lat="44.5015141" lon="3.9775711"/>
 <node id="527007220" visible="true" version="2" changeset="12187958" timestamp="2012-07-11T16:54:49Z" user="Britz" uid="143703" lat="44.5020340" lon="3.9761895"/>
 <node id="527007222" visible="true" version="2" changeset="12187958" timestamp="2012-07-11T16:54:49Z" user="Britz" uid="143703" lat="44.5025567" lon="3.9746918"/>
 <node id="527007225" visible="true" version="2" changeset="12187958" timestamp="2012-07-11T16:54:49Z" user="Britz" uid="143703" lat="44.5016476" lon="3.9742003"/>
 <node id="527007226" visible="true" version="2" changeset="12187958" timestamp="2012-07-11T16:54:49Z" user="Britz" uid="143703" lat="44.5011417" lon="3.9746506"/>
 <node id="527007227" visible="true" version="2" changeset="12187958" timestamp="2012-07-11T16:54:49Z" user="Britz" uid="143703" lat="44.5006969" lon="3.9765001"/>
 <node id="527007229" visible="true" version="2" changeset="12187958" timestamp="2012-07-11T16:54:49Z" user="Britz" uid="143703" lat="44.4993652" lon="3.9764613"/>
 <node id="527010383" visible="true" version="2" changeset="12187958" timestamp="2012-07-11T16:54:53Z" user="Britz" uid="143703" lat="44.4731326" lon="4.0112435"/>
 <node id="564679126" visible="true" version="2" changeset="12187958" timestamp="2012-07-11T16:55:07Z" user="Britz" uid="143703" lat="44.4570568" lon="3.9319570"/>
 <node id="564679127" visible="true" version="2" changeset="12187958" timestamp="2012-07-11T16:55:07Z" user="Britz" uid="143703" lat="44.4563077" lon="3.9315143"/>
 <node id="564679128" visible="true" version="2" changeset="12187958" timestamp="2012-07-11T16:55:07Z" user="Britz" uid="143703" lat="44.4584902" lon="3.9328218"/>
 <node id="564679129" visible="true" version="2" changeset="12187958" timestamp="2012-07-11T16:55:07Z" user="Britz" uid="143703" lat="44.4574871" lon="3.9322117"/>
 <node id="564679130" visible="true" version="2" changeset="12187958" timestamp="2012-07-11T16:55:07Z" user="Britz" uid="143703" lat="44.4588778" lon="3.9306726"/>
 <node id="564679131" visible="true" version="2" changeset="12187958" timestamp="2012-07-11T16:55:07Z" user="Britz" uid="143703" lat="44.4589157" lon="3.9321690"/>
 <node id="564679132" visible="true" version="2" changeset="12187958" timestamp="2012-07-11T16:55:07Z" user="Britz" uid="143703" lat="44.4588086" lon="3.9313355"/>
 <node id="564679133" visible="true" version="2" changeset="12187958" timestamp="2012-07-11T16:55:07Z" user="Britz" uid="143703" lat="44.4599870" lon="3.9309395"/>
 <node id="564679135" visible="true" version="2" changeset="12187958" timestamp="2012-07-11T16:55:07Z" user="Britz" uid="143703" lat="44.4592960" lon="3.9306021"/>
 <node id="564679136" visible="true" version="2" changeset="12187958" timestamp="2012-07-11T16:55:07Z" user="Britz" uid="143703" lat="44.4616180" lon="3.9328280"/>
 <node id="564679137" visible="true" version="2" changeset="12187958" timestamp="2012-07-11T16:55:07Z" user="Britz" uid="143703" lat="44.4610448" lon="3.9321139"/>
 <node id="564679138" visible="true" version="2" changeset="12187958" timestamp="2012-07-11T16:55:07Z" user="Britz" uid="143703" lat="44.4603070" lon="3.9312790"/>
 <node id="564679172" visible="true" version="2" changeset="12187958" timestamp="2012-07-11T16:55:07Z" user="Britz" uid="143703" lat="44.4624727" lon="3.9313404"/>
 <node id="564679173" visible="true" version="2" changeset="12187958" timestamp="2012-07-11T16:55:07Z" user="Britz" uid="143703" lat="44.4624525" lon="3.9327355"/>
 <node id="564679174" visible="true" version="2" changeset="12187958" timestamp="2012-07-11T16:55:07Z" user="Britz" uid="143703" lat="44.4630651" lon="3.9306593"/>
 <node id="564679175" visible="true" version="2" changeset="12187958" timestamp="2012-07-11T16:55:07Z" user="Britz" uid="143703" lat="44.4638147" lon="3.9306805"/>
 <node id="564679176" visible="true" version="2" changeset="12187958" timestamp="2012-07-11T16:55:07Z" user="Britz" uid="143703" lat="44.4643323" lon="3.9294156"/>
 <node id="564679177" visible="true" version="2" changeset="12187958" timestamp="2012-07-11T16:55:07Z" user="Britz" uid="143703" lat="44.4653347" lon="3.9292116"/>
 <node id="564679178" visible="true" version="2" changeset="12187958" timestamp="2012-07-11T16:55:07Z" user="Britz" uid="143703" lat="44.4660012" lon="3.9292305"/>
 <node id="564679179" visible="true" version="2" changeset="12187958" timestamp="2012-07-11T16:55:08Z" user="Britz" uid="143703" lat="44.4671312" lon="3.9317047"/>
 <node id="564679180" visible="true" version="2" changeset="12187958" timestamp="2012-07-11T16:55:08Z" user="Britz" uid="143703" lat="44.4665609" lon="3.9308745"/>
 <node id="564679181" visible="true" version="2" changeset="12187958" timestamp="2012-07-11T16:55:08Z" user="Britz" uid="143703" lat="44.4692194" lon="3.9312991"/>
 <node id="564679182" visible="true" version="2" changeset="12187958" timestamp="2012-07-11T16:55:08Z" user="Britz" uid="143703" lat="44.4677128" lon="3.9318374"/>
 <node id="564679183" visible="true" version="2" changeset="12187958" timestamp="2012-07-11T16:55:08Z" user="Britz" uid="143703" lat="44.4715548" lon="3.9311321"/>
 <node id="564679184" visible="true" version="2" changeset="12187958" timestamp="2012-07-11T16:55:08Z" user="Britz" uid="143703" lat="44.4703034" lon="3.9312128"/>
 <node id="564679214" visible="true" version="2" changeset="12187958" timestamp="2012-07-11T16:55:08Z" user="Britz" uid="143703" lat="44.4729783" lon="3.9305906"/>
 <node id="564679216" visible="true" version="3" changeset="55267673" timestamp="2018-01-08T15:34:39Z" user="Jérémy Nicvert" uid="2265979" lat="44.4783434" lon="3.9286291"/>
 <node id="564679218" visible="true" version="3" changeset="55267673" timestamp="2018-01-08T15:34:39Z" user="Jérémy Nicvert" uid="2265979" lat="44.4766665" lon="3.9290236"/>
 <node id="564679224" visible="true" version="4" changeset="55267734" timestamp="2018-01-08T15:38:00Z" user="Jérémy Nicvert" uid="2265979" lat="44.4806345" lon="3.9272353"/>
 <node id="564679225" visible="true" version="3" changeset="55267673" timestamp="2018-01-08T15:34:39Z" user="Jérémy Nicvert" uid="2265979" lat="44.4794574" lon="3.9279519"/>
 <node id="564679272" visible="true" version="2" changeset="12187958" timestamp="2012-07-11T16:55:11Z" user="Britz" uid="143703" lat="44.4446215" lon="3.9249958"/>
 <node id="564679273" visible="true" version="3" changeset="166834333" timestamp="2025-05-27T16:14:28Z" user="theo998" uid="509490" lat="44.4431233" lon="3.9254445"/>
 <node id="564679276" visible="true" version="2" changeset="12187958" timestamp="2012-07-11T16:55:11Z" user="Britz" uid="143703" lat="44.4425937" lon="3.9294648"/>
 <node id="564679283" visible="true" version="3" changeset="12187958" timestamp="2012-07-11T16:55:11Z" user="Britz" uid="143703" lat="44.4506962" lon="3.9246372"/>
 <node id="564679284" visible="true" version="3" changeset="120531189" timestamp="2022-05-04T08:36:26Z" user="Alexandre148025" uid="191786" lat="44.4491675" lon="3.9252689"/>
 <node id="564679287" visible="true" version="3" changeset="120531189" timestamp="2022-05-04T08:36:26Z" user="Alexandre148025" uid="191786" lat="44.4486135" lon="3.9255524"/>
 <node id="564679288" visible="true" version="3" changeset="166834333" timestamp="2025-05-27T16:14:28Z" user="theo998" uid="509490" lat="44.4455268" lon="3.9242174"/>
 <node id="564679289" visible="true" version="2" changeset="12187958" timestamp="2012-07-11T16:55:11Z" user="Britz" uid="143703" lat="44.4475712" lon="3.9267404"/>
 <node id="564679290" visible="true" version="3" changeset="120531189" timestamp="2022-05-04T08:36:26Z" user="Alexandre148025" uid="191786" lat="44.4464508" lon="3.9265072"/>
 <node id="564679425" visible="true" version="3" changeset="167273429" timestamp="2025-06-06T15:35:37Z" user="theo998" uid="509490" lat="44.4528658" lon="3.9382042"/>
 <node id="564679426" visible="true" version="2" changeset="12187958" timestamp="2012-07-11T16:55:12Z" user="Britz" uid="143703" lat="44.4546609" lon="3.9383619"/>
 <node id="564679427" visible="true" version="3" changeset="167273429" timestamp="2025-06-06T15:35:37Z" user="theo998" uid="509490" lat="44.4541914" lon="3.9380260"/>
 <node id="564679428" visible="true" version="3" changeset="167273429" timestamp="2025-06-06T15:35:37Z" user="theo998" uid="509490" lat="44.4544846" lon="3.9368920"/>
 <node id="564679429" visible="true" version="2" changeset="12187958" timestamp="2012-07-11T16:55:12Z" user="Britz" uid="143703" lat="44.4539422" lon="3.9346032"/>
 <node id="564679430" visible="true" version="3" changeset="167273429" timestamp="2025-06-06T15:35:37Z" user="theo998" uid="509490" lat="44.4536845" lon="3.9331797"/>
 <node id="564679431" visible="true" version="3" changeset="167273429" timestamp="2025-06-06T15:35:37Z" user="theo998" uid="509490" lat="44.4525873" lon="3.9413701"/>
 <node id="564679432" visible="true" version="3" changeset="167273429" timestamp="2025-06-06T15:35:37Z" user="theo998" uid="509490" lat="44.4521041" lon="3.9392591"/>
 <node id="564679434" visible="true" version="2" changeset="12187958" timestamp="2012-07-11T16:55:12Z" user="Britz" uid="143703" lat="44.4539109" lon="3.9408325"/>
 <node id="564679435" visible="true" version="2" changeset="12187958" timestamp="2012-07-11T16:55:12Z" user="Britz" uid="143703" lat="44.4539741" lon="3.9405847"/>
 <node id="564679436" visible="true" version="2" changeset="12187958" timestamp="2012-07-11T16:55:12Z" user="Britz" uid="143703" lat="44.4549578" lon="3.9424407"/>
 <node id="564679437" visible="true" version="2" changeset="12187958" timestamp="2012-07-11T16:55:13Z" user="Britz" uid="143703" lat="44.4543146" lon="3.9416744"/>
 <node id="564679438" visible="true" version="2" changeset="12187958" timestamp="2012-07-11T16:55:13Z" user="Britz" uid="143703" lat="44.4555400" lon="3.9393005"/>
 <node id="564679439" visible="true" version="2" changeset="12187958" timestamp="2012-07-11T16:55:13Z" user="Britz" uid="143703" lat="44.4538768" lon="3.9390868"/>
 <node id="564679440" visible="true" version="2" changeset="12187958" timestamp="2012-07-11T16:55:13Z" user="Britz" uid="143703" lat="44.4557334" lon="3.9422964"/>
 <node id="564679441" visible="true" version="2" changeset="12187958" timestamp="2012-07-11T16:55:13Z" user="Britz" uid="143703" lat="44.4545286" lon="3.9433420"/>
 <node id="564679442" visible="true" version="3" changeset="167273429" timestamp="2025-06-06T15:35:37Z" user="theo998" uid="509490" lat="44.4535415" lon="3.9419011"/>
 <node id="564679443" visible="true" version="2" changeset="12187958" timestamp="2012-07-11T16:55:13Z" user="Britz" uid="143703" lat="44.4584016" lon="3.9348129"/>
 <node id="564679444" visible="true" version="2" changeset="12187958" timestamp="2012-07-11T16:55:13Z" user="Britz" uid="143703" lat="44.4585671" lon="3.9356481"/>
 <node id="564679445" visible="true" version="2" changeset="12187958" timestamp="2012-07-11T16:55:13Z" user="Britz" uid="143703" lat="44.4582510" lon="3.9369687"/>
 <node id="564679446" visible="true" version="2" changeset="12187958" timestamp="2012-07-11T16:55:13Z" user="Britz" uid="143703" lat="44.4586025" lon="3.9373108"/>
 <node id="564679447" visible="true" version="2" changeset="12187958" timestamp="2012-07-11T16:55:13Z" user="Britz" uid="143703" lat="44.4568358" lon="3.9360973"/>
 <node id="564679448" visible="true" version="2" changeset="12187958" timestamp="2012-07-11T16:55:13Z" user="Britz" uid="143703" lat="44.4565453" lon="3.9355907"/>
 <node id="564679450" visible="true" version="2" changeset="12187958" timestamp="2012-07-11T16:55:13Z" user="Britz" uid="143703" lat="44.4572867" lon="3.9337013"/>
 <node id="564679451" visible="true" version="2" changeset="12187958" timestamp="2012-07-11T16:55:13Z" user="Britz" uid="143703" lat="44.4572347" lon="3.9372719"/>
 <node id="564679452" visible="true" version="2" changeset="12187958" timestamp="2012-07-11T16:55:13Z" user="Britz" uid="143703" lat="44.4571630" lon="3.9381003"/>
 <node id="564679453" visible="true" version="2" changeset="12187958" timestamp="2012-07-11T16:55:13Z" user="Britz" uid="143703" lat="44.4603899" lon="3.9370963"/>
 <node id="564679454" visible="true" version="2" changeset="12187958" timestamp="2012-07-11T16:55:13Z" user="Britz" uid="143703" lat="44.4610417" lon="3.9380457"/>
 <node id="564679456" visible="true" version="3" changeset="110692631" timestamp="2021-09-03T19:08:02Z" user="Peter45" uid="1851274" lat="44.4599870" lon="3.9371940"/>
 <node id="564679457" visible="true" version="2" changeset="12187958" timestamp="2012-07-11T16:55:13Z" user="Britz" uid="143703" lat="44.4594900" lon="3.9376680"/>
 <node id="564679458" visible="true" version="2" changeset="12187958" timestamp="2012-07-11T16:55:13Z" user="Britz" uid="143703" lat="44.4561928" lon="3.9394023"/>
 <node id="564679459" visible="true" version="2" changeset="12187958" timestamp="2012-07-11T16:55:13Z" user="Britz" uid="143703" lat="44.4568530" lon="3.9390059"/>
 <node id="564679460" visible="true" version="2" changeset="12187958" timestamp="2012-07-11T16:55:13Z" user="Britz" uid="143703" lat="44.4585224" lon="3.9427911"/>
 <node id="564679461" visible="true" version="2" changeset="12187958" timestamp="2012-07-11T16:55:13Z" user="Britz" uid="143703" lat="44.4575194" lon="3.9422641"/>
 <node id="564679462" visible="true" version="2" changeset="12187958" timestamp="2012-07-11T16:55:14Z" user="Britz" uid="143703" lat="44.4569479" lon="3.9406694"/>
 <node id="564679463" visible="true" version="2" changeset="12187958" timestamp="2012-07-11T16:55:14Z" user="Britz" uid="143703" lat="44.4564689" lon="3.9408222"/>
 <node id="564679464" visible="true" version="2" changeset="12187958" timestamp="2012-07-11T16:55:14Z" user="Britz" uid="143703" lat="44.4606530" lon="3.9418723"/>
 <node id="564679465" visible="true" version="2" changeset="12187958" timestamp="2012-07-11T16:55:14Z" user="Britz" uid="143703" lat="44.4604645" lon="3.9433787"/>
 <node id="564679466" visible="true" version="2" changeset="12187958" timestamp="2012-07-11T16:55:14Z" user="Britz" uid="143703" lat="44.4613636" lon="3.9388689"/>
 <node id="564679467" visible="true" version="2" changeset="12187958" timestamp="2012-07-11T16:55:14Z" user="Britz" uid="143703" lat="44.4606785" lon="3.9401289"/>
 <node id="564679468" visible="true" version="2" changeset="12187958" timestamp="2012-07-11T16:55:14Z" user="Britz" uid="143703" lat="44.4560920" lon="3.9462938"/>
 <node id="564679469" visible="true" version="2" changeset="12187958" timestamp="2012-07-11T16:55:14Z" user="Britz" uid="143703" lat="44.4554501" lon="3.9454451"/>
 <node id="564679470" visible="true" version="2" changeset="12187958" timestamp="2012-07-11T16:55:14Z" user="Britz" uid="143703" lat="44.4551656" lon="3.9445226"/>
 <node id="564679484" visible="true" version="2" changeset="12187958" timestamp="2012-07-11T16:55:15Z" user="Britz" uid="143703" lat="44.4604424" lon="3.9448899"/>
 <node id="564679485" visible="true" version="2" changeset="12187958" timestamp="2012-07-11T16:55:15Z" user="Britz" uid="143703" lat="44.4608429" lon="3.9459485"/>
 <node id="564679486" visible="true" version="2" changeset="12187958" timestamp="2012-07-11T16:55:16Z" user="Britz" uid="143703" lat="44.4571109" lon="3.9457413"/>
 <node id="564679487" visible="true" version="2" changeset="12187958" timestamp="2012-07-11T16:55:16Z" user="Britz" uid="143703" lat="44.4576567" lon="3.9450921"/>
 <node id="564679488" visible="true" version="2" changeset="12187958" timestamp="2012-07-11T16:55:16Z" user="Britz" uid="143703" lat="44.4587801" lon="3.9455402"/>
 <node id="564679489" visible="true" version="2" changeset="12187958" timestamp="2012-07-11T16:55:16Z" user="Britz" uid="143703" lat="44.4589710" lon="3.9447144"/>
 <node id="564679490" visible="true" version="2" changeset="12187958" timestamp="2012-07-11T16:55:16Z" user="Britz" uid="143703" lat="44.4615025" lon="3.9464328"/>
 <node id="564679491" visible="true" version="2" changeset="12187958" timestamp="2012-07-11T16:55:16Z" user="Britz" uid="143703" lat="44.4634619" lon="3.9434643"/>
 <node id="564679492" visible="true" version="2" changeset="12187958" timestamp="2012-07-11T16:55:16Z" user="Britz" uid="143703" lat="44.4624628" lon="3.9434357"/>
 <node id="564679493" visible="true" version="2" changeset="12187958" timestamp="2012-07-11T16:55:16Z" user="Britz" uid="143703" lat="44.4620169" lon="3.9454004"/>
 <node id="564679494" visible="true" version="2" changeset="12187958" timestamp="2012-07-11T16:55:16Z" user="Britz" uid="143703" lat="44.4628378" lon="3.9462379"/>
 <node id="564679495" visible="true" version="2" changeset="12187958" timestamp="2012-07-11T16:55:16Z" user="Britz" uid="143703" lat="44.4634517" lon="3.9441618"/>
 <node id="564679496" visible="true" version="2" changeset="12187958" timestamp="2012-07-11T16:55:16Z" user="Britz" uid="143703" lat="44.4628919" lon="3.9482168"/>
 <node id="564679497" visible="true" version="2" changeset="12187958" timestamp="2012-07-11T16:55:16Z" user="Britz" uid="143703" lat="44.4627375" lon="3.9473983"/>
 <node id="564679498" visible="true" version="2" changeset="12187958" timestamp="2012-07-11T16:55:16Z" user="Britz" uid="143703" lat="44.4642704" lon="3.9508153"/>
 <node id="564679499" visible="true" version="2" changeset="12187958" timestamp="2012-07-11T16:55:16Z" user="Britz" uid="143703" lat="44.4650241" lon="3.9504876"/>
 <node id="564679500" visible="true" version="2" changeset="12187958" timestamp="2012-07-11T16:55:16Z" user="Britz" uid="143703" lat="44.4660351" lon="3.9497025"/>
 <node id="564679501" visible="true" version="2" changeset="12187958" timestamp="2012-07-11T16:55:16Z" user="Britz" uid="143703" lat="44.4664675" lon="3.9486684"/>
 <node id="564679502" visible="true" version="2" changeset="12187958" timestamp="2012-07-11T16:55:16Z" user="Britz" uid="143703" lat="44.4643125" lon="3.9536080"/>
 <node id="564679503" visible="true" version="2" changeset="12187958" timestamp="2012-07-11T16:55:16Z" user="Britz" uid="143703" lat="44.4635869" lon="3.9519583"/>
 <node id="564679504" visible="true" version="2" changeset="12187958" timestamp="2012-07-11T16:55:16Z" user="Britz" uid="143703" lat="44.4635157" lon="3.9511422"/>
 <node id="564679505" visible="true" version="2" changeset="12187958" timestamp="2012-07-11T16:55:16Z" user="Britz" uid="143703" lat="44.4654837" lon="3.9475930"/>
 <node id="564679506" visible="true" version="2" changeset="12187958" timestamp="2012-07-11T16:55:16Z" user="Britz" uid="143703" lat="44.4638045" lon="3.9484752"/>
 <node id="564679507" visible="true" version="2" changeset="12187958" timestamp="2012-07-11T16:55:16Z" user="Britz" uid="143703" lat="44.4646424" lon="3.9481507"/>
 <node id="564679508" visible="true" version="2" changeset="12187958" timestamp="2012-07-11T16:55:16Z" user="Britz" uid="143703" lat="44.4707994" lon="3.9542591"/>
 <node id="564679509" visible="true" version="2" changeset="12187958" timestamp="2012-07-11T16:55:16Z" user="Britz" uid="143703" lat="44.4704805" lon="3.9533196"/>
 <node id="564679510" visible="true" version="2" changeset="12187958" timestamp="2012-07-11T16:55:16Z" user="Britz" uid="143703" lat="44.4708371" lon="3.9517015"/>
 <node id="564679511" visible="true" version="2" changeset="12187958" timestamp="2012-07-11T16:55:17Z" user="Britz" uid="143703" lat="44.4714323" lon="3.9509045"/>
 <node id="564679512" visible="true" version="2" changeset="12187958" timestamp="2012-07-11T16:55:17Z" user="Britz" uid="143703" lat="44.4721131" lon="3.9498766"/>
 <node id="564679539" visible="true" version="2" changeset="12187958" timestamp="2012-07-11T16:55:17Z" user="Britz" uid="143703" lat="44.4267866" lon="4.0261373"/>
 <node id="564679540" visible="true" version="2" changeset="12187958" timestamp="2012-07-11T16:55:17Z" user="Britz" uid="143703" lat="44.4280934" lon="4.0244341"/>
 <node id="564679606" visible="true" version="2" changeset="12187958" timestamp="2012-07-11T16:55:19Z" user="Britz" uid="143703" lat="44.4378932" lon="3.9951660"/>
 <node id="564679607" visible="true" version="2" changeset="12187958" timestamp="2012-07-11T16:55:19Z" user="Britz" uid="143703" lat="44.4359073" lon="3.9942939"/>
 <node id="564679608" visible="true" version="2" changeset="12187958" timestamp="2012-07-11T16:55:19Z" user="Britz" uid="143703" lat="44.4392144" lon="3.9959025"/>
 <node id="564679609" visible="true" version="2" changeset="12187958" timestamp="2012-07-11T16:55:19Z" user="Britz" uid="143703" lat="44.4392548" lon="3.9988101"/>
 <node id="564679611" visible="true" version="2" changeset="12187958" timestamp="2012-07-11T16:55:19Z" user="Britz" uid="143703" lat="44.4357147" lon="3.9960317"/>
 <node id="564679612" visible="true" version="2" changeset="12187958" timestamp="2012-07-11T16:55:19Z" user="Britz" uid="143703" lat="44.4371225" lon="3.9965384"/>
 <node id="564679613" visible="true" version="2" changeset="12187958" timestamp="2012-07-11T16:55:19Z" user="Britz" uid="143703" lat="44.4373380" lon="3.9988697"/>
 <node id="564679614" visible="true" version="2" changeset="12187958" timestamp="2012-07-11T16:55:19Z" user="Britz" uid="143703" lat="44.4342751" lon="3.9976173"/>
 <node id="564679637" visible="true" version="2" changeset="12187958" timestamp="2012-07-11T16:55:21Z" user="Britz" uid="143703" lat="44.4401093" lon="3.9973240"/>
 <node id="564679672" visible="true" version="2" changeset="12187958" timestamp="2012-07-11T16:55:22Z" user="Britz" uid="143703" lat="44.4670423" lon="3.9605492"/>
 <node id="564679673" visible="true" version="2" changeset="12187958" timestamp="2012-07-11T16:55:22Z" user="Britz" uid="143703" lat="44.4655603" lon="3.9593431"/>
 <node id="564679674" visible="true" version="2" changeset="12187958" timestamp="2012-07-11T16:55:22Z" user="Britz" uid="143703" lat="44.4643931" lon="3.9594256"/>
 <node id="564679675" visible="true" version="2" changeset="12187958" timestamp="2012-07-11T16:55:22Z" user="Britz" uid="143703" lat="44.4664539" lon="3.9608808"/>
 <node id="564679676" visible="true" version="2" changeset="12187958" timestamp="2012-07-11T16:55:22Z" user="Britz" uid="143703" lat="44.4656228" lon="3.9607406"/>
 <node id="564679677" visible="true" version="2" changeset="12187958" timestamp="2012-07-11T16:55:22Z" user="Britz" uid="143703" lat="44.4643202" lon="3.9587256"/>
 <node id="564679678" visible="true" version="2" changeset="12187958" timestamp="2012-07-11T16:55:22Z" user="Britz" uid="143703" lat="44.4641745" lon="3.9573257"/>
 <node id="564679679" visible="true" version="2" changeset="12187958" timestamp="2012-07-11T16:55:22Z" user="Britz" uid="143703" lat="44.4642847" lon="3.9565651"/>
 <node id="564679680" visible="true" version="2" changeset="12187958" timestamp="2012-07-11T16:55:22Z" user="Britz" uid="143703" lat="44.4643597" lon="3.9560515"/>
 <node id="564679681" visible="true" version="2" changeset="12187958" timestamp="2012-07-11T16:55:23Z" user="Britz" uid="143703" lat="44.4684016" lon="3.9587270"/>
 <node id="564679682" visible="true" version="2" changeset="12187958" timestamp="2012-07-11T16:55:23Z" user="Britz" uid="143703" lat="44.4697960" lon="3.9601631"/>
 <node id="564679683" visible="true" version="2" changeset="12187958" timestamp="2012-07-11T16:55:23Z" user="Britz" uid="143703" lat="44.4689838" lon="3.9587438"/>
 <node id="564679684" visible="true" version="2" changeset="12187958" timestamp="2012-07-11T16:55:23Z" user="Britz" uid="143703" lat="44.4697574" lon="3.9571378"/>
 <node id="564679685" visible="true" version="2" changeset="12187958" timestamp="2012-07-11T16:55:23Z" user="Britz" uid="143703" lat="44.4721400" lon="3.9594165"/>
 <node id="564679686" visible="true" version="2" changeset="12187958" timestamp="2012-07-11T16:55:23Z" user="Britz" uid="143703" lat="44.4717265" lon="3.9591714"/>
 <node id="564679687" visible="true" version="2" changeset="12187958" timestamp="2012-07-11T16:55:23Z" user="Britz" uid="143703" lat="44.4707359" lon="3.9585619"/>
 <node id="564679688" visible="true" version="2" changeset="12187958" timestamp="2012-07-11T16:55:23Z" user="Britz" uid="143703" lat="44.4701915" lon="3.9559868"/>
 <node id="564679689" visible="true" version="2" changeset="12187958" timestamp="2012-07-11T16:55:23Z" user="Britz" uid="143703" lat="44.4703849" lon="3.9654143"/>
 <node id="564679690" visible="true" version="2" changeset="12187958" timestamp="2012-07-11T16:55:23Z" user="Britz" uid="143703" lat="44.4702324" lon="3.9644795"/>
 <node id="564679691" visible="true" version="2" changeset="12187958" timestamp="2012-07-11T16:55:23Z" user="Britz" uid="143703" lat="44.4699227" lon="3.9628423"/>
 <node id="564679692" visible="true" version="2" changeset="12187958" timestamp="2012-07-11T16:55:23Z" user="Britz" uid="143703" lat="44.4701091" lon="3.9615680"/>
 <node id="564679693" visible="true" version="2" changeset="12187958" timestamp="2012-07-11T16:55:23Z" user="Britz" uid="143703" lat="44.4722479" lon="3.9633742"/>
 <node id="564679694" visible="true" version="2" changeset="12187958" timestamp="2012-07-11T16:55:23Z" user="Britz" uid="143703" lat="44.4725960" lon="3.9623378"/>
 <node id="564679695" visible="true" version="2" changeset="12187958" timestamp="2012-07-11T16:55:23Z" user="Britz" uid="143703" lat="44.4723763" lon="3.9659375"/>
 <node id="564679696" visible="true" version="2" changeset="12187958" timestamp="2012-07-11T16:55:23Z" user="Britz" uid="143703" lat="44.4721423" lon="3.9648841"/>
 <node id="564679697" visible="true" version="2" changeset="12187958" timestamp="2012-07-11T16:55:23Z" user="Britz" uid="143703" lat="44.4725387" lon="3.9605908"/>
 <node id="564679708" visible="true" version="2" changeset="12187958" timestamp="2012-07-11T16:55:24Z" user="Britz" uid="143703" lat="44.4725757" lon="3.9693169"/>
 <node id="564679710" visible="true" version="2" changeset="12187958" timestamp="2012-07-11T16:55:24Z" user="Britz" uid="143703" lat="44.4713409" lon="3.9683507"/>
 <node id="564679712" visible="true" version="2" changeset="12187958" timestamp="2012-07-11T16:55:24Z" user="Britz" uid="143703" lat="44.4703297" lon="3.9691355"/>
 <node id="564679713" visible="true" version="2" changeset="12187958" timestamp="2012-07-11T16:55:24Z" user="Britz" uid="143703" lat="44.4696788" lon="3.9680694"/>
 <node id="564679714" visible="true" version="2" changeset="12187958" timestamp="2012-07-11T16:55:24Z" user="Britz" uid="143703" lat="44.4703642" lon="3.9668095"/>
 <node id="564679792" visible="true" version="2" changeset="12187958" timestamp="2012-07-11T16:55:26Z" user="Britz" uid="143703" lat="44.4386363" lon="4.0011176"/>
 <node id="564679793" visible="true" version="2" changeset="12187958" timestamp="2012-07-11T16:55:27Z" user="Britz" uid="143703" lat="44.4384593" lon="4.0018099"/>
 <node id="564679794" visible="true" version="2" changeset="12187958" timestamp="2012-07-11T16:55:27Z" user="Britz" uid="143703" lat="44.4371318" lon="4.0014215"/>
 <node id="564679799" visible="true" version="2" changeset="12187958" timestamp="2012-07-11T16:55:27Z" user="Britz" uid="143703" lat="44.4325806" lon="4.0196861"/>
 <node id="564679800" visible="true" version="2" changeset="12187958" timestamp="2012-07-11T16:55:27Z" user="Britz" uid="143703" lat="44.4334062" lon="4.0201760"/>
 <node id="564679824" visible="true" version="2" changeset="12187958" timestamp="2012-07-11T16:55:28Z" user="Britz" uid="143703" lat="44.4475634" lon="4.0203668"/>
 <node id="564679825" visible="true" version="2" changeset="12187958" timestamp="2012-07-11T16:55:28Z" user="Britz" uid="143703" lat="44.4500973" lon="4.0181164"/>
 <node id="564679826" visible="true" version="2" changeset="12187958" timestamp="2012-07-11T16:55:28Z" user="Britz" uid="143703" lat="44.4496690" lon="4.0189183"/>
 <node id="564679827" visible="true" version="2" changeset="12187958" timestamp="2012-07-11T16:55:28Z" user="Britz" uid="143703" lat="44.4483611" lon="4.0172507"/>
 <node id="564679828" visible="true" version="2" changeset="12187958" timestamp="2012-07-11T16:55:28Z" user="Britz" uid="143703" lat="44.4477647" lon="4.0181637"/>
 <node id="564679829" visible="true" version="2" changeset="12187958" timestamp="2012-07-11T16:55:28Z" user="Britz" uid="143703" lat="44.4333176" lon="4.0313334"/>
 <node id="564679830" visible="true" version="2" changeset="12187958" timestamp="2012-07-11T16:55:28Z" user="Britz" uid="143703" lat="44.4325736" lon="4.0289839"/>
 <node id="564679831" visible="true" version="2" changeset="12187958" timestamp="2012-07-11T16:55:28Z" user="Britz" uid="143703" lat="44.4327317" lon="4.0311219"/>
 <node id="564679832" visible="true" version="2" changeset="12187958" timestamp="2012-07-11T16:55:28Z" user="Britz" uid="143703" lat="44.4310905" lon="4.0278936"/>
 <node id="564679833" visible="true" version="2" changeset="12187958" timestamp="2012-07-11T16:55:28Z" user="Britz" uid="143703" lat="44.4295978" lon="4.0274996"/>
 <node id="564679834" visible="true" version="2" changeset="12187958" timestamp="2012-07-11T16:55:28Z" user="Britz" uid="143703" lat="44.4289529" lon="4.0260854"/>
 <node id="564679835" visible="true" version="2" changeset="12187958" timestamp="2012-07-11T16:55:28Z" user="Britz" uid="143703" lat="44.4313088" lon="4.0211599"/>
 <node id="564679836" visible="true" version="2" changeset="12187958" timestamp="2012-07-11T16:55:28Z" user="Britz" uid="143703" lat="44.4304314" lon="4.0240397"/>
 <node id="564679837" visible="true" version="2" changeset="12187958" timestamp="2012-07-11T16:55:28Z" user="Britz" uid="143703" lat="44.4288448" lon="4.0243405"/>
 <node id="564679838" visible="true" version="2" changeset="12187958" timestamp="2012-07-11T16:55:28Z" user="Britz" uid="143703" lat="44.4341397" lon="4.0212446"/>
 <node id="564679839" visible="true" version="2" changeset="12187958" timestamp="2012-07-11T16:55:28Z" user="Britz" uid="143703" lat="44.4334447" lon="4.0230833"/>
 <node id="564679840" visible="true" version="2" changeset="12187958" timestamp="2012-07-11T16:55:28Z" user="Britz" uid="143703" lat="44.4344196" lon="4.0300876"/>
 <node id="564679841" visible="true" version="2" changeset="12187958" timestamp="2012-07-11T16:55:28Z" user="Britz" uid="143703" lat="44.4344447" lon="4.0284611"/>
 <node id="564679842" visible="true" version="2" changeset="12187958" timestamp="2012-07-11T16:55:28Z" user="Britz" uid="143703" lat="44.4344331" lon="4.0238104"/>
 <node id="564679843" visible="true" version="2" changeset="12187958" timestamp="2012-07-11T16:55:28Z" user="Britz" uid="143703" lat="44.4355627" lon="4.0261698"/>
 <node id="564679844" visible="true" version="2" changeset="12187958" timestamp="2012-07-11T16:55:28Z" user="Britz" uid="143703" lat="44.4384847" lon="4.0419523"/>
 <node id="564679845" visible="true" version="2" changeset="12187958" timestamp="2012-07-11T16:55:29Z" user="Britz" uid="143703" lat="44.4369783" lon="4.0423720"/>
 <node id="564679846" visible="true" version="2" changeset="12187958" timestamp="2012-07-11T16:55:29Z" user="Britz" uid="143703" lat="44.4450779" lon="4.0249430"/>
 <node id="564679847" visible="true" version="2" changeset="12187958" timestamp="2012-07-11T16:55:29Z" user="Britz" uid="143703" lat="44.4451772" lon="4.0238999"/>
 <node id="564679848" visible="true" version="2" changeset="12187958" timestamp="2012-07-11T16:55:29Z" user="Britz" uid="143703" lat="44.4480706" lon="4.0307311"/>
 <node id="564679849" visible="true" version="2" changeset="12187958" timestamp="2012-07-11T16:55:29Z" user="Britz" uid="143703" lat="44.4483559" lon="4.0284135"/>
 <node id="564679850" visible="true" version="2" changeset="12187958" timestamp="2012-07-11T16:55:29Z" user="Britz" uid="143703" lat="44.4482111" lon="4.0270138"/>
 <node id="564679851" visible="true" version="2" changeset="12187958" timestamp="2012-07-11T16:55:29Z" user="Britz" uid="143703" lat="44.4467291" lon="4.0259232"/>
 <node id="564679852" visible="true" version="2" changeset="12187958" timestamp="2012-07-11T16:55:29Z" user="Britz" uid="143703" lat="44.4463694" lon="4.0221911"/>
 <node id="564679853" visible="true" version="2" changeset="12187958" timestamp="2012-07-11T16:55:29Z" user="Britz" uid="143703" lat="44.4398165" lon="4.0419926"/>
 <node id="564679854" visible="true" version="2" changeset="12187958" timestamp="2012-07-11T16:55:29Z" user="Britz" uid="143703" lat="44.4446871" lon="4.0394656"/>
 <node id="564679855" visible="true" version="2" changeset="12187958" timestamp="2012-07-11T16:55:29Z" user="Britz" uid="143703" lat="44.4413988" lon="4.0420405"/>
 <node id="564679856" visible="true" version="2" changeset="12187958" timestamp="2012-07-11T16:55:29Z" user="Britz" uid="143703" lat="44.4428264" lon="4.0412700"/>
 <node id="564679857" visible="true" version="3" changeset="37491996" timestamp="2016-02-28T00:36:12Z" user="Britz" uid="143703" lat="44.4507958" lon="4.0369946"/>
 <node id="564679858" visible="true" version="2" changeset="12187958" timestamp="2012-07-11T16:55:29Z" user="Britz" uid="143703" lat="44.4496714" lon="4.0349655"/>
 <node id="564679859" visible="true" version="2" changeset="12187958" timestamp="2012-07-11T16:55:30Z" user="Britz" uid="143703" lat="44.4485258" lon="4.0336517"/>
 <node id="564679860" visible="true" version="2" changeset="12187958" timestamp="2012-07-11T16:55:30Z" user="Britz" uid="143703" lat="44.4480509" lon="4.0320090"/>
 <node id="564679861" visible="true" version="2" changeset="12187958" timestamp="2012-07-11T16:55:30Z" user="Britz" uid="143703" lat="44.4454729" lon="4.0425131"/>
 <node id="564679862" visible="true" version="2" changeset="12187958" timestamp="2012-07-11T16:55:30Z" user="Britz" uid="143703" lat="44.4459212" lon="4.0404337"/>
 <node id="564679863" visible="true" version="2" changeset="12187958" timestamp="2012-07-11T16:55:30Z" user="Britz" uid="143703" lat="44.4607293" lon="4.0107584"/>
 <node id="564679864" visible="true" version="3" changeset="166834333" timestamp="2025-05-27T16:14:28Z" user="theo998" uid="509490" lat="44.4599870" lon="4.0107827"/>
 <node id="564679866" visible="true" version="2" changeset="12187958" timestamp="2012-07-11T16:55:30Z" user="Britz" uid="143703" lat="44.4577862" lon="4.0110195"/>
 <node id="564679867" visible="true" version="2" changeset="12187958" timestamp="2012-07-11T16:55:30Z" user="Britz" uid="143703" lat="44.4587046" lon="4.0108144"/>
 <node id="564679868" visible="true" version="2" changeset="12187958" timestamp="2012-07-11T16:55:30Z" user="Britz" uid="143703" lat="44.4568013" lon="4.0100601"/>
 <node id="564679869" visible="true" version="2" changeset="12187958" timestamp="2012-07-11T16:55:30Z" user="Britz" uid="143703" lat="44.4544744" lon="4.0151076"/>
 <node id="564679870" visible="true" version="2" changeset="12187958" timestamp="2012-07-11T16:55:30Z" user="Britz" uid="143703" lat="44.4552311" lon="4.0146647"/>
 <node id="564679871" visible="true" version="2" changeset="12187958" timestamp="2012-07-11T16:55:30Z" user="Britz" uid="143703" lat="44.4510435" lon="4.0161684"/>
 <node id="564679872" visible="true" version="2" changeset="12187958" timestamp="2012-07-11T16:55:30Z" user="Britz" uid="143703" lat="44.4526247" lon="4.0162156"/>
 <node id="564679873" visible="true" version="2" changeset="12187958" timestamp="2012-07-11T16:55:30Z" user="Britz" uid="143703" lat="44.4552702" lon="4.0121079"/>
 <node id="564679874" visible="true" version="2" changeset="12187958" timestamp="2012-07-11T16:55:30Z" user="Britz" uid="143703" lat="44.4556241" lon="4.0107229"/>
 <node id="564679875" visible="true" version="2" changeset="12187958" timestamp="2012-07-11T16:55:30Z" user="Britz" uid="143703" lat="44.4641371" lon="4.0112091"/>
 <node id="564679876" visible="true" version="2" changeset="12187958" timestamp="2012-07-11T16:55:30Z" user="Britz" uid="143703" lat="44.4632902" lon="4.0121141"/>
 <node id="564679877" visible="true" version="2" changeset="12187958" timestamp="2012-07-11T16:55:31Z" user="Britz" uid="143703" lat="44.4625423" lon="4.0119757"/>
 <node id="564679878" visible="true" version="2" changeset="12187958" timestamp="2012-07-11T16:55:31Z" user="Britz" uid="143703" lat="44.4618027" lon="4.0113720"/>
 <node id="564679879" visible="true" version="2" changeset="12187958" timestamp="2012-07-11T16:55:31Z" user="Britz" uid="143703" lat="44.4668195" lon="4.0101254"/>
 <node id="564679880" visible="true" version="2" changeset="12187958" timestamp="2012-07-11T16:55:31Z" user="Britz" uid="143703" lat="44.4648178" lon="4.0102983"/>
 <node id="564679881" visible="true" version="2" changeset="12187958" timestamp="2012-07-11T16:55:31Z" user="Britz" uid="143703" lat="44.4659018" lon="4.0102143"/>
 <node id="564679882" visible="true" version="2" changeset="12187958" timestamp="2012-07-11T16:55:31Z" user="Britz" uid="143703" lat="44.4708388" lon="4.0142003"/>
 <node id="564679883" visible="true" version="2" changeset="12187958" timestamp="2012-07-11T16:55:31Z" user="Britz" uid="143703" lat="44.4701723" lon="4.0141804"/>
 <node id="564679884" visible="true" version="2" changeset="12187958" timestamp="2012-07-11T16:55:31Z" user="Britz" uid="143703" lat="44.4712741" lon="4.0129335"/>
 <node id="564679885" visible="true" version="2" changeset="12187958" timestamp="2012-07-11T16:55:31Z" user="Britz" uid="143703" lat="44.4713413" lon="4.0139821"/>
 <node id="564679886" visible="true" version="2" changeset="12187958" timestamp="2012-07-11T16:55:31Z" user="Britz" uid="143703" lat="44.4679619" lon="4.0116714"/>
 <node id="564679887" visible="true" version="2" changeset="12187958" timestamp="2012-07-11T16:55:31Z" user="Britz" uid="143703" lat="44.4686272" lon="4.0116912"/>
 <node id="564679888" visible="true" version="2" changeset="12187958" timestamp="2012-07-11T16:55:31Z" user="Britz" uid="143703" lat="44.4696822" lon="4.0135841"/>
 <node id="564679889" visible="true" version="2" changeset="12187958" timestamp="2012-07-11T16:55:31Z" user="Britz" uid="143703" lat="44.4701371" lon="4.0110382"/>
 <node id="564679890" visible="true" version="2" changeset="12187958" timestamp="2012-07-11T16:55:31Z" user="Britz" uid="143703" lat="44.4710637" lon="4.0103678"/>
 <node id="564679891" visible="true" version="2" changeset="12187958" timestamp="2012-07-11T16:55:31Z" user="Britz" uid="143703" lat="44.4702892" lon="4.0119738"/>
 <node id="564679892" visible="true" version="2" changeset="12187958" timestamp="2012-07-11T16:55:31Z" user="Britz" uid="143703" lat="44.4720610" lon="4.0105136"/>
 <node id="564679893" visible="true" version="3" changeset="37491996" timestamp="2016-02-28T00:36:12Z" user="Britz" uid="143703" lat="44.4513164" lon="4.0385335"/>
 <node id="564679894" visible="true" version="2" changeset="12187958" timestamp="2012-07-11T16:55:31Z" user="Britz" uid="143703" lat="44.4533661" lon="4.0384487"/>
 <node id="564679895" visible="true" version="2" changeset="12187958" timestamp="2012-07-11T16:55:31Z" user="Britz" uid="143703" lat="44.4523652" lon="4.0385354"/>
 <node id="564679896" visible="true" version="4" changeset="12804067" timestamp="2012-08-21T06:30:51Z" user="Britz" uid="143703" lat="44.4538043" lon="4.0427639"/>
 <node id="564679897" visible="true" version="2" changeset="12187958" timestamp="2012-07-11T16:55:31Z" user="Britz" uid="143703" lat="44.4536807" lon="4.0396214"/>
 <node id="564679899" visible="true" version="2" changeset="12187958" timestamp="2012-07-11T16:55:31Z" user="Britz" uid="143703" lat="44.4258239" lon="4.0472645"/>
 <node id="564679901" visible="true" version="2" changeset="12187958" timestamp="2012-07-11T16:55:31Z" user="Britz" uid="143703" lat="44.4275093" lon="4.0460369"/>
 <node id="564679902" visible="true" version="2" changeset="12187958" timestamp="2012-07-11T16:55:31Z" user="Britz" uid="143703" lat="44.4266512" lon="4.0476387"/>
 <node id="564679903" visible="true" version="2" changeset="12187958" timestamp="2012-07-11T16:55:32Z" user="Britz" uid="143703" lat="44.4338562" lon="4.0502984"/>
 <node id="564679904" visible="true" version="2" changeset="12187958" timestamp="2012-07-11T16:55:32Z" user="Britz" uid="143703" lat="44.4300896" lon="4.0461152"/>
 <node id="564679905" visible="true" version="2" changeset="12187958" timestamp="2012-07-11T16:55:32Z" user="Britz" uid="143703" lat="44.4290092" lon="4.0459663"/>
 <node id="564679906" visible="true" version="2" changeset="12187958" timestamp="2012-07-11T16:55:32Z" user="Britz" uid="143703" lat="44.4314007" lon="4.0475507"/>
 <node id="564679907" visible="true" version="2" changeset="12187958" timestamp="2012-07-11T16:55:32Z" user="Britz" uid="143703" lat="44.4319502" lon="4.0496599"/>
 <node id="564679908" visible="true" version="2" changeset="12187958" timestamp="2012-07-11T16:55:32Z" user="Britz" uid="143703" lat="44.4329366" lon="4.0505035"/>
 <node id="564679909" visible="true" version="2" changeset="12187958" timestamp="2012-07-11T16:55:32Z" user="Britz" uid="143703" lat="44.4371230" lon="4.0437715"/>
 <node id="564679910" visible="true" version="2" changeset="12187958" timestamp="2012-07-11T16:55:32Z" user="Britz" uid="143703" lat="44.4384070" lon="4.0469490"/>
 <node id="564679911" visible="true" version="2" changeset="12187958" timestamp="2012-07-11T16:55:32Z" user="Britz" uid="143703" lat="44.4381022" lon="4.0450801"/>
 <node id="564679912" visible="true" version="2" changeset="12187958" timestamp="2012-07-11T16:55:32Z" user="Britz" uid="143703" lat="44.4389943" lon="4.0519668"/>
 <node id="564679913" visible="true" version="2" changeset="12187958" timestamp="2012-07-11T16:55:32Z" user="Britz" uid="143703" lat="44.4390070" lon="4.0511527"/>
 <node id="564679914" visible="true" version="2" changeset="12187958" timestamp="2012-07-11T16:55:32Z" user="Britz" uid="143703" lat="44.4385243" lon="4.0500920"/>
 <node id="564679915" visible="true" version="2" changeset="12187958" timestamp="2012-07-11T16:55:32Z" user="Britz" uid="143703" lat="44.4383888" lon="4.0481113"/>
 <node id="564679916" visible="true" version="2" changeset="12187958" timestamp="2012-07-11T16:55:32Z" user="Britz" uid="143703" lat="44.4364285" lon="4.0509581"/>
 <node id="564679917" visible="true" version="2" changeset="12187958" timestamp="2012-07-11T16:55:32Z" user="Britz" uid="143703" lat="44.4369907" lon="4.0522542"/>
 <node id="564679918" visible="true" version="2" changeset="12187958" timestamp="2012-07-11T16:55:32Z" user="Britz" uid="143703" lat="44.4356157" lon="4.0496544"/>
 <node id="564679919" visible="true" version="2" changeset="12187958" timestamp="2012-07-11T16:55:32Z" user="Britz" uid="143703" lat="44.4385421" lon="4.0542780"/>
 <node id="564679920" visible="true" version="2" changeset="12187958" timestamp="2012-07-11T16:55:32Z" user="Britz" uid="143703" lat="44.4395350" lon="4.0600051"/>
 <node id="564679921" visible="true" version="2" changeset="12187958" timestamp="2012-07-11T16:55:32Z" user="Britz" uid="143703" lat="44.4396611" lon="4.0597798"/>
 <node id="564679922" visible="true" version="2" changeset="12187958" timestamp="2012-07-11T16:55:32Z" user="Britz" uid="143703" lat="44.4394179" lon="4.0568628"/>
 <node id="564679923" visible="true" version="2" changeset="12187958" timestamp="2012-07-11T16:55:32Z" user="Britz" uid="143703" lat="44.4384353" lon="4.0557860"/>
 <node id="564679924" visible="true" version="2" changeset="12187958" timestamp="2012-07-11T16:55:33Z" user="Britz" uid="143703" lat="44.4387690" lon="4.0610284"/>
 <node id="564679925" visible="true" version="2" changeset="12187958" timestamp="2012-07-11T16:55:33Z" user="Britz" uid="143703" lat="44.4347607" lon="4.0563714"/>
 <node id="564679926" visible="true" version="2" changeset="12187958" timestamp="2012-07-11T16:55:33Z" user="Britz" uid="143703" lat="44.4350715" lon="4.0577759"/>
 <node id="564679927" visible="true" version="2" changeset="12187958" timestamp="2012-07-11T16:55:33Z" user="Britz" uid="143703" lat="44.4366234" lon="4.0544517"/>
 <node id="564679928" visible="true" version="2" changeset="12187958" timestamp="2012-07-11T16:55:33Z" user="Britz" uid="143703" lat="44.4352808" lon="4.0551083"/>
 <node id="564679929" visible="true" version="2" changeset="12187958" timestamp="2012-07-11T16:55:33Z" user="Britz" uid="143703" lat="44.4376941" lon="4.0605302"/>
 <node id="564679930" visible="true" version="2" changeset="12187958" timestamp="2012-07-11T16:55:33Z" user="Britz" uid="143703" lat="44.4365506" lon="4.0591001"/>
 <node id="564679931" visible="true" version="2" changeset="12187958" timestamp="2012-07-11T16:55:33Z" user="Britz" uid="143703" lat="44.4443833" lon="4.0482935"/>
 <node id="564679932" visible="true" version="2" changeset="12187958" timestamp="2012-07-11T16:55:33Z" user="Britz" uid="143703" lat="44.4449492" lon="4.0493575"/>
 <node id="564679933" visible="true" version="2" changeset="12187958" timestamp="2012-07-11T16:55:33Z" user="Britz" uid="143703" lat="44.4445426" lon="4.0434148"/>
 <node id="564679934" visible="true" version="2" changeset="12187958" timestamp="2012-07-11T16:55:33Z" user="Britz" uid="143703" lat="44.4440840" lon="4.0460753"/>
 <node id="564679935" visible="true" version="2" changeset="12187958" timestamp="2012-07-11T16:55:33Z" user="Britz" uid="143703" lat="44.4498124" lon="4.0526447"/>
 <node id="564679936" visible="true" version="2" changeset="12187958" timestamp="2012-07-11T16:55:33Z" user="Britz" uid="143703" lat="44.4504048" lon="4.0520812"/>
 <node id="564679937" visible="true" version="2" changeset="12187958" timestamp="2012-07-11T16:55:33Z" user="Britz" uid="143703" lat="44.4454202" lon="4.0512317"/>
 <node id="564679938" visible="true" version="2" changeset="12187958" timestamp="2012-07-11T16:55:33Z" user="Britz" uid="143703" lat="44.4460583" lon="4.0529957"/>
 <node id="564679939" visible="true" version="2" changeset="12187958" timestamp="2012-07-11T16:55:33Z" user="Britz" uid="143703" lat="44.4488455" lon="4.0558714"/>
 <node id="564679940" visible="true" version="2" changeset="12187958" timestamp="2012-07-11T16:55:33Z" user="Britz" uid="143703" lat="44.4491216" lon="4.0542514"/>
 <node id="564679941" visible="true" version="2" changeset="12187958" timestamp="2012-07-11T16:55:33Z" user="Britz" uid="143703" lat="44.4469477" lon="4.0588611"/>
 <node id="564679944" visible="true" version="2" changeset="12187958" timestamp="2012-07-11T16:55:33Z" user="Britz" uid="143703" lat="44.4489882" lon="4.0573873"/>
 <node id="564679945" visible="true" version="2" changeset="12187958" timestamp="2012-07-11T16:55:34Z" user="Britz" uid="143703" lat="44.4470283" lon="4.0548852"/>
 <node id="564679946" visible="true" version="2" changeset="12187958" timestamp="2012-07-11T16:55:34Z" user="Britz" uid="143703" lat="44.4468383" lon="4.0563917"/>
 <node id="564679947" visible="true" version="2" changeset="12187958" timestamp="2012-07-11T16:55:34Z" user="Britz" uid="143703" lat="44.4468109" lon="4.0581346"/>
 <node id="564679948" visible="true" version="2" changeset="12187958" timestamp="2012-07-11T16:55:34Z" user="Britz" uid="143703" lat="44.4521508" lon="4.0469017"/>
 <node id="564679949" visible="true" version="2" changeset="12187958" timestamp="2012-07-11T16:55:34Z" user="Britz" uid="143703" lat="44.4539935" lon="4.0462599"/>
 <node id="564679950" visible="true" version="2" changeset="12187958" timestamp="2012-07-11T16:55:34Z" user="Britz" uid="143703" lat="44.4532939" lon="4.0430984"/>
 <node id="564679951" visible="true" version="2" changeset="12187958" timestamp="2012-07-11T16:55:34Z" user="Britz" uid="143703" lat="44.4508460" lon="4.0504669"/>
 <node id="564679952" visible="true" version="2" changeset="12187958" timestamp="2012-07-11T16:55:34Z" user="Britz" uid="143703" lat="44.4508950" lon="4.0473282"/>
 <node id="564679953" visible="true" version="2" changeset="12187958" timestamp="2012-07-11T16:55:34Z" user="Britz" uid="143703" lat="44.4760336" lon="3.9438231"/>
 <node id="564679954" visible="true" version="2" changeset="12187958" timestamp="2012-07-11T16:55:34Z" user="Britz" uid="143703" lat="44.4773123" lon="3.9418817"/>
 <node id="564679957" visible="true" version="2" changeset="12187958" timestamp="2012-07-11T16:55:34Z" user="Britz" uid="143703" lat="44.4769208" lon="3.9401259"/>
 <node id="564679958" visible="true" version="2" changeset="12187958" timestamp="2012-07-11T16:55:34Z" user="Britz" uid="143703" lat="44.4771856" lon="3.9390860"/>
 <node id="564679959" visible="true" version="2" changeset="12187958" timestamp="2012-07-11T16:55:34Z" user="Britz" uid="143703" lat="44.4774515" lon="3.9380469"/>
 <node id="564679968" visible="true" version="2" changeset="12187958" timestamp="2012-07-11T16:55:34Z" user="Britz" uid="143703" lat="44.4739079" lon="3.9467875"/>
 <node id="564679969" visible="true" version="2" changeset="12187958" timestamp="2012-07-11T16:55:34Z" user="Britz" uid="143703" lat="44.4742621" lon="3.9454017"/>
 <node id="564679970" visible="true" version="2" changeset="12187958" timestamp="2012-07-11T16:55:34Z" user="Britz" uid="143703" lat="44.4742959" lon="3.9487756"/>
 <node id="564679971" visible="true" version="2" changeset="12187958" timestamp="2012-07-11T16:55:34Z" user="Britz" uid="143703" lat="44.4743961" lon="3.9476157"/>
 <node id="564679972" visible="true" version="2" changeset="12187958" timestamp="2012-07-11T16:55:35Z" user="Britz" uid="143703" lat="44.4729441" lon="3.9500166"/>
 <node id="564679973" visible="true" version="2" changeset="12187958" timestamp="2012-07-11T16:55:35Z" user="Britz" uid="143703" lat="44.4739416" lon="3.9501614"/>
 <node id="564679974" visible="true" version="2" changeset="12187958" timestamp="2012-07-11T16:55:35Z" user="Britz" uid="143703" lat="44.4748528" lon="3.9448368"/>
 <node id="564679975" visible="true" version="2" changeset="12187958" timestamp="2012-07-11T16:55:35Z" user="Britz" uid="143703" lat="44.4754361" lon="3.9448534"/>
 <node id="564679984" visible="true" version="2" changeset="12187958" timestamp="2012-07-11T16:55:35Z" user="Britz" uid="143703" lat="44.4899860" lon="3.9409639"/>
 <node id="564679985" visible="true" version="2" changeset="12187958" timestamp="2012-07-11T16:55:35Z" user="Britz" uid="143703" lat="44.4894343" lon="3.9388536"/>
 <node id="564679986" visible="true" version="2" changeset="12187958" timestamp="2012-07-11T16:55:35Z" user="Britz" uid="143703" lat="44.4917585" lon="3.9393847"/>
 <node id="564679987" visible="true" version="2" changeset="12187958" timestamp="2012-07-11T16:55:35Z" user="Britz" uid="143703" lat="44.4910768" lon="3.9404130"/>
 <node id="564679988" visible="true" version="2" changeset="12187958" timestamp="2012-07-11T16:55:35Z" user="Britz" uid="143703" lat="44.4930309" lon="3.9377920"/>
 <node id="564679989" visible="true" version="2" changeset="12187958" timestamp="2012-07-11T16:55:35Z" user="Britz" uid="143703" lat="44.4920199" lon="3.9385777"/>
 <node id="564679990" visible="true" version="2" changeset="12187958" timestamp="2012-07-11T16:55:35Z" user="Britz" uid="143703" lat="44.4936923" lon="3.9381596"/>
 <node id="564680001" visible="true" version="2" changeset="12187958" timestamp="2012-07-11T16:55:35Z" user="Britz" uid="143703" lat="44.4840928" lon="3.9452170"/>
 <node id="564680002" visible="true" version="2" changeset="12187958" timestamp="2012-07-11T16:55:35Z" user="Britz" uid="143703" lat="44.4854691" lon="3.9536339"/>
 <node id="564680003" visible="true" version="2" changeset="12187958" timestamp="2012-07-11T16:55:35Z" user="Britz" uid="143703" lat="44.4860701" lon="3.9523711"/>
 <node id="564680004" visible="true" version="2" changeset="12187958" timestamp="2012-07-11T16:55:35Z" user="Britz" uid="143703" lat="44.4855916" lon="3.9509611"/>
 <node id="564680005" visible="true" version="2" changeset="12187958" timestamp="2012-07-11T16:55:35Z" user="Britz" uid="143703" lat="44.4927353" lon="3.9466280"/>
 <node id="564680006" visible="true" version="2" changeset="12187958" timestamp="2012-07-11T16:55:35Z" user="Britz" uid="143703" lat="44.4936513" lon="3.9466542"/>
 <node id="564680007" visible="true" version="2" changeset="12187958" timestamp="2012-07-11T16:55:35Z" user="Britz" uid="143703" lat="44.4944892" lon="3.9463286"/>
 <node id="564680008" visible="true" version="2" changeset="12187958" timestamp="2012-07-11T16:55:36Z" user="Britz" uid="143703" lat="44.4893950" lon="3.9472306"/>
 <node id="564680011" visible="true" version="2" changeset="12187958" timestamp="2012-07-11T16:55:36Z" user="Britz" uid="143703" lat="44.4965181" lon="3.9328872"/>
 <node id="564680013" visible="true" version="3" changeset="166839400" timestamp="2025-05-27T18:34:12Z" user="theo998" uid="509490" lat="44.4992782" lon="3.9320220"/>
 <node id="564680015" visible="true" version="3" changeset="166839400" timestamp="2025-05-27T18:34:12Z" user="theo998" uid="509490" lat="44.4989329" lon="3.9325816"/>
 <node id="564680016" visible="true" version="2" changeset="12187958" timestamp="2012-07-11T16:55:36Z" user="Britz" uid="143703" lat="44.4982063" lon="3.9313052"/>
 <node id="564680017" visible="true" version="2" changeset="12187958" timestamp="2012-07-11T16:55:36Z" user="Britz" uid="143703" lat="44.4977904" lon="3.9312934"/>
 <node id="564680018" visible="true" version="2" changeset="12187958" timestamp="2012-07-11T16:55:36Z" user="Britz" uid="143703" lat="44.4967913" lon="3.9312651"/>
 <node id="564680019" visible="true" version="2" changeset="12187958" timestamp="2012-07-11T16:55:36Z" user="Britz" uid="143703" lat="44.4967202" lon="3.9361509"/>
 <node id="564680020" visible="true" version="2" changeset="12187958" timestamp="2012-07-11T16:55:36Z" user="Britz" uid="143703" lat="44.4963977" lon="3.9354435"/>
 <node id="564680021" visible="true" version="2" changeset="12187958" timestamp="2012-07-11T16:55:36Z" user="Britz" uid="143703" lat="44.4965046" lon="3.9338176"/>
 <node id="564680022" visible="true" version="2" changeset="12187958" timestamp="2012-07-11T16:55:36Z" user="Britz" uid="143703" lat="44.4958569" lon="3.9382212"/>
 <node id="564680023" visible="true" version="2" changeset="12187958" timestamp="2012-07-11T16:55:36Z" user="Britz" uid="143703" lat="44.4966133" lon="3.9377777"/>
 <node id="564680024" visible="true" version="2" changeset="12187958" timestamp="2012-07-11T16:55:36Z" user="Britz" uid="143703" lat="44.4967084" lon="3.9369659"/>
 <node id="564680025" visible="true" version="2" changeset="12187958" timestamp="2012-07-11T16:55:36Z" user="Britz" uid="143703" lat="44.4954445" lon="3.9379770"/>
 <node id="564680026" visible="true" version="2" changeset="12187958" timestamp="2012-07-11T16:55:36Z" user="Britz" uid="143703" lat="44.4946931" lon="3.9380718"/>
 <node id="564680027" visible="true" version="2" changeset="12187958" timestamp="2012-07-11T16:55:36Z" user="Britz" uid="143703" lat="44.4997414" lon="3.9346077"/>
 <node id="564680028" visible="true" version="3" changeset="166839400" timestamp="2025-05-27T18:34:12Z" user="theo998" uid="509490" lat="44.4992289" lon="3.9324664"/>
 <node id="564680029" visible="true" version="2" changeset="12187958" timestamp="2012-07-11T16:55:36Z" user="Britz" uid="143703" lat="44.4988713" lon="3.9371437"/>
 <node id="564680030" visible="true" version="2" changeset="12187958" timestamp="2012-07-11T16:55:36Z" user="Britz" uid="143703" lat="44.4990173" lon="3.9385444"/>
 <node id="564680031" visible="true" version="2" changeset="12187958" timestamp="2012-07-11T16:55:36Z" user="Britz" uid="143703" lat="44.4989883" lon="3.9348188"/>
 <node id="564680032" visible="true" version="2" changeset="12187958" timestamp="2012-07-11T16:55:36Z" user="Britz" uid="143703" lat="44.4987219" lon="3.9359753"/>
 <node id="564680037" visible="true" version="2" changeset="12187958" timestamp="2012-07-11T16:55:36Z" user="Britz" uid="143703" lat="44.4989137" lon="3.9399381"/>
 <node id="564680038" visible="true" version="2" changeset="12187958" timestamp="2012-07-11T16:55:36Z" user="Britz" uid="143703" lat="44.4982246" lon="3.9415475"/>
 <node id="564680039" visible="true" version="2" changeset="12187958" timestamp="2012-07-11T16:55:36Z" user="Britz" uid="143703" lat="44.4982399" lon="3.9405009"/>
 <node id="564680040" visible="true" version="2" changeset="12187958" timestamp="2012-07-11T16:55:36Z" user="Britz" uid="143703" lat="44.4981063" lon="3.9438715"/>
 <node id="564680041" visible="true" version="2" changeset="12187958" timestamp="2012-07-11T16:55:37Z" user="Britz" uid="143703" lat="44.4989493" lon="3.9431973"/>
 <node id="564680043" visible="true" version="3" changeset="166854965" timestamp="2025-05-28T06:39:25Z" user="theo998" uid="509490" lat="44.5019401" lon="3.9344228"/>
 <node id="564680046" visible="true" version="2" changeset="12187958" timestamp="2012-07-11T16:55:37Z" user="Britz" uid="143703" lat="44.4778388" lon="3.9564055"/>
 <node id="564680047" visible="true" version="2" changeset="12187958" timestamp="2012-07-11T16:55:37Z" user="Britz" uid="143703" lat="44.4778165" lon="3.9579171"/>
 <node id="564680048" visible="true" version="2" changeset="12187958" timestamp="2012-07-11T16:55:37Z" user="Britz" uid="143703" lat="44.4774082" lon="3.9630248"/>
 <node id="564680049" visible="true" version="2" changeset="12187958" timestamp="2012-07-11T16:55:37Z" user="Britz" uid="143703" lat="44.4772028" lon="3.9655778"/>
 <node id="564680050" visible="true" version="2" changeset="12187958" timestamp="2012-07-11T16:55:37Z" user="Britz" uid="143703" lat="44.4726912" lon="3.9615263"/>
 <node id="564680051" visible="true" version="2" changeset="12187958" timestamp="2012-07-11T16:55:37Z" user="Britz" uid="143703" lat="44.4790978" lon="3.9557437"/>
 <node id="564680052" visible="true" version="2" changeset="12187958" timestamp="2012-07-11T16:55:37Z" user="Britz" uid="143703" lat="44.4800969" lon="3.9557724"/>
 <node id="564680053" visible="true" version="2" changeset="12187958" timestamp="2012-07-11T16:55:37Z" user="Britz" uid="143703" lat="44.4807634" lon="3.9557916"/>
 <node id="564680054" visible="true" version="2" changeset="12187958" timestamp="2012-07-11T16:55:37Z" user="Britz" uid="143703" lat="44.4793061" lon="3.9585419"/>
 <node id="564680055" visible="true" version="2" changeset="12187958" timestamp="2012-07-11T16:55:37Z" user="Britz" uid="143703" lat="44.4803069" lon="3.9584545"/>
 <node id="564680056" visible="true" version="2" changeset="12187958" timestamp="2012-07-11T16:55:37Z" user="Britz" uid="143703" lat="44.4784778" lon="3.9582856"/>
 <node id="564680057" visible="true" version="2" changeset="12187958" timestamp="2012-07-11T16:55:37Z" user="Britz" uid="143703" lat="44.4819271" lon="3.9559413"/>
 <node id="564680058" visible="true" version="2" changeset="12187958" timestamp="2012-07-11T16:55:37Z" user="Britz" uid="143703" lat="44.4833421" lon="3.9559820"/>
 <node id="564680059" visible="true" version="2" changeset="12187958" timestamp="2012-07-11T16:55:37Z" user="Britz" uid="143703" lat="44.4816938" lon="3.9604725"/>
 <node id="564680060" visible="true" version="2" changeset="12187958" timestamp="2012-07-11T16:55:37Z" user="Britz" uid="143703" lat="44.4817265" lon="3.9582630"/>
 <node id="564680061" visible="true" version="2" changeset="12187958" timestamp="2012-07-11T16:55:37Z" user="Britz" uid="143703" lat="44.4818825" lon="3.9589655"/>
 <node id="564680062" visible="true" version="2" changeset="12187958" timestamp="2012-07-11T16:55:37Z" user="Britz" uid="143703" lat="44.4806654" lon="3.9624208"/>
 <node id="564680063" visible="true" version="2" changeset="12187958" timestamp="2012-07-11T16:55:37Z" user="Britz" uid="143703" lat="44.4787607" lon="3.9616678"/>
 <node id="564680064" visible="true" version="2" changeset="12187958" timestamp="2012-07-11T16:55:37Z" user="Britz" uid="143703" lat="44.4784108" lon="3.9628205"/>
 <node id="564680065" visible="true" version="2" changeset="12187958" timestamp="2012-07-11T16:55:38Z" user="Britz" uid="143703" lat="44.4815865" lon="3.9620980"/>
 <node id="564680066" visible="true" version="2" changeset="12187958" timestamp="2012-07-11T16:55:38Z" user="Britz" uid="143703" lat="44.4817809" lon="3.9658265"/>
 <node id="564680067" visible="true" version="2" changeset="12187958" timestamp="2012-07-11T16:55:38Z" user="Britz" uid="143703" lat="44.4831546" lon="3.9642533"/>
 <node id="564680068" visible="true" version="2" changeset="12187958" timestamp="2012-07-11T16:55:38Z" user="Britz" uid="143703" lat="44.4830451" lon="3.9648163"/>
 <node id="564680069" visible="true" version="2" changeset="12187958" timestamp="2012-07-11T16:55:38Z" user="Britz" uid="143703" lat="44.4822192" lon="3.9643267"/>
 <node id="564680070" visible="true" version="2" changeset="12187958" timestamp="2012-07-11T16:55:38Z" user="Britz" uid="143703" lat="44.4775159" lon="3.9669829"/>
 <node id="564680071" visible="true" version="2" changeset="12187958" timestamp="2012-07-11T16:55:38Z" user="Britz" uid="143703" lat="44.4731572" lon="3.9694499"/>
 <node id="564680072" visible="true" version="2" changeset="12187958" timestamp="2012-07-11T16:55:38Z" user="Britz" uid="143703" lat="44.4745167" lon="3.9676278"/>
 <node id="564680073" visible="true" version="2" changeset="12187958" timestamp="2012-07-11T16:55:38Z" user="Britz" uid="143703" lat="44.4738640" lon="3.9666785"/>
 <node id="564680074" visible="true" version="2" changeset="12187958" timestamp="2012-07-11T16:55:38Z" user="Britz" uid="143703" lat="44.4739017" lon="3.9698209"/>
 <node id="564680075" visible="true" version="2" changeset="12187958" timestamp="2012-07-11T16:55:38Z" user="Britz" uid="143703" lat="44.4746674" lon="3.9686796"/>
 <node id="564680076" visible="true" version="2" changeset="12187958" timestamp="2012-07-11T16:55:38Z" user="Britz" uid="143703" lat="44.4790903" lon="3.9674941"/>
 <node id="564680077" visible="true" version="2" changeset="12187958" timestamp="2012-07-11T16:55:38Z" user="Britz" uid="143703" lat="44.4799404" lon="3.9663550"/>
 <node id="564680078" visible="true" version="2" changeset="12187958" timestamp="2012-07-11T16:55:38Z" user="Britz" uid="143703" lat="44.4812721" lon="3.9663936"/>
 <node id="564680079" visible="true" version="2" changeset="12187958" timestamp="2012-07-11T16:55:38Z" user="Britz" uid="143703" lat="44.4784250" lon="3.9674748"/>
 <node id="564680080" visible="true" version="2" changeset="12187958" timestamp="2012-07-11T16:55:38Z" user="Britz" uid="143703" lat="44.4831092" lon="3.9660981"/>
 <node id="564680081" visible="true" version="2" changeset="12187958" timestamp="2012-07-11T16:55:38Z" user="Britz" uid="143703" lat="44.4832566" lon="3.9673824"/>
 <node id="564680084" visible="true" version="2" changeset="12187958" timestamp="2012-07-11T16:55:39Z" user="Britz" uid="143703" lat="44.4871527" lon="3.9686583"/>
 <node id="564680085" visible="true" version="2" changeset="12187958" timestamp="2012-07-11T16:55:39Z" user="Britz" uid="143703" lat="44.4852393" lon="3.9684866"/>
 <node id="564680086" visible="true" version="2" changeset="12187958" timestamp="2012-07-11T16:55:39Z" user="Britz" uid="143703" lat="44.4862361" lon="3.9687480"/>
 <node id="564680087" visible="true" version="2" changeset="12187958" timestamp="2012-07-11T16:55:39Z" user="Britz" uid="143703" lat="44.4842574" lon="3.9672944"/>
 <node id="564680088" visible="true" version="2" changeset="12187958" timestamp="2012-07-11T16:55:39Z" user="Britz" uid="143703" lat="44.4849239" lon="3.9673137"/>
 <node id="564680089" visible="true" version="2" changeset="12187958" timestamp="2012-07-11T16:55:39Z" user="Britz" uid="143703" lat="44.4870124" lon="3.9724945"/>
 <node id="564680090" visible="true" version="2" changeset="12187958" timestamp="2012-07-11T16:55:39Z" user="Britz" uid="143703" lat="44.4875922" lon="3.9727438"/>
 <node id="564680091" visible="true" version="2" changeset="12187958" timestamp="2012-07-11T16:55:39Z" user="Britz" uid="143703" lat="44.4884146" lon="3.9734659"/>
 <node id="564680092" visible="true" version="2" changeset="12187958" timestamp="2012-07-11T16:55:39Z" user="Britz" uid="143703" lat="44.4884787" lon="3.9691625"/>
 <node id="564680093" visible="true" version="2" changeset="12187958" timestamp="2012-07-11T16:55:39Z" user="Britz" uid="143703" lat="44.4884648" lon="3.9700927"/>
 <node id="564680094" visible="true" version="2" changeset="12187958" timestamp="2012-07-11T16:55:39Z" user="Britz" uid="143703" lat="44.4874536" lon="3.9708777"/>
 <node id="564680095" visible="true" version="2" changeset="12187958" timestamp="2012-07-11T16:55:39Z" user="Britz" uid="143703" lat="44.4867768" lon="3.9715562"/>
 <node id="564680096" visible="true" version="2" changeset="12187958" timestamp="2012-07-11T16:55:39Z" user="Britz" uid="143703" lat="44.4896563" lon="3.9739677"/>
 <node id="564680097" visible="true" version="2" changeset="12187958" timestamp="2012-07-11T16:55:39Z" user="Britz" uid="143703" lat="44.4904059" lon="3.9739895"/>
 <node id="564680098" visible="true" version="2" changeset="12187958" timestamp="2012-07-11T16:55:39Z" user="Britz" uid="143703" lat="44.4892405" lon="3.9739556"/>
 <node id="564680099" visible="true" version="2" changeset="12187958" timestamp="2012-07-11T16:55:39Z" user="Britz" uid="143703" lat="44.4910765" lon="3.9736595"/>
 <node id="564680159" visible="true" version="2" changeset="12187958" timestamp="2012-07-11T16:55:39Z" user="Britz" uid="143703" lat="44.4999006" lon="3.9740325"/>
 <node id="564680161" visible="true" version="2" changeset="12187958" timestamp="2012-07-11T16:55:39Z" user="Britz" uid="143703" lat="44.4999439" lon="3.9767107"/>
 <node id="564680163" visible="true" version="2" changeset="12187958" timestamp="2012-07-11T16:55:39Z" user="Britz" uid="143703" lat="44.4993825" lon="3.9752977"/>
 <node id="564680173" visible="true" version="2" changeset="12187958" timestamp="2012-07-11T16:55:40Z" user="Britz" uid="143703" lat="44.5088877" lon="3.9746435"/>
 <node id="564680182" visible="true" version="2" changeset="12187958" timestamp="2012-07-11T16:55:40Z" user="Britz" uid="143703" lat="44.5020970" lon="3.9831748"/>
 <node id="564680183" visible="true" version="2" changeset="12187958" timestamp="2012-07-11T16:55:40Z" user="Britz" uid="143703" lat="44.5032991" lon="3.9807661"/>
 <node id="564680245" visible="true" version="2" changeset="12187958" timestamp="2012-07-11T16:55:40Z" user="Britz" uid="143703" lat="44.4879074" lon="3.9993751"/>
 <node id="564680249" visible="true" version="2" changeset="12187958" timestamp="2012-07-11T16:55:40Z" user="Britz" uid="143703" lat="44.4850983" lon="4.0040707"/>
 <node id="564680250" visible="true" version="2" changeset="12187958" timestamp="2012-07-11T16:55:40Z" user="Britz" uid="143703" lat="44.4858603" lon="4.0032789"/>
 <node id="564680251" visible="true" version="2" changeset="12187958" timestamp="2012-07-11T16:55:40Z" user="Britz" uid="143703" lat="44.4862159" lon="4.0017769"/>
 <node id="564680252" visible="true" version="2" changeset="12187958" timestamp="2012-07-11T16:55:40Z" user="Britz" uid="143703" lat="44.4869743" lon="4.0012174"/>
 <node id="564680253" visible="true" version="2" changeset="12187958" timestamp="2012-07-11T16:55:40Z" user="Britz" uid="143703" lat="44.4875671" lon="4.0005368"/>
 <node id="564680280" visible="true" version="2" changeset="12187958" timestamp="2012-07-11T16:55:40Z" user="Britz" uid="143703" lat="44.5275239" lon="3.9628618"/>
 <node id="564680281" visible="true" version="2" changeset="12187958" timestamp="2012-07-11T16:55:40Z" user="Britz" uid="143703" lat="44.5268419" lon="3.9638896"/>
 <node id="564680282" visible="true" version="2" changeset="12187958" timestamp="2012-07-11T16:55:40Z" user="Britz" uid="143703" lat="44.5266532" lon="3.9653986"/>
 <node id="564680285" visible="true" version="2" changeset="12187958" timestamp="2012-07-11T16:55:40Z" user="Britz" uid="143703" lat="44.5211783" lon="3.9694315"/>
 <node id="564680286" visible="true" version="2" changeset="12187958" timestamp="2012-07-11T16:55:40Z" user="Britz" uid="143703" lat="44.5203639" lon="3.9682434"/>
 <node id="564680287" visible="true" version="2" changeset="12187958" timestamp="2012-07-11T16:55:40Z" user="Britz" uid="143703" lat="44.5194393" lon="3.9687988"/>
 <node id="564680291" visible="true" version="2" changeset="12187958" timestamp="2012-07-11T16:55:40Z" user="Britz" uid="143703" lat="44.5270379" lon="3.9675056"/>
 <node id="564680292" visible="true" version="2" changeset="12187958" timestamp="2012-07-11T16:55:40Z" user="Britz" uid="143703" lat="44.5267677" lon="3.9688951"/>
 <node id="564680293" visible="true" version="2" changeset="12187958" timestamp="2012-07-11T16:55:41Z" user="Britz" uid="143703" lat="44.5263899" lon="3.9663222"/>
 <node id="564680294" visible="true" version="2" changeset="12187958" timestamp="2012-07-11T16:55:41Z" user="Britz" uid="143703" lat="44.5235745" lon="3.9707812"/>
 <node id="564680295" visible="true" version="2" changeset="12187958" timestamp="2012-07-11T16:55:41Z" user="Britz" uid="143703" lat="44.5232522" lon="3.9700732"/>
 <node id="564680296" visible="true" version="2" changeset="12187958" timestamp="2012-07-11T16:55:41Z" user="Britz" uid="143703" lat="44.5223501" lon="3.9691159"/>
 <node id="564680297" visible="true" version="2" changeset="12187958" timestamp="2012-07-11T16:55:41Z" user="Britz" uid="143703" lat="44.5256802" lon="3.9692125"/>
 <node id="564680298" visible="true" version="2" changeset="12187958" timestamp="2012-07-11T16:55:41Z" user="Britz" uid="143703" lat="44.5252367" lon="3.9710629"/>
 <node id="564680299" visible="true" version="2" changeset="12187958" timestamp="2012-07-11T16:55:41Z" user="Britz" uid="143703" lat="44.5244038" lon="3.9710387"/>
 <node id="564680300" visible="true" version="2" changeset="12187958" timestamp="2012-07-11T16:55:41Z" user="Britz" uid="143703" lat="44.5306653" lon="3.9644663"/>
 <node id="564680301" visible="true" version="2" changeset="12187958" timestamp="2012-07-11T16:55:41Z" user="Britz" uid="143703" lat="44.5297459" lon="3.9646723"/>
 <node id="564680302" visible="true" version="2" changeset="12187958" timestamp="2012-07-11T16:55:41Z" user="Britz" uid="143703" lat="44.5288402" lon="3.9639474"/>
 <node id="564680303" visible="true" version="2" changeset="12187958" timestamp="2012-07-11T16:55:41Z" user="Britz" uid="143703" lat="44.5281078" lon="3.9627623"/>
 <node id="564680304" visible="true" version="2" changeset="12187958" timestamp="2012-07-11T16:55:41Z" user="Britz" uid="143703" lat="44.5326184" lon="3.9619605"/>
 <node id="564680305" visible="true" version="2" changeset="12187958" timestamp="2012-07-11T16:55:41Z" user="Britz" uid="143703" lat="44.5317666" lon="3.9632170"/>
 <node id="564680306" visible="true" version="2" changeset="12187958" timestamp="2012-07-11T16:55:41Z" user="Britz" uid="143703" lat="44.5354088" lon="3.9653250"/>
 <node id="564680307" visible="true" version="2" changeset="12187958" timestamp="2012-07-11T16:55:41Z" user="Britz" uid="143703" lat="44.5348403" lon="3.9637720"/>
 <node id="564680308" visible="true" version="2" changeset="12187958" timestamp="2012-07-11T16:55:41Z" user="Britz" uid="143703" lat="44.5341027" lon="3.9629356"/>
 <node id="564680309" visible="true" version="2" changeset="12187958" timestamp="2012-07-11T16:55:41Z" user="Britz" uid="143703" lat="44.5331242" lon="3.9615099"/>
 <node id="564680316" visible="true" version="2" changeset="12187958" timestamp="2012-07-11T16:55:41Z" user="Britz" uid="143703" lat="44.5319235" lon="3.9699988"/>
 <node id="564680317" visible="true" version="2" changeset="12187958" timestamp="2012-07-11T16:55:41Z" user="Britz" uid="143703" lat="44.5321574" lon="3.9710541"/>
 <node id="564680318" visible="true" version="2" changeset="12187958" timestamp="2012-07-11T16:55:41Z" user="Britz" uid="143703" lat="44.5334349" lon="3.9692276"/>
 <node id="564680319" visible="true" version="2" changeset="12187958" timestamp="2012-07-11T16:55:41Z" user="Britz" uid="143703" lat="44.5345241" lon="3.9687932"/>
 <node id="564680320" visible="true" version="2" changeset="12187958" timestamp="2012-07-11T16:55:41Z" user="Britz" uid="143703" lat="44.5350387" lon="3.9677604"/>
 <node id="564680321" visible="true" version="2" changeset="12187958" timestamp="2012-07-11T16:55:41Z" user="Britz" uid="143703" lat="44.5356393" lon="3.9666129"/>
 <node id="564680322" visible="true" version="2" changeset="12187958" timestamp="2012-07-11T16:55:41Z" user="Britz" uid="143703" lat="44.5333760" lon="3.9731856"/>
 <node id="564680323" visible="true" version="2" changeset="12187958" timestamp="2012-07-11T16:55:41Z" user="Britz" uid="143703" lat="44.5342660" lon="3.9749580"/>
 <node id="564680324" visible="true" version="2" changeset="12187958" timestamp="2012-07-11T16:55:41Z" user="Britz" uid="143703" lat="44.5332374" lon="3.9713181"/>
 <node id="564680325" visible="true" version="2" changeset="12187958" timestamp="2012-07-11T16:55:42Z" user="Britz" uid="143703" lat="44.5340535" lon="3.9723895"/>
 <node id="627140553" visible="true" version="2" changeset="12187958" timestamp="2012-07-11T16:55:42Z" user="Britz" uid="143703" lat="44.4490701" lon="3.9292062"/>
 <node id="627140564" visible="true" version="4" changeset="169911366" timestamp="2025-08-03T15:30:19Z" user="Herbert Non" uid="1425246" lat="44.4526852" lon="3.9314787"/>
 <node id="670158932" visible="true" version="3" changeset="171158464" timestamp="2025-08-28T23:12:24Z" user="Cyrille37Bot" uid="587556" lat="44.4780324" lon="3.9352522">
  <tag k="description" v="Tour : Terrasse supérieure : Croix gravée : Rivet scellé centre - Point constaté détruit en 2001"/>
  <tag k="ele" v="895.89"/>
  <tag k="man_made" v="survey_point"/>
  <tag k="note" v="Ne pas déplacer ce point, cf. - Do not move this node, see - http://wiki.openstreetmap.org/wiki/WikiProject_France/Repères_Géodésiques#Permanence_des_rep.C3.A8res"/>
  <tag k="ref" v="4811902 - 1"/>
  <tag k="source" v="©IGN 2010 dans le cadre de la cartographie réglementaire"/>
  <tag k="url" v="https://fiches-geodesie.ign.fr/fiches/index.php?module=e&amp;action=fichepdf&amp;source=carte&amp;sit_no=4811902"/>
 </node>
 <node id="670158933" visible="true" version="4" changeset="171158464" timestamp="2025-08-28T23:12:24Z" user="Cyrille37Bot" uid="587556" lat="44.4779443" lon="3.9356786">
  <tag k="description" v="Borne en granit gravée IGN (1948) - Point vu en place en 2022"/>
  <tag k="ele" v="873.93"/>
  <tag k="man_made" v="survey_point"/>
  <tag k="note" v="Ne pas déplacer ce point, cf. - Do not move this node, see - http://wiki.openstreetmap.org/wiki/WikiProject_France/Repères_Géodésiques#Permanence_des_rep.C3.A8res"/>
  <tag k="ref" v="4811902 - A"/>
  <tag k="source" v="©IGN 2010 dans le cadre de la cartographie réglementaire"/>
  <tag k="survey:date" v="2022-08-26"/>
  <tag k="url" v="https://fiches-geodesie.ign.fr/fiches/index.php?module=e&amp;action=fichepdf&amp;source=carte&amp;sit_no=4811902"/>
 </node>
 <node id="760336716" visible="true" version="4" changeset="21330343" timestamp="2014-03-26T19:23:28Z" user="FrViPofm" uid="107257" lat="44.4778115" lon="3.9309485"/>
 <node id="760336777" visible="true" version="3" changeset="85397230" timestamp="2020-05-18T17:59:22Z" user="Tyndare" uid="1882956" lat="44.4562845" lon="3.9342323"/>
 <node id="760336780" visible="true" version="3" changeset="85397230" timestamp="2020-05-18T17:59:22Z" user="Tyndare" uid="1882956" lat="44.4559968" lon="3.9325170"/>
 <node id="849829675" visible="true" version="3" changeset="164321188" timestamp="2025-03-31T09:39:48Z" user="Pmz" uid="4363" lat="44.4991372" lon="3.9315357"/>
 <node id="849834183" visible="true" version="3" changeset="164321188" timestamp="2025-03-31T09:39:48Z" user="Pmz" uid="4363" lat="44.4999318" lon="3.9310304"/>
 <node id="864616624" visible="true" version="2" changeset="11481366" timestamp="2012-05-02T17:13:48Z" user="joedal-osm" uid="420883" lat="44.4778987" lon="3.9313922"/>
 <node id="864616625" visible="true" version="3" changeset="11481366" timestamp="2012-05-02T17:13:48Z" user="joedal-osm" uid="420883" lat="44.4777340" lon="3.9329217"/>
 <node id="868080926" visible="true" version="3" changeset="12187958" timestamp="2012-07-11T16:55:51Z" user="Britz" uid="143703" lat="44.4493323" lon="3.9280476"/>
 <node id="1334002578" visible="true" version="2" changeset="12187958" timestamp="2012-07-11T16:53:47Z" user="Britz" uid="143703" lat="44.4493305" lon="3.9285891"/>
 <node id="1334002646" visible="true" version="2" changeset="12187958" timestamp="2012-07-11T16:53:51Z" user="Britz" uid="143703" lat="44.4498111" lon="3.9306947"/>
 <node id="1334002700" visible="true" version="2" changeset="12187958" timestamp="2012-07-11T16:53:54Z" user="Britz" uid="143703" lat="44.4493236" lon="3.9304216"/>
 <node id="1334002734" visible="true" version="2" changeset="12187958" timestamp="2012-07-11T16:53:55Z" user="Britz" uid="143703" lat="44.4495518" lon="3.9278769"/>
 <node id="1335304756" visible="true" version="2" changeset="12187958" timestamp="2012-07-11T16:53:57Z" user="Britz" uid="143703" lat="44.4407590" lon="3.9323523"/>
 <node id="1335304768" visible="true" version="2" changeset="12187958" timestamp="2012-07-11T16:53:57Z" user="Britz" uid="143703" lat="44.4415681" lon="3.9319159"/>
 <node id="1335304786" visible="true" version="3" changeset="109321689" timestamp="2021-08-07T18:38:05Z" user="Britzz" uid="7550430" lat="44.4385284" lon="3.9345574"/>
 <node id="1352644004" visible="true" version="2" changeset="9109732" timestamp="2011-08-24T07:11:28Z" user="Britz" uid="143703" lat="44.4768121" lon="3.9354620"/>
 <node id="1352644006" visible="true" version="3" changeset="125434403" timestamp="2022-08-27T08:57:12Z" user="Britzz" uid="7550430" lat="44.4768270" lon="3.9355799"/>
 <node id="1352644007" visible="true" version="4" changeset="125434403" timestamp="2022-08-27T08:57:12Z" user="Britzz" uid="7550430" lat="44.4768134" lon="3.9352968"/>
 <node id="1352644008" visible="true" version="2" changeset="9109732" timestamp="2011-08-24T07:11:29Z" user="Britz" uid="143703" lat="44.4769804" lon="3.9346696"/>
 <node id="1352644009" visible="true" version="3" changeset="32950856" timestamp="2015-07-29T09:26:39Z" user="Britz" uid="143703" lat="44.4772013" lon="3.9341985"/>
 <node id="1352644011" visible="true" version="3" changeset="32950856" timestamp="2015-07-29T09:26:39Z" user="Britz" uid="143703" lat="44.4773949" lon="3.9351010"/>
 <node id="1352644012" visible="true" version="2" changeset="32950856" timestamp="2015-07-29T09:26:39Z" user="Britz" uid="143703" lat="44.4774065" lon="3.9340080"/>
 <node id="1352644013" visible="true" version="2" changeset="17304243" timestamp="2013-08-11T14:40:20Z" user="Britz" uid="143703" lat="44.4776009" lon="3.9330700"/>
 <node id="1352644015" visible="true" version="2" changeset="17304243" timestamp="2013-08-11T14:40:20Z" user="Britz" uid="143703" lat="44.4776823" lon="3.9338787"/>
 <node id="1352644024" visible="true" version="2" changeset="17304243" timestamp="2013-08-11T14:40:20Z" user="Britz" uid="143703" lat="44.4776950" lon="3.9329545"/>
 <node id="1352644027" visible="true" version="3" changeset="32950856" timestamp="2015-07-29T09:26:39Z" user="Britz" uid="143703" lat="44.4776588" lon="3.9339419"/>
 <node id="1352644028" visible="true" version="3" changeset="17304243" timestamp="2013-08-11T14:40:20Z" user="Britz" uid="143703" lat="44.4777030" lon="3.9345732"/>
 <node id="1352644029" visible="true" version="2" changeset="17304243" timestamp="2013-08-11T14:40:20Z" user="Britz" uid="143703" lat="44.4777199" lon="3.9330508"/>
 <node id="1352644030" visible="true" version="2" changeset="17304243" timestamp="2013-08-11T14:40:20Z" user="Britz" uid="143703" lat="44.4777410" lon="3.9339199"/>
 <node id="1352644031" visible="true" version="4" changeset="32950856" timestamp="2015-07-29T09:26:39Z" user="Britz" uid="143703" lat="44.4777476" lon="3.9339565"/>
 <node id="1352644033" visible="true" version="2" changeset="17304243" timestamp="2013-08-11T14:40:20Z" user="Britz" uid="143703" lat="44.4778054" lon="3.9339213"/>
 <node id="1352644034" visible="true" version="4" changeset="125434403" timestamp="2022-08-27T08:57:12Z" user="Britzz" uid="7550430" lat="44.4777804" lon="3.9354242"/>
 <node id="1352644035" visible="true" version="3" changeset="32950856" timestamp="2015-07-29T09:26:39Z" user="Britz" uid="143703" lat="44.4778381" lon="3.9340201"/>
 <node id="1352644045" visible="true" version="3" changeset="17304243" timestamp="2013-08-11T14:40:21Z" user="Britz" uid="143703" lat="44.4778211" lon="3.9338360"/>
 <node id="1352644046" visible="true" version="2" changeset="17304243" timestamp="2013-08-11T14:40:21Z" user="Britz" uid="143703" lat="44.4778703" lon="3.9348924"/>
 <node id="1352644047" visible="true" version="4" changeset="125434403" timestamp="2022-08-27T08:57:12Z" user="Britzz" uid="7550430" lat="44.4778789" lon="3.9341818">
  <tag k="demolished:historic" v="city_gate"/>
  <tag k="description" v="entrée principale où se situait le pont-levis"/>
  <tag k="name" v="Porte du Rachas"/>
  <tag k="source" v="plan La Garde Guérin, association G.A.R.D.E"/>
 </node>
 <node id="1352644049" visible="true" version="2" changeset="142929024" timestamp="2023-10-21T15:16:48Z" user="Néoven" uid="663528" lat="44.4779061" lon="3.9340431">
  <tag k="check_date" v="2023-10-21"/>
  <tag k="information" v="map"/>
  <tag k="tourism" v="information"/>
 </node>
 <node id="1352644055" visible="true" version="3" changeset="160801063" timestamp="2024-12-30T17:03:58Z" user="Britzz" uid="7550430" lat="44.4781328" lon="3.9345951"/>
 <node id="1352644069" visible="true" version="3" changeset="51271896" timestamp="2017-08-20T08:50:04Z" user="Jerome____" uid="2631735" lat="44.4782017" lon="3.9345304"/>
 <node id="1352644071" visible="true" version="3" changeset="17304243" timestamp="2013-08-11T14:40:21Z" user="Britz" uid="143703" lat="44.4783666" lon="3.9352172">
  <tag k="amenity" v="parking"/>
 </node>
 <node id="1354134337" visible="true" version="5" changeset="125434403" timestamp="2022-08-27T08:57:12Z" user="Britzz" uid="7550430" lat="44.4776826" lon="3.9344884">
  <tag k="amenity" v="restaurant"/>
  <tag k="cuisine" v="french"/>
  <tag k="name" v="Auberge de la Régordane"/>
  <tag k="phone" v="+33 4 66 46 82 88"/>
  <tag k="website" v="https://www.regordane.com/"/>
 </node>
 <node id="1354143138" visible="true" version="8" changeset="110096780" timestamp="2021-08-23T07:45:09Z" user="Stéphane Nicolet" uid="4311211" lat="44.4776961" lon="3.9350612">
  <tag k="name" v="La Garde-Guérin"/>
  <tag k="place" v="village"/>
  <tag k="website" v="https://www.lagardeguerin.fr/"/>
  <tag k="wikidata" v="Q904022"/>
  <tag k="wikipedia" v="fr:La Garde-Guérin"/>
 </node>
 <node id="1354593392" visible="true" version="2" changeset="32919369" timestamp="2015-07-27T21:57:12Z" user="Britz" uid="143703" lat="44.4799855" lon="3.9335306"/>
 <node id="1354593432" visible="true" version="2" changeset="171951230" timestamp="2025-09-15T08:07:53Z" user="serge Raidon" uid="18524142" lat="44.4827089" lon="3.9334818"/>
 <node id="1354593433" visible="true" version="1" changeset="8672425" timestamp="2011-07-09T08:23:53Z" user="pchardes" uid="146809" lat="44.4818580" lon="3.9336364"/>
 <node id="1354593434" visible="true" version="2" changeset="32919369" timestamp="2015-07-27T21:57:12Z" user="Britz" uid="143703" lat="44.4810725" lon="3.9340193"/>
 <node id="1354593449" visible="true" version="3" changeset="171951230" timestamp="2025-09-15T08:07:53Z" user="serge Raidon" uid="18524142" lat="44.4803155" lon="3.9336226"/>
 <node id="1354593467" visible="true" version="2" changeset="21330343" timestamp="2014-03-26T19:23:27Z" user="FrViPofm" uid="107257" lat="44.4809051" lon="3.9340508"/>
 <node id="1354593478" visible="true" version="2" changeset="171951230" timestamp="2025-09-15T08:07:53Z" user="serge Raidon" uid="18524142" lat="44.4805911" lon="3.9337115"/>
 <node id="1354593482" visible="true" version="3" changeset="51260684" timestamp="2017-08-19T16:59:54Z" user="Jerome____" uid="2631735" lat="44.4787080" lon="3.9338198">
  <tag k="ele" v="859"/>
  <tag k="hiking" v="yes"/>
  <tag k="information" v="guidepost"/>
  <tag k="name" v="Fontaine"/>
  <tag k="tourism" v="information"/>
 </node>
 <node id="1354593483" visible="true" version="1" changeset="8672425" timestamp="2011-07-09T08:23:55Z" user="pchardes" uid="146809" lat="44.4780611" lon="3.9340978"/>
 <node id="1354593502" visible="true" version="1" changeset="8672425" timestamp="2011-07-09T08:23:56Z" user="pchardes" uid="146809" lat="44.4793625" lon="3.9335828"/>
 <node id="1399831784" visible="true" version="1" changeset="9027285" timestamp="2011-08-15T13:50:28Z" user="pchardes" uid="146809" lat="44.4721866" lon="3.9445866"/>
 <node id="1399831786" visible="true" version="2" changeset="32932269" timestamp="2015-07-28T13:18:25Z" user="Britz" uid="143703" lat="44.4719757" lon="3.9450532">
  <tag k="ele" v="860"/>
  <tag k="hiking" v="yes"/>
  <tag k="information" v="guidepost"/>
  <tag k="name" v="Les Ritournelles"/>
  <tag k="tourism" v="information"/>
 </node>
 <node id="1399831800" visible="true" version="1" changeset="9027285" timestamp="2011-08-15T13:50:29Z" user="pchardes" uid="146809" lat="44.4714133" lon="3.9479769"/>
 <node id="1399831827" visible="true" version="1" changeset="9027285" timestamp="2011-08-15T13:50:29Z" user="pchardes" uid="146809" lat="44.4744221" lon="3.9397800"/>
 <node id="1399831846" visible="true" version="1" changeset="9027285" timestamp="2011-08-15T13:50:30Z" user="pchardes" uid="146809" lat="44.4716353" lon="3.9471615"/>
 <node id="1399831847" visible="true" version="1" changeset="9027285" timestamp="2011-08-15T13:50:30Z" user="pchardes" uid="146809" lat="44.4718114" lon="3.9465070"/>
 <node id="1399831849" visible="true" version="1" changeset="9027285" timestamp="2011-08-15T13:50:30Z" user="pchardes" uid="146809" lat="44.4692696" lon="3.9533413"/>
 <node id="1399831851" visible="true" version="1" changeset="9027285" timestamp="2011-08-15T13:50:30Z" user="pchardes" uid="146809" lat="44.4711836" lon="3.9486313"/>
 <node id="1399831852" visible="true" version="1" changeset="9027285" timestamp="2011-08-15T13:50:30Z" user="pchardes" uid="146809" lat="44.4718650" lon="3.9458955"/>
 <node id="1399831859" visible="true" version="1" changeset="9027285" timestamp="2011-08-15T13:50:30Z" user="pchardes" uid="146809" lat="44.4709999" lon="3.9489961"/>
 <node id="1399831861" visible="true" version="1" changeset="9027285" timestamp="2011-08-15T13:50:30Z" user="pchardes" uid="146809" lat="44.4695758" lon="3.9524508"/>
 <node id="1399831863" visible="true" version="1" changeset="9027285" timestamp="2011-08-15T13:50:30Z" user="pchardes" uid="146809" lat="44.4693997" lon="3.9527727"/>
 <node id="1399831866" visible="true" version="1" changeset="9027285" timestamp="2011-08-15T13:50:30Z" user="pchardes" uid="146809" lat="44.4691164" lon="3.9539099"/>
 <node id="1399831873" visible="true" version="1" changeset="9027285" timestamp="2011-08-15T13:50:30Z" user="pchardes" uid="146809" lat="44.4688714" lon="3.9545751"/>
 <node id="1399831894" visible="true" version="1" changeset="9027285" timestamp="2011-08-15T13:50:31Z" user="pchardes" uid="146809" lat="44.4687107" lon="3.9551330"/>
 <node id="1399831897" visible="true" version="1" changeset="9027285" timestamp="2011-08-15T13:50:31Z" user="pchardes" uid="146809" lat="44.4741771" lon="3.9402414"/>
 <node id="1399831898" visible="true" version="1" changeset="9027285" timestamp="2011-08-15T13:50:31Z" user="pchardes" uid="146809" lat="44.4684886" lon="3.9557016"/>
 <node id="1399831902" visible="true" version="1" changeset="9027285" timestamp="2011-08-15T13:50:31Z" user="pchardes" uid="146809" lat="44.4747283" lon="3.9392436"/>
 <node id="1399831903" visible="true" version="1" changeset="9027285" timestamp="2011-08-15T13:50:31Z" user="pchardes" uid="146809" lat="44.4683125" lon="3.9563990"/>
 <node id="1399831906" visible="true" version="1" changeset="9027285" timestamp="2011-08-15T13:50:31Z" user="pchardes" uid="146809" lat="44.4753867" lon="3.9381922"/>
 <node id="1399831921" visible="true" version="1" changeset="9027285" timestamp="2011-08-15T13:50:31Z" user="pchardes" uid="146809" lat="44.4682283" lon="3.9567852"/>
 <node id="1399831924" visible="true" version="1" changeset="9027285" timestamp="2011-08-15T13:50:31Z" user="pchardes" uid="146809" lat="44.4681441" lon="3.9570964"/>
 <node id="1399831926" visible="true" version="1" changeset="9027285" timestamp="2011-08-15T13:50:31Z" user="pchardes" uid="146809" lat="44.4679527" lon="3.9571608"/>
 <node id="1399831930" visible="true" version="1" changeset="9027285" timestamp="2011-08-15T13:50:31Z" user="pchardes" uid="146809" lat="44.4708008" lon="3.9496506"/>
 <node id="1399831932" visible="true" version="1" changeset="9027285" timestamp="2011-08-15T13:50:31Z" user="pchardes" uid="146809" lat="44.4758307" lon="3.9373768"/>
 <node id="1399831935" visible="true" version="1" changeset="9027285" timestamp="2011-08-15T13:50:31Z" user="pchardes" uid="146809" lat="44.4764049" lon="3.9361215"/>
 <node id="1399831946" visible="true" version="1" changeset="9027285" timestamp="2011-08-15T13:50:31Z" user="pchardes" uid="146809" lat="44.4705865" lon="3.9503158"/>
 <node id="1399831947" visible="true" version="1" changeset="9027285" timestamp="2011-08-15T13:50:31Z" user="pchardes" uid="146809" lat="44.4761063" lon="3.9367116"/>
 <node id="1399831948" visible="true" version="1" changeset="9027285" timestamp="2011-08-15T13:50:31Z" user="pchardes" uid="146809" lat="44.4735264" lon="3.9414323"/>
 <node id="1399831950" visible="true" version="1" changeset="9027285" timestamp="2011-08-15T13:50:32Z" user="pchardes" uid="146809" lat="44.4731895" lon="3.9420760"/>
 <node id="1399831954" visible="true" version="2" changeset="17304243" timestamp="2013-08-11T14:40:21Z" user="Britz" uid="143703" lat="44.4765273" lon="3.9357519"/>
 <node id="1399831955" visible="true" version="1" changeset="9027285" timestamp="2011-08-15T13:50:32Z" user="pchardes" uid="146809" lat="44.4726536" lon="3.9432991"/>
 <node id="1399831957" visible="true" version="1" changeset="9027285" timestamp="2011-08-15T13:50:32Z" user="pchardes" uid="146809" lat="44.4729139" lon="3.9426983"/>
 <node id="1399831977" visible="true" version="1" changeset="9027285" timestamp="2011-08-15T13:50:32Z" user="pchardes" uid="146809" lat="44.4738479" lon="3.9408636"/>
 <node id="1399831985" visible="true" version="1" changeset="9027285" timestamp="2011-08-15T13:50:32Z" user="pchardes" uid="146809" lat="44.4703261" lon="3.9509273"/>
 <node id="1399831990" visible="true" version="1" changeset="9027285" timestamp="2011-08-15T13:50:32Z" user="pchardes" uid="146809" lat="44.4700658" lon="3.9513672"/>
 <node id="1399831993" visible="true" version="1" changeset="9027285" timestamp="2011-08-15T13:50:32Z" user="pchardes" uid="146809" lat="44.4724163" lon="3.9440072"/>
 <node id="1399831996" visible="true" version="1" changeset="9027285" timestamp="2011-08-15T13:50:32Z" user="pchardes" uid="146809" lat="44.4698361" lon="3.9519251"/>
 <node id="1410192618" visible="true" version="1" changeset="9105344" timestamp="2011-08-23T16:57:58Z" user="Britz" uid="143703" lat="44.4768360" lon="3.9353510"/>
 <node id="1410192620" visible="true" version="1" changeset="9105344" timestamp="2011-08-23T16:57:59Z" user="Britz" uid="143703" lat="44.4768360" lon="3.9354340"/>
 <node id="1410192624" visible="true" version="1" changeset="9105344" timestamp="2011-08-23T16:57:59Z" user="Britz" uid="143703" lat="44.4768480" lon="3.9352840"/>
 <node id="1410192629" visible="true" version="1" changeset="9105344" timestamp="2011-08-23T16:57:59Z" user="Britz" uid="143703" lat="44.4768530" lon="3.9352980"/>
 <node id="1410192631" visible="true" version="1" changeset="9105344" timestamp="2011-08-23T16:57:59Z" user="Britz" uid="143703" lat="44.4768530" lon="3.9355290"/>
 <node id="1410192636" visible="true" version="1" changeset="9105344" timestamp="2011-08-23T16:58:00Z" user="Britz" uid="143703" lat="44.4768540" lon="3.9352850"/>
 <node id="1410192639" visible="true" version="1" changeset="9105344" timestamp="2011-08-23T16:58:00Z" user="Britz" uid="143703" lat="44.4768680" lon="3.9353120"/>
 <node id="1410192642" visible="true" version="1" changeset="9105344" timestamp="2011-08-23T16:58:00Z" user="Britz" uid="143703" lat="44.4768690" lon="3.9353060"/>
 <node id="1410192646" visible="true" version="1" changeset="9105344" timestamp="2011-08-23T16:58:00Z" user="Britz" uid="143703" lat="44.4768700" lon="3.9353450"/>
 <node id="1410192649" visible="true" version="1" changeset="9105344" timestamp="2011-08-23T16:58:01Z" user="Britz" uid="143703" lat="44.4768720" lon="3.9353590"/>
 <node id="1410192653" visible="true" version="1" changeset="9105344" timestamp="2011-08-23T16:58:01Z" user="Britz" uid="143703" lat="44.4768760" lon="3.9353160"/>
 <node id="1410192655" visible="true" version="1" changeset="9105344" timestamp="2011-08-23T16:58:01Z" user="Britz" uid="143703" lat="44.4768850" lon="3.9355770"/>
 <node id="1410192659" visible="true" version="1" changeset="9105344" timestamp="2011-08-23T16:58:01Z" user="Britz" uid="143703" lat="44.4769030" lon="3.9356470"/>
 <node id="1410192660" visible="true" version="1" changeset="9105344" timestamp="2011-08-23T16:58:01Z" user="Britz" uid="143703" lat="44.4769200" lon="3.9353400"/>
 <node id="1410192662" visible="true" version="1" changeset="9105344" timestamp="2011-08-23T16:58:02Z" user="Britz" uid="143703" lat="44.4769290" lon="3.9355080"/>
 <node id="1410192664" visible="true" version="1" changeset="9105344" timestamp="2011-08-23T16:58:02Z" user="Britz" uid="143703" lat="44.4769380" lon="3.9354330"/>
 <node id="1410192667" visible="true" version="1" changeset="9105344" timestamp="2011-08-23T16:58:02Z" user="Britz" uid="143703" lat="44.4769410" lon="3.9356400"/>
 <node id="1410192669" visible="true" version="1" changeset="9105344" timestamp="2011-08-23T16:58:02Z" user="Britz" uid="143703" lat="44.4769430" lon="3.9358210"/>
 <node id="1410192670" visible="true" version="1" changeset="9105344" timestamp="2011-08-23T16:58:02Z" user="Britz" uid="143703" lat="44.4769500" lon="3.9354270"/>
 <node id="1410192673" visible="true" version="1" changeset="9105344" timestamp="2011-08-23T16:58:02Z" user="Britz" uid="143703" lat="44.4769600" lon="3.9358720"/>
 <node id="1410192676" visible="true" version="1" changeset="9105344" timestamp="2011-08-23T16:58:02Z" user="Britz" uid="143703" lat="44.4769630" lon="3.9354930"/>
 <node id="1410192677" visible="true" version="1" changeset="9105344" timestamp="2011-08-23T16:58:03Z" user="Britz" uid="143703" lat="44.4769640" lon="3.9357570"/>
 <node id="1410192680" visible="true" version="1" changeset="9105344" timestamp="2011-08-23T16:58:03Z" user="Britz" uid="143703" lat="44.4769650" lon="3.9353420"/>
 <node id="1410192685" visible="true" version="1" changeset="9105344" timestamp="2011-08-23T16:58:03Z" user="Britz" uid="143703" lat="44.4769750" lon="3.9358090"/>
 <node id="1410192687" visible="true" version="1" changeset="9105344" timestamp="2011-08-23T16:58:03Z" user="Britz" uid="143703" lat="44.4769780" lon="3.9353470"/>
 <node id="1410192689" visible="true" version="1" changeset="9105344" timestamp="2011-08-23T16:58:03Z" user="Britz" uid="143703" lat="44.4769790" lon="3.9359510"/>
 <node id="1410192691" visible="true" version="1" changeset="9105344" timestamp="2011-08-23T16:58:04Z" user="Britz" uid="143703" lat="44.4769880" lon="3.9351560"/>
 <node id="1410192693" visible="true" version="1" changeset="9105344" timestamp="2011-08-23T16:58:04Z" user="Britz" uid="143703" lat="44.4769910" lon="3.9354300"/>
 <node id="1410192695" visible="true" version="1" changeset="9105344" timestamp="2011-08-23T16:58:04Z" user="Britz" uid="143703" lat="44.4769980" lon="3.9360040"/>
 <node id="1410192699" visible="true" version="1" changeset="9105344" timestamp="2011-08-23T16:58:04Z" user="Britz" uid="143703" lat="44.4770020" lon="3.9356520"/>
 <node id="1410192703" visible="true" version="1" changeset="9105344" timestamp="2011-08-23T16:58:04Z" user="Britz" uid="143703" lat="44.4770080" lon="3.9359280"/>
 <node id="1410192712" visible="true" version="1" changeset="9105344" timestamp="2011-08-23T16:58:05Z" user="Britz" uid="143703" lat="44.4770130" lon="3.9354240"/>
 <node id="1410192715" visible="true" version="1" changeset="9105344" timestamp="2011-08-23T16:58:05Z" user="Britz" uid="143703" lat="44.4770190" lon="3.9357360"/>
 <node id="1410192718" visible="true" version="1" changeset="9105344" timestamp="2011-08-23T16:58:05Z" user="Britz" uid="143703" lat="44.4770210" lon="3.9354620"/>
 <node id="1410192723" visible="true" version="1" changeset="9105344" timestamp="2011-08-23T16:58:05Z" user="Britz" uid="143703" lat="44.4770260" lon="3.9351630"/>
 <node id="1410192725" visible="true" version="1" changeset="9105344" timestamp="2011-08-23T16:58:06Z" user="Britz" uid="143703" lat="44.4770310" lon="3.9355030"/>
 <node id="1410192729" visible="true" version="1" changeset="9105344" timestamp="2011-08-23T16:58:06Z" user="Britz" uid="143703" lat="44.4770350" lon="3.9359830"/>
 <node id="1410192730" visible="true" version="1" changeset="9105344" timestamp="2011-08-23T16:58:06Z" user="Britz" uid="143703" lat="44.4770390" lon="3.9358430"/>
 <node id="1410192732" visible="true" version="1" changeset="9105344" timestamp="2011-08-23T16:58:06Z" user="Britz" uid="143703" lat="44.4770510" lon="3.9352660"/>
 <node id="1410192737" visible="true" version="1" changeset="9105344" timestamp="2011-08-23T16:58:06Z" user="Britz" uid="143703" lat="44.4770520" lon="3.9351690"/>
 <node id="1410192740" visible="true" version="1" changeset="9105344" timestamp="2011-08-23T16:58:07Z" user="Britz" uid="143703" lat="44.4770550" lon="3.9356890"/>
 <node id="1410192741" visible="true" version="1" changeset="9105344" timestamp="2011-08-23T16:58:07Z" user="Britz" uid="143703" lat="44.4770560" lon="3.9356310"/>
 <node id="1410192743" visible="true" version="1" changeset="9105344" timestamp="2011-08-23T16:58:07Z" user="Britz" uid="143703" lat="44.4770600" lon="3.9353410"/>
 <node id="1410192746" visible="true" version="1" changeset="9105344" timestamp="2011-08-23T16:58:07Z" user="Britz" uid="143703" lat="44.4770670" lon="3.9354280"/>
 <node id="1410192749" visible="true" version="1" changeset="9105344" timestamp="2011-08-23T16:58:07Z" user="Britz" uid="143703" lat="44.4770710" lon="3.9357920"/>
 <node id="1410192752" visible="true" version="1" changeset="9105344" timestamp="2011-08-23T16:58:07Z" user="Britz" uid="143703" lat="44.4771030" lon="3.9355430"/>
 <node id="1410192754" visible="true" version="1" changeset="9105344" timestamp="2011-08-23T16:58:07Z" user="Britz" uid="143703" lat="44.4771100" lon="3.9355810"/>
 <node id="1410192756" visible="true" version="1" changeset="9105344" timestamp="2011-08-23T16:58:08Z" user="Britz" uid="143703" lat="44.4771130" lon="3.9357790"/>
 <node id="1410192762" visible="true" version="1" changeset="9105344" timestamp="2011-08-23T16:58:08Z" user="Britz" uid="143703" lat="44.4771190" lon="3.9358170"/>
 <node id="1410192764" visible="true" version="1" changeset="9105344" timestamp="2011-08-23T16:58:08Z" user="Britz" uid="143703" lat="44.4771230" lon="3.9344120"/>
 <node id="1410192771" visible="true" version="1" changeset="9105344" timestamp="2011-08-23T16:58:09Z" user="Britz" uid="143703" lat="44.4771240" lon="3.9354870"/>
 <node id="1410192773" visible="true" version="1" changeset="9105344" timestamp="2011-08-23T16:58:09Z" user="Britz" uid="143703" lat="44.4771250" lon="3.9356620"/>
 <node id="1410192777" visible="true" version="1" changeset="9105344" timestamp="2011-08-23T16:58:09Z" user="Britz" uid="143703" lat="44.4771330" lon="3.9355320"/>
 <node id="1410192781" visible="true" version="1" changeset="9105344" timestamp="2011-08-23T16:58:09Z" user="Britz" uid="143703" lat="44.4771340" lon="3.9354830"/>
 <node id="1410192783" visible="true" version="1" changeset="9105344" timestamp="2011-08-23T16:58:09Z" user="Britz" uid="143703" lat="44.4771340" lon="3.9357130"/>
 <node id="1410192785" visible="true" version="1" changeset="9105344" timestamp="2011-08-23T16:58:10Z" user="Britz" uid="143703" lat="44.4771530" lon="3.9344360"/>
 <node id="1410192788" visible="true" version="1" changeset="9105344" timestamp="2011-08-23T16:58:10Z" user="Britz" uid="143703" lat="44.4771530" lon="3.9355650"/>
 <node id="1410192793" visible="true" version="1" changeset="9105344" timestamp="2011-08-23T16:58:10Z" user="Britz" uid="143703" lat="44.4771590" lon="3.9343270"/>
 <node id="1410192796" visible="true" version="1" changeset="9105344" timestamp="2011-08-23T16:58:10Z" user="Britz" uid="143703" lat="44.4771720" lon="3.9343900"/>
 <node id="1410192915" visible="true" version="1" changeset="9105344" timestamp="2011-08-23T16:58:20Z" user="Britz" uid="143703" lat="44.4771810" lon="3.9356940"/>
 <node id="1410192918" visible="true" version="1" changeset="9105344" timestamp="2011-08-23T16:58:20Z" user="Britz" uid="143703" lat="44.4771840" lon="3.9342900"/>
 <node id="1410192920" visible="true" version="1" changeset="9105344" timestamp="2011-08-23T16:58:21Z" user="Britz" uid="143703" lat="44.4771870" lon="3.9351180"/>
 <node id="1410192922" visible="true" version="1" changeset="9105344" timestamp="2011-08-23T16:58:21Z" user="Britz" uid="143703" lat="44.4771930" lon="3.9353950"/>
 <node id="1410192924" visible="true" version="1" changeset="9105344" timestamp="2011-08-23T16:58:21Z" user="Britz" uid="143703" lat="44.4771950" lon="3.9352350"/>
 <node id="1410192928" visible="true" version="1" changeset="9105344" timestamp="2011-08-23T16:58:21Z" user="Britz" uid="143703" lat="44.4771950" lon="3.9356570"/>
 <node id="1410192930" visible="true" version="1" changeset="9105344" timestamp="2011-08-23T16:58:21Z" user="Britz" uid="143703" lat="44.4772020" lon="3.9357890"/>
 <node id="1410192932" visible="true" version="1" changeset="9105344" timestamp="2011-08-23T16:58:21Z" user="Britz" uid="143703" lat="44.4772150" lon="3.9357330"/>
 <node id="1410192935" visible="true" version="1" changeset="9105344" timestamp="2011-08-23T16:58:21Z" user="Britz" uid="143703" lat="44.4772180" lon="3.9352580"/>
 <node id="1410192937" visible="true" version="1" changeset="9105344" timestamp="2011-08-23T16:58:22Z" user="Britz" uid="143703" lat="44.4772190" lon="3.9345830"/>
 <node id="1410192941" visible="true" version="1" changeset="9105344" timestamp="2011-08-23T16:58:22Z" user="Britz" uid="143703" lat="44.4772210" lon="3.9344790"/>
 <node id="1410192944" visible="true" version="1" changeset="9105344" timestamp="2011-08-23T16:58:22Z" user="Britz" uid="143703" lat="44.4772210" lon="3.9352840"/>
 <node id="1410192949" visible="true" version="1" changeset="9105344" timestamp="2011-08-23T16:58:22Z" user="Britz" uid="143703" lat="44.4772280" lon="3.9351660"/>
 <node id="1410192952" visible="true" version="1" changeset="9105344" timestamp="2011-08-23T16:58:22Z" user="Britz" uid="143703" lat="44.4772300" lon="3.9344630"/>
 <node id="1410192955" visible="true" version="1" changeset="9105344" timestamp="2011-08-23T16:58:23Z" user="Britz" uid="143703" lat="44.4772310" lon="3.9349500"/>
 <node id="1410192957" visible="true" version="1" changeset="9105344" timestamp="2011-08-23T16:58:23Z" user="Britz" uid="143703" lat="44.4772320" lon="3.9352710"/>
 <node id="1410192962" visible="true" version="1" changeset="9105344" timestamp="2011-08-23T16:58:23Z" user="Britz" uid="143703" lat="44.4772340" lon="3.9353030"/>
 <node id="1410192963" visible="true" version="1" changeset="9105344" timestamp="2011-08-23T16:58:23Z" user="Britz" uid="143703" lat="44.4772360" lon="3.9351640"/>
 <node id="1410192965" visible="true" version="1" changeset="9105344" timestamp="2011-08-23T16:58:23Z" user="Britz" uid="143703" lat="44.4772390" lon="3.9345380"/>
 <node id="1410192969" visible="true" version="1" changeset="9105344" timestamp="2011-08-23T16:58:23Z" user="Britz" uid="143703" lat="44.4772390" lon="3.9351580"/>
 <node id="1410192972" visible="true" version="1" changeset="9105344" timestamp="2011-08-23T16:58:24Z" user="Britz" uid="143703" lat="44.4772390" lon="3.9353650"/>
 <node id="1410192974" visible="true" version="1" changeset="9105344" timestamp="2011-08-23T16:58:24Z" user="Britz" uid="143703" lat="44.4772410" lon="3.9347310"/>
 <node id="1410192976" visible="true" version="1" changeset="9105344" timestamp="2011-08-23T16:58:24Z" user="Britz" uid="143703" lat="44.4772460" lon="3.9343760"/>
 <node id="1410192980" visible="true" version="1" changeset="9105344" timestamp="2011-08-23T16:58:24Z" user="Britz" uid="143703" lat="44.4772480" lon="3.9353890"/>
 <node id="1410192984" visible="true" version="1" changeset="9105344" timestamp="2011-08-23T16:58:24Z" user="Britz" uid="143703" lat="44.4772490" lon="3.9352870"/>
 <node id="1410192986" visible="true" version="1" changeset="9105344" timestamp="2011-08-23T16:58:25Z" user="Britz" uid="143703" lat="44.4772520" lon="3.9346120"/>
 <node id="1410192989" visible="true" version="1" changeset="9105344" timestamp="2011-08-23T16:58:25Z" user="Britz" uid="143703" lat="44.4772570" lon="3.9349730"/>
 <node id="1410192991" visible="true" version="1" changeset="9105344" timestamp="2011-08-23T16:58:25Z" user="Britz" uid="143703" lat="44.4772620" lon="3.9356170"/>
 <node id="1410192994" visible="true" version="1" changeset="9105344" timestamp="2011-08-23T16:58:25Z" user="Britz" uid="143703" lat="44.4772670" lon="3.9348740"/>
 <node id="1410193001" visible="true" version="1" changeset="9105344" timestamp="2011-08-23T16:58:25Z" user="Britz" uid="143703" lat="44.4772680" lon="3.9352670"/>
 <node id="1410193004" visible="true" version="1" changeset="9105344" timestamp="2011-08-23T16:58:26Z" user="Britz" uid="143703" lat="44.4772730" lon="3.9345190"/>
 <node id="1410193013" visible="true" version="1" changeset="9105344" timestamp="2011-08-23T16:58:26Z" user="Britz" uid="143703" lat="44.4772730" lon="3.9345660"/>
 <node id="1410193015" visible="true" version="1" changeset="9105344" timestamp="2011-08-23T16:58:26Z" user="Britz" uid="143703" lat="44.4772770" lon="3.9354690"/>
 <node id="1410193017" visible="true" version="1" changeset="9105344" timestamp="2011-08-23T16:58:26Z" user="Britz" uid="143703" lat="44.4772790" lon="3.9346560"/>
 <node id="1410193019" visible="true" version="1" changeset="9105344" timestamp="2011-08-23T16:58:26Z" user="Britz" uid="143703" lat="44.4772900" lon="3.9352190"/>
 <node id="1410193023" visible="true" version="1" changeset="9105344" timestamp="2011-08-23T16:58:26Z" user="Britz" uid="143703" lat="44.4772910" lon="3.9343260"/>
 <node id="1410193024" visible="true" version="1" changeset="9105344" timestamp="2011-08-23T16:58:27Z" user="Britz" uid="143703" lat="44.4772950" lon="3.9352070"/>
 <node id="1410193027" visible="true" version="1" changeset="9105344" timestamp="2011-08-23T16:58:27Z" user="Britz" uid="143703" lat="44.4772950" lon="3.9353320"/>
 <node id="1410193030" visible="true" version="1" changeset="9105344" timestamp="2011-08-23T16:58:27Z" user="Britz" uid="143703" lat="44.4773010" lon="3.9355550"/>
 <node id="1410193033" visible="true" version="1" changeset="9105344" timestamp="2011-08-23T16:58:27Z" user="Britz" uid="143703" lat="44.4773020" lon="3.9353490"/>
 <node id="1410193035" visible="true" version="1" changeset="9105344" timestamp="2011-08-23T16:58:27Z" user="Britz" uid="143703" lat="44.4773040" lon="3.9350160"/>
 <node id="1410193038" visible="true" version="1" changeset="9105344" timestamp="2011-08-23T16:58:27Z" user="Britz" uid="143703" lat="44.4773050" lon="3.9351170"/>
 <node id="1410193040" visible="true" version="1" changeset="9105344" timestamp="2011-08-23T16:58:27Z" user="Britz" uid="143703" lat="44.4773090" lon="3.9351200"/>
 <node id="1410193044" visible="true" version="1" changeset="9105344" timestamp="2011-08-23T16:58:28Z" user="Britz" uid="143703" lat="44.4773090" lon="3.9352910"/>
 <node id="1410193045" visible="true" version="1" changeset="9105344" timestamp="2011-08-23T16:58:28Z" user="Britz" uid="143703" lat="44.4773110" lon="3.9348000"/>
 <node id="1410193047" visible="true" version="1" changeset="9105344" timestamp="2011-08-23T16:58:28Z" user="Britz" uid="143703" lat="44.4773110" lon="3.9349990"/>
 <node id="1410193051" visible="true" version="1" changeset="9105344" timestamp="2011-08-23T16:58:28Z" user="Britz" uid="143703" lat="44.4773110" lon="3.9353200"/>
 <node id="1410193052" visible="true" version="1" changeset="9105344" timestamp="2011-08-23T16:58:28Z" user="Britz" uid="143703" lat="44.4773150" lon="3.9352240"/>
 <node id="1410193055" visible="true" version="1" changeset="9105344" timestamp="2011-08-23T16:58:29Z" user="Britz" uid="143703" lat="44.4773220" lon="3.9348420"/>
 <node id="1410193058" visible="true" version="1" changeset="9105344" timestamp="2011-08-23T16:58:29Z" user="Britz" uid="143703" lat="44.4773260" lon="3.9352610"/>
 <node id="1410193060" visible="true" version="1" changeset="9105344" timestamp="2011-08-23T16:58:29Z" user="Britz" uid="143703" lat="44.4773260" lon="3.9352800"/>
 <node id="1410193062" visible="true" version="1" changeset="9105344" timestamp="2011-08-23T16:58:29Z" user="Britz" uid="143703" lat="44.4773370" lon="3.9350430"/>
 <node id="1410193063" visible="true" version="1" changeset="9105344" timestamp="2011-08-23T16:58:29Z" user="Britz" uid="143703" lat="44.4773380" lon="3.9356590"/>
 <node id="1410193065" visible="true" version="1" changeset="9105344" timestamp="2011-08-23T16:58:29Z" user="Britz" uid="143703" lat="44.4773420" lon="3.9348070"/>
 <node id="1410193068" visible="true" version="1" changeset="9105344" timestamp="2011-08-23T16:58:30Z" user="Britz" uid="143703" lat="44.4773460" lon="3.9343820"/>
 <node id="1410193072" visible="true" version="1" changeset="9105344" timestamp="2011-08-23T16:58:30Z" user="Britz" uid="143703" lat="44.4773460" lon="3.9347320"/>
 <node id="1410193074" visible="true" version="1" changeset="9105344" timestamp="2011-08-23T16:58:30Z" user="Britz" uid="143703" lat="44.4773480" lon="3.9350310"/>
 <node id="1410193076" visible="true" version="1" changeset="9105344" timestamp="2011-08-23T16:58:30Z" user="Britz" uid="143703" lat="44.4773500" lon="3.9348690"/>
 <node id="1410193078" visible="true" version="1" changeset="9105344" timestamp="2011-08-23T16:58:30Z" user="Britz" uid="143703" lat="44.4773510" lon="3.9352640"/>
 <node id="1410193080" visible="true" version="1" changeset="9105344" timestamp="2011-08-23T16:58:31Z" user="Britz" uid="143703" lat="44.4773650" lon="3.9344470"/>
 <node id="1410193084" visible="true" version="1" changeset="9105344" timestamp="2011-08-23T16:58:31Z" user="Britz" uid="143703" lat="44.4773650" lon="3.9348400"/>
 <node id="1410193086" visible="true" version="1" changeset="9105344" timestamp="2011-08-23T16:58:31Z" user="Britz" uid="143703" lat="44.4773670" lon="3.9349640"/>
 <node id="1410193089" visible="true" version="1" changeset="9105344" timestamp="2011-08-23T16:58:31Z" user="Britz" uid="143703" lat="44.4773700" lon="3.9354050"/>
 <node id="1410193093" visible="true" version="1" changeset="9105344" timestamp="2011-08-23T16:58:31Z" user="Britz" uid="143703" lat="44.4773740" lon="3.9352670"/>
 <node id="1410193095" visible="true" version="1" changeset="9105344" timestamp="2011-08-23T16:58:31Z" user="Britz" uid="143703" lat="44.4773810" lon="3.9349380"/>
 <node id="1410193097" visible="true" version="1" changeset="9105344" timestamp="2011-08-23T16:58:32Z" user="Britz" uid="143703" lat="44.4773840" lon="3.9353560"/>
 <node id="1410193102" visible="true" version="1" changeset="9105344" timestamp="2011-08-23T16:58:32Z" user="Britz" uid="143703" lat="44.4773880" lon="3.9344080"/>
 <node id="1410193107" visible="true" version="1" changeset="9105344" timestamp="2011-08-23T16:58:32Z" user="Britz" uid="143703" lat="44.4773900" lon="3.9349870"/>
 <node id="1410193112" visible="true" version="1" changeset="9105344" timestamp="2011-08-23T16:58:33Z" user="Britz" uid="143703" lat="44.4773990" lon="3.9353970"/>
 <node id="1410193115" visible="true" version="1" changeset="9105344" timestamp="2011-08-23T16:58:33Z" user="Britz" uid="143703" lat="44.4774030" lon="3.9351460"/>
 <node id="1410193119" visible="true" version="1" changeset="9105344" timestamp="2011-08-23T16:58:33Z" user="Britz" uid="143703" lat="44.4774040" lon="3.9349570"/>
 <node id="1410193122" visible="true" version="1" changeset="9105344" timestamp="2011-08-23T16:58:33Z" user="Britz" uid="143703" lat="44.4774070" lon="3.9350310"/>
 <node id="1410193125" visible="true" version="1" changeset="9105344" timestamp="2011-08-23T16:58:33Z" user="Britz" uid="143703" lat="44.4774130" lon="3.9350310"/>
 <node id="1410193128" visible="true" version="1" changeset="9105344" timestamp="2011-08-23T16:58:33Z" user="Britz" uid="143703" lat="44.4774200" lon="3.9350130"/>
 <node id="1410193130" visible="true" version="1" changeset="9105344" timestamp="2011-08-23T16:58:34Z" user="Britz" uid="143703" lat="44.4774200" lon="3.9353610"/>
 <node id="1410193133" visible="true" version="1" changeset="9105344" timestamp="2011-08-23T16:58:34Z" user="Britz" uid="143703" lat="44.4774290" lon="3.9345270"/>
 <node id="1410193135" visible="true" version="1" changeset="9105344" timestamp="2011-08-23T16:58:34Z" user="Britz" uid="143703" lat="44.4774290" lon="3.9353790"/>
 <node id="1410193139" visible="true" version="1" changeset="9105344" timestamp="2011-08-23T16:58:34Z" user="Britz" uid="143703" lat="44.4774310" lon="3.9344220"/>
 <node id="1410193140" visible="true" version="1" changeset="9105344" timestamp="2011-08-23T16:58:34Z" user="Britz" uid="143703" lat="44.4774320" lon="3.9351000"/>
 <node id="1410193145" visible="true" version="1" changeset="9105344" timestamp="2011-08-23T16:58:34Z" user="Britz" uid="143703" lat="44.4774450" lon="3.9351680"/>
 <node id="1410193148" visible="true" version="1" changeset="9105344" timestamp="2011-08-23T16:58:35Z" user="Britz" uid="143703" lat="44.4774540" lon="3.9351990"/>
 <node id="1410193151" visible="true" version="1" changeset="9105344" timestamp="2011-08-23T16:58:35Z" user="Britz" uid="143703" lat="44.4774570" lon="3.9344810"/>
 <node id="1410193155" visible="true" version="1" changeset="9105344" timestamp="2011-08-23T16:58:35Z" user="Britz" uid="143703" lat="44.4774650" lon="3.9350330"/>
 <node id="1410193158" visible="true" version="1" changeset="9105344" timestamp="2011-08-23T16:58:35Z" user="Britz" uid="143703" lat="44.4774670" lon="3.9347670"/>
 <node id="1410193159" visible="true" version="1" changeset="9105344" timestamp="2011-08-23T16:58:35Z" user="Britz" uid="143703" lat="44.4774700" lon="3.9345980"/>
 <node id="1410193161" visible="true" version="1" changeset="9105344" timestamp="2011-08-23T16:58:35Z" user="Britz" uid="143703" lat="44.4774700" lon="3.9353900"/>
 <node id="1410193163" visible="true" version="1" changeset="9105344" timestamp="2011-08-23T16:58:36Z" user="Britz" uid="143703" lat="44.4774730" lon="3.9343620"/>
 <node id="1410193165" visible="true" version="1" changeset="9105344" timestamp="2011-08-23T16:58:36Z" user="Britz" uid="143703" lat="44.4774740" lon="3.9353860"/>
 <node id="1410193169" visible="true" version="1" changeset="9105344" timestamp="2011-08-23T16:58:36Z" user="Britz" uid="143703" lat="44.4774850" lon="3.9343740"/>
 <node id="1410193171" visible="true" version="1" changeset="9105344" timestamp="2011-08-23T16:58:36Z" user="Britz" uid="143703" lat="44.4774910" lon="3.9352230"/>
 <node id="1410193173" visible="true" version="1" changeset="9105344" timestamp="2011-08-23T16:58:36Z" user="Britz" uid="143703" lat="44.4774920" lon="3.9347270"/>
 <node id="1410193174" visible="true" version="1" changeset="9105344" timestamp="2011-08-23T16:58:36Z" user="Britz" uid="143703" lat="44.4774920" lon="3.9352180"/>
 <node id="1410193176" visible="true" version="1" changeset="9105344" timestamp="2011-08-23T16:58:37Z" user="Britz" uid="143703" lat="44.4774960" lon="3.9352260"/>
 <node id="1410193179" visible="true" version="1" changeset="9105344" timestamp="2011-08-23T16:58:37Z" user="Britz" uid="143703" lat="44.4775000" lon="3.9346290"/>
 <node id="1410193181" visible="true" version="1" changeset="9105344" timestamp="2011-08-23T16:58:37Z" user="Britz" uid="143703" lat="44.4775030" lon="3.9354850"/>
 <node id="1410193183" visible="true" version="1" changeset="9105344" timestamp="2011-08-23T16:58:37Z" user="Britz" uid="143703" lat="44.4775060" lon="3.9345320"/>
 <node id="1410193186" visible="true" version="1" changeset="9105344" timestamp="2011-08-23T16:58:37Z" user="Britz" uid="143703" lat="44.4775090" lon="3.9349300"/>
 <node id="1410193188" visible="true" version="1" changeset="9105344" timestamp="2011-08-23T16:58:37Z" user="Britz" uid="143703" lat="44.4775120" lon="3.9347460"/>
 <node id="1410193191" visible="true" version="1" changeset="9105344" timestamp="2011-08-23T16:58:38Z" user="Britz" uid="143703" lat="44.4775140" lon="3.9347420"/>
 <node id="1410193194" visible="true" version="1" changeset="9105344" timestamp="2011-08-23T16:58:38Z" user="Britz" uid="143703" lat="44.4775160" lon="3.9348150"/>
 <node id="1410193195" visible="true" version="1" changeset="9105344" timestamp="2011-08-23T16:58:38Z" user="Britz" uid="143703" lat="44.4775200" lon="3.9354000"/>
 <node id="1410193198" visible="true" version="1" changeset="9105344" timestamp="2011-08-23T16:58:38Z" user="Britz" uid="143703" lat="44.4775220" lon="3.9349040"/>
 <node id="1410193200" visible="true" version="1" changeset="9105344" timestamp="2011-08-23T16:58:38Z" user="Britz" uid="143703" lat="44.4775290" lon="3.9344230"/>
 <node id="1410193202" visible="true" version="1" changeset="9105344" timestamp="2011-08-23T16:58:39Z" user="Britz" uid="143703" lat="44.4775290" lon="3.9350690"/>
 <node id="1410193204" visible="true" version="1" changeset="9105344" timestamp="2011-08-23T16:58:39Z" user="Britz" uid="143703" lat="44.4775330" lon="3.9351760"/>
 <node id="1410193205" visible="true" version="1" changeset="9105344" timestamp="2011-08-23T16:58:39Z" user="Britz" uid="143703" lat="44.4775350" lon="3.9353230"/>
 <node id="1410193208" visible="true" version="1" changeset="9105344" timestamp="2011-08-23T16:58:39Z" user="Britz" uid="143703" lat="44.4775360" lon="3.9345640"/>
 <node id="1410193209" visible="true" version="1" changeset="9105344" timestamp="2011-08-23T16:58:39Z" user="Britz" uid="143703" lat="44.4775430" lon="3.9347700"/>
 <node id="1410193211" visible="true" version="1" changeset="9105344" timestamp="2011-08-23T16:58:39Z" user="Britz" uid="143703" lat="44.4775480" lon="3.9352570"/>
 <node id="1410193213" visible="true" version="1" changeset="9105344" timestamp="2011-08-23T16:58:39Z" user="Britz" uid="143703" lat="44.4775490" lon="3.9355030"/>
 <node id="1410193218" visible="true" version="1" changeset="9105344" timestamp="2011-08-23T16:58:40Z" user="Britz" uid="143703" lat="44.4775510" lon="3.9348430"/>
 <node id="1410193220" visible="true" version="1" changeset="9105344" timestamp="2011-08-23T16:58:40Z" user="Britz" uid="143703" lat="44.4775520" lon="3.9349360"/>
 <node id="1410193222" visible="true" version="1" changeset="9105344" timestamp="2011-08-23T16:58:40Z" user="Britz" uid="143703" lat="44.4775590" lon="3.9349830"/>
 <node id="1410193226" visible="true" version="1" changeset="9105344" timestamp="2011-08-23T16:58:40Z" user="Britz" uid="143703" lat="44.4775620" lon="3.9349900"/>
 <node id="1410193229" visible="true" version="1" changeset="9105344" timestamp="2011-08-23T16:58:40Z" user="Britz" uid="143703" lat="44.4775630" lon="3.9351040"/>
 <node id="1410193231" visible="true" version="1" changeset="9105344" timestamp="2011-08-23T16:58:41Z" user="Britz" uid="143703" lat="44.4775700" lon="3.9342880"/>
 <node id="1410193234" visible="true" version="1" changeset="9105344" timestamp="2011-08-23T16:58:41Z" user="Britz" uid="143703" lat="44.4775720" lon="3.9349590"/>
 <node id="1410193237" visible="true" version="1" changeset="9105344" timestamp="2011-08-23T16:58:41Z" user="Britz" uid="143703" lat="44.4775720" lon="3.9351110"/>
 <node id="1410193239" visible="true" version="1" changeset="9105344" timestamp="2011-08-23T16:58:41Z" user="Britz" uid="143703" lat="44.4775740" lon="3.9345680"/>
 <node id="1410193242" visible="true" version="1" changeset="9105344" timestamp="2011-08-23T16:58:41Z" user="Britz" uid="143703" lat="44.4775750" lon="3.9351050"/>
 <node id="1410193247" visible="true" version="1" changeset="9105344" timestamp="2011-08-23T16:58:42Z" user="Britz" uid="143703" lat="44.4775790" lon="3.9340980"/>
 <node id="1410193249" visible="true" version="1" changeset="9105344" timestamp="2011-08-23T16:58:42Z" user="Britz" uid="143703" lat="44.4775840" lon="3.9348790"/>
 <node id="1410193252" visible="true" version="1" changeset="9105344" timestamp="2011-08-23T16:58:42Z" user="Britz" uid="143703" lat="44.4775900" lon="3.9341300"/>
 <node id="1410193254" visible="true" version="1" changeset="9105344" timestamp="2011-08-23T16:58:42Z" user="Britz" uid="143703" lat="44.4775900" lon="3.9352270"/>
 <node id="1410193258" visible="true" version="1" changeset="9105344" timestamp="2011-08-23T16:58:42Z" user="Britz" uid="143703" lat="44.4775910" lon="3.9343230"/>
 <node id="1410193260" visible="true" version="1" changeset="9105344" timestamp="2011-08-23T16:58:42Z" user="Britz" uid="143703" lat="44.4775950" lon="3.9347680"/>
 <node id="1410193262" visible="true" version="1" changeset="9105344" timestamp="2011-08-23T16:58:42Z" user="Britz" uid="143703" lat="44.4775950" lon="3.9353490"/>
 <node id="1410193265" visible="true" version="1" changeset="9105344" timestamp="2011-08-23T16:58:43Z" user="Britz" uid="143703" lat="44.4775960" lon="3.9351240"/>
 <node id="1410193269" visible="true" version="1" changeset="9105344" timestamp="2011-08-23T16:58:43Z" user="Britz" uid="143703" lat="44.4776030" lon="3.9353250"/>
 <node id="1410193272" visible="true" version="1" changeset="9105344" timestamp="2011-08-23T16:58:43Z" user="Britz" uid="143703" lat="44.4776040" lon="3.9343480"/>
 <node id="1410193275" visible="true" version="1" changeset="9105344" timestamp="2011-08-23T16:58:43Z" user="Britz" uid="143703" lat="44.4776070" lon="3.9345110"/>
 <node id="1410193278" visible="true" version="1" changeset="9105344" timestamp="2011-08-23T16:58:43Z" user="Britz" uid="143703" lat="44.4776080" lon="3.9340510"/>
 <node id="1410193281" visible="true" version="1" changeset="9105344" timestamp="2011-08-23T16:58:43Z" user="Britz" uid="143703" lat="44.4776080" lon="3.9347460"/>
 <node id="1410193284" visible="true" version="1" changeset="9105344" timestamp="2011-08-23T16:58:44Z" user="Britz" uid="143703" lat="44.4776090" lon="3.9350350"/>
 <node id="1410193286" visible="true" version="1" changeset="9105344" timestamp="2011-08-23T16:58:44Z" user="Britz" uid="143703" lat="44.4776150" lon="3.9340790"/>
 <node id="1410193288" visible="true" version="1" changeset="9105344" timestamp="2011-08-23T16:58:44Z" user="Britz" uid="143703" lat="44.4776150" lon="3.9345210"/>
 <node id="1410193290" visible="true" version="1" changeset="9105344" timestamp="2011-08-23T16:58:44Z" user="Britz" uid="143703" lat="44.4776200" lon="3.9351570"/>
 <node id="1410193293" visible="true" version="1" changeset="9105344" timestamp="2011-08-23T16:58:44Z" user="Britz" uid="143703" lat="44.4776220" lon="3.9347980"/>
 <node id="1410193296" visible="true" version="1" changeset="9105344" timestamp="2011-08-23T16:58:44Z" user="Britz" uid="143703" lat="44.4776230" lon="3.9342810"/>
 <node id="1410193298" visible="true" version="1" changeset="9105344" timestamp="2011-08-23T16:58:44Z" user="Britz" uid="143703" lat="44.4776240" lon="3.9341120"/>
 <node id="1410193300" visible="true" version="1" changeset="9105344" timestamp="2011-08-23T16:58:45Z" user="Britz" uid="143703" lat="44.4776260" lon="3.9342850"/>
 <node id="1410193304" visible="true" version="1" changeset="9105344" timestamp="2011-08-23T16:58:45Z" user="Britz" uid="143703" lat="44.4776280" lon="3.9350510"/>
 <node id="1410193308" visible="true" version="1" changeset="9105344" timestamp="2011-08-23T16:58:45Z" user="Britz" uid="143703" lat="44.4776300" lon="3.9347900"/>
 <node id="1410193310" visible="true" version="1" changeset="9105344" timestamp="2011-08-23T16:58:45Z" user="Britz" uid="143703" lat="44.4776330" lon="3.9352660"/>
 <node id="1410193312" visible="true" version="1" changeset="9105344" timestamp="2011-08-23T16:58:45Z" user="Britz" uid="143703" lat="44.4776350" lon="3.9341550"/>
 <node id="1410193314" visible="true" version="1" changeset="9105344" timestamp="2011-08-23T16:58:46Z" user="Britz" uid="143703" lat="44.4776350" lon="3.9344640"/>
 <node id="1410193317" visible="true" version="1" changeset="9105344" timestamp="2011-08-23T16:58:46Z" user="Britz" uid="143703" lat="44.4776370" lon="3.9344480"/>
 <node id="1410193321" visible="true" version="1" changeset="9105344" timestamp="2011-08-23T16:58:46Z" user="Britz" uid="143703" lat="44.4776380" lon="3.9342650"/>
 <node id="1410193324" visible="true" version="1" changeset="9105344" timestamp="2011-08-23T16:58:46Z" user="Britz" uid="143703" lat="44.4776410" lon="3.9355270"/>
 <node id="1410193327" visible="true" version="1" changeset="9105344" timestamp="2011-08-23T16:58:46Z" user="Britz" uid="143703" lat="44.4776420" lon="3.9342840"/>
 <node id="1410193329" visible="true" version="1" changeset="9105344" timestamp="2011-08-23T16:58:46Z" user="Britz" uid="143703" lat="44.4776420" lon="3.9344850"/>
 <node id="1410193333" visible="true" version="1" changeset="9105344" timestamp="2011-08-23T16:58:47Z" user="Britz" uid="143703" lat="44.4776460" lon="3.9344300"/>
 <node id="1410193340" visible="true" version="1" changeset="9105344" timestamp="2011-08-23T16:58:47Z" user="Britz" uid="143703" lat="44.4776470" lon="3.9342800"/>
 <node id="1410193342" visible="true" version="1" changeset="9105344" timestamp="2011-08-23T16:58:47Z" user="Britz" uid="143703" lat="44.4776510" lon="3.9343000"/>
 <node id="1410193349" visible="true" version="1" changeset="9105344" timestamp="2011-08-23T16:58:47Z" user="Britz" uid="143703" lat="44.4776570" lon="3.9340250"/>
 <node id="1410193353" visible="true" version="1" changeset="9105344" timestamp="2011-08-23T16:58:47Z" user="Britz" uid="143703" lat="44.4776580" lon="3.9355880"/>
 <node id="1410193358" visible="true" version="1" changeset="9105344" timestamp="2011-08-23T16:58:47Z" user="Britz" uid="143703" lat="44.4776620" lon="3.9353670"/>
 <node id="1410193367" visible="true" version="1" changeset="9105344" timestamp="2011-08-23T16:58:48Z" user="Britz" uid="143703" lat="44.4776680" lon="3.9352050"/>
 <node id="1410193377" visible="true" version="1" changeset="9105344" timestamp="2011-08-23T16:58:48Z" user="Britz" uid="143703" lat="44.4776710" lon="3.9357710"/>
 <node id="1410193380" visible="true" version="1" changeset="9105344" timestamp="2011-08-23T16:58:48Z" user="Britz" uid="143703" lat="44.4776720" lon="3.9356030"/>
 <node id="1410193384" visible="true" version="1" changeset="9105344" timestamp="2011-08-23T16:58:48Z" user="Britz" uid="143703" lat="44.4776730" lon="3.9345860"/>
 <node id="1410193388" visible="true" version="1" changeset="9105344" timestamp="2011-08-23T16:58:49Z" user="Britz" uid="143703" lat="44.4776740" lon="3.9354620"/>
 <node id="1410193390" visible="true" version="1" changeset="9105344" timestamp="2011-08-23T16:58:49Z" user="Britz" uid="143703" lat="44.4776760" lon="3.9346550"/>
 <node id="1410193392" visible="true" version="1" changeset="9105344" timestamp="2011-08-23T16:58:49Z" user="Britz" uid="143703" lat="44.4776790" lon="3.9342690"/>
 <node id="1410193396" visible="true" version="1" changeset="9105344" timestamp="2011-08-23T16:58:49Z" user="Britz" uid="143703" lat="44.4776820" lon="3.9354640"/>
 <node id="1410193398" visible="true" version="1" changeset="9105344" timestamp="2011-08-23T16:58:49Z" user="Britz" uid="143703" lat="44.4776830" lon="3.9354490"/>
 <node id="1410193401" visible="true" version="1" changeset="9105344" timestamp="2011-08-23T16:58:49Z" user="Britz" uid="143703" lat="44.4776850" lon="3.9341300"/>
 <node id="1410193403" visible="true" version="1" changeset="9105344" timestamp="2011-08-23T16:58:50Z" user="Britz" uid="143703" lat="44.4776970" lon="3.9345570"/>
 <node id="1410193407" visible="true" version="1" changeset="9105344" timestamp="2011-08-23T16:58:50Z" user="Britz" uid="143703" lat="44.4776980" lon="3.9348270"/>
 <node id="1410193411" visible="true" version="1" changeset="9105344" timestamp="2011-08-23T16:58:50Z" user="Britz" uid="143703" lat="44.4777080" lon="3.9353340"/>
 <node id="1410193413" visible="true" version="1" changeset="9105344" timestamp="2011-08-23T16:58:50Z" user="Britz" uid="143703" lat="44.4777120" lon="3.9346080"/>
 <node id="1410193417" visible="true" version="1" changeset="9105344" timestamp="2011-08-23T16:58:50Z" user="Britz" uid="143703" lat="44.4777160" lon="3.9345260"/>
 <node id="1410193715" visible="true" version="1" changeset="9105344" timestamp="2011-08-23T16:59:00Z" user="Britz" uid="143703" lat="44.4777200" lon="3.9343410"/>
 <node id="1410193719" visible="true" version="1" changeset="9105344" timestamp="2011-08-23T16:59:01Z" user="Britz" uid="143703" lat="44.4777260" lon="3.9353090"/>
 <node id="1410193727" visible="true" version="1" changeset="9105344" timestamp="2011-08-23T16:59:01Z" user="Britz" uid="143703" lat="44.4777280" lon="3.9342210"/>
 <node id="1410193729" visible="true" version="1" changeset="9105344" timestamp="2011-08-23T16:59:01Z" user="Britz" uid="143703" lat="44.4777280" lon="3.9345870"/>
 <node id="1410193743" visible="true" version="1" changeset="9105344" timestamp="2011-08-23T16:59:01Z" user="Britz" uid="143703" lat="44.4777360" lon="3.9341090"/>
 <node id="1410193746" visible="true" version="1" changeset="9105344" timestamp="2011-08-23T16:59:01Z" user="Britz" uid="143703" lat="44.4777440" lon="3.9347680"/>
 <node id="1410193755" visible="true" version="1" changeset="9105344" timestamp="2011-08-23T16:59:01Z" user="Britz" uid="143703" lat="44.4777440" lon="3.9352800"/>
 <node id="1410193757" visible="true" version="1" changeset="9105344" timestamp="2011-08-23T16:59:02Z" user="Britz" uid="143703" lat="44.4777450" lon="3.9353670"/>
 <node id="1410193765" visible="true" version="1" changeset="9105344" timestamp="2011-08-23T16:59:02Z" user="Britz" uid="143703" lat="44.4777460" lon="3.9355200"/>
 <node id="1410193770" visible="true" version="1" changeset="9105344" timestamp="2011-08-23T16:59:02Z" user="Britz" uid="143703" lat="44.4777490" lon="3.9354660"/>
 <node id="1410193781" visible="true" version="1" changeset="9105344" timestamp="2011-08-23T16:59:02Z" user="Britz" uid="143703" lat="44.4777560" lon="3.9341720"/>
 <node id="1410193785" visible="true" version="1" changeset="9105344" timestamp="2011-08-23T16:59:02Z" user="Britz" uid="143703" lat="44.4777560" lon="3.9342710"/>
 <node id="1410193791" visible="true" version="1" changeset="9105344" timestamp="2011-08-23T16:59:03Z" user="Britz" uid="143703" lat="44.4777610" lon="3.9349620"/>
 <node id="1410193797" visible="true" version="1" changeset="9105344" timestamp="2011-08-23T16:59:03Z" user="Britz" uid="143703" lat="44.4777630" lon="3.9353310"/>
 <node id="1410193805" visible="true" version="1" changeset="9105344" timestamp="2011-08-23T16:59:03Z" user="Britz" uid="143703" lat="44.4777700" lon="3.9342220"/>
 <node id="1410193817" visible="true" version="1" changeset="9105344" timestamp="2011-08-23T16:59:03Z" user="Britz" uid="143703" lat="44.4777700" lon="3.9349480"/>
 <node id="1410193825" visible="true" version="1" changeset="9105344" timestamp="2011-08-23T16:59:03Z" user="Britz" uid="143703" lat="44.4777720" lon="3.9342880"/>
 <node id="1410193828" visible="true" version="1" changeset="9105344" timestamp="2011-08-23T16:59:04Z" user="Britz" uid="143703" lat="44.4777760" lon="3.9345050"/>
 <node id="1410193837" visible="true" version="1" changeset="9105344" timestamp="2011-08-23T16:59:04Z" user="Britz" uid="143703" lat="44.4777790" lon="3.9345100"/>
 <node id="1410193840" visible="true" version="1" changeset="9105344" timestamp="2011-08-23T16:59:04Z" user="Britz" uid="143703" lat="44.4777800" lon="3.9347170"/>
 <node id="1410193852" visible="true" version="1" changeset="9105344" timestamp="2011-08-23T16:59:04Z" user="Britz" uid="143703" lat="44.4777800" lon="3.9356030"/>
 <node id="1410193857" visible="true" version="1" changeset="9105344" timestamp="2011-08-23T16:59:04Z" user="Britz" uid="143703" lat="44.4777810" lon="3.9356510"/>
 <node id="1410193864" visible="true" version="1" changeset="9105344" timestamp="2011-08-23T16:59:04Z" user="Britz" uid="143703" lat="44.4777830" lon="3.9342750"/>
 <node id="1410193869" visible="true" version="1" changeset="9105344" timestamp="2011-08-23T16:59:05Z" user="Britz" uid="143703" lat="44.4777830" lon="3.9347130"/>
 <node id="1410193873" visible="true" version="1" changeset="9105344" timestamp="2011-08-23T16:59:05Z" user="Britz" uid="143703" lat="44.4777950" lon="3.9342770"/>
 <node id="1410193880" visible="true" version="1" changeset="9105344" timestamp="2011-08-23T16:59:05Z" user="Britz" uid="143703" lat="44.4777970" lon="3.9349950"/>
 <node id="1410193883" visible="true" version="1" changeset="9105344" timestamp="2011-08-23T16:59:05Z" user="Britz" uid="143703" lat="44.4778020" lon="3.9343110"/>
 <node id="1410193889" visible="true" version="1" changeset="9105344" timestamp="2011-08-23T16:59:05Z" user="Britz" uid="143703" lat="44.4778030" lon="3.9342900"/>
 <node id="1410193893" visible="true" version="1" changeset="9105344" timestamp="2011-08-23T16:59:05Z" user="Britz" uid="143703" lat="44.4778060" lon="3.9343940"/>
 <node id="1410193898" visible="true" version="1" changeset="9105344" timestamp="2011-08-23T16:59:06Z" user="Britz" uid="143703" lat="44.4778140" lon="3.9343240"/>
 <node id="1410193910" visible="true" version="1" changeset="9105344" timestamp="2011-08-23T16:59:06Z" user="Britz" uid="143703" lat="44.4778180" lon="3.9347140"/>
 <node id="1410193912" visible="true" version="1" changeset="9105344" timestamp="2011-08-23T16:59:06Z" user="Britz" uid="143703" lat="44.4778250" lon="3.9345760"/>
 <node id="1410193918" visible="true" version="1" changeset="9105344" timestamp="2011-08-23T16:59:06Z" user="Britz" uid="143703" lat="44.4778290" lon="3.9344260"/>
 <node id="1410193924" visible="true" version="1" changeset="9105344" timestamp="2011-08-23T16:59:06Z" user="Britz" uid="143703" lat="44.4778290" lon="3.9347000"/>
 <node id="1410193928" visible="true" version="1" changeset="9105344" timestamp="2011-08-23T16:59:07Z" user="Britz" uid="143703" lat="44.4778310" lon="3.9356020"/>
 <node id="1410193934" visible="true" version="1" changeset="9105344" timestamp="2011-08-23T16:59:07Z" user="Britz" uid="143703" lat="44.4778330" lon="3.9348950"/>
 <node id="1410193941" visible="true" version="1" changeset="9105344" timestamp="2011-08-23T16:59:07Z" user="Britz" uid="143703" lat="44.4778330" lon="3.9356500"/>
 <node id="1410193953" visible="true" version="1" changeset="9105344" timestamp="2011-08-23T16:59:07Z" user="Britz" uid="143703" lat="44.4778340" lon="3.9356650"/>
 <node id="1410193956" visible="true" version="1" changeset="9105344" timestamp="2011-08-23T16:59:07Z" user="Britz" uid="143703" lat="44.4778380" lon="3.9343430"/>
 <node id="1410193964" visible="true" version="1" changeset="9105344" timestamp="2011-08-23T16:59:07Z" user="Britz" uid="143703" lat="44.4778480" lon="3.9349230"/>
 <node id="1410193973" visible="true" version="1" changeset="9105344" timestamp="2011-08-23T16:59:08Z" user="Britz" uid="143703" lat="44.4778590" lon="3.9348680"/>
 <node id="1410193981" visible="true" version="1" changeset="9105344" timestamp="2011-08-23T16:59:08Z" user="Britz" uid="143703" lat="44.4778640" lon="3.9343140"/>
 <node id="1410193984" visible="true" version="1" changeset="9105344" timestamp="2011-08-23T16:59:08Z" user="Britz" uid="143703" lat="44.4778640" lon="3.9356030"/>
 <node id="1410193992" visible="true" version="1" changeset="9105344" timestamp="2011-08-23T16:59:08Z" user="Britz" uid="143703" lat="44.4778650" lon="3.9356620"/>
 <node id="1410193996" visible="true" version="1" changeset="9105344" timestamp="2011-08-23T16:59:08Z" user="Britz" uid="143703" lat="44.4778660" lon="3.9355450"/>
 <node id="1410194002" visible="true" version="1" changeset="9105344" timestamp="2011-08-23T16:59:08Z" user="Britz" uid="143703" lat="44.4778670" lon="3.9346360"/>
 <node id="1410194008" visible="true" version="1" changeset="9105344" timestamp="2011-08-23T16:59:09Z" user="Britz" uid="143703" lat="44.4778690" lon="3.9357350"/>
 <node id="1410194011" visible="true" version="1" changeset="9105344" timestamp="2011-08-23T16:59:09Z" user="Britz" uid="143703" lat="44.4778800" lon="3.9344970"/>
 <node id="1410194018" visible="true" version="1" changeset="9105344" timestamp="2011-08-23T16:59:09Z" user="Britz" uid="143703" lat="44.4778870" lon="3.9347810"/>
 <node id="1410194023" visible="true" version="1" changeset="9105344" timestamp="2011-08-23T16:59:09Z" user="Britz" uid="143703" lat="44.4778930" lon="3.9346020"/>
 <node id="1410194031" visible="true" version="1" changeset="9105344" timestamp="2011-08-23T16:59:09Z" user="Britz" uid="143703" lat="44.4778960" lon="3.9345200"/>
 <node id="1410194052" visible="true" version="1" changeset="9105344" timestamp="2011-08-23T16:59:10Z" user="Britz" uid="143703" lat="44.4779540" lon="3.9344320"/>
 <node id="1410194058" visible="true" version="1" changeset="9105344" timestamp="2011-08-23T16:59:10Z" user="Britz" uid="143703" lat="44.4779540" lon="3.9346930"/>
 <node id="1410194072" visible="true" version="2" changeset="160801063" timestamp="2024-12-30T17:03:58Z" user="Britzz" uid="7550430" lat="44.4779358" lon="3.9344596"/>
 <node id="1410194081" visible="true" version="5" changeset="125434403" timestamp="2022-08-27T08:57:12Z" user="Britzz" uid="7550430" lat="44.4779996" lon="3.9352255"/>
 <node id="1410194094" visible="true" version="2" changeset="160801063" timestamp="2024-12-30T17:03:58Z" user="Britzz" uid="7550430" lat="44.4779967" lon="3.9346599"/>
 <node id="1410194104" visible="true" version="5" changeset="125434403" timestamp="2022-08-27T08:57:12Z" user="Britzz" uid="7550430" lat="44.4780125" lon="3.9352990"/>
 <node id="1410194109" visible="true" version="2" changeset="160801063" timestamp="2024-12-30T17:03:58Z" user="Britzz" uid="7550430" lat="44.4780287" lon="3.9345899"/>
 <node id="1410194119" visible="true" version="2" changeset="160801063" timestamp="2024-12-30T17:03:58Z" user="Britzz" uid="7550430" lat="44.4780327" lon="3.9346999"/>
 <node id="1410194134" visible="true" version="5" changeset="125434403" timestamp="2022-08-27T08:57:12Z" user="Britzz" uid="7550430" lat="44.4780505" lon="3.9352079"/>
 <node id="1410194146" visible="true" version="5" changeset="125434403" timestamp="2022-08-27T08:57:12Z" user="Britzz" uid="7550430" lat="44.4780635" lon="3.9352814"/>
 <node id="1410194160" visible="true" version="2" changeset="160801063" timestamp="2024-12-30T17:03:58Z" user="Britzz" uid="7550430" lat="44.4780767" lon="3.9346449"/>
 <node id="1410847458" visible="true" version="2" changeset="32950856" timestamp="2015-07-29T09:26:39Z" user="Britz" uid="143703" lat="44.4772554" lon="3.9353281"/>
 <node id="1410847460" visible="true" version="4" changeset="110477895" timestamp="2021-08-30T19:45:48Z" user="LouisXIV" uid="12573630" lat="44.4779365" lon="3.9348921"/>
 <node id="1410847464" visible="true" version="4" changeset="110477895" timestamp="2021-08-30T19:45:48Z" user="LouisXIV" uid="12573630" lat="44.4779705" lon="3.9350080"/>
 <node id="1410847465" visible="true" version="5" changeset="125434403" timestamp="2022-08-27T08:57:12Z" user="Britzz" uid="7550430" lat="44.4781655" lon="3.9348200"/>
 <node id="1536588190" visible="true" version="3" changeset="12187958" timestamp="2012-07-11T16:54:18Z" user="Britz" uid="143703" lat="44.4456399" lon="4.0402989"/>
 <node id="1625130815" visible="true" version="2" changeset="12187958" timestamp="2012-07-11T16:54:18Z" user="Britz" uid="143703" lat="44.4227590" lon="4.0391660"/>
 <node id="1738452485" visible="true" version="1" changeset="11481366" timestamp="2012-05-02T17:13:09Z" user="joedal-osm" uid="420883" lat="44.4778156" lon="3.9321917"/>
 <node id="1963416153" visible="true" version="1" changeset="13484133" timestamp="2012-10-13T20:30:04Z" user="lepont20" uid="219646" lat="44.4839945" lon="3.9353220"/>
 <node id="2319357417" visible="true" version="1" changeset="16276262" timestamp="2013-05-25T09:37:23Z" user="lepont20" uid="219646" lat="44.4795694" lon="3.9409539"/>
 <node id="2319357418" visible="true" version="1" changeset="16276262" timestamp="2013-05-25T09:37:23Z" user="lepont20" uid="219646" lat="44.4781685" lon="3.9367267"/>
 <node id="2319357420" visible="true" version="1" changeset="16276262" timestamp="2013-05-25T09:37:23Z" user="lepont20" uid="219646" lat="44.4798680" lon="3.9415762"/>
 <node id="2319357421" visible="true" version="1" changeset="16276262" timestamp="2013-05-25T09:37:23Z" user="lepont20" uid="219646" lat="44.4784212" lon="3.9375904"/>
 <node id="2319357423" visible="true" version="1" changeset="16276262" timestamp="2013-05-25T09:37:23Z" user="lepont20" uid="219646" lat="44.4782413" lon="3.9369359"/>
 <node id="2319357424" visible="true" version="2" changeset="17304243" timestamp="2013-08-11T14:40:21Z" user="Britz" uid="143703" lat="44.4783722" lon="3.9356047"/>
 <node id="2319357426" visible="true" version="1" changeset="16276262" timestamp="2013-05-25T09:37:23Z" user="lepont20" uid="219646" lat="44.4784862" lon="3.9370808"/>
 <node id="2319357427" visible="true" version="1" changeset="16276262" timestamp="2013-05-25T09:37:23Z" user="lepont20" uid="219646" lat="44.4785475" lon="3.9386794"/>
 <node id="2319357429" visible="true" version="1" changeset="16276262" timestamp="2013-05-25T09:37:23Z" user="lepont20" uid="219646" lat="44.4795732" lon="3.9412865"/>
 <node id="2319357430" visible="true" version="1" changeset="16276262" timestamp="2013-05-25T09:37:23Z" user="lepont20" uid="219646" lat="44.4794546" lon="3.9410612"/>
 <node id="2319357432" visible="true" version="1" changeset="16276262" timestamp="2013-05-25T09:37:23Z" user="lepont20" uid="219646" lat="44.4795924" lon="3.9410290"/>
 <node id="2319357433" visible="true" version="1" changeset="16276262" timestamp="2013-05-25T09:37:23Z" user="lepont20" uid="219646" lat="44.4794163" lon="3.9410934"/>
 <node id="2319357434" visible="true" version="1" changeset="16276262" timestamp="2013-05-25T09:37:23Z" user="lepont20" uid="219646" lat="44.4794852" lon="3.9412758"/>
 <node id="2319357436" visible="true" version="1" changeset="16276262" timestamp="2013-05-25T09:37:23Z" user="lepont20" uid="219646" lat="44.4793206" lon="3.9411148"/>
 <node id="2319357437" visible="true" version="1" changeset="16276262" timestamp="2013-05-25T09:37:23Z" user="lepont20" uid="219646" lat="44.4793206" lon="3.9409110"/>
 <node id="2319357439" visible="true" version="1" changeset="16276262" timestamp="2013-05-25T09:37:23Z" user="lepont20" uid="219646" lat="44.4793015" lon="3.9410934"/>
 <node id="2319357440" visible="true" version="1" changeset="16276262" timestamp="2013-05-25T09:37:23Z" user="lepont20" uid="219646" lat="44.4792670" lon="3.9406857"/>
 <node id="2319357442" visible="true" version="1" changeset="16276262" timestamp="2013-05-25T09:37:23Z" user="lepont20" uid="219646" lat="44.4778547" lon="3.9378801"/>
 <node id="2319357445" visible="true" version="1" changeset="16276262" timestamp="2013-05-25T09:37:24Z" user="lepont20" uid="219646" lat="44.4796613" lon="3.9416137"/>
 <node id="2319357446" visible="true" version="1" changeset="16276262" timestamp="2013-05-25T09:37:24Z" user="lepont20" uid="219646" lat="44.4785168" lon="3.9384970"/>
 <node id="2319357448" visible="true" version="1" changeset="16276262" timestamp="2013-05-25T09:37:24Z" user="lepont20" uid="219646" lat="44.4787695" lon="3.9387706"/>
 <node id="2319357449" visible="true" version="1" changeset="16276262" timestamp="2013-05-25T09:37:24Z" user="lepont20" uid="219646" lat="44.4786164" lon="3.9386847"/>
 <node id="2319357451" visible="true" version="1" changeset="16276262" timestamp="2013-05-25T09:37:24Z" user="lepont20" uid="219646" lat="44.4786967" lon="3.9388028"/>
 <node id="2319357452" visible="true" version="2" changeset="17304243" timestamp="2013-08-11T14:40:21Z" user="Britz" uid="143703" lat="44.4784005" lon="3.9354031"/>
 <node id="2319357454" visible="true" version="1" changeset="16276262" timestamp="2013-05-25T09:37:24Z" user="lepont20" uid="219646" lat="44.4792556" lon="3.9391836"/>
 <node id="2319357455" visible="true" version="1" changeset="16276262" timestamp="2013-05-25T09:37:24Z" user="lepont20" uid="219646" lat="44.4792249" lon="3.9391032"/>
 <node id="2319357457" visible="true" version="1" changeset="16276262" timestamp="2013-05-25T09:37:24Z" user="lepont20" uid="219646" lat="44.4789608" lon="3.9404657"/>
 <node id="2319357458" visible="true" version="1" changeset="16276262" timestamp="2013-05-25T09:37:24Z" user="lepont20" uid="219646" lat="44.4791216" lon="3.9391783"/>
 <node id="2319357460" visible="true" version="1" changeset="16276262" timestamp="2013-05-25T09:37:24Z" user="lepont20" uid="219646" lat="44.4791599" lon="3.9399132"/>
 <node id="2319357461" visible="true" version="1" changeset="16276262" timestamp="2013-05-25T09:37:24Z" user="lepont20" uid="219646" lat="44.4798029" lon="3.9415869"/>
 <node id="2319357463" visible="true" version="1" changeset="16276262" timestamp="2013-05-25T09:37:24Z" user="lepont20" uid="219646" lat="44.4797684" lon="3.9415923"/>
 <node id="2319357464" visible="true" version="1" changeset="16276262" timestamp="2013-05-25T09:37:24Z" user="lepont20" uid="219646" lat="44.4794699" lon="3.9413562"/>
 <node id="2319357466" visible="true" version="1" changeset="16276262" timestamp="2013-05-25T09:37:24Z" user="lepont20" uid="219646" lat="44.4795656" lon="3.9415225"/>
 <node id="2319357467" visible="true" version="1" changeset="16276262" timestamp="2013-05-25T09:37:24Z" user="lepont20" uid="219646" lat="44.4789073" lon="3.9388403"/>
 <node id="2319357469" visible="true" version="1" changeset="16276262" timestamp="2013-05-25T09:37:24Z" user="lepont20" uid="219646" lat="44.4789608" lon="3.9389261"/>
 <node id="2319357470" visible="true" version="1" changeset="16276262" timestamp="2013-05-25T09:37:24Z" user="lepont20" uid="219646" lat="44.4789187" lon="3.9390281"/>
 <node id="2319357472" visible="true" version="1" changeset="16276262" timestamp="2013-05-25T09:37:24Z" user="lepont20" uid="219646" lat="44.4782183" lon="3.9381698"/>
 <node id="2319357473" visible="true" version="1" changeset="16276262" timestamp="2013-05-25T09:37:24Z" user="lepont20" uid="219646" lat="44.4781341" lon="3.9381376"/>
 <node id="2319357475" visible="true" version="1" changeset="16276262" timestamp="2013-05-25T09:37:24Z" user="lepont20" uid="219646" lat="44.4780001" lon="3.9380464"/>
 <node id="2319357476" visible="true" version="1" changeset="16276262" timestamp="2013-05-25T09:37:24Z" user="lepont20" uid="219646" lat="44.4784786" lon="3.9382127"/>
 <node id="2319357478" visible="true" version="1" changeset="16276262" timestamp="2013-05-25T09:37:24Z" user="lepont20" uid="219646" lat="44.4782910" lon="3.9381859"/>
 <node id="2319357479" visible="true" version="1" changeset="16276262" timestamp="2013-05-25T09:37:24Z" user="lepont20" uid="219646" lat="44.4790412" lon="3.9393124"/>
 <node id="2319357481" visible="true" version="1" changeset="16276262" timestamp="2013-05-25T09:37:24Z" user="lepont20" uid="219646" lat="44.4792403" lon="3.9395913"/>
 <node id="2319357482" visible="true" version="1" changeset="16276262" timestamp="2013-05-25T09:37:24Z" user="lepont20" uid="219646" lat="44.4796077" lon="3.9415976"/>
 <node id="2319357483" visible="true" version="1" changeset="16276262" timestamp="2013-05-25T09:37:24Z" user="lepont20" uid="219646" lat="44.4779848" lon="3.9375958"/>
 <node id="2319357485" visible="true" version="1" changeset="16276262" timestamp="2013-05-25T09:37:24Z" user="lepont20" uid="219646" lat="44.4779350" lon="3.9380249"/>
 <node id="2319357486" visible="true" version="1" changeset="16276262" timestamp="2013-05-25T09:37:24Z" user="lepont20" uid="219646" lat="44.4793704" lon="3.9406213"/>
 <node id="2319357488" visible="true" version="1" changeset="16276262" timestamp="2013-05-25T09:37:24Z" user="lepont20" uid="219646" lat="44.4796039" lon="3.9414421"/>
 <node id="2319357489" visible="true" version="1" changeset="16276262" timestamp="2013-05-25T09:37:24Z" user="lepont20" uid="219646" lat="44.4796268" lon="3.9413455"/>
 <node id="2319357491" visible="true" version="1" changeset="16276262" timestamp="2013-05-25T09:37:24Z" user="lepont20" uid="219646" lat="44.4795350" lon="3.9413455"/>
 <node id="2319357492" visible="true" version="1" changeset="16276262" timestamp="2013-05-25T09:37:24Z" user="lepont20" uid="219646" lat="44.4784594" lon="3.9362117"/>
 <node id="2319357494" visible="true" version="1" changeset="16276262" timestamp="2013-05-25T09:37:24Z" user="lepont20" uid="219646" lat="44.4790412" lon="3.9401385"/>
 <node id="2319357495" visible="true" version="1" changeset="16276262" timestamp="2013-05-25T09:37:24Z" user="lepont20" uid="219646" lat="44.4796383" lon="3.9412597"/>
 <node id="2319357496" visible="true" version="1" changeset="16276262" timestamp="2013-05-25T09:37:24Z" user="lepont20" uid="219646" lat="44.4795311" lon="3.9411363"/>
 <node id="2319357498" visible="true" version="1" changeset="16276262" timestamp="2013-05-25T09:37:24Z" user="lepont20" uid="219646" lat="44.4781992" lon="3.9375421"/>
 <node id="2319357499" visible="true" version="1" changeset="16276262" timestamp="2013-05-25T09:37:24Z" user="lepont20" uid="219646" lat="44.4783944" lon="3.9382556"/>
 <node id="2319357501" visible="true" version="2" changeset="131093822" timestamp="2023-01-10T06:58:49Z" user="serger" uid="728852" lat="44.4797171" lon="3.9416213"/>
 <node id="2319357502" visible="true" version="1" changeset="16276262" timestamp="2013-05-25T09:37:24Z" user="lepont20" uid="219646" lat="44.4788154" lon="3.9358201"/>
 <node id="2319357504" visible="true" version="1" changeset="16276262" timestamp="2013-05-25T09:37:24Z" user="lepont20" uid="219646" lat="44.4778738" lon="3.9377406"/>
 <node id="2319357505" visible="true" version="1" changeset="16276262" timestamp="2013-05-25T09:37:24Z" user="lepont20" uid="219646" lat="44.4787044" lon="3.9357933"/>
 <node id="2319357507" visible="true" version="1" changeset="16276262" timestamp="2013-05-25T09:37:24Z" user="lepont20" uid="219646" lat="44.4789417" lon="3.9360562"/>
 <node id="2319357508" visible="true" version="1" changeset="16276262" timestamp="2013-05-25T09:37:24Z" user="lepont20" uid="219646" lat="44.4781570" lon="3.9365926"/>
 <node id="2319357510" visible="true" version="2" changeset="17304243" timestamp="2013-08-11T14:40:21Z" user="Britz" uid="143703" lat="44.4783914" lon="3.9355199"/>
 <node id="2319357511" visible="true" version="1" changeset="16276262" timestamp="2013-05-25T09:37:24Z" user="lepont20" uid="219646" lat="44.4782413" lon="3.9363512"/>
 <node id="2319357512" visible="true" version="1" changeset="16276262" timestamp="2013-05-25T09:37:24Z" user="lepont20" uid="219646" lat="44.4783790" lon="3.9362386"/>
 <node id="2319357514" visible="true" version="1" changeset="16276262" timestamp="2013-05-25T09:37:24Z" user="lepont20" uid="219646" lat="44.4791407" lon="3.9408412"/>
 <node id="2319357515" visible="true" version="1" changeset="16276262" timestamp="2013-05-25T09:37:24Z" user="lepont20" uid="219646" lat="44.4793474" lon="3.9405569"/>
 <node id="2319357517" visible="true" version="1" changeset="16276262" timestamp="2013-05-25T09:37:24Z" user="lepont20" uid="219646" lat="44.4789685" lon="3.9358362"/>
 <node id="2319357518" visible="true" version="1" changeset="16276262" timestamp="2013-05-25T09:37:24Z" user="lepont20" uid="219646" lat="44.4790221" lon="3.9409110"/>
 <node id="2319357520" visible="true" version="1" changeset="16276262" timestamp="2013-05-25T09:37:25Z" user="lepont20" uid="219646" lat="44.4789455" lon="3.9408842"/>
 <node id="2319357521" visible="true" version="1" changeset="16276262" timestamp="2013-05-25T09:37:25Z" user="lepont20" uid="219646" lat="44.4789302" lon="3.9407179"/>
 <node id="2319357526" visible="true" version="1" changeset="16276262" timestamp="2013-05-25T09:37:25Z" user="lepont20" uid="219646" lat="44.4786240" lon="3.9387813"/>
 <node id="2319357527" visible="true" version="1" changeset="16276262" timestamp="2013-05-25T09:37:25Z" user="lepont20" uid="219646" lat="44.4789876" lon="3.9393124"/>
 <node id="2319357528" visible="true" version="1" changeset="16276262" timestamp="2013-05-25T09:37:25Z" user="lepont20" uid="219646" lat="44.4785513" lon="3.9375421"/>
 <node id="2319357531" visible="true" version="1" changeset="16276262" timestamp="2013-05-25T09:37:25Z" user="lepont20" uid="219646" lat="44.4790297" lon="3.9359543"/>
 <node id="2319357533" visible="true" version="1" changeset="16276262" timestamp="2013-05-25T09:37:25Z" user="lepont20" uid="219646" lat="44.4792096" lon="3.9407769"/>
 <node id="2319357534" visible="true" version="1" changeset="16276262" timestamp="2013-05-25T09:37:25Z" user="lepont20" uid="219646" lat="44.4792594" lon="3.9393231"/>
 <node id="2319357535" visible="true" version="1" changeset="16276262" timestamp="2013-05-25T09:37:25Z" user="lepont20" uid="219646" lat="44.4786240" lon="3.9361474"/>
 <node id="2319357537" visible="true" version="1" changeset="16276262" timestamp="2013-05-25T09:37:25Z" user="lepont20" uid="219646" lat="44.4788192" lon="3.9360991"/>
 <node id="2414619491" visible="true" version="1" changeset="17304243" timestamp="2013-08-11T14:40:17Z" user="Britz" uid="143703" lat="44.4760581" lon="3.9359891"/>
 <node id="2414619492" visible="true" version="2" changeset="110477895" timestamp="2021-08-30T19:45:48Z" user="LouisXIV" uid="12573630" lat="44.4770223" lon="3.9361279"/>
 <node id="2414619493" visible="true" version="1" changeset="17304243" timestamp="2013-08-11T14:40:18Z" user="Britz" uid="143703" lat="44.4770356" lon="3.9363033"/>
 <node id="2414619494" visible="true" version="3" changeset="125434403" timestamp="2022-08-27T08:57:12Z" user="Britzz" uid="7550430" lat="44.4770761" lon="3.9351353"/>
 <node id="2414619495" visible="true" version="2" changeset="125434403" timestamp="2022-08-27T08:57:12Z" user="Britzz" uid="7550430" lat="44.4771088" lon="3.9354344"/>
 <node id="2414619496" visible="true" version="1" changeset="17304243" timestamp="2013-08-11T14:40:18Z" user="Britz" uid="143703" lat="44.4771431" lon="3.9361661"/>
 <node id="2414619497" visible="true" version="1" changeset="17304243" timestamp="2013-08-11T14:40:18Z" user="Britz" uid="143703" lat="44.4772725" lon="3.9360187"/>
 <node id="2414619498" visible="true" version="3" changeset="125434403" timestamp="2022-08-27T08:57:12Z" user="Britzz" uid="7550430" lat="44.4772906" lon="3.9345638"/>
 <node id="2414619499" visible="true" version="2" changeset="32950856" timestamp="2015-07-29T09:26:39Z" user="Britz" uid="143703" lat="44.4773135" lon="3.9344764"/>
 <node id="2414619500" visible="true" version="4" changeset="160801063" timestamp="2024-12-30T17:03:58Z" user="Britzz" uid="7550430" lat="44.4773748" lon="3.9343736"/>
 <node id="2414619501" visible="true" version="1" changeset="17304243" timestamp="2013-08-11T14:40:18Z" user="Britz" uid="143703" lat="44.4773595" lon="3.9359425"/>
 <node id="2414619502" visible="true" version="3" changeset="160801063" timestamp="2024-12-30T17:03:58Z" user="Britzz" uid="7550430" lat="44.4774389" lon="3.9343148"/>
 <node id="2414619503" visible="true" version="2" changeset="160801063" timestamp="2024-12-30T17:03:58Z" user="Britzz" uid="7550430" lat="44.4775121" lon="3.9342651"/>
 <node id="2414619504" visible="true" version="1" changeset="17304243" timestamp="2013-08-11T14:40:18Z" user="Britz" uid="143703" lat="44.4775323" lon="3.9358950"/>
 <node id="2414619505" visible="true" version="3" changeset="160801063" timestamp="2024-12-30T17:03:58Z" user="Britzz" uid="7550430" lat="44.4775969" lon="3.9342325"/>
 <node id="2414619506" visible="true" version="1" changeset="17304243" timestamp="2013-08-11T14:40:18Z" user="Britz" uid="143703" lat="44.4776649" lon="3.9328723"/>
 <node id="2414619507" visible="true" version="1" changeset="17304243" timestamp="2013-08-11T14:40:18Z" user="Britz" uid="143703" lat="44.4776810" lon="3.9358324"/>
 <node id="2414619509" visible="true" version="3" changeset="160801063" timestamp="2024-12-30T17:03:58Z" user="Britzz" uid="7550430" lat="44.4778598" lon="3.9342379"/>
 <node id="2414619510" visible="true" version="1" changeset="17304243" timestamp="2013-08-11T14:40:18Z" user="Britz" uid="143703" lat="44.4778673" lon="3.9348278"/>
 <node id="2414619511" visible="true" version="2" changeset="160801063" timestamp="2024-12-30T17:03:58Z" user="Britzz" uid="7550430" lat="44.4779047" lon="3.9347811"/>
 <node id="2414619512" visible="true" version="1" changeset="17304243" timestamp="2013-08-11T14:40:18Z" user="Britz" uid="143703" lat="44.4779095" lon="3.9358222"/>
 <node id="2414619513" visible="true" version="2" changeset="160801063" timestamp="2024-12-30T17:03:58Z" user="Britzz" uid="7550430" lat="44.4779232" lon="3.9348067"/>
 <node id="2414619514" visible="true" version="5" changeset="125434403" timestamp="2022-08-27T08:57:12Z" user="Britzz" uid="7550430" lat="44.4780094" lon="3.9352221"/>
 <node id="2414619515" visible="true" version="2" changeset="160801063" timestamp="2024-12-30T17:03:58Z" user="Britzz" uid="7550430" lat="44.4781092" lon="3.9344874"/>
 <node id="2414619516" visible="true" version="3" changeset="160801063" timestamp="2024-12-30T17:03:58Z" user="Britzz" uid="7550430" lat="44.4781061" lon="3.9346699"/>
 <node id="2414619517" visible="true" version="1" changeset="17304243" timestamp="2013-08-11T14:40:18Z" user="Britz" uid="143703" lat="44.4781742" lon="3.9357256"/>
 <node id="2414619518" visible="true" version="4" changeset="125434403" timestamp="2022-08-27T08:57:12Z" user="Britzz" uid="7550430" lat="44.4781830" lon="3.9349219"/>
 <node id="2414619519" visible="true" version="1" changeset="17304243" timestamp="2013-08-11T14:40:18Z" user="Britz" uid="143703" lat="44.4782621" lon="3.9349127"/>
 <node id="2414619520" visible="true" version="1" changeset="17304243" timestamp="2013-08-11T14:40:18Z" user="Britz" uid="143703" lat="44.4783194" lon="3.9356518"/>
 <node id="2414619521" visible="true" version="1" changeset="17304243" timestamp="2013-08-11T14:40:18Z" user="Britz" uid="143703" lat="44.4783933" lon="3.9356186">
  <tag k="barrier" v="stile"/>
 </node>
 <node id="2415630625" visible="true" version="1" changeset="17312544" timestamp="2013-08-12T06:15:21Z" user="serger" uid="728852" lat="44.4200562" lon="4.0113853"/>
 <node id="2745680031" visible="true" version="2" changeset="125434403" timestamp="2022-08-27T08:57:12Z" user="Britzz" uid="7550430" lat="44.4768699" lon="3.9349780"/>
 <node id="2745680089" visible="true" version="1" changeset="21330343" timestamp="2014-03-26T19:23:15Z" user="FrViPofm" uid="107257" lat="44.4808110" lon="3.9340126"/>
 <node id="2745680094" visible="true" version="2" changeset="164321188" timestamp="2025-03-31T09:39:48Z" user="Pmz" uid="4363" lat="44.4809720" lon="3.9314383"/>
 <node id="3037831502" visible="true" version="2" changeset="29989539" timestamp="2015-04-05T10:12:44Z" user="grensv" uid="1962485" lat="44.4365204" lon="3.9923355"/>
 <node id="3438909436" visible="true" version="1" changeset="29988145" timestamp="2015-04-05T09:22:06Z" user="grensv" uid="1962485" lat="44.4177042" lon="4.0128906"/>
 <node id="3669289002" visible="true" version="1" changeset="32919369" timestamp="2015-07-27T21:57:03Z" user="Britz" uid="143703" lat="44.4788532" lon="3.9331004"/>
 <node id="3669289003" visible="true" version="1" changeset="32919369" timestamp="2015-07-27T21:57:04Z" user="Britz" uid="143703" lat="44.4790925" lon="3.9326068"/>
 <node id="3669289004" visible="true" version="1" changeset="32919369" timestamp="2015-07-27T21:57:04Z" user="Britz" uid="143703" lat="44.4793273" lon="3.9322062"/>
 <node id="3669289005" visible="true" version="1" changeset="32919369" timestamp="2015-07-27T21:57:04Z" user="Britz" uid="143703" lat="44.4795466" lon="3.9320168"/>
 <node id="3669289006" visible="true" version="1" changeset="32919369" timestamp="2015-07-27T21:57:04Z" user="Britz" uid="143703" lat="44.4799985" lon="3.9317529"/>
 <node id="3669289007" visible="true" version="2" changeset="171951230" timestamp="2025-09-15T08:07:53Z" user="serge Raidon" uid="18524142" lat="44.4801504" lon="3.9335519"/>
 <node id="3669289008" visible="true" version="1" changeset="32919369" timestamp="2015-07-27T21:57:04Z" user="Britz" uid="143703" lat="44.4803042" lon="3.9315015"/>
 <node id="3669289009" visible="true" version="1" changeset="32919369" timestamp="2015-07-27T21:57:04Z" user="Britz" uid="143703" lat="44.4805368" lon="3.9313058"/>
 <node id="3669289010" visible="true" version="1" changeset="32919369" timestamp="2015-07-27T21:57:04Z" user="Britz" uid="143703" lat="44.4812694" lon="3.9338204"/>
 <node id="3669289011" visible="true" version="1" changeset="32919369" timestamp="2015-07-27T21:57:04Z" user="Britz" uid="143703" lat="44.4815232" lon="3.9336755"/>
 <node id="3669290129" visible="true" version="2" changeset="164321188" timestamp="2025-03-31T09:39:48Z" user="Pmz" uid="4363" lat="44.5005354" lon="3.9304566"/>
 <node id="3670318737" visible="true" version="1" changeset="32932269" timestamp="2015-07-28T13:18:15Z" user="Britz" uid="143703" lat="44.4719555" lon="3.9455299"/>
 <node id="3670318781" visible="true" version="1" changeset="32932269" timestamp="2015-07-28T13:18:16Z" user="Britz" uid="143703" lat="44.4777005" lon="3.9356273"/>
 <node id="3670318783" visible="true" version="1" changeset="32932269" timestamp="2015-07-28T13:18:16Z" user="Britz" uid="143703" lat="44.4777361" lon="3.9356296"/>
 <node id="3670318786" visible="true" version="3" changeset="139715915" timestamp="2023-08-10T16:56:58Z" user="Britzz" uid="7550430" lat="44.4778799" lon="3.9356567">
  <tag k="amenity" v="drinking_water"/>
  <tag k="man_made" v="water_tap"/>
 </node>
 <node id="3670318787" visible="true" version="4" changeset="139715918" timestamp="2023-08-10T16:56:59Z" user="Britzz" uid="7550430" lat="44.4778487" lon="3.9356957">
  <tag k="amenity" v="toilets"/>
  <tag k="fee" v="no"/>
  <tag k="wheelchair" v="no"/>
 </node>
 <node id="3670318789" visible="true" version="3" changeset="125434403" timestamp="2022-08-27T08:57:12Z" user="Britzz" uid="7550430" lat="44.4778300" lon="3.9354279">
  <tag k="historic" v="wayside_cross"/>
  <tag k="name" v="Croix du Chemin de Fer"/>
 </node>
 <node id="3670318791" visible="true" version="4" changeset="183883637" timestamp="2026-06-09T16:16:59Z" user="Lisapple" uid="16291142" lat="44.4778927" lon="3.9347137">
  <tag k="amenity" v="restaurant"/>
  <tag k="description" v="Repas produits locaux, uniquement le midi"/>
  <tag k="name" v="Le Comptoir de La Régordane"/>
  <tag k="ref:FR:NAF" v="47.29Z"/>
  <tag k="ref:FR:SIREN" v="532599941"/>
  <tag k="ref:FR:SIRET" v="53259994100012"/>
  <tag k="shop" v="grocery"/>
  <tag k="source" v="INSEE - 2026-05"/>
 </node>
 <node id="3671497508" visible="true" version="1" changeset="32950856" timestamp="2015-07-29T09:26:37Z" user="Britz" uid="143703" lat="44.4783814" lon="3.9326047">
  <tag k="name" v="Le Pré de la Foire"/>
  <tag k="place" v="locality"/>
 </node>
 <node id="3671497509" visible="true" version="2" changeset="125434403" timestamp="2022-08-27T08:57:12Z" user="Britzz" uid="7550430" lat="44.4770845" lon="3.9353230"/>
 <node id="3671497510" visible="true" version="1" changeset="32950856" timestamp="2015-07-29T09:26:38Z" user="Britz" uid="143703" lat="44.4771088" lon="3.9343552"/>
 <node id="3671497511" visible="true" version="1" changeset="32950856" timestamp="2015-07-29T09:26:38Z" user="Britz" uid="143703" lat="44.4771441" lon="3.9349036"/>
 <node id="3671497512" visible="true" version="1" changeset="32950856" timestamp="2015-07-29T09:26:38Z" user="Britz" uid="143703" lat="44.4772846" lon="3.9341130"/>
 <node id="3671497513" visible="true" version="1" changeset="32950856" timestamp="2015-07-29T09:26:38Z" user="Britz" uid="143703" lat="44.4773117" lon="3.9352650"/>
 <node id="3671497514" visible="true" version="1" changeset="32950856" timestamp="2015-07-29T09:26:38Z" user="Britz" uid="143703" lat="44.4774723" lon="3.9349325"/>
 <node id="3671497515" visible="true" version="1" changeset="32950856" timestamp="2015-07-29T09:26:38Z" user="Britz" uid="143703" lat="44.4775187" lon="3.9339666"/>
 <node id="3671497519" visible="true" version="1" changeset="32950856" timestamp="2015-07-29T09:26:38Z" user="Britz" uid="143703" lat="44.4778601" lon="3.9349474"/>
 <node id="3671497520" visible="true" version="2" changeset="51271896" timestamp="2017-08-20T08:50:05Z" user="Jerome____" uid="2631735" lat="44.4778931" lon="3.9341298"/>
 <node id="3671497522" visible="true" version="3" changeset="160801063" timestamp="2024-12-30T17:03:58Z" user="Britzz" uid="7550430" lat="44.4778867" lon="3.9351000"/>
 <node id="5045928742" visible="true" version="4" changeset="125434403" timestamp="2022-08-27T08:57:12Z" user="Britzz" uid="7550430" lat="44.4768592" lon="3.9355624">
  <tag k="demolished:historic" v="city_gate"/>
  <tag k="name" v="Porte Saint-Michel"/>
  <tag k="source" v="plan La Garde Guérin, association G.A.R.D.E"/>
 </node>
 <node id="5045928743" visible="true" version="1" changeset="51271896" timestamp="2017-08-20T08:50:03Z" user="Jerome____" uid="2631735" lat="44.4770286" lon="3.9361739"/>
 <node id="5045928744" visible="true" version="1" changeset="51271896" timestamp="2017-08-20T08:50:03Z" user="Jerome____" uid="2631735" lat="44.4770841" lon="3.9361230"/>
 <node id="5045928745" visible="true" version="1" changeset="51271896" timestamp="2017-08-20T08:50:03Z" user="Jerome____" uid="2631735" lat="44.4770898" lon="3.9360894"/>
 <node id="5045928746" visible="true" version="1" changeset="51271896" timestamp="2017-08-20T08:50:03Z" user="Jerome____" uid="2631735" lat="44.4771893" lon="3.9360036"/>
 <node id="5045928747" visible="true" version="1" changeset="51271896" timestamp="2017-08-20T08:50:03Z" user="Jerome____" uid="2631735" lat="44.4773061" lon="3.9358601"/>
 <node id="5045928748" visible="true" version="1" changeset="51271896" timestamp="2017-08-20T08:50:03Z" user="Jerome____" uid="2631735" lat="44.4773711" lon="3.9358534"/>
 <node id="5045928749" visible="true" version="1" changeset="51271896" timestamp="2017-08-20T08:50:03Z" user="Jerome____" uid="2631735" lat="44.4774917" lon="3.9358306"/>
 <node id="5045928750" visible="true" version="1" changeset="51271896" timestamp="2017-08-20T08:50:03Z" user="Jerome____" uid="2631735" lat="44.4768735" lon="3.9351359"/>
 <node id="5045928751" visible="true" version="1" changeset="51271896" timestamp="2017-08-20T08:50:03Z" user="Jerome____" uid="2631735" lat="44.4769109" lon="3.9350031"/>
 <node id="5045928752" visible="true" version="2" changeset="125434403" timestamp="2022-08-27T08:57:12Z" user="Britzz" uid="7550430" lat="44.4769540" lon="3.9348624"/>
 <node id="5045928753" visible="true" version="1" changeset="51271896" timestamp="2017-08-20T08:50:03Z" user="Jerome____" uid="2631735" lat="44.4769893" lon="3.9347564"/>
 <node id="5045928754" visible="true" version="1" changeset="51271896" timestamp="2017-08-20T08:50:03Z" user="Jerome____" uid="2631735" lat="44.4772113" lon="3.9342508"/>
 <node id="5045928755" visible="true" version="1" changeset="51271896" timestamp="2017-08-20T08:50:03Z" user="Jerome____" uid="2631735" lat="44.4773147" lon="3.9341515"/>
 <node id="5045928756" visible="true" version="1" changeset="51271896" timestamp="2017-08-20T08:50:03Z" user="Jerome____" uid="2631735" lat="44.4774228" lon="3.9340442"/>
 <node id="5045928757" visible="true" version="1" changeset="51271896" timestamp="2017-08-20T08:50:03Z" user="Jerome____" uid="2631735" lat="44.4775099" lon="3.9340094"/>
 <node id="5045928758" visible="true" version="1" changeset="51271896" timestamp="2017-08-20T08:50:03Z" user="Jerome____" uid="2631735" lat="44.4776879" lon="3.9339825"/>
 <node id="5045928759" visible="true" version="1" changeset="51271896" timestamp="2017-08-20T08:50:03Z" user="Jerome____" uid="2631735" lat="44.4777979" lon="3.9340094"/>
 <node id="5045928760" visible="true" version="1" changeset="51271896" timestamp="2017-08-20T08:50:03Z" user="Jerome____" uid="2631735" lat="44.4778209" lon="3.9341274"/>
 <node id="5045928761" visible="true" version="1" changeset="51271896" timestamp="2017-08-20T08:50:03Z" user="Jerome____" uid="2631735" lat="44.4778544" lon="3.9341985"/>
 <node id="5045928762" visible="true" version="1" changeset="51271896" timestamp="2017-08-20T08:50:03Z" user="Jerome____" uid="2631735" lat="44.4779099" lon="3.9341703"/>
 <node id="5045928763" visible="true" version="1" changeset="51271896" timestamp="2017-08-20T08:50:03Z" user="Jerome____" uid="2631735" lat="44.4781376" lon="3.9344868"/>
 <node id="5045928764" visible="true" version="1" changeset="51271896" timestamp="2017-08-20T08:50:03Z" user="Jerome____" uid="2631735" lat="44.4781788" lon="3.9346611"/>
 <node id="5045928765" visible="true" version="1" changeset="51271896" timestamp="2017-08-20T08:50:03Z" user="Jerome____" uid="2631735" lat="44.4781749" lon="3.9347805"/>
 <node id="5045928766" visible="true" version="1" changeset="51271896" timestamp="2017-08-20T08:50:03Z" user="Jerome____" uid="2631735" lat="44.4781912" lon="3.9347751"/>
 <node id="5045928767" visible="true" version="1" changeset="51271896" timestamp="2017-08-20T08:50:03Z" user="Jerome____" uid="2631735" lat="44.4782056" lon="3.9348382"/>
 <node id="5045928768" visible="true" version="1" changeset="51271896" timestamp="2017-08-20T08:50:03Z" user="Jerome____" uid="2631735" lat="44.4781749" lon="3.9348502"/>
 <node id="5045928769" visible="true" version="1" changeset="51271896" timestamp="2017-08-20T08:50:04Z" user="Jerome____" uid="2631735" lat="44.4782237" lon="3.9351305"/>
 <node id="5045928770" visible="true" version="1" changeset="51271896" timestamp="2017-08-20T08:50:04Z" user="Jerome____" uid="2631735" lat="44.4782429" lon="3.9351225"/>
 <node id="5045928771" visible="true" version="1" changeset="51271896" timestamp="2017-08-20T08:50:04Z" user="Jerome____" uid="2631735" lat="44.4782563" lon="3.9351560"/>
 <node id="5045928772" visible="true" version="1" changeset="51271896" timestamp="2017-08-20T08:50:04Z" user="Jerome____" uid="2631735" lat="44.4783424" lon="3.9355195"/>
 <node id="5045928773" visible="true" version="1" changeset="51271896" timestamp="2017-08-20T08:50:04Z" user="Jerome____" uid="2631735" lat="44.4782209" lon="3.9355778"/>
 <node id="5045928774" visible="true" version="1" changeset="51271896" timestamp="2017-08-20T08:50:04Z" user="Jerome____" uid="2631735" lat="44.4781615" lon="3.9356073"/>
 <node id="5045928775" visible="true" version="1" changeset="51271896" timestamp="2017-08-20T08:50:04Z" user="Jerome____" uid="2631735" lat="44.4780668" lon="3.9356522"/>
 <node id="5045928776" visible="true" version="1" changeset="51271896" timestamp="2017-08-20T08:50:04Z" user="Jerome____" uid="2631735" lat="44.4780013" lon="3.9356864"/>
 <node id="5045928777" visible="true" version="1" changeset="51271896" timestamp="2017-08-20T08:50:04Z" user="Jerome____" uid="2631735" lat="44.4779276" lon="3.9357193"/>
 <node id="5045928778" visible="true" version="1" changeset="51271896" timestamp="2017-08-20T08:50:04Z" user="Jerome____" uid="2631735" lat="44.4775625" lon="3.9352351"/>
 <node id="5045928779" visible="true" version="1" changeset="51271896" timestamp="2017-08-20T08:50:04Z" user="Jerome____" uid="2631735" lat="44.4778008" lon="3.9339732"/>
 <node id="5045928780" visible="true" version="1" changeset="51271896" timestamp="2017-08-20T08:50:04Z" user="Jerome____" uid="2631735" lat="44.4780965" lon="3.9343406"/>
 <node id="5045928781" visible="true" version="1" changeset="51271896" timestamp="2017-08-20T08:50:04Z" user="Jerome____" uid="2631735" lat="44.4779539" lon="3.9341676"/>
 <node id="5046197210" visible="true" version="2" changeset="110477929" timestamp="2021-08-30T19:46:35Z" user="LouisXIV" uid="12573630" lat="44.4780338" lon="3.9352604">
  <tag k="description" v="Point de vue sur la vallée du Chassezac à partir du sommet de la tour"/>
  <tag k="tourism" v="viewpoint"/>
 </node>
 <node id="5071630873" visible="true" version="1" changeset="51616796" timestamp="2017-08-31T14:08:18Z" user="grensv" uid="1962485" lat="44.4363262" lon="3.9944779"/>
 <node id="5205015612" visible="true" version="2" changeset="139926026" timestamp="2023-08-15T17:17:40Z" user="Herbert Non" uid="1425246" lat="44.4295773" lon="4.0163440"/>
 <node id="6452394147" visible="true" version="1" changeset="69941131" timestamp="2019-05-06T15:32:50Z" user="serger" uid="728852" lat="44.5098832" lon="3.9996831"/>
 <node id="7533617069" visible="true" version="1" changeset="85397230" timestamp="2020-05-18T17:59:21Z" user="Tyndare" uid="1882956" lat="44.4561860" lon="3.9331846"/>
 <node id="7972853652" visible="true" version="1" changeset="91926448" timestamp="2020-10-04T09:55:39Z" user="serger" uid="728852" lat="44.4715565" lon="3.9590668"/>
 <node id="8297970944" visible="true" version="1" changeset="97069900" timestamp="2021-01-06T20:16:15Z" user="Luuuddooo" uid="388649" lat="44.4790199" lon="3.9348147"/>
 <node id="8297970945" visible="true" version="1" changeset="97069900" timestamp="2021-01-06T20:16:15Z" user="Luuuddooo" uid="388649" lat="44.4788696" lon="3.9348623"/>
 <node id="8297970946" visible="true" version="1" changeset="97069900" timestamp="2021-01-06T20:16:15Z" user="Luuuddooo" uid="388649" lat="44.4788357" lon="3.9346886"/>
 <node id="8297970947" visible="true" version="1" changeset="97069900" timestamp="2021-01-06T20:16:15Z" user="Luuuddooo" uid="388649" lat="44.4789897" lon="3.9346511"/>
 <node id="8309747740" visible="true" version="3" changeset="97401784" timestamp="2021-01-13T00:27:18Z" user="Luuuddooo" uid="388649" lat="44.4781668" lon="3.9357649">
  <tag k="source" v="BDTopo IGN"/>
  <tag k="tourism" v="viewpoint"/>
 </node>
 <node id="8384988038" visible="true" version="1" changeset="98530859" timestamp="2021-02-01T19:24:43Z" user="Luuuddooo" uid="388649" lat="44.4777179" lon="3.9354624">
  <tag k="man_made" v="tower"/>
  <tag k="source" v="BDTopo IGN 2020-12-15"/>
  <tag k="tower:type" v="bell_tower"/>
 </node>
 <node id="9049036605" visible="true" version="1" changeset="110477895" timestamp="2021-08-30T19:45:48Z" user="LouisXIV" uid="12573630" lat="44.4770457" lon="3.9361414">
  <tag k="tourism" v="viewpoint"/>
 </node>
 <node id="9049036606" visible="true" version="1" changeset="110477895" timestamp="2021-08-30T19:45:48Z" user="LouisXIV" uid="12573630" lat="44.4768507" lon="3.9356914"/>
 <node id="9049036607" visible="true" version="1" changeset="110477895" timestamp="2021-08-30T19:45:48Z" user="LouisXIV" uid="12573630" lat="44.4769758" lon="3.9362512"/>
 <node id="9060957035" visible="true" version="1" changeset="110692736" timestamp="2021-09-03T19:11:49Z" user="Peter45" uid="1851274" lat="44.4821079" lon="3.9647076"/>
 <node id="9060968634" visible="true" version="1" changeset="110692631" timestamp="2021-09-03T19:08:02Z" user="Peter45" uid="1851274" lat="44.4791847" lon="3.9673677"/>
 <node id="9095263630" visible="true" version="2" changeset="164321188" timestamp="2025-03-31T09:39:48Z" user="Pmz" uid="4363" lat="44.5009047" lon="3.9301414"/>
 <node id="9759990092" visible="true" version="1" changeset="121292934" timestamp="2022-05-21T18:06:43Z" user="Néoven" uid="663528" lat="44.4779520" lon="3.9341006">
  <tag k="destination" v="Ch. de la Fontaine;Albespeyres;le Roure;Les Ritournelles;la Chalmette;le Mont;Lac de Villefort;Villefort;Pourcharesses"/>
  <tag k="ele" v="869"/>
  <tag k="hiking" v="yes"/>
  <tag k="information" v="guidepost"/>
  <tag k="name" v="La Garde-Guérin"/>
  <tag k="tourism" v="information"/>
 </node>
 <node id="9759990093" visible="true" version="1" changeset="121292934" timestamp="2022-05-21T18:06:43Z" user="Néoven" uid="663528" lat="44.4779118" lon="3.9341066">
  <tag k="denomination" v="catholic"/>
  <tag k="historic" v="wayside_cross"/>
  <tag k="religion" v="christian"/>
 </node>
 <node id="9759990094" visible="true" version="1" changeset="121292934" timestamp="2022-05-21T18:06:43Z" user="Néoven" uid="663528" lat="44.4765893" lon="3.9352459">
  <tag k="name" v="Pré de justice"/>
  <tag k="place" v="locality"/>
 </node>
 <node id="9759990095" visible="true" version="1" changeset="121292934" timestamp="2022-05-21T18:06:43Z" user="Néoven" uid="663528" lat="44.4778592" lon="3.9350621"/>
 <node id="9759990096" visible="true" version="1" changeset="121292934" timestamp="2022-05-21T18:06:43Z" user="Néoven" uid="663528" lat="44.4778218" lon="3.9350139"/>
 <node id="9814924156" visible="true" version="1" changeset="122329230" timestamp="2022-06-13T14:54:38Z" user="isayama" uid="4879621" lat="44.4787569" lon="3.9338739">
  <tag k="ele" v="859"/>
  <tag k="information" v="guidepost"/>
  <tag k="name" v="Chemin de la Fontaine"/>
  <tag k="tourism" v="information"/>
 </node>
 <node id="9814942158" visible="true" version="1" changeset="122329358" timestamp="2022-06-13T14:57:00Z" user="isayama" uid="4879621" lat="44.4779901" lon="3.9341810">
  <tag k="ele" v="869"/>
  <tag k="information" v="guidepost"/>
  <tag k="name" v="La Garde Guérin"/>
  <tag k="tourism" v="information"/>
 </node>
 <node id="9980581317" visible="true" version="2" changeset="139715779" timestamp="2023-08-10T16:53:46Z" user="Britzz" uid="7550430" lat="44.4778752" lon="3.9354942">
  <tag k="amenity" v="bench"/>
  <tag k="backrest" v="no"/>
  <tag k="survey:date" v="2022-08-26"/>
 </node>
 <node id="9980581318" visible="true" version="2" changeset="139715782" timestamp="2023-08-10T16:53:45Z" user="Britzz" uid="7550430" lat="44.4780991" lon="3.9355951">
  <tag k="covered" v="no"/>
  <tag k="leisure" v="picnic_table"/>
  <tag k="survey:date" v="2022-08-26"/>
 </node>
 <node id="9980581417" visible="true" version="2" changeset="139715782" timestamp="2023-08-10T16:53:46Z" user="Britzz" uid="7550430" lat="44.4778974" lon="3.9355190">
  <tag k="covered" v="no"/>
  <tag k="leisure" v="picnic_table"/>
  <tag k="survey:date" v="2022-08-26"/>
 </node>
 <node id="9980581418" visible="true" version="2" changeset="139715779" timestamp="2023-08-10T16:53:44Z" user="Britzz" uid="7550430" lat="44.4783116" lon="3.9354474">
  <tag k="amenity" v="bench"/>
  <tag k="backrest" v="no"/>
  <tag k="survey:date" v="2022-08-26"/>
 </node>
 <node id="9980581419" visible="true" version="1" changeset="125422699" timestamp="2022-08-26T20:36:53Z" user="Britzz" uid="7550430" lat="44.4778809" lon="3.9353673">
  <tag k="amenity" v="waste_basket"/>
  <tag k="survey:date" v="2022-08-26"/>
 </node>
 <node id="9980581517" visible="true" version="2" changeset="139715782" timestamp="2023-08-10T16:53:46Z" user="Britzz" uid="7550430" lat="44.4779042" lon="3.9354774">
  <tag k="covered" v="no"/>
  <tag k="leisure" v="picnic_table"/>
  <tag k="survey:date" v="2022-08-26"/>
 </node>
 <node id="9980581518" visible="true" version="2" changeset="139715779" timestamp="2023-08-10T16:53:44Z" user="Britzz" uid="7550430" lat="44.4782628" lon="3.9352273">
  <tag k="amenity" v="bench"/>
  <tag k="backrest" v="no"/>
  <tag k="survey:date" v="2022-08-26"/>
 </node>
 <node id="9980581519" visible="true" version="1" changeset="125422699" timestamp="2022-08-26T20:36:53Z" user="Britzz" uid="7550430" lat="44.4767735" lon="3.9355487">
  <tag k="historic" v="wayside_cross"/>
  <tag k="inscription" v="1868"/>
  <tag k="survey:date" v="2022-08-26"/>
 </node>
 <node id="9980581520" visible="true" version="1" changeset="125422699" timestamp="2022-08-26T20:36:56Z" user="Britzz" uid="7550430" lat="44.4767864" lon="3.9352810">
  <tag k="amenity" v="waste_disposal"/>
  <tag k="survey:date" v="2022-08-26"/>
 </node>
 <node id="9980581617" visible="true" version="2" changeset="139715779" timestamp="2023-08-10T16:53:45Z" user="Britzz" uid="7550430" lat="44.4779458" lon="3.9356861">
  <tag k="amenity" v="bench"/>
  <tag k="backrest" v="no"/>
  <tag k="survey:date" v="2022-08-26"/>
 </node>
 <node id="9980581717" visible="true" version="2" changeset="139715779" timestamp="2023-08-10T16:53:45Z" user="Britzz" uid="7550430" lat="44.4781042" lon="3.9356237">
  <tag k="amenity" v="bench"/>
  <tag k="backrest" v="no"/>
  <tag k="survey:date" v="2022-08-26"/>
 </node>
 <node id="9980581817" visible="true" version="2" changeset="139715779" timestamp="2023-08-10T16:53:44Z" user="Britzz" uid="7550430" lat="44.4782197" lon="3.9355669">
  <tag k="amenity" v="bench"/>
  <tag k="backrest" v="no"/>
  <tag k="survey:date" v="2022-08-26"/>
 </node>
 <node id="9980581818" visible="true" version="1" changeset="125422699" timestamp="2022-08-26T20:36:55Z" user="Britzz" uid="7550430" lat="44.4768155" lon="3.9356451">
  <tag k="emergency" v="fire_hydrant"/>
  <tag k="survey:date" v="2022-08-26"/>
 </node>
 <node id="9980581819" visible="true" version="1" changeset="125422699" timestamp="2022-08-26T20:36:57Z" user="Britzz" uid="7550430" lat="44.4770725" lon="3.9345247">
  <tag k="amenity" v="drinking_water"/>
  <tag k="survey:date" v="2022-08-26"/>
 </node>
 <node id="9980581917" visible="true" version="1" changeset="125422699" timestamp="2022-08-26T20:36:54Z" user="Britzz" uid="7550430" lat="44.4768218" lon="3.9356267">
  <tag k="amenity" v="bench"/>
  <tag k="survey:date" v="2022-08-26"/>
 </node>
 <node id="9981259107" visible="true" version="1" changeset="125434403" timestamp="2022-08-27T08:57:12Z" user="Britzz" uid="7550430" lat="44.4778343" lon="3.9351104"/>
 <node id="9981259108" visible="true" version="1" changeset="125434403" timestamp="2022-08-27T08:57:12Z" user="Britzz" uid="7550430" lat="44.4780132" lon="3.9353478"/>
 <node id="9981259109" visible="true" version="1" changeset="125434403" timestamp="2022-08-27T08:57:12Z" user="Britzz" uid="7550430" lat="44.4778745" lon="3.9353971"/>
 <node id="9981259110" visible="true" version="1" changeset="125434403" timestamp="2022-08-27T08:57:12Z" user="Britzz" uid="7550430" lat="44.4777962" lon="3.9353818"/>
 <node id="9981259111" visible="true" version="1" changeset="125434403" timestamp="2022-08-27T08:57:12Z" user="Britzz" uid="7550430" lat="44.4780084" lon="3.9353233"/>
 <node id="9981259112" visible="true" version="1" changeset="125434403" timestamp="2022-08-27T08:57:12Z" user="Britzz" uid="7550430" lat="44.4779986" lon="3.9352657"/>
 <node id="9981259113" visible="true" version="1" changeset="125434403" timestamp="2022-08-27T08:57:12Z" user="Britzz" uid="7550430" lat="44.4780061" lon="3.9352624">
  <tag k="entrance" v="yes"/>
 </node>
 <node id="9981259114" visible="true" version="1" changeset="125434403" timestamp="2022-08-27T08:57:12Z" user="Britzz" uid="7550430" lat="44.4778721" lon="3.9354149"/>
 <node id="9981259115" visible="true" version="1" changeset="125434403" timestamp="2022-08-27T08:57:12Z" user="Britzz" uid="7550430" lat="44.4778745" lon="3.9353773"/>
 <node id="9981259116" visible="true" version="1" changeset="125434403" timestamp="2022-08-27T08:57:12Z" user="Britzz" uid="7550430" lat="44.4779199" lon="3.9351030"/>
 <node id="9981263817" visible="true" version="1" changeset="125434403" timestamp="2022-08-27T08:57:12Z" user="Britzz" uid="7550430" lat="44.4779729" lon="3.9350843"/>
 <node id="9981263818" visible="true" version="1" changeset="125434403" timestamp="2022-08-27T08:57:12Z" user="Britzz" uid="7550430" lat="44.4776305" lon="3.9346316"/>
 <node id="9981263819" visible="true" version="1" changeset="125434403" timestamp="2022-08-27T08:57:12Z" user="Britzz" uid="7550430" lat="44.4771137" lon="3.9344375"/>
 <node id="9981263820" visible="true" version="1" changeset="125434403" timestamp="2022-08-27T08:57:12Z" user="Britzz" uid="7550430" lat="44.4768295" lon="3.9351460"/>
 <node id="9981263821" visible="true" version="1" changeset="125434403" timestamp="2022-08-27T08:57:12Z" user="Britzz" uid="7550430" lat="44.4768075" lon="3.9353793"/>
 <node id="9981263822" visible="true" version="1" changeset="125434403" timestamp="2022-08-27T08:57:12Z" user="Britzz" uid="7550430" lat="44.4776314" lon="3.9346511"/>
 <node id="9981263823" visible="true" version="1" changeset="125434403" timestamp="2022-08-27T08:57:12Z" user="Britzz" uid="7550430" lat="44.4770735" lon="3.9352291"/>
 <node id="9981263824" visible="true" version="1" changeset="125434403" timestamp="2022-08-27T08:57:12Z" user="Britzz" uid="7550430" lat="44.4770989" lon="3.9350293"/>
 <node id="9981263825" visible="true" version="1" changeset="125434403" timestamp="2022-08-27T08:57:12Z" user="Britzz" uid="7550430" lat="44.4768888" lon="3.9350816"/>
 <node id="9981263826" visible="true" version="1" changeset="125434403" timestamp="2022-08-27T08:57:12Z" user="Britzz" uid="7550430" lat="44.4770644" lon="3.9351171"/>
 <node id="9981263827" visible="true" version="1" changeset="125434403" timestamp="2022-08-27T08:57:12Z" user="Britzz" uid="7550430" lat="44.4771056" lon="3.9349502"/>
 <node id="9981263828" visible="true" version="1" changeset="125434403" timestamp="2022-08-27T08:57:12Z" user="Britzz" uid="7550430" lat="44.4771181" lon="3.9344247"/>
 <node id="9981263829" visible="true" version="1" changeset="125434403" timestamp="2022-08-27T08:57:12Z" user="Britzz" uid="7550430" lat="44.4770899" lon="3.9344014"/>
 <node id="9981263830" visible="true" version="1" changeset="125434403" timestamp="2022-08-27T08:57:12Z" user="Britzz" uid="7550430" lat="44.4771405" lon="3.9344586"/>
 <node id="12463303355" visible="true" version="1" changeset="160800196" timestamp="2024-12-30T16:42:47Z" user="Britzz" uid="7550430" lat="44.4426928" lon="3.9317724"/>
 <node id="12463303357" visible="true" version="2" changeset="187253326" timestamp="2026-08-10T20:39:36Z" user="Britzz" uid="7550430" lat="44.4437891" lon="3.9335306"/>
 <node id="12463427126" visible="true" version="1" changeset="160801063" timestamp="2024-12-30T17:03:58Z" user="Britzz" uid="7550430" lat="44.4768582" lon="3.9355922"/>
 <node id="12715607651" visible="true" version="1" changeset="164321188" timestamp="2025-03-31T09:39:48Z" user="Pmz" uid="4363" lat="44.4806891" lon="3.9312622"/>
 <node id="12715607652" visible="true" version="1" changeset="164321188" timestamp="2025-03-31T09:39:48Z" user="Pmz" uid="4363" lat="44.4808456" lon="3.9312645"/>
 <node id="12715607657" visible="true" version="1" changeset="164321188" timestamp="2025-03-31T09:39:48Z" user="Pmz" uid="4363" lat="44.4809023" lon="3.9313072"/>
 <node id="12715607658" visible="true" version="1" changeset="164321188" timestamp="2025-03-31T09:39:48Z" user="Pmz" uid="4363" lat="44.4809230" lon="3.9313941"/>
 <node id="12715607660" visible="true" version="1" changeset="164321188" timestamp="2025-03-31T09:39:48Z" user="Pmz" uid="4363" lat="44.4809410" lon="3.9314268"/>
 <node id="12715618098" visible="true" version="1" changeset="164321188" timestamp="2025-03-31T09:39:48Z" user="Pmz" uid="4363" lat="44.5003585" lon="3.9306491"/>
 <node id="12867166389" visible="true" version="1" changeset="166834333" timestamp="2025-05-27T16:14:28Z" user="theo998" uid="509490" lat="44.4431802" lon="3.9257127"/>
 <node id="12867166390" visible="true" version="1" changeset="166834333" timestamp="2025-05-27T16:14:28Z" user="theo998" uid="509490" lat="44.4435240" lon="3.9250657"/>
 <node id="12869177105" visible="true" version="1" changeset="166839400" timestamp="2025-05-27T18:34:12Z" user="theo998" uid="509490" lat="44.4986527" lon="3.9320558"/>
 <node id="12869177106" visible="true" version="1" changeset="166839400" timestamp="2025-05-27T18:34:12Z" user="theo998" uid="509490" lat="44.4985954" lon="3.9323247"/>
 <node id="12869177107" visible="true" version="1" changeset="166839400" timestamp="2025-05-27T18:34:12Z" user="theo998" uid="509490" lat="44.4975662" lon="3.9312870"/>
 <node id="12869177108" visible="true" version="1" changeset="166839400" timestamp="2025-05-27T18:34:12Z" user="theo998" uid="509490" lat="44.4976170" lon="3.9318017"/>
 <node id="12869177109" visible="true" version="1" changeset="166839400" timestamp="2025-05-27T18:34:12Z" user="theo998" uid="509490" lat="44.4973340" lon="3.9318314"/>
 <node id="12869177110" visible="true" version="1" changeset="166839400" timestamp="2025-05-27T18:34:12Z" user="theo998" uid="509490" lat="44.4991979" lon="3.9316478"/>
 <node id="12869177111" visible="true" version="1" changeset="166839400" timestamp="2025-05-27T18:34:12Z" user="theo998" uid="509490" lat="44.4994169" lon="3.9315841"/>
 <node id="12869177112" visible="true" version="1" changeset="166839400" timestamp="2025-05-27T18:34:12Z" user="theo998" uid="509490" lat="44.4995314" lon="3.9315875"/>
 <node id="12869177113" visible="true" version="1" changeset="166839400" timestamp="2025-05-27T18:34:12Z" user="theo998" uid="509490" lat="44.4995535" lon="3.9319767"/>
 <node id="12869177114" visible="true" version="1" changeset="166839400" timestamp="2025-05-27T18:34:12Z" user="theo998" uid="509490" lat="44.4996617" lon="3.9317980"/>
 <node id="12873488012" visible="true" version="1" changeset="166930869" timestamp="2025-05-29T16:08:08Z" user="theo998" uid="509490" lat="44.4536633" lon="3.9327124"/>
 <node id="12873488013" visible="true" version="1" changeset="166930869" timestamp="2025-05-29T16:08:08Z" user="theo998" uid="509490" lat="44.4534937" lon="3.9325045"/>
 <node id="12892357868" visible="true" version="1" changeset="167273429" timestamp="2025-06-06T15:35:37Z" user="theo998" uid="509490" lat="44.4544447" lon="3.9361349"/>
 <node id="12892357869" visible="true" version="1" changeset="167273429" timestamp="2025-06-06T15:35:37Z" user="theo998" uid="509490" lat="44.4545392" lon="3.9364371"/>
 <node id="12892357870" visible="true" version="1" changeset="167273429" timestamp="2025-06-06T15:35:37Z" user="theo998" uid="509490" lat="44.4545271" lon="3.9366153"/>
 <node id="12892357871" visible="true" version="1" changeset="167273429" timestamp="2025-06-06T15:35:37Z" user="theo998" uid="509490" lat="44.4545440" lon="3.9370906"/>
 <node id="12892357873" visible="true" version="1" changeset="167273429" timestamp="2025-06-06T15:35:37Z" user="theo998" uid="509490" lat="44.4544156" lon="3.9376882"/>
 <node id="12892357874" visible="true" version="1" changeset="167273429" timestamp="2025-06-06T15:35:37Z" user="theo998" uid="509490" lat="44.4543174" lon="3.9378562"/>
 <node id="12892357875" visible="true" version="1" changeset="167273429" timestamp="2025-06-06T15:35:37Z" user="theo998" uid="509490" lat="44.4539866" lon="3.9383655"/>
 <node id="12892357876" visible="true" version="1" changeset="167273429" timestamp="2025-06-06T15:35:37Z" user="theo998" uid="509490" lat="44.4538364" lon="3.9385335"/>
 <node id="12892357877" visible="true" version="1" changeset="167273429" timestamp="2025-06-06T15:35:37Z" user="theo998" uid="509490" lat="44.4537261" lon="3.9385488"/>
 <node id="12892357879" visible="true" version="1" changeset="167273429" timestamp="2025-06-06T15:35:37Z" user="theo998" uid="509490" lat="44.4534099" lon="3.9382755"/>
 <node id="12892357880" visible="true" version="1" changeset="167273429" timestamp="2025-06-06T15:35:37Z" user="theo998" uid="509490" lat="44.4531057" lon="3.9382789"/>
 <node id="12892357881" visible="true" version="1" changeset="167273429" timestamp="2025-06-06T15:35:37Z" user="theo998" uid="509490" lat="44.4526998" lon="3.9382806"/>
 <node id="12892357882" visible="true" version="1" changeset="167273429" timestamp="2025-06-06T15:35:37Z" user="theo998" uid="509490" lat="44.4525189" lon="3.9382522"/>
 <node id="12892357883" visible="true" version="1" changeset="167273429" timestamp="2025-06-06T15:35:37Z" user="theo998" uid="509490" lat="44.4524323" lon="3.9383248"/>
 <node id="12892357884" visible="true" version="1" changeset="167273429" timestamp="2025-06-06T15:35:37Z" user="theo998" uid="509490" lat="44.4524265" lon="3.9386163"/>
 <node id="12892357885" visible="true" version="1" changeset="167273429" timestamp="2025-06-06T15:35:37Z" user="theo998" uid="509490" lat="44.4523185" lon="3.9387879"/>
 <node id="12892357886" visible="true" version="1" changeset="167273429" timestamp="2025-06-06T15:35:37Z" user="theo998" uid="509490" lat="44.4522677" lon="3.9391350"/>
 <node id="12892357887" visible="true" version="1" changeset="167273429" timestamp="2025-06-06T15:35:37Z" user="theo998" uid="509490" lat="44.4522440" lon="3.9393445"/>
 <node id="12892357888" visible="true" version="1" changeset="167273429" timestamp="2025-06-06T15:35:37Z" user="theo998" uid="509490" lat="44.4521874" lon="3.9393798"/>
 <node id="12892357889" visible="true" version="1" changeset="167273429" timestamp="2025-06-06T15:35:37Z" user="theo998" uid="509490" lat="44.4522430" lon="3.9400226"/>
 <node id="12892357890" visible="true" version="1" changeset="167273429" timestamp="2025-06-06T15:35:37Z" user="theo998" uid="509490" lat="44.4522363" lon="3.9401941"/>
 <node id="12892357900" visible="true" version="1" changeset="167273429" timestamp="2025-06-06T15:35:37Z" user="theo998" uid="509490" lat="44.4545029" lon="3.9360990"/>
 <node id="12892361983" visible="true" version="1" changeset="167273576" timestamp="2025-06-06T15:38:56Z" user="theo998" uid="509490" lat="44.4785432" lon="3.9388210"/>
 <node id="12892361984" visible="true" version="1" changeset="167273576" timestamp="2025-06-06T15:38:56Z" user="theo998" uid="509490" lat="44.4784576" lon="3.9386175"/>
 <node id="12892361985" visible="true" version="1" changeset="167273576" timestamp="2025-06-06T15:38:56Z" user="theo998" uid="509490" lat="44.4783204" lon="3.9385896"/>
 <node id="12892361986" visible="true" version="1" changeset="167273576" timestamp="2025-06-06T15:38:56Z" user="theo998" uid="509490" lat="44.4780916" lon="3.9384028"/>
 <node id="12892361987" visible="true" version="1" changeset="167273576" timestamp="2025-06-06T15:38:56Z" user="theo998" uid="509490" lat="44.4779682" lon="3.9382104"/>
 <node id="12892361988" visible="true" version="1" changeset="167273576" timestamp="2025-06-06T15:38:56Z" user="theo998" uid="509490" lat="44.4778389" lon="3.9381490"/>
 <node id="12892361989" visible="true" version="1" changeset="167273576" timestamp="2025-06-06T15:38:56Z" user="theo998" uid="509490" lat="44.4778051" lon="3.9380570"/>
 <node id="12892389801" visible="true" version="1" changeset="167273429" timestamp="2025-06-06T15:35:37Z" user="theo998" uid="509490" lat="44.4545383" lon="3.9357858"/>
 <node id="12892389802" visible="true" version="1" changeset="167273429" timestamp="2025-06-06T15:35:37Z" user="theo998" uid="509490" lat="44.4544945" lon="3.9354712"/>
 <node id="12892389803" visible="true" version="1" changeset="167273429" timestamp="2025-06-06T15:35:37Z" user="theo998" uid="509490" lat="44.4544218" lon="3.9350144"/>
 <node id="12892389804" visible="true" version="1" changeset="167273429" timestamp="2025-06-06T15:35:37Z" user="theo998" uid="509490" lat="44.4543313" lon="3.9350407"/>
 <node id="12892389805" visible="true" version="1" changeset="167273429" timestamp="2025-06-06T15:35:37Z" user="theo998" uid="509490" lat="44.4542759" lon="3.9353052"/>
 <node id="12892389806" visible="true" version="1" changeset="167273429" timestamp="2025-06-06T15:35:37Z" user="theo998" uid="509490" lat="44.4542393" lon="3.9351620"/>
 <node id="12892389807" visible="true" version="1" changeset="167273429" timestamp="2025-06-06T15:35:37Z" user="theo998" uid="509490" lat="44.4543267" lon="3.9346628"/>
 <node id="12892389808" visible="true" version="1" changeset="167273429" timestamp="2025-06-06T15:35:37Z" user="theo998" uid="509490" lat="44.4524264" lon="3.9407997"/>
 <node id="12892389809" visible="true" version="1" changeset="167273429" timestamp="2025-06-06T15:35:37Z" user="theo998" uid="509490" lat="44.4530164" lon="3.9417169"/>
 <node id="13045909698" visible="true" version="1" changeset="169911366" timestamp="2025-08-03T15:30:19Z" user="Herbert Non" uid="1425246" lat="44.4525827" lon="3.9315552"/>
 <node id="13045909699" visible="true" version="1" changeset="169911366" timestamp="2025-08-03T15:30:19Z" user="Herbert Non" uid="1425246" lat="44.4525014" lon="3.9315565"/>
 <node id="13045909700" visible="true" version="1" changeset="169911366" timestamp="2025-08-03T15:30:19Z" user="Herbert Non" uid="1425246" lat="44.4528652" lon="3.9314130"/>
 <node id="13046059501" visible="true" version="1" changeset="169911366" timestamp="2025-08-03T15:30:19Z" user="Herbert Non" uid="1425246" lat="44.4531112" lon="3.9313674"/>
 <node id="13046547338" visible="true" version="1" changeset="169924289" timestamp="2025-08-03T20:24:01Z" user="Herbert Non" uid="1425246" lat="44.4352275" lon="4.0268568"/>
 <node id="13103371299" visible="true" version="1" changeset="171125895" timestamp="2025-08-28T10:17:52Z" user="Skwaloo" uid="8359318" lat="44.4779200" lon="3.9346713">
  <tag k="description" v="Coopérative agricole&#10;Boutique de produits locaux et artisanaux"/>
  <tag k="name" v="Le Comptoir de La Régordane"/>
  <tag k="office" v="cooperative"/>
 </node>
 <node id="13144003916" visible="true" version="1" changeset="171951230" timestamp="2025-09-15T08:07:53Z" user="serge Raidon" uid="18524142" lat="44.4827841" lon="3.9334436"/>
 <node id="13144003917" visible="true" version="1" changeset="171951230" timestamp="2025-09-15T08:07:53Z" user="serge Raidon" uid="18524142" lat="44.4828538" lon="3.9333986"/>
 <node id="13144003918" visible="true" version="1" changeset="171951230" timestamp="2025-09-15T08:07:53Z" user="serge Raidon" uid="18524142" lat="44.4828979" lon="3.9333573"/>
 <node id="13144003919" visible="true" version="1" changeset="171951230" timestamp="2025-09-15T08:07:53Z" user="serge Raidon" uid="18524142" lat="44.4829234" lon="3.9333291"/>
 <node id="13144003920" visible="true" version="1" changeset="171951230" timestamp="2025-09-15T08:07:53Z" user="serge Raidon" uid="18524142" lat="44.4829516" lon="3.9333025"/>
 <node id="13289107585" visible="true" version="1" changeset="174379237" timestamp="2025-11-08T14:34:28Z" user="AUZH12" uid="15258395" lat="44.4776957" lon="3.9349300">
  <tag k="name" v="La Garde Guérin"/>
  <tag k="place" v="village"/>
 </node>
 <node id="14084982200" visible="true" version="2" changeset="187253841" timestamp="2026-08-10T20:53:33Z" user="Britzz" uid="7550430" lat="44.4777966" lon="3.9355634">
  <tag k="name" v="La maison de l'aventure"/>
  <tag k="office" v="guide"/>
  <tag k="opening_hours" v="Jul-Sep 10:00-18:30"/>
 </node>
 <node id="14085031837" visible="true" version="2" changeset="187253841" timestamp="2026-08-10T20:53:33Z" user="Britzz" uid="7550430" lat="44.4775126" lon="3.9352840">
  <tag k="amenity" v="restaurant"/>
  <tag k="name" v="La Parerie"/>
  <tag k="opening_hours" v="Jul-Aug: Mo,We,Su 10:00-19:00; Jul-Aug: Th-Sa 10:00-20:30; Sep: Th-Mo 10:00-18:30"/>
 </node>
 <node id="14085061486" visible="true" version="2" changeset="187218310" timestamp="2026-08-10T08:49:08Z" user="Britzz" uid="7550430" lat="44.4776199" lon="3.9353975">
  <tag k="amenity" v="cafe"/>
  <tag k="name" v="L'atelier de Marie-Noëlle"/>
  <tag k="opening_hours" v="Mo-Su 10:00-18:30"/>
 </node>
 <node id="14086283511" visible="true" version="1" changeset="187253326" timestamp="2026-08-10T20:39:36Z" user="Britzz" uid="7550430" lat="44.4434990" lon="3.9334488"/>
 <way id="42001252" visible="true" version="3" changeset="55267673" timestamp="2018-01-08T15:34:39Z" user="Jérémy Nicvert" uid="2265979">
  <nd ref="520848742"/>
  <nd ref="520848743"/>
  <nd ref="520848744"/>
  <nd ref="520848745"/>
  <nd ref="520848746"/>
  <nd ref="520848747"/>
  <nd ref="520848748"/>
  <nd ref="1963416153"/>
  <nd ref="520848749"/>
  <nd ref="520848750"/>
  <nd ref="520848751"/>
  <nd ref="520848752"/>
  <nd ref="520848753"/>
  <nd ref="520848754"/>
  <nd ref="520848755"/>
  <nd ref="520848756"/>
  <nd ref="520848757"/>
  <nd ref="520848758"/>
  <nd ref="520848759"/>
  <nd ref="520848760"/>
  <nd ref="520848761"/>
  <nd ref="520848762"/>
  <nd ref="520848763"/>
  <nd ref="520848764"/>
  <nd ref="520848765"/>
  <nd ref="520848766"/>
  <nd ref="520848767"/>
  <nd ref="520848768"/>
  <nd ref="520848769"/>
  <nd ref="520848770"/>
  <nd ref="520848771"/>
  <nd ref="520848772"/>
  <nd ref="520848773"/>
  <nd ref="520848774"/>
  <nd ref="520848775"/>
  <nd ref="520848776"/>
  <nd ref="520848777"/>
  <nd ref="520848778"/>
  <nd ref="520848779"/>
  <nd ref="520848780"/>
  <nd ref="520848781"/>
  <nd ref="520848782"/>
  <nd ref="520848783"/>
  <nd ref="564679218"/>
  <nd ref="564679216"/>
  <nd ref="564679225"/>
  <nd ref="564679224"/>
  <nd ref="520848788"/>
  <nd ref="520848789"/>
  <nd ref="520848790"/>
  <nd ref="520848791"/>
  <nd ref="520848792"/>
  <nd ref="520848793"/>
  <nd ref="520848794"/>
  <nd ref="520848795"/>
  <nd ref="520848796"/>
  <nd ref="520848797"/>
  <nd ref="520848798"/>
  <nd ref="520848799"/>
  <nd ref="520848800"/>
  <nd ref="520848801"/>
  <nd ref="520848802"/>
  <nd ref="520848803"/>
  <nd ref="520848804"/>
  <nd ref="520848805"/>
  <nd ref="520848806"/>
  <nd ref="520848807"/>
  <nd ref="520848808"/>
  <nd ref="520848742"/>
  <tag k="CLC:code" v="231"/>
  <tag k="CLC:id" v="FR-200230"/>
  <tag k="CLC:year" v="2006"/>
  <tag k="landuse" v="meadow"/>
  <tag k="source" v="Union européenne - SOeS, CORINE Land Cover, 2006."/>
 </way>
 <way id="42238041" visible="true" version="5" changeset="166930869" timestamp="2025-05-29T16:08:08Z" user="theo998" uid="509490">
  <nd ref="520848759"/>
  <nd ref="564679959"/>
  <nd ref="564679958"/>
  <nd ref="564679957"/>
  <nd ref="564679954"/>
  <nd ref="564679953"/>
  <nd ref="564679975"/>
  <nd ref="564679974"/>
  <nd ref="564679969"/>
  <nd ref="564679968"/>
  <nd ref="564679971"/>
  <nd ref="564679970"/>
  <nd ref="564679973"/>
  <nd ref="564679972"/>
  <nd ref="564679512"/>
  <nd ref="564679511"/>
  <nd ref="564679510"/>
  <nd ref="564679509"/>
  <nd ref="564679508"/>
  <nd ref="564679688"/>
  <nd ref="564679684"/>
  <nd ref="564679687"/>
  <nd ref="7972853652"/>
  <nd ref="564679686"/>
  <nd ref="564679685"/>
  <nd ref="564679697"/>
  <nd ref="564680050"/>
  <nd ref="564679694"/>
  <nd ref="564679693"/>
  <nd ref="564679696"/>
  <nd ref="564679695"/>
  <nd ref="564680073"/>
  <nd ref="564680072"/>
  <nd ref="564680075"/>
  <nd ref="564680074"/>
  <nd ref="564680071"/>
  <nd ref="564679708"/>
  <nd ref="564679710"/>
  <nd ref="526552108"/>
  <nd ref="564679713"/>
  <nd ref="564679714"/>
  <nd ref="564679689"/>
  <nd ref="564679690"/>
  <nd ref="564679691"/>
  <nd ref="564679692"/>
  <nd ref="564679682"/>
  <nd ref="564679683"/>
  <nd ref="564679681"/>
  <nd ref="564679672"/>
  <nd ref="564679675"/>
  <nd ref="564679676"/>
  <nd ref="564679673"/>
  <nd ref="564679674"/>
  <nd ref="564679677"/>
  <nd ref="564679678"/>
  <nd ref="564679679"/>
  <nd ref="526552136"/>
  <nd ref="526552137"/>
  <nd ref="526552138"/>
  <nd ref="526552140"/>
  <nd ref="526552141"/>
  <nd ref="526552143"/>
  <nd ref="526552145"/>
  <nd ref="526552147"/>
  <nd ref="526552149"/>
  <nd ref="526552150"/>
  <nd ref="526552151"/>
  <nd ref="526552152"/>
  <nd ref="526552153"/>
  <nd ref="526552155"/>
  <nd ref="526552156"/>
  <nd ref="526552158"/>
  <nd ref="526552160"/>
  <nd ref="526552161"/>
  <nd ref="526552163"/>
  <nd ref="564679491"/>
  <nd ref="564679492"/>
  <nd ref="564679493"/>
  <nd ref="564679490"/>
  <nd ref="564679485"/>
  <nd ref="564679484"/>
  <nd ref="564679465"/>
  <nd ref="564679464"/>
  <nd ref="564679467"/>
  <nd ref="564679466"/>
  <nd ref="564679454"/>
  <nd ref="564679453"/>
  <nd ref="564679456"/>
  <nd ref="564679457"/>
  <nd ref="564679446"/>
  <nd ref="564679445"/>
  <nd ref="564679444"/>
  <nd ref="564679443"/>
  <nd ref="564679450"/>
  <nd ref="526552199"/>
  <nd ref="760336777"/>
  <nd ref="7533617069"/>
  <nd ref="760336780"/>
  <nd ref="564679127"/>
  <nd ref="564679126"/>
  <nd ref="564679129"/>
  <nd ref="564679128"/>
  <nd ref="564679131"/>
  <nd ref="564679132"/>
  <nd ref="564679130"/>
  <nd ref="564679135"/>
  <nd ref="564679133"/>
  <nd ref="564679138"/>
  <nd ref="564679137"/>
  <nd ref="564679136"/>
  <nd ref="564679173"/>
  <nd ref="564679172"/>
  <nd ref="564679174"/>
  <nd ref="564679175"/>
  <nd ref="564679176"/>
  <nd ref="564679177"/>
  <nd ref="564679178"/>
  <nd ref="564679180"/>
  <nd ref="564679179"/>
  <nd ref="564679182"/>
  <nd ref="564679181"/>
  <nd ref="564679184"/>
  <nd ref="564679183"/>
  <nd ref="564679214"/>
  <nd ref="520848781"/>
  <nd ref="520848780"/>
  <nd ref="520848779"/>
  <nd ref="520848778"/>
  <nd ref="520848777"/>
  <nd ref="520848776"/>
  <nd ref="520848775"/>
  <nd ref="520848774"/>
  <nd ref="520848773"/>
  <nd ref="520848772"/>
  <nd ref="520848771"/>
  <nd ref="520848770"/>
  <nd ref="520848769"/>
  <nd ref="520848768"/>
  <nd ref="520848767"/>
  <nd ref="520848766"/>
  <nd ref="520848765"/>
  <nd ref="520848764"/>
  <nd ref="520848763"/>
  <nd ref="520848762"/>
  <nd ref="520848761"/>
  <nd ref="520848760"/>
  <nd ref="520848759"/>
  <tag k="CLC:code" v="322"/>
  <tag k="CLC:id" v="FR-200829"/>
  <tag k="CLC:year" v="2006"/>
  <tag k="natural" v="heath"/>
  <tag k="source" v="Union européenne - SOeS, CORINE Land Cover, 2006."/>
 </way>
 <way id="72855791" visible="true" version="10" changeset="186781048" timestamp="2026-08-01T20:23:38Z" user="Britzz" uid="7550430">
  <nd ref="760336716"/>
  <nd ref="864616624"/>
  <nd ref="1738452485"/>
  <nd ref="864616625"/>
  <nd ref="1352644045"/>
  <nd ref="1352644035"/>
  <nd ref="3671497520"/>
  <tag k="cycleway:both" v="no"/>
  <tag k="highway" v="unclassified"/>
  <tag k="lane_markings" v="no"/>
  <tag k="noname" v="yes"/>
  <tag k="surface" v="asphalt"/>
 </way>
 <way id="120692492" visible="true" version="6" changeset="139715772" timestamp="2023-08-10T16:53:43Z" user="Britzz" uid="7550430">
  <nd ref="1352644031"/>
  <nd ref="1352644030"/>
  <nd ref="1352644024"/>
  <nd ref="864616625"/>
  <tag k="highway" v="service"/>
  <tag k="service" v="parking_aisle"/>
  <tag k="surface" v="dirt"/>
 </way>
 <way id="120692496" visible="true" version="3" changeset="139715777" timestamp="2023-08-10T16:53:42Z" user="Britzz" uid="7550430">
  <nd ref="1352644033"/>
  <nd ref="1352644030"/>
  <nd ref="1352644015"/>
  <nd ref="1352644013"/>
  <nd ref="2414619506"/>
  <nd ref="1352644024"/>
  <nd ref="1352644029"/>
  <nd ref="1352644033"/>
  <tag k="amenity" v="parking"/>
  <tag k="parking" v="street_side"/>
 </way>
 <way id="126224315" visible="true" version="2" changeset="17304243" timestamp="2013-08-11T14:40:20Z" user="Britz" uid="143703">
  <nd ref="1352644006"/>
  <nd ref="1399831954"/>
  <nd ref="2414619491"/>
  <tag k="highway" v="track"/>
 </way>
 <way id="127385775" visible="true" version="3" changeset="32932269" timestamp="2015-07-28T13:18:23Z" user="Britz" uid="143703">
  <nd ref="1410192741"/>
  <nd ref="1410192725"/>
  <nd ref="1410192655"/>
  <nd ref="1410192659"/>
  <nd ref="1410192667"/>
  <nd ref="1410192677"/>
  <nd ref="1410192715"/>
  <nd ref="1410192699"/>
  <nd ref="1410192741"/>
  <tag k="building" v="yes"/>
  <tag k="source" v="cadastre-dgi-fr source : Direction Générale des Impôts - Cadastre. Mise à jour : 2011"/>
 </way>
 <way id="127385867" visible="true" version="2" changeset="9178671" timestamp="2011-08-31T19:18:26Z" user="PierenBot" uid="201149">
  <nd ref="1410192941"/>
  <nd ref="1410193004"/>
  <nd ref="1410193068"/>
  <nd ref="1410193023"/>
  <nd ref="1410192976"/>
  <nd ref="1410192918"/>
  <nd ref="1410192793"/>
  <nd ref="1410192764"/>
  <nd ref="1410192785"/>
  <nd ref="1410192796"/>
  <nd ref="1410192952"/>
  <nd ref="1410192941"/>
  <tag k="building" v="yes"/>
  <tag k="source" v="cadastre-dgi-fr source : Direction Générale des Impôts - Cadastre. Mise à jour : 2011"/>
 </way>
 <way id="127385913" visible="true" version="3" changeset="32932269" timestamp="2015-07-28T13:18:22Z" user="Britz" uid="143703">
  <nd ref="1410192680"/>
  <nd ref="1410192687"/>
  <nd ref="1410192693"/>
  <nd ref="1410192712"/>
  <nd ref="1410192718"/>
  <nd ref="1410192746"/>
  <nd ref="1410192743"/>
  <nd ref="1410192732"/>
  <nd ref="1410192737"/>
  <nd ref="1410192723"/>
  <nd ref="1410192691"/>
  <nd ref="1410192680"/>
  <tag k="building" v="yes"/>
  <tag k="source" v="cadastre-dgi-fr source : Direction Générale des Impôts - Cadastre. Mise à jour : 2011"/>
 </way>
 <way id="127385931" visible="true" version="3" changeset="32932269" timestamp="2015-07-28T13:18:22Z" user="Britz" uid="143703">
  <nd ref="1410193407"/>
  <nd ref="1410193817"/>
  <nd ref="1410193791"/>
  <nd ref="1410193880"/>
  <nd ref="1410193964"/>
  <nd ref="1410193934"/>
  <nd ref="1410193973"/>
  <nd ref="1410193840"/>
  <nd ref="1410193869"/>
  <nd ref="1410193413"/>
  <nd ref="1410193390"/>
  <nd ref="1410193746"/>
  <nd ref="1410193407"/>
  <tag k="building" v="yes"/>
  <tag k="source" v="cadastre-dgi-fr source : Direction Générale des Impôts - Cadastre. Mise à jour : 2011"/>
 </way>
 <way id="127385974" visible="true" version="4" changeset="47863980" timestamp="2017-04-17T09:38:22Z" user="sebastic" uid="665748">
  <nd ref="1410192920"/>
  <nd ref="1410192963"/>
  <nd ref="1410192969"/>
  <nd ref="1410193024"/>
  <nd ref="1410193052"/>
  <nd ref="1410193122"/>
  <nd ref="1410193125"/>
  <nd ref="1410193128"/>
  <nd ref="1410193107"/>
  <nd ref="1410193119"/>
  <nd ref="1410193095"/>
  <nd ref="1410193086"/>
  <nd ref="1410192994"/>
  <nd ref="1410192955"/>
  <nd ref="1410192989"/>
  <nd ref="1410192920"/>
  <tag k="source" v="cadastre-dgi-fr source : Direction Générale des Impôts - Cadastre. Mise à jour : 2011"/>
 </way>
 <way id="127386011" visible="true" version="3" changeset="32932269" timestamp="2015-07-28T13:18:22Z" user="Britz" uid="143703">
  <nd ref="1410193027"/>
  <nd ref="1410193033"/>
  <nd ref="1410192980"/>
  <nd ref="1410193015"/>
  <nd ref="1410193089"/>
  <nd ref="1410193112"/>
  <nd ref="1410193097"/>
  <nd ref="1410193130"/>
  <nd ref="1410193145"/>
  <nd ref="1410193115"/>
  <nd ref="1410193093"/>
  <nd ref="1410193078"/>
  <nd ref="1410193058"/>
  <nd ref="1410193060"/>
  <nd ref="1410193044"/>
  <nd ref="1410193051"/>
  <nd ref="1410193027"/>
  <tag k="building" v="yes"/>
  <tag k="source" v="cadastre-dgi-fr source : Direction Générale des Impôts - Cadastre. Mise à jour : 2011"/>
 </way>
 <way id="127386017" visible="true" version="3" changeset="32932269" timestamp="2015-07-28T13:18:22Z" user="Britz" uid="143703">
  <nd ref="1410192646"/>
  <nd ref="1410192653"/>
  <nd ref="1410192639"/>
  <nd ref="1410192642"/>
  <nd ref="1410192629"/>
  <nd ref="1410192636"/>
  <nd ref="1410192624"/>
  <nd ref="1410192618"/>
  <nd ref="1410192620"/>
  <nd ref="1410192631"/>
  <nd ref="1410192662"/>
  <nd ref="1410192676"/>
  <nd ref="1410192670"/>
  <nd ref="1410192664"/>
  <nd ref="1410192660"/>
  <nd ref="1410192649"/>
  <nd ref="1410192646"/>
  <tag k="building" v="yes"/>
  <tag k="source" v="cadastre-dgi-fr source : Direction Générale des Impôts - Cadastre. Mise à jour : 2011"/>
 </way>
 <way id="127386027" visible="true" version="5" changeset="139717680" timestamp="2023-08-10T17:42:24Z" user="Britzz" uid="7550430">
  <nd ref="1410193380"/>
  <nd ref="1410193377"/>
  <nd ref="1410194008"/>
  <nd ref="1410193992"/>
  <nd ref="1410193953"/>
  <nd ref="1410193941"/>
  <nd ref="1410193857"/>
  <nd ref="1410193852"/>
  <nd ref="1410193928"/>
  <nd ref="1410193984"/>
  <nd ref="1410193996"/>
  <nd ref="1410193765"/>
  <nd ref="3670318783"/>
  <nd ref="3670318781"/>
  <nd ref="1410193380"/>
  <tag k="building" v="house"/>
  <tag k="building:levels" v="1"/>
  <tag k="roof:levels" v="0"/>
  <tag k="source" v="cadastre-dgi-fr source : Direction Générale des Impôts - Cadastre. Mise à jour : 2011"/>
 </way>
 <way id="127386067" visible="true" version="3" changeset="125434403" timestamp="2022-08-27T08:57:12Z" user="Britzz" uid="7550430">
  <nd ref="1410193239"/>
  <nd ref="1410193275"/>
  <nd ref="1410193200"/>
  <nd ref="1410193272"/>
  <nd ref="1410193333"/>
  <nd ref="1410193317"/>
  <nd ref="1410193314"/>
  <nd ref="1410193329"/>
  <nd ref="1410193288"/>
  <nd ref="1410193384"/>
  <nd ref="1410193403"/>
  <nd ref="1410193417"/>
  <nd ref="1410193898"/>
  <nd ref="1410193883"/>
  <nd ref="1410193889"/>
  <nd ref="1410193873"/>
  <nd ref="1410193864"/>
  <nd ref="1410193825"/>
  <nd ref="1410193785"/>
  <nd ref="1410193715"/>
  <nd ref="1410193392"/>
  <nd ref="1410193342"/>
  <nd ref="1410193327"/>
  <nd ref="1410193340"/>
  <nd ref="1410193321"/>
  <nd ref="1410193296"/>
  <nd ref="1410193300"/>
  <nd ref="1410193258"/>
  <nd ref="1410193231"/>
  <nd ref="1410193169"/>
  <nd ref="1410193163"/>
  <nd ref="1410193139"/>
  <nd ref="1410193239"/>
  <tag k="building" v="yes"/>
  <tag k="name" v="Auberge de la Régordane"/>
  <tag k="phone" v="+33 4 66 46 82 88"/>
  <tag k="tourism" v="hotel"/>
  <tag k="website" v="https://www.regordane.com/"/>
 </way>
 <way id="127386173" visible="true" version="2" changeset="9178671" timestamp="2011-08-31T19:18:41Z" user="PierenBot" uid="201149">
  <nd ref="1410193179"/>
  <nd ref="1410193208"/>
  <nd ref="1410193183"/>
  <nd ref="1410193159"/>
  <nd ref="1410193179"/>
  <tag k="building" v="yes"/>
  <tag k="source" v="cadastre-dgi-fr source : Direction Générale des Impôts - Cadastre. Mise à jour : 2011"/>
 </way>
 <way id="127386177" visible="true" version="2" changeset="9178671" timestamp="2011-08-31T19:18:42Z" user="PierenBot" uid="201149">
  <nd ref="1410192695"/>
  <nd ref="1410192729"/>
  <nd ref="1410192703"/>
  <nd ref="1410192689"/>
  <nd ref="1410192695"/>
  <tag k="building" v="yes"/>
  <tag k="source" v="cadastre-dgi-fr source : Direction Générale des Impôts - Cadastre. Mise à jour : 2011"/>
 </way>
 <way id="127386310" visible="true" version="4" changeset="139717680" timestamp="2023-08-10T17:42:27Z" user="Britzz" uid="7550430">
  <nd ref="1410193254"/>
  <nd ref="1410193310"/>
  <nd ref="1410193367"/>
  <nd ref="1410193290"/>
  <nd ref="1410193254"/>
  <tag k="building" v="house"/>
  <tag k="building:levels" v="2"/>
  <tag k="roof:levels" v="0"/>
  <tag k="source" v="cadastre-dgi-fr source : Direction Générale des Impôts - Cadastre. Mise à jour : 2011"/>
 </way>
 <way id="127386504" visible="true" version="2" changeset="9178671" timestamp="2011-08-31T19:19:08Z" user="PierenBot" uid="201149">
  <nd ref="1410192965"/>
  <nd ref="1410192937"/>
  <nd ref="1410192986"/>
  <nd ref="1410193013"/>
  <nd ref="1410192965"/>
  <tag k="building" v="yes"/>
  <tag k="source" v="cadastre-dgi-fr source : Direction Générale des Impôts - Cadastre. Mise à jour : 2011"/>
 </way>
 <way id="127386578" visible="true" version="4" changeset="139717680" timestamp="2023-08-10T17:42:29Z" user="Britzz" uid="7550430">
  <nd ref="1410193204"/>
  <nd ref="1410193229"/>
  <nd ref="1410193155"/>
  <nd ref="1410193140"/>
  <nd ref="1410193204"/>
  <tag k="building" v="house"/>
  <tag k="building:levels" v="3"/>
  <tag k="roof:levels" v="0"/>
  <tag k="source" v="cadastre-dgi-fr source : Direction Générale des Impôts - Cadastre. Mise à jour : 2011"/>
 </way>
 <way id="127386665" visible="true" version="2" changeset="9178671" timestamp="2011-08-31T19:19:12Z" user="PierenBot" uid="201149">
  <nd ref="1410193133"/>
  <nd ref="1410193151"/>
  <nd ref="1410193102"/>
  <nd ref="1410193080"/>
  <nd ref="1410193133"/>
  <tag k="building" v="yes"/>
  <tag k="source" v="cadastre-dgi-fr source : Direction Générale des Impôts - Cadastre. Mise à jour : 2011"/>
 </way>
 <way id="127386713" visible="true" version="2" changeset="9178671" timestamp="2011-08-31T19:19:13Z" user="PierenBot" uid="201149">
  <nd ref="1410193260"/>
  <nd ref="1410193293"/>
  <nd ref="1410193308"/>
  <nd ref="1410193281"/>
  <nd ref="1410193260"/>
  <tag k="building" v="yes"/>
  <tag k="source" v="cadastre-dgi-fr source : Direction Générale des Impôts - Cadastre. Mise à jour : 2011"/>
 </way>
 <way id="127386819" visible="true" version="2" changeset="9178671" timestamp="2011-08-31T19:19:17Z" user="PierenBot" uid="201149">
  <nd ref="1410193242"/>
  <nd ref="1410193284"/>
  <nd ref="1410193226"/>
  <nd ref="1410193202"/>
  <nd ref="1410193242"/>
  <tag k="building" v="yes"/>
  <tag k="source" v="cadastre-dgi-fr source : Direction Générale des Impôts - Cadastre. Mise à jour : 2011"/>
 </way>
 <way id="127386953" visible="true" version="2" changeset="9178671" timestamp="2011-08-31T19:19:34Z" user="PierenBot" uid="201149">
  <nd ref="1410193055"/>
  <nd ref="1410193076"/>
  <nd ref="1410193084"/>
  <nd ref="1410193065"/>
  <nd ref="1410193055"/>
  <tag k="building" v="yes"/>
  <tag k="source" v="cadastre-dgi-fr source : Direction Générale des Impôts - Cadastre. Mise à jour : 2011"/>
 </way>
 <way id="127387140" visible="true" version="2" changeset="9178671" timestamp="2011-08-31T19:19:39Z" user="PierenBot" uid="201149">
  <nd ref="1410192974"/>
  <nd ref="1410193045"/>
  <nd ref="1410193072"/>
  <nd ref="1410193017"/>
  <nd ref="1410192974"/>
  <tag k="building" v="yes"/>
  <tag k="source" v="cadastre-dgi-fr source : Direction Générale des Impôts - Cadastre. Mise à jour : 2011"/>
 </way>
 <way id="127387227" visible="true" version="7" changeset="125434403" timestamp="2022-08-27T08:57:12Z" user="Britzz" uid="7550430">
  <nd ref="1410194134"/>
  <nd ref="2414619514"/>
  <nd ref="1410194081"/>
  <nd ref="9981259113"/>
  <nd ref="1410194104"/>
  <nd ref="1410194146"/>
  <nd ref="1410194134"/>
  <tag k="building" v="yes"/>
  <tag k="height" v="21.5"/>
  <tag k="historic" v="tower"/>
  <tag k="man_made" v="tower"/>
  <tag k="name" v="Tour de La Garde-Guérin"/>
  <tag k="tower:construction" v="freestanding"/>
  <tag k="tower:type" v="donjon"/>
  <tag k="wheelchair" v="no"/>
  <tag k="wikidata" v="Q2969552"/>
  <tag k="wikipedia" v="fr:Château de La Garde-Guérin"/>
 </way>
 <way id="127387261" visible="true" version="2" changeset="9178671" timestamp="2011-08-31T19:19:43Z" user="PierenBot" uid="201149">
  <nd ref="1410193220"/>
  <nd ref="1410193249"/>
  <nd ref="1410193218"/>
  <nd ref="1410193198"/>
  <nd ref="1410193220"/>
  <tag k="building" v="yes"/>
  <tag k="source" v="cadastre-dgi-fr source : Direction Générale des Impôts - Cadastre. Mise à jour : 2011"/>
  <tag k="wall" v="no"/>
 </way>
 <way id="127387347" visible="true" version="2" changeset="9178671" timestamp="2011-08-31T19:19:47Z" user="PierenBot" uid="201149">
  <nd ref="1410192962"/>
  <nd ref="1410192984"/>
  <nd ref="1410192957"/>
  <nd ref="1410192944"/>
  <nd ref="1410192962"/>
  <tag k="building" v="yes"/>
  <tag k="source" v="cadastre-dgi-fr source : Direction Générale des Impôts - Cadastre. Mise à jour : 2011"/>
 </way>
 <way id="127387367" visible="true" version="2" changeset="9178671" timestamp="2011-08-31T19:20:00Z" user="PierenBot" uid="201149">
  <nd ref="1410193242"/>
  <nd ref="1410193265"/>
  <nd ref="1410193304"/>
  <nd ref="1410193284"/>
  <nd ref="1410193242"/>
  <tag k="building" v="yes"/>
  <tag k="source" v="cadastre-dgi-fr source : Direction Générale des Impôts - Cadastre. Mise à jour : 2011"/>
 </way>
 <way id="127387524" visible="true" version="2" changeset="9178671" timestamp="2011-08-31T19:20:10Z" user="PierenBot" uid="201149">
  <nd ref="1410193161"/>
  <nd ref="1410193171"/>
  <nd ref="1410193174"/>
  <nd ref="1410193148"/>
  <nd ref="1410193135"/>
  <nd ref="1410193161"/>
  <tag k="building" v="yes"/>
  <tag k="source" v="cadastre-dgi-fr source : Direction Générale des Impôts - Cadastre. Mise à jour : 2011"/>
 </way>
 <way id="127387534" visible="true" version="2" changeset="9178671" timestamp="2011-08-31T19:20:11Z" user="PierenBot" uid="201149">
  <nd ref="1410193220"/>
  <nd ref="1410193198"/>
  <nd ref="1410193186"/>
  <nd ref="1410193222"/>
  <nd ref="1410193234"/>
  <nd ref="1410193220"/>
  <tag k="building" v="yes"/>
  <tag k="source" v="cadastre-dgi-fr source : Direction Générale des Impôts - Cadastre. Mise à jour : 2011"/>
 </way>
 <way id="127387544" visible="true" version="2" changeset="9178671" timestamp="2011-08-31T19:20:13Z" user="PierenBot" uid="201149">
  <nd ref="1410193781"/>
  <nd ref="1410193743"/>
  <nd ref="1410193401"/>
  <nd ref="1410193727"/>
  <nd ref="1410193805"/>
  <nd ref="1410193781"/>
  <tag k="building" v="yes"/>
  <tag k="source" v="cadastre-dgi-fr source : Direction Générale des Impôts - Cadastre. Mise à jour : 2011"/>
 </way>
 <way id="127387585" visible="true" version="2" changeset="9178671" timestamp="2011-08-31T19:20:18Z" user="PierenBot" uid="201149">
  <nd ref="1410192773"/>
  <nd ref="1410192783"/>
  <nd ref="1410192915"/>
  <nd ref="1410192788"/>
  <nd ref="1410192754"/>
  <nd ref="1410192773"/>
  <tag k="building" v="yes"/>
  <tag k="source" v="cadastre-dgi-fr source : Direction Générale des Impôts - Cadastre. Mise à jour : 2011"/>
 </way>
 <way id="127387593" visible="true" version="2" changeset="9178671" timestamp="2011-08-31T19:20:19Z" user="PierenBot" uid="201149">
  <nd ref="1410193195"/>
  <nd ref="1410193205"/>
  <nd ref="1410193211"/>
  <nd ref="1410193176"/>
  <nd ref="1410193165"/>
  <nd ref="1410193195"/>
  <tag k="building" v="yes"/>
  <tag k="source" v="cadastre-dgi-fr source : Direction Générale des Impôts - Cadastre. Mise à jour : 2011"/>
 </way>
 <way id="127387594" visible="true" version="2" changeset="9178671" timestamp="2011-08-31T19:20:20Z" user="PierenBot" uid="201149">
  <nd ref="1410193837"/>
  <nd ref="1410193912"/>
  <nd ref="1410194011"/>
  <nd ref="1410193918"/>
  <nd ref="1410193828"/>
  <nd ref="1410193837"/>
  <tag k="building" v="yes"/>
  <tag k="source" v="cadastre-dgi-fr source : Direction Générale des Impôts - Cadastre. Mise à jour : 2011"/>
  <tag k="wall" v="no"/>
 </way>
 <way id="127387608" visible="true" version="4" changeset="139717680" timestamp="2023-08-10T17:42:28Z" user="Britzz" uid="7550430">
  <nd ref="1410193204"/>
  <nd ref="1410193254"/>
  <nd ref="1410193290"/>
  <nd ref="1410193237"/>
  <nd ref="1410193229"/>
  <nd ref="1410193204"/>
  <tag k="building" v="house"/>
  <tag k="building:levels" v="2"/>
  <tag k="roof:levels" v="0"/>
  <tag k="source" v="cadastre-dgi-fr source : Direction Générale des Impôts - Cadastre. Mise à jour : 2011"/>
 </way>
 <way id="127387618" visible="true" version="4" changeset="139717680" timestamp="2023-08-10T17:42:26Z" user="Britzz" uid="7550430">
  <nd ref="1410193213"/>
  <nd ref="1410193324"/>
  <nd ref="1410193358"/>
  <nd ref="1410193269"/>
  <nd ref="1410193262"/>
  <nd ref="1410193213"/>
  <tag k="building" v="house"/>
  <tag k="building:levels" v="1"/>
  <tag k="roof:levels" v="1"/>
  <tag k="source" v="cadastre-dgi-fr source : Direction Générale des Impôts - Cadastre. Mise à jour : 2011"/>
 </way>
 <way id="127387667" visible="true" version="4" changeset="139717680" timestamp="2023-08-10T17:42:27Z" user="Britzz" uid="7550430">
  <nd ref="1410193195"/>
  <nd ref="1410193181"/>
  <nd ref="1410193213"/>
  <nd ref="1410193262"/>
  <nd ref="1410193205"/>
  <nd ref="1410193195"/>
  <tag k="building" v="house"/>
  <tag k="building:levels" v="2"/>
  <tag k="roof:levels" v="1"/>
  <tag k="source" v="cadastre-dgi-fr source : Direction Générale des Impôts - Cadastre. Mise à jour : 2011"/>
 </way>
 <way id="127387685" visible="true" version="3" changeset="51271896" timestamp="2017-08-20T08:50:05Z" user="Jerome____" uid="2631735">
  <nd ref="1410193158"/>
  <nd ref="1410193194"/>
  <nd ref="1410193209"/>
  <nd ref="1410193191"/>
  <nd ref="1410193188"/>
  <nd ref="1410193173"/>
  <nd ref="1410193158"/>
  <tag k="amenity" v="baking_oven"/>
  <tag k="building" v="bakehouse"/>
  <tag k="name" v="Four banal"/>
  <tag k="oven" v="wood_fired"/>
 </way>
 <way id="127387704" visible="true" version="2" changeset="9178671" timestamp="2011-08-31T19:20:40Z" user="PierenBot" uid="201149">
  <nd ref="1410192754"/>
  <nd ref="1410192788"/>
  <nd ref="1410192781"/>
  <nd ref="1410192771"/>
  <nd ref="1410192777"/>
  <nd ref="1410192752"/>
  <nd ref="1410192754"/>
  <tag k="building" v="yes"/>
  <tag k="source" v="cadastre-dgi-fr source : Direction Générale des Impôts - Cadastre. Mise à jour : 2011"/>
 </way>
 <way id="127387722" visible="true" version="2" changeset="9178671" timestamp="2011-08-31T19:20:42Z" user="PierenBot" uid="201149">
  <nd ref="1410193074"/>
  <nd ref="1410193040"/>
  <nd ref="1410193038"/>
  <nd ref="1410193062"/>
  <nd ref="1410193035"/>
  <nd ref="1410193047"/>
  <nd ref="1410193074"/>
  <tag k="source" v="cadastre-dgi-fr source : Direction Générale des Impôts - Cadastre. Mise à jour : 2011"/>
 </way>
 <way id="127387738" visible="true" version="2" changeset="9178671" timestamp="2011-08-31T19:20:44Z" user="PierenBot" uid="201149">
  <nd ref="1410192673"/>
  <nd ref="1410192730"/>
  <nd ref="1410192715"/>
  <nd ref="1410192677"/>
  <nd ref="1410192685"/>
  <nd ref="1410192669"/>
  <nd ref="1410192673"/>
  <tag k="building" v="yes"/>
  <tag k="source" v="cadastre-dgi-fr source : Direction Générale des Impôts - Cadastre. Mise à jour : 2011"/>
 </way>
 <way id="127387819" visible="true" version="3" changeset="160801063" timestamp="2024-12-30T17:03:58Z" user="Britzz" uid="7550430">
  <nd ref="1410194119"/>
  <nd ref="1410194160"/>
  <nd ref="1410194109"/>
  <nd ref="1410194072"/>
  <nd ref="1410194031"/>
  <nd ref="1410194094"/>
  <nd ref="1410194119"/>
  <tag k="building" v="yes"/>
  <tag k="source" v="cadastre-dgi-fr source : Direction Générale des Impôts - Cadastre. Mise à jour : 2011"/>
 </way>
 <way id="127387881" visible="true" version="4" changeset="139717680" timestamp="2023-08-10T17:42:25Z" user="Britzz" uid="7550430">
  <nd ref="1410193310"/>
  <nd ref="1410193411"/>
  <nd ref="1410193757"/>
  <nd ref="1410193797"/>
  <nd ref="1410193719"/>
  <nd ref="1410193755"/>
  <nd ref="1410193367"/>
  <nd ref="1410193310"/>
  <tag k="building" v="house"/>
  <tag k="building:levels" v="2"/>
  <tag k="roof:levels" v="0"/>
  <tag k="source" v="cadastre-dgi-fr source : Direction Générale des Impôts - Cadastre. Mise à jour : 2011"/>
 </way>
 <way id="127387899" visible="true" version="2" changeset="9178671" timestamp="2011-08-31T19:21:06Z" user="PierenBot" uid="201149">
  <nd ref="1410192957"/>
  <nd ref="1410192984"/>
  <nd ref="1410193001"/>
  <nd ref="1410193019"/>
  <nd ref="1410192949"/>
  <nd ref="1410192924"/>
  <nd ref="1410192935"/>
  <nd ref="1410192957"/>
  <tag k="building" v="yes"/>
  <tag k="source" v="cadastre-dgi-fr source : Direction Générale des Impôts - Cadastre. Mise à jour : 2011"/>
 </way>
 <way id="127387914" visible="true" version="2" changeset="9178671" timestamp="2011-08-31T19:21:08Z" user="PierenBot" uid="201149">
  <nd ref="1410192915"/>
  <nd ref="1410192783"/>
  <nd ref="1410192773"/>
  <nd ref="1410192740"/>
  <nd ref="1410192749"/>
  <nd ref="1410192756"/>
  <nd ref="1410192762"/>
  <nd ref="1410192930"/>
  <nd ref="1410192915"/>
  <tag k="building" v="yes"/>
  <tag k="source" v="cadastre-dgi-fr source : Direction Générale des Impôts - Cadastre. Mise à jour : 2011"/>
 </way>
 <way id="127387921" visible="true" version="2" changeset="9178671" timestamp="2011-08-31T19:21:09Z" user="PierenBot" uid="201149">
  <nd ref="1410193401"/>
  <nd ref="1410193349"/>
  <nd ref="1410193278"/>
  <nd ref="1410193286"/>
  <nd ref="1410193247"/>
  <nd ref="1410193252"/>
  <nd ref="1410193298"/>
  <nd ref="1410193312"/>
  <nd ref="1410193401"/>
  <tag k="building" v="yes"/>
  <tag k="source" v="cadastre-dgi-fr source : Direction Générale des Impôts - Cadastre. Mise à jour : 2011"/>
 </way>
 <way id="127387971" visible="true" version="4" changeset="160801063" timestamp="2024-12-30T17:03:58Z" user="Britzz" uid="7550430">
  <nd ref="1410193918"/>
  <nd ref="1410194011"/>
  <nd ref="1410194031"/>
  <nd ref="1410194072"/>
  <nd ref="1410194052"/>
  <nd ref="1410193981"/>
  <nd ref="1410193956"/>
  <nd ref="1410193893"/>
  <nd ref="1410193918"/>
  <tag k="building" v="yes"/>
  <tag k="source" v="cadastre-dgi-fr source : Direction Générale des Impôts - Cadastre. Mise à jour : 2011"/>
 </way>
 <way id="127388017" visible="true" version="2" changeset="9178671" timestamp="2011-08-31T19:21:54Z" user="PierenBot" uid="201149">
  <nd ref="1410193837"/>
  <nd ref="1410193729"/>
  <nd ref="1410193910"/>
  <nd ref="1410193924"/>
  <nd ref="1410194018"/>
  <nd ref="1410194058"/>
  <nd ref="1410194023"/>
  <nd ref="1410194002"/>
  <nd ref="1410193912"/>
  <nd ref="1410193837"/>
  <tag k="building" v="yes"/>
  <tag k="source" v="cadastre-dgi-fr source : Direction Générale des Impôts - Cadastre. Mise à jour : 2011"/>
 </way>
 <way id="127388021" visible="true" version="2" changeset="9178671" timestamp="2011-08-31T19:21:55Z" user="PierenBot" uid="201149">
  <nd ref="1410193015"/>
  <nd ref="1410192980"/>
  <nd ref="1410192972"/>
  <nd ref="1410192922"/>
  <nd ref="1410192991"/>
  <nd ref="1410192928"/>
  <nd ref="1410192932"/>
  <nd ref="1410193063"/>
  <nd ref="1410193030"/>
  <nd ref="1410193015"/>
  <tag k="building" v="yes"/>
  <tag k="source" v="cadastre-dgi-fr source : Direction Générale des Impôts - Cadastre. Mise à jour : 2011"/>
 </way>
 <way id="127478139" visible="true" version="6" changeset="160801063" timestamp="2024-12-30T17:03:58Z" user="Britzz" uid="7550430">
  <nd ref="1352644047"/>
  <nd ref="2414619515"/>
  <nd ref="1352644055"/>
  <nd ref="2414619516"/>
  <nd ref="2414619513"/>
  <nd ref="1352644046"/>
  <nd ref="3671497519"/>
  <nd ref="3671497522"/>
  <tag k="highway" v="pedestrian"/>
  <tag k="name" v="Rue de l'Église"/>
 </way>
 <way id="127478140" visible="true" version="6" changeset="125434403" timestamp="2022-08-27T08:57:12Z" user="Britzz" uid="7550430">
  <nd ref="1352644006"/>
  <nd ref="1352644004"/>
  <nd ref="9981263821"/>
  <nd ref="1352644007"/>
  <nd ref="9981263820"/>
  <nd ref="2745680031"/>
  <nd ref="1352644008"/>
  <nd ref="9981263829"/>
  <nd ref="3671497510"/>
  <nd ref="1352644009"/>
  <nd ref="3671497512"/>
  <nd ref="1352644012"/>
  <nd ref="3671497515"/>
  <nd ref="1352644027"/>
  <nd ref="1352644031"/>
  <tag k="highway" v="track"/>
  <tag k="name" v="Ancien fossé &quot;Lou ballat&quot;"/>
  <tag k="tracktype" v="grade1"/>
 </way>
 <way id="127478141" visible="true" version="5" changeset="125434403" timestamp="2022-08-27T08:57:12Z" user="Britzz" uid="7550430">
  <nd ref="1410847460"/>
  <nd ref="1410847465"/>
  <nd ref="2414619518"/>
  <nd ref="1410847464"/>
  <nd ref="2414619514"/>
  <nd ref="1410194081"/>
  <nd ref="9981263817"/>
  <nd ref="1410847460"/>
  <tag k="building" v="yes"/>
  <tag k="heritage" v="2"/>
  <tag k="heritage:operator" v="mhs"/>
  <tag k="historic" v="castle"/>
  <tag k="mhs:inscription_date" v="1929-11-30"/>
  <tag k="name" v="Château de la Garde-Guérin"/>
  <tag k="ref:mhs" v="PA00103898"/>
  <tag k="ruins" v="yes"/>
  <tag k="source:heritage" v="data.gouv.fr, Ministère de la Culture - 2016"/>
  <tag k="start_date" v="C13"/>
  <tag k="wikidata" v="Q2969552"/>
  <tag k="wikipedia" v="fr:Château de La Garde-Guérin"/>
 </way>
 <way id="222985759" visible="true" version="5" changeset="145287445" timestamp="2023-12-19T11:27:57Z" user="cricri" uid="23669">
  <nd ref="2319357420"/>
  <nd ref="2319357461"/>
  <nd ref="2319357463"/>
  <nd ref="2319357501"/>
  <nd ref="2319357445"/>
  <nd ref="2319357482"/>
  <nd ref="2319357466"/>
  <nd ref="2319357488"/>
  <nd ref="2319357489"/>
  <nd ref="2319357495"/>
  <nd ref="2319357429"/>
  <nd ref="2319357491"/>
  <nd ref="2319357464"/>
  <nd ref="2319357434"/>
  <nd ref="2319357496"/>
  <nd ref="2319357432"/>
  <nd ref="2319357417"/>
  <nd ref="2319357430"/>
  <nd ref="2319357433"/>
  <nd ref="2319357436"/>
  <nd ref="2319357439"/>
  <nd ref="2319357437"/>
  <nd ref="2319357486"/>
  <nd ref="2319357515"/>
  <nd ref="2319357440"/>
  <nd ref="2319357533"/>
  <nd ref="2319357514"/>
  <nd ref="2319357518"/>
  <nd ref="2319357520"/>
  <nd ref="2319357521"/>
  <nd ref="2319357457"/>
  <nd ref="2319357494"/>
  <nd ref="2319357460"/>
  <nd ref="2319357481"/>
  <nd ref="2319357534"/>
  <nd ref="2319357454"/>
  <nd ref="2319357455"/>
  <nd ref="2319357458"/>
  <nd ref="2319357479"/>
  <nd ref="2319357527"/>
  <nd ref="2319357470"/>
  <nd ref="2319357469"/>
  <nd ref="2319357467"/>
  <nd ref="2319357448"/>
  <nd ref="2319357451"/>
  <nd ref="2319357526"/>
  <nd ref="2319357449"/>
  <nd ref="2319357427"/>
  <nd ref="2319357446"/>
  <nd ref="2319357476"/>
  <nd ref="2319357499"/>
  <nd ref="2319357478"/>
  <nd ref="2319357472"/>
  <nd ref="2319357473"/>
  <nd ref="2319357475"/>
  <nd ref="2319357485"/>
  <nd ref="2319357442"/>
  <nd ref="2319357504"/>
  <nd ref="2319357483"/>
  <nd ref="2319357498"/>
  <nd ref="2319357421"/>
  <nd ref="2319357528"/>
  <nd ref="2319357426"/>
  <nd ref="2319357423"/>
  <nd ref="2319357418"/>
  <nd ref="2319357508"/>
  <nd ref="2319357511"/>
  <nd ref="2319357512"/>
  <nd ref="2319357492"/>
  <nd ref="2319357535"/>
  <nd ref="2319357537"/>
  <nd ref="2319357507"/>
  <nd ref="2319357531"/>
  <nd ref="2319357517"/>
  <nd ref="2319357502"/>
  <nd ref="2319357505"/>
  <nd ref="2414619521"/>
  <nd ref="2319357424"/>
  <tag k="foot" v="destination"/>
  <tag k="highway" v="path"/>
  <tag k="name" v="Chemin Bleu"/>
 </way>
 <way id="222989336" visible="true" version="8" changeset="171951230" timestamp="2025-09-15T08:07:53Z" user="serge Raidon" uid="18524142">
  <nd ref="13144003920"/>
  <nd ref="13144003919"/>
  <nd ref="13144003918"/>
  <nd ref="13144003917"/>
  <nd ref="13144003916"/>
  <nd ref="1354593432"/>
  <nd ref="1354593433"/>
  <nd ref="3669289011"/>
  <nd ref="3669289010"/>
  <nd ref="1354593434"/>
  <nd ref="1354593467"/>
  <nd ref="2745680089"/>
  <nd ref="1354593478"/>
  <nd ref="1354593449"/>
  <nd ref="3669289007"/>
  <nd ref="1354593392"/>
  <nd ref="1354593502"/>
  <nd ref="1354593482"/>
  <nd ref="1354593483"/>
  <nd ref="3671497520"/>
  <tag k="highway" v="path"/>
  <tag k="surface" v="dirt"/>
 </way>
 <way id="233127325" visible="true" version="4" changeset="160801063" timestamp="2024-12-30T17:03:58Z" user="Britzz" uid="7550430">
  <nd ref="2414619509"/>
  <nd ref="2414619505"/>
  <nd ref="2414619503"/>
  <nd ref="2414619502"/>
  <nd ref="2414619500"/>
  <nd ref="2414619499"/>
  <nd ref="2414619498"/>
  <nd ref="3671497511"/>
  <nd ref="9981263824"/>
  <nd ref="2414619494"/>
  <nd ref="9981263823"/>
  <nd ref="3671497509"/>
  <nd ref="2414619495"/>
  <tag k="highway" v="pedestrian"/>
  <tag k="name" v="Rue de l'École"/>
 </way>
 <way id="233127326" visible="true" version="2" changeset="110477895" timestamp="2021-08-30T19:45:48Z" user="LouisXIV" uid="12573630">
  <nd ref="1352644006"/>
  <nd ref="9049036606"/>
  <nd ref="2414619492"/>
  <nd ref="9049036607"/>
  <nd ref="2414619493"/>
  <nd ref="2414619496"/>
  <nd ref="2414619497"/>
  <nd ref="2414619501"/>
  <nd ref="2414619504"/>
  <nd ref="2414619507"/>
  <nd ref="2414619512"/>
  <nd ref="2414619517"/>
  <nd ref="2414619520"/>
  <nd ref="2319357424"/>
  <nd ref="2319357510"/>
  <nd ref="2319357452"/>
  <nd ref="1352644071"/>
  <tag k="highway" v="path"/>
 </way>
 <way id="233127328" visible="true" version="3" changeset="145287445" timestamp="2023-12-19T11:27:57Z" user="cricri" uid="23669">
  <nd ref="2414619511"/>
  <nd ref="2414619513"/>
  <tag k="highway" v="path"/>
 </way>
 <way id="233127329" visible="true" version="4" changeset="142927673" timestamp="2023-10-21T15:15:23Z" user="Néoven" uid="663528">
  <nd ref="1352644028"/>
  <nd ref="2414619510"/>
  <tag k="highway" v="path"/>
  <tag k="surface" v="unhewn_cobblestone"/>
 </way>
 <way id="233127330" visible="true" version="1" changeset="17304243" timestamp="2013-08-11T14:40:19Z" user="Britz" uid="143703">
  <nd ref="2414619510"/>
  <nd ref="2414619511"/>
  <tag k="highway" v="steps"/>
 </way>
 <way id="233127331" visible="true" version="5" changeset="187218311" timestamp="2026-08-10T08:49:08Z" user="Britzz" uid="7550430">
  <nd ref="1352644011"/>
  <nd ref="5045928778"/>
  <nd ref="1352644034"/>
  <tag k="highway" v="pedestrian"/>
  <tag k="name" v="Rue du Centre"/>
  <tag k="surface" v="sett"/>
 </way>
 <way id="233127332" visible="true" version="4" changeset="139715772" timestamp="2023-08-10T16:53:41Z" user="Britzz" uid="7550430">
  <nd ref="3671497520"/>
  <nd ref="5045928781"/>
  <nd ref="5045928780"/>
  <nd ref="1352644069"/>
  <nd ref="2414619519"/>
  <nd ref="1352644071"/>
  <tag k="highway" v="service"/>
  <tag k="surface" v="dirt"/>
 </way>
 <way id="233127333" visible="true" version="4" changeset="132410282" timestamp="2023-02-11T15:46:23Z" user="cricri" uid="23669">
  <nd ref="1399831954"/>
  <nd ref="1399831935"/>
  <nd ref="1399831947"/>
  <nd ref="1399831932"/>
  <nd ref="1399831906"/>
  <nd ref="1399831902"/>
  <nd ref="1399831827"/>
  <nd ref="1399831897"/>
  <nd ref="1399831977"/>
  <nd ref="1399831948"/>
  <nd ref="1399831950"/>
  <nd ref="1399831957"/>
  <nd ref="1399831955"/>
  <nd ref="1399831993"/>
  <nd ref="1399831784"/>
  <nd ref="1399831786"/>
  <nd ref="3670318737"/>
  <nd ref="1399831852"/>
  <nd ref="1399831847"/>
  <nd ref="1399831846"/>
  <nd ref="1399831800"/>
  <nd ref="1399831851"/>
  <nd ref="1399831859"/>
  <nd ref="1399831930"/>
  <nd ref="1399831946"/>
  <nd ref="1399831985"/>
  <nd ref="1399831990"/>
  <nd ref="1399831996"/>
  <nd ref="1399831861"/>
  <nd ref="1399831863"/>
  <nd ref="1399831849"/>
  <nd ref="1399831866"/>
  <nd ref="1399831873"/>
  <nd ref="1399831894"/>
  <nd ref="1399831898"/>
  <nd ref="1399831903"/>
  <nd ref="1399831921"/>
  <nd ref="1399831924"/>
  <nd ref="1399831926"/>
  <tag k="highway" v="track"/>
  <tag k="tracktype" v="grade5"/>
 </way>
 <way id="336808633" visible="true" version="19" changeset="187253326" timestamp="2026-08-10T20:39:36Z" user="Britzz" uid="7550430">
  <nd ref="1335304786"/>
  <nd ref="518576033"/>
  <nd ref="1335304756"/>
  <nd ref="518576030"/>
  <nd ref="1335304768"/>
  <nd ref="518576029"/>
  <nd ref="518576028"/>
  <nd ref="14086283511"/>
  <nd ref="12463303357"/>
  <nd ref="518576027"/>
  <nd ref="12463303355"/>
  <nd ref="518576026"/>
  <nd ref="564679276"/>
  <nd ref="518576022"/>
  <nd ref="518576021"/>
  <nd ref="12867166389"/>
  <nd ref="564679273"/>
  <nd ref="12867166390"/>
  <nd ref="564679272"/>
  <nd ref="564679288"/>
  <nd ref="564679290"/>
  <nd ref="564679289"/>
  <nd ref="564679287"/>
  <nd ref="564679284"/>
  <nd ref="564679283"/>
  <nd ref="475850110"/>
  <nd ref="1334002734"/>
  <nd ref="868080926"/>
  <nd ref="1334002578"/>
  <nd ref="627140553"/>
  <nd ref="475850108"/>
  <nd ref="475850107"/>
  <nd ref="1334002700"/>
  <nd ref="1334002646"/>
  <nd ref="475850105"/>
  <nd ref="475850103"/>
  <nd ref="475850102"/>
  <nd ref="13045909699"/>
  <nd ref="13045909698"/>
  <nd ref="627140564"/>
  <nd ref="13045909700"/>
  <nd ref="13046059501"/>
  <nd ref="475850100"/>
  <nd ref="12873488013"/>
  <nd ref="12873488012"/>
  <nd ref="564679430"/>
  <nd ref="564679429"/>
  <nd ref="12892389807"/>
  <nd ref="12892389806"/>
  <nd ref="12892389805"/>
  <nd ref="12892389804"/>
  <nd ref="12892389803"/>
  <nd ref="12892389802"/>
  <nd ref="12892389801"/>
  <nd ref="12892357900"/>
  <nd ref="12892357868"/>
  <nd ref="12892357869"/>
  <nd ref="12892357870"/>
  <nd ref="564679428"/>
  <nd ref="12892357871"/>
  <nd ref="12892357873"/>
  <nd ref="12892357874"/>
  <nd ref="564679427"/>
  <nd ref="12892357875"/>
  <nd ref="12892357876"/>
  <nd ref="12892357877"/>
  <nd ref="12892357879"/>
  <nd ref="12892357880"/>
  <nd ref="564679425"/>
  <nd ref="12892357881"/>
  <nd ref="12892357882"/>
  <nd ref="12892357883"/>
  <nd ref="12892357884"/>
  <nd ref="12892357885"/>
  <nd ref="12892357886"/>
  <nd ref="12892357887"/>
  <nd ref="12892357888"/>
  <nd ref="564679432"/>
  <nd ref="12892357889"/>
  <nd ref="12892357890"/>
  <nd ref="12892389808"/>
  <nd ref="564679431"/>
  <nd ref="12892389809"/>
  <nd ref="564679442"/>
  <nd ref="564679441"/>
  <nd ref="564679470"/>
  <nd ref="564679469"/>
  <nd ref="564679468"/>
  <nd ref="564679486"/>
  <nd ref="564679487"/>
  <nd ref="564679488"/>
  <nd ref="564679489"/>
  <nd ref="564679460"/>
  <nd ref="564679461"/>
  <nd ref="564679462"/>
  <nd ref="564679463"/>
  <nd ref="564679440"/>
  <nd ref="564679436"/>
  <nd ref="564679437"/>
  <nd ref="564679434"/>
  <nd ref="564679435"/>
  <nd ref="564679439"/>
  <nd ref="564679426"/>
  <nd ref="564679438"/>
  <nd ref="564679458"/>
  <nd ref="564679459"/>
  <nd ref="564679452"/>
  <nd ref="564679451"/>
  <nd ref="564679447"/>
  <nd ref="564679448"/>
  <nd ref="526552199"/>
  <nd ref="564679450"/>
  <nd ref="564679443"/>
  <nd ref="564679444"/>
  <nd ref="564679445"/>
  <nd ref="564679446"/>
  <nd ref="564679457"/>
  <nd ref="564679456"/>
  <nd ref="564679453"/>
  <nd ref="564679454"/>
  <nd ref="564679466"/>
  <nd ref="564679467"/>
  <nd ref="564679464"/>
  <nd ref="564679465"/>
  <nd ref="564679484"/>
  <nd ref="564679485"/>
  <nd ref="564679490"/>
  <nd ref="564679493"/>
  <nd ref="564679492"/>
  <nd ref="564679491"/>
  <nd ref="564679495"/>
  <nd ref="564679494"/>
  <nd ref="564679497"/>
  <nd ref="564679496"/>
  <nd ref="564679506"/>
  <nd ref="564679507"/>
  <nd ref="564679505"/>
  <nd ref="564679501"/>
  <nd ref="564679500"/>
  <nd ref="564679499"/>
  <nd ref="564679498"/>
  <nd ref="564679504"/>
  <nd ref="564679503"/>
  <nd ref="564679502"/>
  <nd ref="564679680"/>
  <nd ref="564679679"/>
  <nd ref="564679678"/>
  <nd ref="564679677"/>
  <nd ref="564679674"/>
  <nd ref="564679673"/>
  <nd ref="564679676"/>
  <nd ref="564679675"/>
  <nd ref="564679672"/>
  <nd ref="564679681"/>
  <nd ref="564679683"/>
  <nd ref="564679682"/>
  <nd ref="564679692"/>
  <nd ref="564679691"/>
  <nd ref="564679690"/>
  <nd ref="564679689"/>
  <nd ref="564679714"/>
  <nd ref="564679713"/>
  <nd ref="564679712"/>
  <nd ref="564679710"/>
  <nd ref="564679708"/>
  <nd ref="564680071"/>
  <nd ref="564680074"/>
  <nd ref="564680075"/>
  <nd ref="564680072"/>
  <nd ref="564680073"/>
  <nd ref="564679695"/>
  <nd ref="564679696"/>
  <nd ref="564679693"/>
  <nd ref="564679694"/>
  <nd ref="564680050"/>
  <nd ref="564679697"/>
  <nd ref="564679685"/>
  <nd ref="564679686"/>
  <nd ref="7972853652"/>
  <nd ref="564679687"/>
  <nd ref="564679684"/>
  <nd ref="564679688"/>
  <nd ref="564679508"/>
  <nd ref="564679509"/>
  <nd ref="564679510"/>
  <nd ref="564679511"/>
  <nd ref="564679512"/>
  <nd ref="564679972"/>
  <nd ref="564679973"/>
  <nd ref="564679970"/>
  <nd ref="564679971"/>
  <nd ref="564679968"/>
  <nd ref="564679969"/>
  <nd ref="564679974"/>
  <nd ref="564679975"/>
  <nd ref="564679953"/>
  <nd ref="564679954"/>
  <nd ref="564679957"/>
  <nd ref="564679958"/>
  <nd ref="564679959"/>
  <nd ref="520848759"/>
  <nd ref="520848758"/>
  <nd ref="520848757"/>
  <nd ref="520848756"/>
  <nd ref="520848755"/>
  <nd ref="520848754"/>
  <nd ref="520848753"/>
  <nd ref="520848752"/>
  <nd ref="520848751"/>
  <nd ref="520848750"/>
  <nd ref="520848749"/>
  <nd ref="1963416153"/>
  <nd ref="520848748"/>
  <nd ref="520848747"/>
  <nd ref="520848746"/>
  <nd ref="520848745"/>
  <nd ref="520848744"/>
  <nd ref="520848743"/>
  <nd ref="520848742"/>
  <nd ref="564679985"/>
  <nd ref="564679984"/>
  <nd ref="564679987"/>
  <nd ref="564679986"/>
  <nd ref="564679989"/>
  <nd ref="564679988"/>
  <nd ref="564679990"/>
  <nd ref="564680026"/>
  <nd ref="564680025"/>
  <nd ref="564680022"/>
  <nd ref="564680023"/>
  <nd ref="564680024"/>
  <nd ref="564680019"/>
  <nd ref="564680020"/>
  <nd ref="564680021"/>
  <nd ref="564680011"/>
  <nd ref="564680018"/>
  <nd ref="12869177109"/>
  <nd ref="12869177108"/>
  <nd ref="12869177107"/>
  <nd ref="564680017"/>
  <nd ref="564680016"/>
  <nd ref="12869177105"/>
  <nd ref="12869177106"/>
  <nd ref="564680015"/>
  <nd ref="564680028"/>
  <nd ref="564680013"/>
  <nd ref="12869177113"/>
  <nd ref="12869177114"/>
  <nd ref="12869177112"/>
  <nd ref="12869177111"/>
  <nd ref="12869177110"/>
  <nd ref="849829675"/>
  <nd ref="849834183"/>
  <nd ref="12715618098"/>
  <nd ref="3669290129"/>
  <nd ref="9095263630"/>
  <nd ref="523416380"/>
  <nd ref="523416379"/>
  <nd ref="523416378"/>
  <nd ref="564680043"/>
  <nd ref="564680027"/>
  <nd ref="564680031"/>
  <nd ref="564680032"/>
  <nd ref="564680029"/>
  <nd ref="564680030"/>
  <nd ref="564680037"/>
  <nd ref="564680039"/>
  <nd ref="564680038"/>
  <nd ref="564680041"/>
  <nd ref="564680040"/>
  <nd ref="518574911"/>
  <nd ref="518574909"/>
  <nd ref="518574906"/>
  <nd ref="518574905"/>
  <nd ref="518574903"/>
  <nd ref="518574901"/>
  <nd ref="564680007"/>
  <nd ref="564680006"/>
  <nd ref="564680005"/>
  <nd ref="518574895"/>
  <nd ref="518574894"/>
  <nd ref="564680008"/>
  <nd ref="518574891"/>
  <nd ref="518574890"/>
  <nd ref="518574889"/>
  <nd ref="518574888"/>
  <nd ref="518574887"/>
  <nd ref="518574886"/>
  <nd ref="564680001"/>
  <nd ref="518574883"/>
  <nd ref="518574882"/>
  <nd ref="518574881"/>
  <nd ref="518574880"/>
  <nd ref="564680004"/>
  <nd ref="564680003"/>
  <nd ref="564680002"/>
  <nd ref="518574876"/>
  <nd ref="518574875"/>
  <nd ref="564680058"/>
  <nd ref="564680057"/>
  <nd ref="564680053"/>
  <nd ref="564680052"/>
  <nd ref="564680051"/>
  <nd ref="564680046"/>
  <nd ref="564680047"/>
  <nd ref="564680056"/>
  <nd ref="564680054"/>
  <nd ref="564680055"/>
  <nd ref="564680060"/>
  <nd ref="564680061"/>
  <nd ref="564680059"/>
  <nd ref="564680065"/>
  <nd ref="564680062"/>
  <nd ref="564680063"/>
  <nd ref="564680064"/>
  <nd ref="564680048"/>
  <nd ref="564680049"/>
  <nd ref="564680070"/>
  <nd ref="564680079"/>
  <nd ref="564680076"/>
  <nd ref="9060968634"/>
  <nd ref="564680077"/>
  <nd ref="564680078"/>
  <nd ref="564680066"/>
  <nd ref="9060957035"/>
  <nd ref="564680069"/>
  <nd ref="564680067"/>
  <nd ref="564680068"/>
  <nd ref="564680080"/>
  <nd ref="564680081"/>
  <nd ref="564680087"/>
  <nd ref="564680088"/>
  <nd ref="564680085"/>
  <nd ref="564680086"/>
  <nd ref="564680084"/>
  <nd ref="564680092"/>
  <nd ref="564680093"/>
  <nd ref="564680094"/>
  <nd ref="564680095"/>
  <nd ref="564680089"/>
  <nd ref="564680090"/>
  <nd ref="564680091"/>
  <nd ref="564680098"/>
  <nd ref="564680096"/>
  <nd ref="564680097"/>
  <nd ref="564680099"/>
  <nd ref="523416336"/>
  <nd ref="523416335"/>
  <nd ref="523416334"/>
  <nd ref="523416332"/>
  <nd ref="523416331"/>
  <nd ref="523416330"/>
  <nd ref="523416329"/>
  <nd ref="523416328"/>
  <nd ref="523416327"/>
  <nd ref="523416326"/>
  <nd ref="523416324"/>
  <nd ref="564680159"/>
  <nd ref="564680163"/>
  <nd ref="527007229"/>
  <nd ref="564680161"/>
  <nd ref="527007227"/>
  <nd ref="527007226"/>
  <nd ref="527007225"/>
  <nd ref="527007222"/>
  <nd ref="527007220"/>
  <nd ref="527007218"/>
  <nd ref="527007216"/>
  <nd ref="527007214"/>
  <nd ref="527007212"/>
  <nd ref="527007210"/>
  <nd ref="527007207"/>
  <nd ref="527007205"/>
  <nd ref="564680182"/>
  <nd ref="527007200"/>
  <nd ref="564680183"/>
  <nd ref="527007196"/>
  <nd ref="527007192"/>
  <nd ref="527007191"/>
  <nd ref="527007190"/>
  <nd ref="527007188"/>
  <nd ref="527007187"/>
  <nd ref="527007186"/>
  <nd ref="527007185"/>
  <nd ref="527007184"/>
  <nd ref="564680173"/>
  <nd ref="527007182"/>
  <nd ref="527007181"/>
  <nd ref="523416306"/>
  <nd ref="523416304"/>
  <nd ref="523416303"/>
  <nd ref="523416302"/>
  <nd ref="523416301"/>
  <nd ref="523416300"/>
  <nd ref="523416299"/>
  <nd ref="523416298"/>
  <nd ref="564680287"/>
  <nd ref="564680286"/>
  <nd ref="564680285"/>
  <nd ref="564680296"/>
  <nd ref="564680295"/>
  <nd ref="564680294"/>
  <nd ref="564680299"/>
  <nd ref="564680298"/>
  <nd ref="564680297"/>
  <nd ref="564680292"/>
  <nd ref="564680291"/>
  <nd ref="564680293"/>
  <nd ref="564680282"/>
  <nd ref="564680281"/>
  <nd ref="564680280"/>
  <nd ref="564680303"/>
  <nd ref="564680302"/>
  <nd ref="564680301"/>
  <nd ref="564680300"/>
  <nd ref="564680305"/>
  <nd ref="564680304"/>
  <nd ref="564680309"/>
  <nd ref="564680308"/>
  <nd ref="564680307"/>
  <nd ref="564680306"/>
  <nd ref="564680321"/>
  <nd ref="564680320"/>
  <nd ref="564680319"/>
  <nd ref="564680318"/>
  <nd ref="564680316"/>
  <nd ref="564680317"/>
  <nd ref="564680324"/>
  <nd ref="564680325"/>
  <nd ref="564680322"/>
  <nd ref="564680323"/>
  <nd ref="527006274"/>
  <nd ref="527006273"/>
  <nd ref="527006272"/>
  <nd ref="527006271"/>
  <nd ref="527006270"/>
  <nd ref="527006268"/>
  <nd ref="527006267"/>
  <nd ref="527006266"/>
  <nd ref="527006265"/>
  <nd ref="527006264"/>
  <nd ref="527006263"/>
  <nd ref="527006262"/>
  <nd ref="527006261"/>
  <nd ref="527006260"/>
  <nd ref="527006259"/>
  <nd ref="527006258"/>
  <nd ref="527006257"/>
  <nd ref="527006256"/>
  <nd ref="527006255"/>
  <nd ref="527006254"/>
  <nd ref="527006253"/>
  <nd ref="527006252"/>
  <nd ref="527006251"/>
  <nd ref="527006250"/>
  <nd ref="527006249"/>
  <nd ref="527006247"/>
  <nd ref="527006246"/>
  <nd ref="527006245"/>
  <nd ref="527006244"/>
  <nd ref="527006243"/>
  <nd ref="526548985"/>
  <nd ref="526548984"/>
  <nd ref="526548983"/>
  <nd ref="526548982"/>
  <nd ref="526548980"/>
  <nd ref="526548978"/>
  <nd ref="526548977"/>
  <nd ref="526548975"/>
  <nd ref="526548973"/>
  <nd ref="526548971"/>
  <nd ref="526548969"/>
  <nd ref="526548967"/>
  <nd ref="526548964"/>
  <nd ref="526548962"/>
  <nd ref="526548960"/>
  <nd ref="526548958"/>
  <nd ref="526548956"/>
  <nd ref="526548954"/>
  <nd ref="526548953"/>
  <nd ref="526548951"/>
  <nd ref="526548949"/>
  <nd ref="526548947"/>
  <nd ref="526548945"/>
  <nd ref="526548943"/>
  <nd ref="526548941"/>
  <nd ref="526548939"/>
  <nd ref="526548937"/>
  <nd ref="526548935"/>
  <nd ref="526548933"/>
  <nd ref="526548931"/>
  <nd ref="526548930"/>
  <nd ref="526548928"/>
  <nd ref="526548926"/>
  <nd ref="526548924"/>
  <nd ref="526548922"/>
  <nd ref="526548920"/>
  <nd ref="526548918"/>
  <nd ref="526548916"/>
  <nd ref="526548914"/>
  <nd ref="526548912"/>
  <nd ref="526548910"/>
  <nd ref="526548908"/>
  <nd ref="526548906"/>
  <nd ref="526548904"/>
  <nd ref="526548902"/>
  <nd ref="526548901"/>
  <nd ref="526548900"/>
  <nd ref="526548899"/>
  <nd ref="526548898"/>
  <nd ref="526548897"/>
  <nd ref="526548896"/>
  <nd ref="526548895"/>
  <nd ref="526548894"/>
  <nd ref="526548893"/>
  <nd ref="526548892"/>
  <nd ref="526548891"/>
  <nd ref="526548890"/>
  <nd ref="526548889"/>
  <nd ref="526548888"/>
  <nd ref="526548887"/>
  <nd ref="526548886"/>
  <nd ref="526548885"/>
  <nd ref="526548884"/>
  <nd ref="526548883"/>
  <nd ref="526548882"/>
  <nd ref="526548881"/>
  <nd ref="526548880"/>
  <nd ref="526548879"/>
  <nd ref="526548878"/>
  <nd ref="526548877"/>
  <nd ref="526548876"/>
  <nd ref="526548875"/>
  <nd ref="6452394147"/>
  <nd ref="526548874"/>
  <nd ref="526548873"/>
  <nd ref="526548872"/>
  <nd ref="526548871"/>
  <nd ref="526548870"/>
  <nd ref="526548869"/>
  <nd ref="526548868"/>
  <nd ref="521779766"/>
  <nd ref="521779760"/>
  <nd ref="521779758"/>
  <nd ref="521779756"/>
  <nd ref="521779755"/>
  <nd ref="521779754"/>
  <nd ref="521779753"/>
  <nd ref="521779752"/>
  <nd ref="521779750"/>
  <nd ref="521779749"/>
  <nd ref="521779748"/>
  <nd ref="521779746"/>
  <nd ref="521779745"/>
  <nd ref="521779744"/>
  <nd ref="521779742"/>
  <nd ref="521779741"/>
  <nd ref="521779740"/>
  <nd ref="521779738"/>
  <nd ref="521779737"/>
  <nd ref="521779735"/>
  <nd ref="521779733"/>
  <nd ref="521779732"/>
  <nd ref="521779731"/>
  <nd ref="521779729"/>
  <nd ref="521779728"/>
  <nd ref="521779726"/>
  <nd ref="521779725"/>
  <nd ref="521779724"/>
  <nd ref="521779723"/>
  <nd ref="521779722"/>
  <nd ref="521779721"/>
  <nd ref="564680245"/>
  <nd ref="564680253"/>
  <nd ref="564680252"/>
  <nd ref="564680251"/>
  <nd ref="564680250"/>
  <nd ref="564680249"/>
  <nd ref="521779685"/>
  <nd ref="521779684"/>
  <nd ref="521779682"/>
  <nd ref="521779680"/>
  <nd ref="521779679"/>
  <nd ref="521779677"/>
  <nd ref="521779676"/>
  <nd ref="521779674"/>
  <nd ref="527010383"/>
  <nd ref="564679892"/>
  <nd ref="564679890"/>
  <nd ref="564679889"/>
  <nd ref="564679891"/>
  <nd ref="564679884"/>
  <nd ref="564679885"/>
  <nd ref="564679882"/>
  <nd ref="564679883"/>
  <nd ref="564679888"/>
  <nd ref="564679887"/>
  <nd ref="564679886"/>
  <nd ref="564679879"/>
  <nd ref="564679881"/>
  <nd ref="564679880"/>
  <nd ref="564679875"/>
  <nd ref="564679876"/>
  <nd ref="564679877"/>
  <nd ref="564679878"/>
  <nd ref="564679863"/>
  <nd ref="564679864"/>
  <nd ref="564679867"/>
  <nd ref="564679866"/>
  <nd ref="564679868"/>
  <nd ref="564679874"/>
  <nd ref="564679873"/>
  <nd ref="564679870"/>
  <nd ref="564679869"/>
  <nd ref="564679872"/>
  <nd ref="564679871"/>
  <nd ref="564679825"/>
  <nd ref="564679826"/>
  <nd ref="564679827"/>
  <nd ref="564679828"/>
  <nd ref="564679824"/>
  <nd ref="564679852"/>
  <nd ref="564679847"/>
  <nd ref="564679846"/>
  <nd ref="564679851"/>
  <nd ref="564679850"/>
  <nd ref="564679849"/>
  <nd ref="564679848"/>
  <nd ref="564679860"/>
  <nd ref="564679859"/>
  <nd ref="564679858"/>
  <nd ref="564679857"/>
  <nd ref="564679893"/>
  <nd ref="564679895"/>
  <nd ref="564679894"/>
  <nd ref="564679897"/>
  <nd ref="564679896"/>
  <nd ref="564679950"/>
  <nd ref="564679949"/>
  <nd ref="564679948"/>
  <nd ref="564679952"/>
  <nd ref="564679951"/>
  <nd ref="564679936"/>
  <nd ref="564679935"/>
  <nd ref="564679940"/>
  <nd ref="564679939"/>
  <nd ref="564679944"/>
  <nd ref="523423669"/>
  <nd ref="523423668"/>
  <nd ref="564679941"/>
  <nd ref="564679947"/>
  <nd ref="564679946"/>
  <nd ref="564679945"/>
  <nd ref="564679938"/>
  <nd ref="564679937"/>
  <nd ref="564679932"/>
  <nd ref="564679931"/>
  <nd ref="564679934"/>
  <nd ref="564679933"/>
  <nd ref="564679861"/>
  <nd ref="564679862"/>
  <nd ref="1536588190"/>
  <nd ref="564679854"/>
  <nd ref="564679856"/>
  <nd ref="564679855"/>
  <nd ref="564679853"/>
  <nd ref="564679844"/>
  <nd ref="564679845"/>
  <nd ref="564679909"/>
  <nd ref="564679911"/>
  <nd ref="564679910"/>
  <nd ref="564679915"/>
  <nd ref="564679914"/>
  <nd ref="564679913"/>
  <nd ref="564679912"/>
  <nd ref="564679919"/>
  <nd ref="564679923"/>
  <nd ref="564679922"/>
  <nd ref="564679921"/>
  <nd ref="564679920"/>
  <nd ref="564679924"/>
  <nd ref="564679929"/>
  <nd ref="564679930"/>
  <nd ref="564679926"/>
  <nd ref="564679925"/>
  <nd ref="564679928"/>
  <nd ref="564679927"/>
  <nd ref="564679917"/>
  <nd ref="564679916"/>
  <nd ref="564679918"/>
  <nd ref="564679903"/>
  <nd ref="564679908"/>
  <nd ref="564679907"/>
  <nd ref="564679906"/>
  <nd ref="564679904"/>
  <nd ref="564679905"/>
  <nd ref="564679901"/>
  <nd ref="564679902"/>
  <nd ref="564679899"/>
  <nd ref="525868387"/>
  <nd ref="525868386"/>
  <nd ref="525868385"/>
  <nd ref="525868384"/>
  <nd ref="1625130815"/>
  <nd ref="525868383"/>
  <nd ref="525868382"/>
  <nd ref="525868380"/>
  <nd ref="525868379"/>
  <nd ref="525868376"/>
  <nd ref="525868375"/>
  <nd ref="525868372"/>
  <nd ref="525868371"/>
  <nd ref="525868369"/>
  <nd ref="564679539"/>
  <nd ref="564679834"/>
  <nd ref="564679833"/>
  <nd ref="564679832"/>
  <nd ref="564679830"/>
  <nd ref="564679831"/>
  <nd ref="564679829"/>
  <nd ref="564679840"/>
  <nd ref="564679841"/>
  <nd ref="13046547338"/>
  <nd ref="564679843"/>
  <nd ref="564679842"/>
  <nd ref="564679839"/>
  <nd ref="564679838"/>
  <nd ref="564679800"/>
  <nd ref="564679799"/>
  <nd ref="564679835"/>
  <nd ref="564679836"/>
  <nd ref="564679837"/>
  <nd ref="564679540"/>
  <nd ref="525868367"/>
  <nd ref="525868366"/>
  <nd ref="525868364"/>
  <nd ref="525868362"/>
  <nd ref="525868361"/>
  <nd ref="525868358"/>
  <nd ref="3438909436"/>
  <nd ref="525868357"/>
  <nd ref="525868355"/>
  <nd ref="525868353"/>
  <nd ref="2415630625"/>
  <nd ref="525868352"/>
  <nd ref="525868351"/>
  <nd ref="525868349"/>
  <nd ref="525868346"/>
  <nd ref="525868345"/>
  <nd ref="5205015612"/>
  <nd ref="525868344"/>
  <nd ref="525868343"/>
  <nd ref="525868342"/>
  <nd ref="525868340"/>
  <nd ref="525868337"/>
  <nd ref="525868336"/>
  <nd ref="525868334"/>
  <nd ref="525868333"/>
  <nd ref="525868331"/>
  <nd ref="525868330"/>
  <nd ref="525868328"/>
  <nd ref="564679614"/>
  <nd ref="564679611"/>
  <nd ref="564679612"/>
  <nd ref="564679613"/>
  <nd ref="564679794"/>
  <nd ref="564679793"/>
  <nd ref="564679792"/>
  <nd ref="564679609"/>
  <nd ref="564679637"/>
  <nd ref="564679608"/>
  <nd ref="564679606"/>
  <nd ref="5071630873"/>
  <nd ref="564679607"/>
  <nd ref="3037831502"/>
  <tag k="source" v="Union européenne - SOeS, CORINE Land Cover, 2006."/>
 </way>
 <way id="362664431" visible="true" version="3" changeset="164321188" timestamp="2025-03-31T09:39:48Z" user="Pmz" uid="4363">
  <nd ref="1354593482"/>
  <nd ref="3669289002"/>
  <nd ref="3669289003"/>
  <nd ref="3669289004"/>
  <nd ref="3669289005"/>
  <nd ref="3669289006"/>
  <nd ref="3669289008"/>
  <nd ref="3669289009"/>
  <nd ref="12715607651"/>
  <nd ref="12715607652"/>
  <nd ref="12715607657"/>
  <nd ref="12715607658"/>
  <nd ref="12715607660"/>
  <nd ref="2745680094"/>
  <tag k="highway" v="path"/>
 </way>
 <way id="362774864" visible="true" version="6" changeset="142928401" timestamp="2023-10-21T15:00:54Z" user="Néoven" uid="663528">
  <nd ref="1410193765"/>
  <nd ref="1410193770"/>
  <nd ref="1410193398"/>
  <nd ref="1410193396"/>
  <nd ref="1410193388"/>
  <nd ref="1410193353"/>
  <nd ref="1410193380"/>
  <nd ref="3670318781"/>
  <nd ref="3670318783"/>
  <nd ref="1410193765"/>
  <tag k="amenity" v="place_of_worship"/>
  <tag k="building" v="church"/>
  <tag k="check_date" v="2023-10-21"/>
  <tag k="denomination" v="catholic"/>
  <tag k="heritage" v="2"/>
  <tag k="heritage:operator" v="mhs"/>
  <tag k="mhs:inscription_date" v="1928-11-10"/>
  <tag k="name" v="Église Saint-Michel"/>
  <tag k="ref:mhs" v="PA00103901"/>
  <tag k="religion" v="christian"/>
  <tag k="source" v="cadastre-dgi-fr source : Direction Générale des Impôts - Cadastre. Mise à jour : 2011"/>
  <tag k="source:heritage" v="data.gouv.fr, Ministère de la Culture - 2016"/>
  <tag k="start_date" v="C12"/>
  <tag k="wikidata" v="Q3583199"/>
  <tag k="wikipedia" v="fr:Église Saint-Michel de La Garde-Guérin"/>
 </way>
 <way id="362913980" visible="true" version="4" changeset="125434403" timestamp="2022-08-27T08:57:12Z" user="Britzz" uid="7550430">
  <nd ref="3671497520"/>
  <nd ref="1352644047"/>
  <nd ref="2414619509"/>
  <nd ref="1352644028"/>
  <nd ref="9981263822"/>
  <nd ref="3671497514"/>
  <nd ref="1352644011"/>
  <nd ref="3671497513"/>
  <nd ref="1410847458"/>
  <nd ref="2414619495"/>
  <nd ref="5045928742"/>
  <nd ref="1352644006"/>
  <tag k="highway" v="pedestrian"/>
  <tag k="name" v="Chemin de Régordane"/>
 </way>
 <way id="516972915" visible="true" version="2" changeset="51275541" timestamp="2017-08-20T12:02:11Z" user="Jerome____" uid="2631735">
  <nd ref="5045928743"/>
  <nd ref="5045928744"/>
  <nd ref="5045928745"/>
  <nd ref="5045928746"/>
  <nd ref="5045928747"/>
  <nd ref="5045928748"/>
  <nd ref="5045928749"/>
  <nd ref="1410193377"/>
  <nd ref="1410194008"/>
  <nd ref="5045928777"/>
  <nd ref="5045928776"/>
  <nd ref="5045928775"/>
  <nd ref="5045928774"/>
  <nd ref="5045928773"/>
  <nd ref="5045928772"/>
  <nd ref="5045928771"/>
  <nd ref="5045928770"/>
  <nd ref="5045928769"/>
  <nd ref="5045928768"/>
  <nd ref="5045928767"/>
  <nd ref="5045928766"/>
  <nd ref="5045928765"/>
  <nd ref="5045928764"/>
  <nd ref="5045928763"/>
  <nd ref="5045928762"/>
  <tag k="barrier" v="city_wall"/>
  <tag k="height" v="3.5"/>
  <tag k="historic" v="citywalls"/>
  <tag k="source" v="survey, IGN Ortho"/>
 </way>
 <way id="516972916" visible="true" version="2" changeset="125434403" timestamp="2022-08-27T08:57:12Z" user="Britzz" uid="7550430">
  <nd ref="5045928761"/>
  <nd ref="5045928760"/>
  <nd ref="5045928759"/>
  <nd ref="5045928758"/>
  <nd ref="5045928757"/>
  <nd ref="5045928756"/>
  <nd ref="5045928755"/>
  <nd ref="5045928754"/>
  <nd ref="1410192918"/>
  <nd ref="1410192793"/>
  <nd ref="1410192764"/>
  <nd ref="9981263828"/>
  <nd ref="9981263819"/>
  <nd ref="5045928753"/>
  <nd ref="5045928752"/>
  <nd ref="5045928751"/>
  <nd ref="9981263825"/>
  <nd ref="5045928750"/>
  <nd ref="1410192624"/>
  <tag k="barrier" v="city_wall"/>
  <tag k="height" v="3.5"/>
  <tag k="historic" v="citywalls"/>
  <tag k="source" v="survey, IGN Ortho"/>
 </way>
 <way id="892804076" visible="true" version="1" changeset="97069900" timestamp="2021-01-06T20:16:16Z" user="Luuuddooo" uid="388649">
  <nd ref="8297970947"/>
  <nd ref="8297970946"/>
  <nd ref="8297970945"/>
  <nd ref="8297970944"/>
  <nd ref="8297970947"/>
  <tag k="man_made" v="wastewater_plant"/>
  <tag k="source" v="BDOrtho IGN"/>
 </way>
 <way id="1062388478" visible="true" version="2" changeset="125434403" timestamp="2022-08-27T08:57:12Z" user="Britzz" uid="7550430">
  <nd ref="9759990096"/>
  <nd ref="9759990095"/>
  <nd ref="9981259107"/>
  <nd ref="1410193755"/>
  <tag k="barrier" v="wall"/>
 </way>
 <way id="1089630267" visible="true" version="2" changeset="139715773" timestamp="2023-08-10T16:53:47Z" user="Britzz" uid="7550430">
  <nd ref="9981259110"/>
  <nd ref="9981259109"/>
  <nd ref="9981259108"/>
  <nd ref="9981259111"/>
  <tag k="highway" v="path"/>
  <tag k="surface" v="grass"/>
 </way>
 <way id="1089630268" visible="true" version="7" changeset="139716014" timestamp="2023-08-10T16:59:09Z" user="Britzz" uid="7550430">
  <nd ref="9981259111"/>
  <nd ref="9981259112"/>
  <nd ref="9981259113"/>
  <tag k="handrail" v="yes"/>
  <tag k="highway" v="steps"/>
  <tag k="incline" v="up"/>
  <tag k="ramp" v="no"/>
  <tag k="step_count" v="13"/>
  <tag k="surface" v="sett"/>
  <tag k="tactile_paving" v="no"/>
 </way>
 <way id="1089630269" visible="true" version="1" changeset="125434403" timestamp="2022-08-27T08:57:12Z" user="Britzz" uid="7550430">
  <nd ref="9981259114"/>
  <nd ref="1410193996"/>
  <tag k="barrier" v="wall"/>
 </way>
 <way id="1089630270" visible="true" version="1" changeset="125434403" timestamp="2022-08-27T08:57:12Z" user="Britzz" uid="7550430">
  <nd ref="9981263817"/>
  <nd ref="9981259116"/>
  <nd ref="9981259115"/>
  <tag k="barrier" v="wall"/>
 </way>
 <way id="1089630271" visible="true" version="1" changeset="125434403" timestamp="2022-08-27T08:57:12Z" user="Britzz" uid="7550430">
  <nd ref="1410193239"/>
  <nd ref="9981263818"/>
  <nd ref="1410193384"/>
  <nd ref="1410193288"/>
  <nd ref="1410193275"/>
  <nd ref="1410193239"/>
  <tag k="building" v="house"/>
  <tag k="building:levels" v="3"/>
  <tag k="note" v="le cdastre est faux : une maison est bien reconstruite ici"/>
  <tag k="source" v="survey et BDOrtho"/>
 </way>
 <way id="1089630272" visible="true" version="2" changeset="145287445" timestamp="2023-12-19T11:27:57Z" user="cricri" uid="23669">
  <nd ref="2414619500"/>
  <nd ref="9981263822"/>
  <tag k="highway" v="path"/>
 </way>
 <way id="1089630273" visible="true" version="1" changeset="125434403" timestamp="2022-08-27T08:57:12Z" user="Britzz" uid="7550430">
  <nd ref="9981263819"/>
  <nd ref="9981263830"/>
  <nd ref="1410192965"/>
  <nd ref="1410192937"/>
  <nd ref="1410192986"/>
  <nd ref="9981263827"/>
  <nd ref="9981263826"/>
  <nd ref="9981263825"/>
  <nd ref="5045928751"/>
  <nd ref="5045928752"/>
  <nd ref="5045928753"/>
  <nd ref="9981263819"/>
  <tag k="access" v="private"/>
  <tag k="leisure" v="garden"/>
 </way>
 <way id="1089630274" visible="true" version="1" changeset="125434403" timestamp="2022-08-27T08:57:12Z" user="Britzz" uid="7550430">
  <nd ref="1410192986"/>
  <nd ref="9981263827"/>
  <nd ref="9981263826"/>
  <nd ref="9981263825"/>
  <tag k="barrier" v="wall"/>
 </way>
 <way id="1089630275" visible="true" version="2" changeset="145287445" timestamp="2023-12-19T11:27:57Z" user="cricri" uid="23669">
  <nd ref="9981263829"/>
  <nd ref="9981263828"/>
  <nd ref="2414619498"/>
  <tag k="highway" v="path"/>
 </way>
 <way id="1089630276" visible="true" version="1" changeset="125434403" timestamp="2022-08-27T08:57:12Z" user="Britzz" uid="7550430">
  <nd ref="1410192965"/>
  <nd ref="9981263830"/>
  <tag k="barrier" v="wall"/>
 </way>
 <way id="1089631101" visible="true" version="2" changeset="186781046" timestamp="2026-08-01T20:23:37Z" user="Britzz" uid="7550430">
  <nd ref="1352644035"/>
  <nd ref="5045928779"/>
  <nd ref="1352644031"/>
  <tag k="highway" v="service"/>
  <tag k="service" v="parking_aisle"/>
  <tag k="surface" v="asphalt"/>
 </way>
 <way id="1347369716" visible="true" version="1" changeset="160801063" timestamp="2024-12-30T17:03:58Z" user="Britzz" uid="7550430">
  <nd ref="3671497522"/>
  <nd ref="9981259110"/>
  <nd ref="1352644034"/>
  <tag k="highway" v="pedestrian"/>
  <tag k="name" v="Place de l'Église"/>
 </way>
 <way id="1347369717" visible="true" version="1" changeset="160801063" timestamp="2024-12-30T17:03:58Z" user="Britzz" uid="7550430">
  <nd ref="12463427126"/>
  <nd ref="5045928743"/>
  <nd ref="5045928744"/>
  <nd ref="5045928745"/>
  <nd ref="5045928746"/>
  <nd ref="5045928747"/>
  <nd ref="5045928748"/>
  <nd ref="5045928749"/>
  <nd ref="1410193377"/>
  <nd ref="1410194008"/>
  <nd ref="5045928777"/>
  <nd ref="5045928776"/>
  <nd ref="5045928775"/>
  <nd ref="5045928774"/>
  <nd ref="5045928773"/>
  <nd ref="5045928772"/>
  <nd ref="5045928771"/>
  <nd ref="5045928770"/>
  <nd ref="5045928769"/>
  <nd ref="5045928768"/>
  <nd ref="5045928767"/>
  <nd ref="5045928766"/>
  <nd ref="5045928765"/>
  <nd ref="5045928764"/>
  <nd ref="5045928763"/>
  <nd ref="5045928762"/>
  <nd ref="5045928761"/>
  <nd ref="5045928760"/>
  <nd ref="5045928759"/>
  <nd ref="5045928758"/>
  <nd ref="5045928757"/>
  <nd ref="5045928756"/>
  <nd ref="5045928755"/>
  <nd ref="5045928754"/>
  <nd ref="1410192918"/>
  <nd ref="1410192793"/>
  <nd ref="1410192764"/>
  <nd ref="9981263828"/>
  <nd ref="9981263819"/>
  <nd ref="5045928753"/>
  <nd ref="5045928752"/>
  <nd ref="5045928751"/>
  <nd ref="9981263825"/>
  <nd ref="5045928750"/>
  <nd ref="1410192624"/>
  <nd ref="1410192618"/>
  <nd ref="1410192620"/>
  <nd ref="1410192631"/>
  <nd ref="12463427126"/>
  <tag k="landuse" v="residential"/>
 </way>
 <way id="1392724736" visible="true" version="1" changeset="167273576" timestamp="2025-06-06T15:38:56Z" user="theo998" uid="509490">
  <nd ref="12892361983"/>
  <nd ref="12892361984"/>
  <nd ref="12892361985"/>
  <nd ref="12892361986"/>
  <nd ref="12892361987"/>
  <nd ref="12892361988"/>
  <nd ref="12892361989"/>
  <tag k="natural" v="cliff"/>
 </way>
 <relation id="325787" visible="true" version="14" changeset="186784451" timestamp="2026-08-01T22:20:11Z" user="Britzz" uid="7550430">
  <member type="way" ref="44422581" role="outer"/>
  <member type="way" ref="1089635455" role="outer"/>
  <member type="way" ref="336808633" role="outer"/>
  <member type="way" ref="516867036" role="inner"/>
  <member type="way" ref="1546619981" role="inner"/>
  <member type="way" ref="44422582" role="inner"/>
  <member type="way" ref="299872715" role="inner"/>
  <member type="way" ref="299872691" role="inner"/>
  <member type="way" ref="300176427" role="inner"/>
  <member type="way" ref="300176435" role="inner"/>
  <member type="way" ref="299804868" role="inner"/>
  <member type="way" ref="300176407" role="inner"/>
  <member type="way" ref="299872687" role="inner"/>
  <member type="way" ref="299872693" role="inner"/>
  <member type="way" ref="300176900" role="inner"/>
  <member type="way" ref="300176902" role="inner"/>
  <member type="way" ref="300176907" role="inner"/>
  <member type="way" ref="299872710" role="inner"/>
  <member type="way" ref="310912402" role="inner"/>
  <member type="way" ref="310912394" role="inner"/>
  <member type="way" ref="299872711" role="inner"/>
  <member type="way" ref="299872698" role="inner"/>
  <member type="way" ref="299872714" role="inner"/>
  <member type="way" ref="299872707" role="inner"/>
  <member type="way" ref="299872718" role="inner"/>
  <member type="way" ref="299872694" role="inner"/>
  <member type="way" ref="300176431" role="inner"/>
  <member type="way" ref="300176437" role="inner"/>
  <member type="way" ref="300176408" role="inner"/>
  <member type="way" ref="300176430" role="inner"/>
  <tag k="CLC:code" v="311"/>
  <tag k="CLC:id" v="FR-198576"/>
  <tag k="CLC:year" v="2006"/>
  <tag k="leaf_type" v="broadleaved"/>
  <tag k="natural" v="scrub"/>
  <tag k="source" v="Union européenne - SOeS, CORINE Land Cover, 2006."/>
  <tag k="type" v="multipolygon"/>
 </relation>
 <relation id="496447" visible="true" version="3" changeset="45348554" timestamp="2017-01-21T13:43:25Z" user="PanierAvide" uid="214436">
  <member type="node" ref="670158932" role=""/>
  <member type="node" ref="670158933" role=""/>
  <tag k="name" v="Prévenchères II"/>
  <tag k="network" v="NTF-3"/>
  <tag k="ref" v="4811902"/>
  <tag k="site" v="geodesic"/>
  <tag k="source" v="©IGN 2010 dans le cadre de la cartographie réglementaire"/>
  <tag k="type" v="site"/>
  <tag k="url" v="http://geodesie.ign.fr/fiches/index.php?module=e&amp;action=fichepdf&amp;source=carte&amp;sit_no=4811902"/>
 </relation>
 <relation id="1724642" visible="true" version="2" changeset="47863980" timestamp="2017-04-17T09:39:58Z" user="sebastic" uid="665748">
  <member type="way" ref="127385974" role="outer"/>
  <member type="way" ref="127387722" role="inner"/>
  <tag k="building" v="yes"/>
  <tag k="type" v="multipolygon"/>
 </relation>
 <relation id="8289243" visible="true" version="12" changeset="179587221" timestamp="2026-03-09T14:01:40Z" user="StC" uid="220314">
  <member type="relation" ref="8297635" role=""/>
  <member type="relation" ref="8297565" role=""/>
  <member type="relation" ref="8297280" role=""/>
  <member type="relation" ref="8291353" role=""/>
  <member type="relation" ref="8290396" role=""/>
  <member type="relation" ref="8290107" role=""/>
  <member type="relation" ref="8289793" role=""/>
  <member type="relation" ref="8289242" role=""/>
  <tag k="alt_name" v="Chemin de Saint-Gilles;Sentier de Grande Randonnée 700"/>
  <tag k="from" v="Le-Puy-en-Velay"/>
  <tag k="name" v="Chemin de Régordane"/>
  <tag k="network" v="nwn"/>
  <tag k="network:wikidata" v="Q137041221"/>
  <tag k="note" v="Les sigles GR® GRP® PR, ainsi que les signes de balisages correspondants (blanc/rouge, jaune/rouge), sont des marques déposées par la Fédération Française de la Randonnée Pédestre. Ils ne peuvent être reproduits sans son autorisation."/>
  <tag k="operator" v="FFRP"/>
  <tag k="osmc:symbol" v="red::white_upper:red_lower:700:black"/>
  <tag k="pilgrimage" v="yes"/>
  <tag k="ref" v="GR 700"/>
  <tag k="religion" v="christian"/>
  <tag k="route" v="hiking"/>
  <tag k="to" v="Saint-Gilles"/>
  <tag k="type" v="superroute"/>
  <tag k="wikidata" v="Q2962320"/>
  <tag k="wikipedia" v="fr:Chemin de Régordane"/>
 </relation>
 <relation id="8297280" visible="true" version="46" changeset="186781007" timestamp="2026-08-01T20:22:52Z" user="Britzz" uid="7550430">
  <member type="way" ref="39251227" role=""/>
  <member type="way" ref="224239837" role=""/>
  <member type="way" ref="224239841" role=""/>
  <member type="way" ref="39749918" role=""/>
  <member type="way" ref="70594831" role=""/>
  <member type="way" ref="1298786042" role=""/>
  <member type="way" ref="39749919" role=""/>
  <member type="way" ref="1076892744" role=""/>
  <member type="way" ref="75802518" role=""/>
  <member type="way" ref="75802516" role=""/>
  <member type="way" ref="129847721" role=""/>
  <member type="way" ref="129847718" role=""/>
  <member type="way" ref="252257733" role=""/>
  <member type="way" ref="448485210" role=""/>
  <member type="way" ref="129847720" role=""/>
  <member type="way" ref="588082606" role=""/>
  <member type="way" ref="129773195" role=""/>
  <member type="way" ref="129773194" role=""/>
  <member type="way" ref="588082601" role=""/>
  <member type="way" ref="965389434" role=""/>
  <member type="way" ref="76376956" role=""/>
  <member type="way" ref="437720615" role=""/>
  <member type="way" ref="329750749" role=""/>
  <member type="way" ref="97872971" role=""/>
  <member type="way" ref="97872972" role=""/>
  <member type="way" ref="588082590" role=""/>
  <member type="way" ref="80721345" role=""/>
  <member type="way" ref="80721337" role=""/>
  <member type="way" ref="360246212" role=""/>
  <member type="way" ref="80721339" role=""/>
  <member type="way" ref="80721341" role=""/>
  <member type="way" ref="75538435" role=""/>
  <member type="way" ref="75538432" role=""/>
  <member type="way" ref="163857060" role=""/>
  <member type="way" ref="163857073" role=""/>
  <member type="way" ref="1312121991" role=""/>
  <member type="way" ref="51782608" role=""/>
  <member type="way" ref="517957288" role=""/>
  <member type="way" ref="1312121988" role=""/>
  <member type="way" ref="51580358" role=""/>
  <member type="way" ref="51580360" role=""/>
  <member type="way" ref="965436288" role=""/>
  <member type="way" ref="1228514766" role=""/>
  <member type="way" ref="1236272224" role=""/>
  <member type="way" ref="1483664098" role=""/>
  <member type="way" ref="39818114" role=""/>
  <member type="way" ref="1312121993" role=""/>
  <member type="way" ref="162775798" role=""/>
  <member type="way" ref="162775800" role=""/>
  <member type="way" ref="162775806" role=""/>
  <member type="way" ref="1196820229" role=""/>
  <member type="way" ref="517171537" role=""/>
  <member type="way" ref="517174308" role=""/>
  <member type="way" ref="162775865" role=""/>
  <member type="way" ref="517969457" role=""/>
  <member type="way" ref="517969456" role=""/>
  <member type="way" ref="517174306" role=""/>
  <member type="way" ref="517174305" role=""/>
  <member type="way" ref="517174307" role=""/>
  <member type="way" ref="164338503" role=""/>
  <member type="way" ref="162775845" role=""/>
  <member type="way" ref="162775878" role=""/>
  <member type="way" ref="1098288221" role=""/>
  <member type="way" ref="517174304" role=""/>
  <member type="way" ref="517174700" role=""/>
  <member type="way" ref="517176024" role=""/>
  <member type="way" ref="162775852" role=""/>
  <member type="way" ref="133080364" role=""/>
  <member type="way" ref="155008961" role=""/>
  <member type="way" ref="292411190" role=""/>
  <member type="way" ref="517972007" role=""/>
  <member type="way" ref="162775883" role=""/>
  <member type="way" ref="885051286" role=""/>
  <member type="way" ref="517200570" role=""/>
  <member type="way" ref="517200571" role=""/>
  <member type="way" ref="517972006" role=""/>
  <member type="way" ref="82421467" role=""/>
  <member type="way" ref="588075453" role=""/>
  <member type="way" ref="1101515983" role=""/>
  <member type="way" ref="1387893480" role=""/>
  <member type="way" ref="1101765861" role=""/>
  <member type="way" ref="133080355" role=""/>
  <member type="way" ref="1120849741" role=""/>
  <member type="way" ref="588072711" role=""/>
  <member type="way" ref="588072714" role=""/>
  <member type="way" ref="154998082" role=""/>
  <member type="way" ref="588071235" role=""/>
  <member type="way" ref="154998648" role=""/>
  <member type="way" ref="1387893481" role=""/>
  <member type="way" ref="154998650" role=""/>
  <member type="way" ref="1144038105" role=""/>
  <member type="way" ref="133727439" role=""/>
  <member type="way" ref="1483134995" role=""/>
  <member type="way" ref="1483134994" role=""/>
  <member type="way" ref="133727440" role=""/>
  <member type="way" ref="154999916" role=""/>
  <member type="way" ref="133727442" role=""/>
  <member type="way" ref="768279536" role=""/>
  <member type="way" ref="133727444" role=""/>
  <member type="way" ref="155000705" role=""/>
  <member type="way" ref="806122457" role=""/>
  <member type="way" ref="806122456" role=""/>
  <member type="way" ref="155000704" role=""/>
  <member type="way" ref="155000816" role=""/>
  <member type="way" ref="588071233" role=""/>
  <member type="way" ref="126079107" role=""/>
  <member type="way" ref="588071232" role=""/>
  <member type="way" ref="155001734" role=""/>
  <member type="way" ref="155001735" role=""/>
  <member type="way" ref="155001229" role=""/>
  <member type="way" ref="133727445" role=""/>
  <member type="way" ref="133727446" role=""/>
  <member type="way" ref="362664425" role=""/>
  <member type="way" ref="362735670" role=""/>
  <member type="way" ref="362664428" role=""/>
  <member type="way" ref="362664423" role=""/>
  <member type="way" ref="362664421" role=""/>
  <member type="way" ref="1430607482" role=""/>
  <member type="way" ref="222989336" role=""/>
  <member type="way" ref="72855791" role=""/>
  <member type="way" ref="1546605586" role=""/>
  <member type="way" ref="983701130" role=""/>
  <member type="way" ref="983701145" role=""/>
  <member type="way" ref="49380920" role=""/>
  <member type="way" ref="1483135126" role=""/>
  <member type="way" ref="1483135125" role=""/>
  <member type="way" ref="49380919" role=""/>
  <member type="way" ref="1483135162" role=""/>
  <member type="way" ref="49380784" role=""/>
  <member type="way" ref="791086141" role=""/>
  <member type="way" ref="588069132" role=""/>
  <member type="way" ref="791086139" role=""/>
  <member type="way" ref="1421973238" role=""/>
  <member type="way" ref="1483134956" role=""/>
  <member type="way" ref="588069131" role=""/>
  <member type="way" ref="1483134957" role=""/>
  <member type="way" ref="49371312" role=""/>
  <member type="way" ref="153055654" role=""/>
  <member type="way" ref="153055652" role=""/>
  <member type="way" ref="588061448" role=""/>
  <member type="way" ref="49371323" role=""/>
  <member type="way" ref="49371294" role=""/>
  <tag k="name" v="Chemin de Régordane, Langogne - Villefort"/>
  <tag k="network" v="nwn"/>
  <tag k="route" v="hiking"/>
  <tag k="type" v="route"/>
 </relation>
</osm>
