<?xml version="1.0" encoding="UTF-8"?>
<osm version="0.6" generator="openstreetmap-cgimap 2.1.0 (530621 spike-07.openstreetmap.org)" copyright="OpenStreetMap and contributors" attribution="http://www.openstreetmap.org/copyright" license="http://opendatacommons.org/licenses/odbl/1-0/">
 <bounds minlat="8.3318680" minlon="98.4978930" maxlat="8.3395430" maxlon="98.5095870"/>
 <node id="213825111" visible="true" version="11" changeset="10893518" timestamp="2012-03-06T19:28:44Z" user="Bernhard Hiller" uid="326704" lat="8.3554913" lon="98.5688645"/>
 <node id="213825117" visible="true" version="10" changeset="7350276" timestamp="2011-02-21T05:06:43Z" user="alimamo" uid="7213" lat="8.3344623" lon="98.5340202"/>
 <node id="213825121" visible="true" version="10" changeset="7350276" timestamp="2011-02-21T05:06:16Z" user="alimamo" uid="7213" lat="8.3252578" lon="98.5157305"/>
 <node id="213825128" visible="true" version="13" changeset="66427570" timestamp="2019-01-18T13:43:45Z" user="Moo Keh" uid="2186867" lat="8.3409684" lon="98.4949197"/>
 <node id="213825132" visible="true" version="12" changeset="7987925" timestamp="2011-04-27T18:43:30Z" user="Bernhard Hiller" uid="326704" lat="8.3479080" lon="98.4805613"/>
 <node id="254335906" visible="true" version="11" changeset="7647619" timestamp="2011-03-23T16:15:52Z" user="Bernhard Hiller" uid="326704" lat="8.3430518" lon="98.4926657"/>
 <node id="254335907" visible="true" version="12" changeset="10260673" timestamp="2012-01-01T11:53:11Z" user="Plenz" uid="17878" lat="8.3410469" lon="98.4975018"/>
 <node id="254336150" visible="true" version="9" changeset="7350276" timestamp="2011-02-21T05:06:33Z" user="alimamo" uid="7213" lat="8.3658624" lon="98.5111677"/>
 <node id="254336152" visible="true" version="9" changeset="7350276" timestamp="2011-02-21T05:07:01Z" user="alimamo" uid="7213" lat="8.3458668" lon="98.5071322"/>
 <node id="254336153" visible="true" version="9" changeset="7350276" timestamp="2011-02-21T05:05:37Z" user="alimamo" uid="7213" lat="8.3372501" lon="98.5077750"/>
 <node id="254336228" visible="true" version="9" changeset="7350276" timestamp="2011-02-21T05:05:25Z" user="alimamo" uid="7213" lat="8.3426594" lon="98.5032743"/>
 <node id="254336297" visible="true" version="10" changeset="7350276" timestamp="2011-02-21T05:06:18Z" user="alimamo" uid="7213" lat="8.3284477" lon="98.5204156"/>
 <node id="254336298" visible="true" version="11" changeset="7350276" timestamp="2011-02-21T05:06:56Z" user="alimamo" uid="7213" lat="8.3330915" lon="98.5266814"/>
 <node id="254336318" visible="true" version="11" changeset="7350276" timestamp="2011-02-21T05:06:16Z" user="alimamo" uid="7213" lat="8.3401769" lon="98.5494466"/>
 <node id="254336783" visible="true" version="11" changeset="7987925" timestamp="2011-04-27T18:43:53Z" user="Bernhard Hiller" uid="326704" lat="8.3395604" lon="98.5379503"/>
 <node id="254336796" visible="true" version="11" changeset="10893518" timestamp="2012-03-06T19:28:45Z" user="Bernhard Hiller" uid="326704" lat="8.3550906" lon="98.5656317"/>
 <node id="254336915" visible="true" version="8" changeset="647590" timestamp="2008-12-28T20:02:23Z" user="PeterEastern" uid="4951" lat="8.3587142" lon="98.5834677"/>
 <node id="254400664" visible="true" version="9" changeset="7350276" timestamp="2011-02-21T05:07:08Z" user="alimamo" uid="7213" lat="8.3264024" lon="98.5123780"/>
 <node id="254400667" visible="true" version="10" changeset="7350276" timestamp="2011-02-21T05:05:38Z" user="alimamo" uid="7213" lat="8.3269178" lon="98.5188302"/>
 <node id="254400668" visible="true" version="9" changeset="7630351" timestamp="2011-03-21T18:47:56Z" user="Bernhard Hiller" uid="326704" lat="8.3508170" lon="98.5592121"/>
 <node id="254400669" visible="true" version="9" changeset="7350276" timestamp="2011-02-21T05:06:46Z" user="alimamo" uid="7213" lat="8.3416236" lon="98.5502125"/>
 <node id="254400709" visible="true" version="10" changeset="7987925" timestamp="2011-04-27T18:43:18Z" user="Bernhard Hiller" uid="326704" lat="8.3423367" lon="98.5399719"/>
 <node id="254400728" visible="true" version="10" changeset="7350276" timestamp="2011-02-21T05:07:16Z" user="alimamo" uid="7213" lat="8.3319979" lon="98.5285834"/>
 <node id="254400756" visible="true" version="8" changeset="647590" timestamp="2008-12-28T20:02:23Z" user="PeterEastern" uid="4951" lat="8.3640897" lon="98.5960791"/>
 <node id="255441694" visible="true" version="9" changeset="7630351" timestamp="2011-03-21T18:47:54Z" user="Bernhard Hiller" uid="326704" lat="8.3498834" lon="98.5580706"/>
 <node id="255441860" visible="true" version="10" changeset="10893518" timestamp="2012-03-06T19:28:46Z" user="Bernhard Hiller" uid="326704" lat="8.3551512" lon="98.5673965"/>
 <node id="308200420" visible="true" version="9" changeset="7350276" timestamp="2011-02-21T05:07:05Z" user="alimamo" uid="7213" lat="8.3361929" lon="98.5367460"/>
 <node id="308200421" visible="true" version="10" changeset="7987925" timestamp="2011-04-27T18:43:30Z" user="Bernhard Hiller" uid="326704" lat="8.3408288" lon="98.5379121"/>
 <node id="308200424" visible="true" version="10" changeset="7987925" timestamp="2011-04-27T18:43:51Z" user="Bernhard Hiller" uid="326704" lat="8.3401558" lon="98.5449469"/>
 <node id="308200427" visible="true" version="9" changeset="7350276" timestamp="2011-02-21T05:05:39Z" user="alimamo" uid="7213" lat="8.3329360" lon="98.5309695"/>
 <node id="308200431" visible="true" version="9" changeset="7350276" timestamp="2011-02-21T05:06:33Z" user="alimamo" uid="7213" lat="8.3327072" lon="98.5241827"/>
 <node id="308200432" visible="true" version="9" changeset="7350276" timestamp="2011-02-21T05:07:03Z" user="alimamo" uid="7213" lat="8.3385245" lon="98.5074064"/>
 <node id="308200433" visible="true" version="9" changeset="7350276" timestamp="2011-02-21T05:05:38Z" user="alimamo" uid="7213" lat="8.3544810" lon="98.5079598"/>
 <node id="308200434" visible="true" version="9" changeset="7350276" timestamp="2011-02-21T05:06:44Z" user="alimamo" uid="7213" lat="8.3585480" lon="98.5089859"/>
 <node id="308200435" visible="true" version="9" changeset="7350276" timestamp="2011-02-21T05:07:17Z" user="alimamo" uid="7213" lat="8.3587766" lon="98.5091452"/>
 <node id="308200436" visible="true" version="9" changeset="7350276" timestamp="2011-02-21T05:07:23Z" user="alimamo" uid="7213" lat="8.3612401" lon="98.5100010"/>
 <node id="308200437" visible="true" version="9" changeset="7350276" timestamp="2011-02-21T05:06:33Z" user="alimamo" uid="7213" lat="8.3624988" lon="98.5103369"/>
 <node id="308200438" visible="true" version="9" changeset="7350276" timestamp="2011-02-21T05:07:08Z" user="alimamo" uid="7213" lat="8.3638122" lon="98.5106871"/>
 <node id="308200445" visible="true" version="9" changeset="1874606" timestamp="2009-07-19T16:13:53Z" user="AxelM" uid="32322" lat="8.3455226" lon="98.4889364"/>
 <node id="443759599" visible="true" version="2" changeset="7987925" timestamp="2011-04-27T18:44:20Z" user="Bernhard Hiller" uid="326704" lat="8.3468830" lon="98.4837094"/>
 <node id="443759604" visible="true" version="1" changeset="1874606" timestamp="2009-07-19T16:13:48Z" user="AxelM" uid="32322" lat="8.3463010" lon="98.4864073"/>
 <node id="443759605" visible="true" version="4" changeset="66427570" timestamp="2019-01-18T13:43:45Z" user="Moo Keh" uid="2186867" lat="8.3411707" lon="98.4928688"/>
 <node id="443759606" visible="true" version="2" changeset="7647619" timestamp="2011-03-23T16:16:14Z" user="Bernhard Hiller" uid="326704" lat="8.3439466" lon="98.4915753"/>
 <node id="443759607" visible="true" version="3" changeset="66427570" timestamp="2019-01-18T13:43:45Z" user="Moo Keh" uid="2186867" lat="8.3408649" lon="98.4964695"/>
 <node id="443759614" visible="true" version="3" changeset="177658933" timestamp="2026-01-24T19:30:50Z" user="Greg91" uid="1704044" lat="8.3363022" lon="98.5023401"/>
 <node id="443759615" visible="true" version="3" changeset="177658933" timestamp="2026-01-24T19:30:50Z" user="Greg91" uid="1704044" lat="8.3361335" lon="98.5023559"/>
 <node id="443759617" visible="true" version="2" changeset="177658933" timestamp="2026-01-24T19:30:50Z" user="Greg91" uid="1704044" lat="8.3361484" lon="98.5024921"/>
 <node id="443759618" visible="true" version="1" changeset="1874606" timestamp="2009-07-19T16:13:49Z" user="AxelM" uid="32322" lat="8.3358661" lon="98.5025272"/>
 <node id="443759620" visible="true" version="1" changeset="1874606" timestamp="2009-07-19T16:13:49Z" user="AxelM" uid="32322" lat="8.3357470" lon="98.5024807"/>
 <node id="443759621" visible="true" version="2" changeset="141761337" timestamp="2023-09-26T07:51:00Z" user="ashraful997" uid="13388635" lat="8.3355425" lon="98.5024964"/>
 <node id="443759622" visible="true" version="2" changeset="141761337" timestamp="2023-09-26T07:51:00Z" user="ashraful997" uid="13388635" lat="8.3354919" lon="98.5025043"/>
 <node id="443759625" visible="true" version="2" changeset="141761337" timestamp="2023-09-26T07:51:00Z" user="ashraful997" uid="13388635" lat="8.3354765" lon="98.5027521"/>
 <node id="443759628" visible="true" version="3" changeset="177658933" timestamp="2026-01-24T19:30:50Z" user="Greg91" uid="1704044" lat="8.3354634" lon="98.5029203"/>
 <node id="443759630" visible="true" version="1" changeset="1874606" timestamp="2009-07-19T16:13:49Z" user="AxelM" uid="32322" lat="8.3354485" lon="98.5030735"/>
 <node id="443759631" visible="true" version="3" changeset="177658933" timestamp="2026-01-24T19:30:50Z" user="Greg91" uid="1704044" lat="8.3354117" lon="98.5031037"/>
 <node id="443759633" visible="true" version="2" changeset="177658933" timestamp="2026-01-24T19:30:50Z" user="Greg91" uid="1704044" lat="8.3352678" lon="98.5031327"/>
 <node id="443759635" visible="true" version="3" changeset="177658933" timestamp="2026-01-24T19:30:50Z" user="Greg91" uid="1704044" lat="8.3351332" lon="98.5031765"/>
 <node id="443759637" visible="true" version="2" changeset="141761337" timestamp="2023-09-26T07:51:00Z" user="ashraful997" uid="13388635" lat="8.3349099" lon="98.5032473"/>
 <node id="443759639" visible="true" version="2" changeset="141761337" timestamp="2023-09-26T07:51:00Z" user="ashraful997" uid="13388635" lat="8.3349009" lon="98.5033120"/>
 <node id="443759640" visible="true" version="2" changeset="141761337" timestamp="2023-09-26T07:51:00Z" user="ashraful997" uid="13388635" lat="8.3348995" lon="98.5033617"/>
 <node id="443759641" visible="true" version="2" changeset="141761337" timestamp="2023-09-26T07:51:00Z" user="ashraful997" uid="13388635" lat="8.3348427" lon="98.5037403"/>
 <node id="443759645" visible="true" version="3" changeset="141761337" timestamp="2023-09-26T07:51:00Z" user="ashraful997" uid="13388635" lat="8.3351415" lon="98.5037591"/>
 <node id="443759646" visible="true" version="1" changeset="1874606" timestamp="2009-07-19T16:13:50Z" user="AxelM" uid="32322" lat="8.3356648" lon="98.5036500"/>
 <node id="443759648" visible="true" version="4" changeset="177658933" timestamp="2026-01-24T19:30:50Z" user="Greg91" uid="1704044" lat="8.3361431" lon="98.5035178"/>
 <node id="443759649" visible="true" version="6" changeset="177658933" timestamp="2026-01-24T19:30:50Z" user="Greg91" uid="1704044" lat="8.3365378" lon="98.5034165"/>
 <node id="443759651" visible="true" version="3" changeset="177658933" timestamp="2026-01-24T19:30:50Z" user="Greg91" uid="1704044" lat="8.3363664" lon="98.5028847"/>
 <node id="443759658" visible="true" version="2" changeset="177658933" timestamp="2026-01-24T19:30:50Z" user="Greg91" uid="1704044" lat="8.3353188" lon="98.5037283"/>
 <node id="443759660" visible="true" version="5" changeset="177658933" timestamp="2026-01-24T19:30:50Z" user="Greg91" uid="1704044" lat="8.3354432" lon="98.5044109"/>
 <node id="443759670" visible="true" version="5" changeset="177658933" timestamp="2026-01-24T19:30:50Z" user="Greg91" uid="1704044" lat="8.3361410" lon="98.5025521"/>
 <node id="443759672" visible="true" version="4" changeset="177658933" timestamp="2026-01-24T19:30:50Z" user="Greg91" uid="1704044" lat="8.3361708" lon="98.5027594"/>
 <node id="443759674" visible="true" version="4" changeset="177658933" timestamp="2026-01-24T19:30:50Z" user="Greg91" uid="1704044" lat="8.3363819" lon="98.5027283"/>
 <node id="443759676" visible="true" version="3" changeset="7350276" timestamp="2011-02-21T05:07:04Z" user="alimamo" uid="7213" lat="8.3373749" lon="98.5018390"/>
 <node id="443759677" visible="true" version="4" changeset="141760956" timestamp="2023-09-26T07:40:29Z" user="ashraful997" uid="13388635" lat="8.3378615" lon="98.5026661"/>
 <node id="443759679" visible="true" version="3" changeset="7350276" timestamp="2011-02-21T05:05:29Z" user="alimamo" uid="7213" lat="8.3392938" lon="98.5034869"/>
 <node id="443759681" visible="true" version="4" changeset="141760956" timestamp="2023-09-26T07:40:29Z" user="ashraful997" uid="13388635" lat="8.3391576" lon="98.5038505"/>
 <node id="443759683" visible="true" version="7" changeset="182942679" timestamp="2026-05-20T18:38:11Z" user="FvGordon" uid="161619" lat="8.3373603" lon="98.5037662"/>
 <node id="443759686" visible="true" version="6" changeset="182942679" timestamp="2026-05-20T18:38:11Z" user="FvGordon" uid="161619" lat="8.3334749" lon="98.5047073"/>
 <node id="443759687" visible="true" version="6" changeset="182942679" timestamp="2026-05-20T18:38:11Z" user="FvGordon" uid="161619" lat="8.3331114" lon="98.5040442"/>
 <node id="443759690" visible="true" version="5" changeset="182942679" timestamp="2026-05-20T18:38:11Z" user="FvGordon" uid="161619" lat="8.3329230" lon="98.5030578"/>
 <node id="443759692" visible="true" version="5" changeset="182942679" timestamp="2026-05-20T18:38:11Z" user="FvGordon" uid="161619" lat="8.3339611" lon="98.5028233"/>
 <node id="443759695" visible="true" version="5" changeset="182942679" timestamp="2026-05-20T18:38:11Z" user="FvGordon" uid="161619" lat="8.3345117" lon="98.5031267"/>
 <node id="443759698" visible="true" version="7" changeset="182942679" timestamp="2026-05-20T18:38:11Z" user="FvGordon" uid="161619" lat="8.3353968" lon="98.5023238"/>
 <node id="506726733" visible="true" version="2" changeset="7350276" timestamp="2011-02-21T05:07:19Z" user="alimamo" uid="7213" lat="8.3366259" lon="98.5018080"/>
 <node id="717565187" visible="true" version="5" changeset="182942679" timestamp="2026-05-20T18:38:11Z" user="FvGordon" uid="161619" lat="8.3385809" lon="98.5043074"/>
 <node id="717565392" visible="true" version="5" changeset="182942679" timestamp="2026-05-20T18:38:11Z" user="FvGordon" uid="161619" lat="8.3384611" lon="98.5043221"/>
 <node id="717565393" visible="true" version="6" changeset="182942679" timestamp="2026-05-20T18:38:11Z" user="FvGordon" uid="161619" lat="8.3385208" lon="98.5043147"/>
 <node id="1164621019" visible="true" version="1" changeset="7350276" timestamp="2011-02-21T05:04:57Z" user="alimamo" uid="7213" lat="8.3728977" lon="98.5128463"/>
 <node id="1164621020" visible="true" version="6" changeset="177658933" timestamp="2026-01-24T19:30:50Z" user="Greg91" uid="1704044" lat="8.3366851" lon="98.5033933"/>
 <node id="1164621033" visible="true" version="7" changeset="182942679" timestamp="2026-05-20T18:38:11Z" user="FvGordon" uid="161619" lat="8.3385024" lon="98.5041144"/>
 <node id="1164621034" visible="true" version="1" changeset="7350276" timestamp="2011-02-21T05:04:58Z" user="alimamo" uid="7213" lat="8.3324445" lon="98.5275187"/>
 <node id="1164621062" visible="true" version="5" changeset="182942679" timestamp="2026-05-20T18:38:11Z" user="FvGordon" uid="161619" lat="8.3369928" lon="98.5038372"/>
 <node id="1164621063" visible="true" version="1" changeset="7350276" timestamp="2011-02-21T05:05:01Z" user="alimamo" uid="7213" lat="8.3419286" lon="98.5071075"/>
 <node id="1164621082" visible="true" version="1" changeset="7350276" timestamp="2011-02-21T05:05:02Z" user="alimamo" uid="7213" lat="8.3785389" lon="98.5136397"/>
 <node id="1164621083" visible="true" version="1" changeset="7350276" timestamp="2011-02-21T05:05:02Z" user="alimamo" uid="7213" lat="8.3372413" lon="98.5022801"/>
 <node id="1164621097" visible="true" version="5" changeset="182942679" timestamp="2026-05-20T18:38:11Z" user="FvGordon" uid="161619" lat="8.3382160" lon="98.5039239"/>
 <node id="1164621098" visible="true" version="1" changeset="7350276" timestamp="2011-02-21T05:05:03Z" user="alimamo" uid="7213" lat="8.3321824" lon="98.5292527"/>
 <node id="1164621132" visible="true" version="1" changeset="7350276" timestamp="2011-02-21T05:05:05Z" user="alimamo" uid="7213" lat="8.3302641" lon="98.5105877"/>
 <node id="1164621149" visible="true" version="1" changeset="7350276" timestamp="2011-02-21T05:05:06Z" user="alimamo" uid="7213" lat="8.3714045" lon="98.5125818"/>
 <node id="1164621151" visible="true" version="3" changeset="141760956" timestamp="2023-09-26T07:40:29Z" user="ashraful997" uid="13388635" lat="8.3385847" lon="98.5031344"/>
 <node id="1164621163" visible="true" version="2" changeset="141760956" timestamp="2023-09-26T07:40:29Z" user="ashraful997" uid="13388635" lat="8.3393549" lon="98.5036809"/>
 <node id="1164621164" visible="true" version="1" changeset="7350276" timestamp="2011-02-21T05:05:07Z" user="alimamo" uid="7213" lat="8.3312530" lon="98.5223406"/>
 <node id="1164621178" visible="true" version="1" changeset="7350276" timestamp="2011-02-21T05:05:08Z" user="alimamo" uid="7213" lat="8.3759598" lon="98.5133272"/>
 <node id="1164621185" visible="true" version="1" changeset="7350276" timestamp="2011-02-21T05:05:09Z" user="alimamo" uid="7213" lat="8.3602771" lon="98.5095847"/>
 <node id="1164621190" visible="true" version="1" changeset="7350276" timestamp="2011-02-21T05:05:09Z" user="alimamo" uid="7213" lat="8.3327900" lon="98.5296381"/>
 <node id="1164621192" visible="true" version="1" changeset="7350276" timestamp="2011-02-21T05:05:09Z" user="alimamo" uid="7213" lat="8.3307049" lon="98.5105756"/>
 <node id="1164621194" visible="true" version="1" changeset="7350276" timestamp="2011-02-21T05:05:10Z" user="alimamo" uid="7213" lat="8.3254981" lon="98.5138992"/>
 <node id="1164621197" visible="true" version="1" changeset="7350276" timestamp="2011-02-21T05:05:10Z" user="alimamo" uid="7213" lat="8.3427534" lon="98.5034411"/>
 <node id="1164621215" visible="true" version="1" changeset="7350276" timestamp="2011-02-21T05:05:11Z" user="alimamo" uid="7213" lat="8.3750451" lon="98.5131101"/>
 <node id="1164621216" visible="true" version="7" changeset="177658933" timestamp="2026-01-24T19:30:50Z" user="Greg91" uid="1704044" lat="8.3378878" lon="98.5036813"/>
 <node id="1164621230" visible="true" version="2" changeset="141760956" timestamp="2023-09-26T07:40:29Z" user="ashraful997" uid="13388635" lat="8.3389995" lon="98.5038753"/>
 <node id="1164621252" visible="true" version="1" changeset="7350276" timestamp="2011-02-21T05:05:14Z" user="alimamo" uid="7213" lat="8.3691158" lon="98.5119708"/>
 <node id="1164621253" visible="true" version="6" changeset="177658933" timestamp="2026-01-24T19:30:50Z" user="Greg91" uid="1704044" lat="8.3370457" lon="98.5034220"/>
 <node id="1164621260" visible="true" version="1" changeset="7350276" timestamp="2011-02-21T05:05:14Z" user="alimamo" uid="7213" lat="8.3333381" lon="98.5322753"/>
 <node id="1164621261" visible="true" version="1" changeset="7350276" timestamp="2011-02-21T05:05:14Z" user="alimamo" uid="7213" lat="8.3315032" lon="98.5099615"/>
 <node id="1164621262" visible="true" version="1" changeset="7350276" timestamp="2011-02-21T05:05:14Z" user="alimamo" uid="7213" lat="8.3257125" lon="98.5172589"/>
 <node id="1164621264" visible="true" version="1" changeset="7350276" timestamp="2011-02-21T05:05:14Z" user="alimamo" uid="7213" lat="8.3430149" lon="98.5035792"/>
 <node id="1164621295" visible="true" version="4" changeset="182942679" timestamp="2026-05-20T18:38:11Z" user="FvGordon" uid="161619" lat="8.3365136" lon="98.5038463"/>
 <node id="1164621296" visible="true" version="1" changeset="7350276" timestamp="2011-02-21T05:05:17Z" user="alimamo" uid="7213" lat="8.3342913" lon="98.5088295"/>
 <node id="1164621316" visible="true" version="7" changeset="177658933" timestamp="2026-01-24T19:30:50Z" user="Greg91" uid="1704044" lat="8.3373132" lon="98.5034583"/>
 <node id="1164621331" visible="true" version="1" changeset="7350276" timestamp="2011-02-21T05:05:19Z" user="alimamo" uid="7213" lat="8.3308479" lon="98.5102144"/>
 <node id="1164621332" visible="true" version="1" changeset="7350276" timestamp="2011-02-21T05:05:19Z" user="alimamo" uid="7213" lat="8.3290964" lon="98.5108526"/>
 <node id="1164621362" visible="true" version="1" changeset="7350276" timestamp="2011-02-21T05:05:21Z" user="alimamo" uid="7213" lat="8.3327662" lon="98.5095159"/>
 <node id="1164621392" visible="true" version="1" changeset="7350276" timestamp="2011-02-21T05:05:22Z" user="alimamo" uid="7213" lat="8.3275355" lon="98.5115149"/>
 <node id="1164621420" visible="true" version="5" changeset="182942679" timestamp="2026-05-20T18:38:11Z" user="FvGordon" uid="161619" lat="8.3375601" lon="98.5038163"/>
 <node id="1164621421" visible="true" version="1" changeset="7350276" timestamp="2011-02-21T05:05:24Z" user="alimamo" uid="7213" lat="8.3505316" lon="98.5074981"/>
 <node id="1210588231" visible="true" version="1" changeset="7617392" timestamp="2011-03-20T14:58:49Z" user="Bernhard Hiller" uid="326704" lat="8.3742231" lon="98.5988221"/>
 <node id="1210588255" visible="true" version="1" changeset="7617392" timestamp="2011-03-20T14:58:50Z" user="Bernhard Hiller" uid="326704" lat="8.3771382" lon="98.5946991"/>
 <node id="1210588320" visible="true" version="1" changeset="7617392" timestamp="2011-03-20T14:58:52Z" user="Bernhard Hiller" uid="326704" lat="8.3809679" lon="98.5936741"/>
 <node id="1210588559" visible="true" version="1" changeset="7617392" timestamp="2011-03-20T14:58:57Z" user="Bernhard Hiller" uid="326704" lat="8.3597237" lon="98.5856948"/>
 <node id="1210588560" visible="true" version="1" changeset="7617392" timestamp="2011-03-20T14:58:57Z" user="Bernhard Hiller" uid="326704" lat="8.3697400" lon="98.5997025"/>
 <node id="1210588676" visible="true" version="1" changeset="7617392" timestamp="2011-03-20T14:59:00Z" user="Bernhard Hiller" uid="326704" lat="8.3848429" lon="98.5976093"/>
 <node id="1210588782" visible="true" version="1" changeset="7617392" timestamp="2011-03-20T14:59:04Z" user="Bernhard Hiller" uid="326704" lat="8.3625300" lon="98.5947715"/>
 <node id="1210588849" visible="true" version="1" changeset="7617392" timestamp="2011-03-20T14:59:06Z" user="Bernhard Hiller" uid="326704" lat="8.3760245" lon="98.5956691"/>
 <node id="1210588903" visible="true" version="1" changeset="7617392" timestamp="2011-03-20T14:59:07Z" user="Bernhard Hiller" uid="326704" lat="8.3839104" lon="98.5952024"/>
 <node id="1210589005" visible="true" version="1" changeset="7617392" timestamp="2011-03-20T14:59:10Z" user="Bernhard Hiller" uid="326704" lat="8.3893878" lon="98.6055894"/>
 <node id="1210589117" visible="true" version="1" changeset="7617392" timestamp="2011-03-20T14:59:13Z" user="Bernhard Hiller" uid="326704" lat="8.3828783" lon="98.5948089"/>
 <node id="1210589149" visible="true" version="1" changeset="7617392" timestamp="2011-03-20T14:59:13Z" user="Bernhard Hiller" uid="326704" lat="8.3852865" lon="98.5987624"/>
 <node id="1210589338" visible="true" version="1" changeset="7617392" timestamp="2011-03-20T14:59:18Z" user="Bernhard Hiller" uid="326704" lat="8.3770748" lon="98.5949187"/>
 <node id="1210589393" visible="true" version="1" changeset="7617392" timestamp="2011-03-20T14:59:19Z" user="Bernhard Hiller" uid="326704" lat="8.3797728" lon="98.5935918"/>
 <node id="1210589432" visible="true" version="1" changeset="7617392" timestamp="2011-03-20T14:59:20Z" user="Bernhard Hiller" uid="326704" lat="8.3866899" lon="98.6025145"/>
 <node id="1210589596" visible="true" version="1" changeset="7617392" timestamp="2011-03-20T14:59:24Z" user="Bernhard Hiller" uid="326704" lat="8.3665884" lon="98.5977825"/>
 <node id="1210589623" visible="true" version="1" changeset="7617392" timestamp="2011-03-20T14:59:25Z" user="Bernhard Hiller" uid="326704" lat="8.3778806" lon="98.5936558"/>
 <node id="1210589824" visible="true" version="1" changeset="7617392" timestamp="2011-03-20T14:59:30Z" user="Bernhard Hiller" uid="326704" lat="8.3615802" lon="98.5922405"/>
 <node id="1210589846" visible="true" version="1" changeset="7617392" timestamp="2011-03-20T14:59:30Z" user="Bernhard Hiller" uid="326704" lat="8.3731691" lon="98.5995634"/>
 <node id="1210589871" visible="true" version="1" changeset="7617392" timestamp="2011-03-20T14:59:31Z" user="Bernhard Hiller" uid="326704" lat="8.3608643" lon="98.5895413"/>
 <node id="1210589898" visible="true" version="1" changeset="7617392" timestamp="2011-03-20T14:59:32Z" user="Bernhard Hiller" uid="326704" lat="8.3758367" lon="98.5961633"/>
 <node id="1210590079" visible="true" version="1" changeset="7617392" timestamp="2011-03-20T14:59:35Z" user="Bernhard Hiller" uid="326704" lat="8.3885187" lon="98.6051135"/>
 <node id="1210590205" visible="true" version="1" changeset="7617392" timestamp="2011-03-20T14:59:38Z" user="Bernhard Hiller" uid="326704" lat="8.3825161" lon="98.5945801"/>
 <node id="1210590265" visible="true" version="1" changeset="7617392" timestamp="2011-03-20T14:59:39Z" user="Bernhard Hiller" uid="326704" lat="8.3843745" lon="98.5966227"/>
 <node id="1210590516" visible="true" version="1" changeset="7617392" timestamp="2011-03-20T14:59:44Z" user="Bernhard Hiller" uid="326704" lat="8.3787316" lon="98.5936558"/>
 <node id="1210590541" visible="true" version="1" changeset="7617392" timestamp="2011-03-20T14:59:45Z" user="Bernhard Hiller" uid="326704" lat="8.3862010" lon="98.6021027"/>
 <node id="1210590686" visible="true" version="1" changeset="7617392" timestamp="2011-03-20T14:59:48Z" user="Bernhard Hiller" uid="326704" lat="8.3652669" lon="98.5974232"/>
 <node id="1210590689" visible="true" version="1" changeset="7617392" timestamp="2011-03-20T14:59:48Z" user="Bernhard Hiller" uid="326704" lat="8.3747978" lon="98.5979284"/>
 <node id="1210590722" visible="true" version="1" changeset="7617392" timestamp="2011-03-20T14:59:49Z" user="Bernhard Hiller" uid="326704" lat="8.3774641" lon="98.5938480"/>
 <node id="1210590782" visible="true" version="1" changeset="7617392" timestamp="2011-03-20T14:59:50Z" user="Bernhard Hiller" uid="326704" lat="8.3815745" lon="98.5939578"/>
 <node id="1210590961" visible="true" version="1" changeset="7617392" timestamp="2011-03-20T14:59:55Z" user="Bernhard Hiller" uid="326704" lat="8.3719463" lon="98.6002073"/>
 <node id="1210590994" visible="true" version="1" changeset="7617392" timestamp="2011-03-20T14:59:55Z" user="Bernhard Hiller" uid="326704" lat="8.3602418" lon="98.5872658"/>
 <node id="1210591190" visible="true" version="1" changeset="7617392" timestamp="2011-03-20T15:00:01Z" user="Bernhard Hiller" uid="326704" lat="8.3877944" lon="98.6042075"/>
 <node id="1210591308" visible="true" version="1" changeset="7617392" timestamp="2011-03-20T15:00:04Z" user="Bernhard Hiller" uid="326704" lat="8.3820725" lon="98.5943696"/>
 <node id="1210591381" visible="true" version="1" changeset="7617392" timestamp="2011-03-20T15:00:06Z" user="Bernhard Hiller" uid="326704" lat="8.3841910" lon="98.5952573"/>
 <node id="1210591492" visible="true" version="1" changeset="7617392" timestamp="2011-03-20T15:00:09Z" user="Bernhard Hiller" uid="326704" lat="8.3902932" lon="98.6058456"/>
 <node id="1210591567" visible="true" version="1" changeset="7617392" timestamp="2011-03-20T15:00:11Z" user="Bernhard Hiller" uid="326704" lat="8.3754979" lon="98.5967267"/>
 <node id="1210591592" visible="true" version="1" changeset="7617392" timestamp="2011-03-20T15:00:12Z" user="Bernhard Hiller" uid="326704" lat="8.3832223" lon="98.5949828"/>
 <node id="1210591623" visible="true" version="1" changeset="7617392" timestamp="2011-03-20T15:00:12Z" user="Bernhard Hiller" uid="326704" lat="8.3859112" lon="98.6011051"/>
 <node id="1212265532" visible="true" version="2" changeset="10893518" timestamp="2012-03-06T19:28:43Z" user="Bernhard Hiller" uid="326704" lat="8.3566874" lon="98.5698602"/>
 <node id="1212265634" visible="true" version="2" changeset="10893518" timestamp="2012-03-06T19:28:43Z" user="Bernhard Hiller" uid="326704" lat="8.3575762" lon="98.5700350"/>
 <node id="1212265683" visible="true" version="1" changeset="7630351" timestamp="2011-03-21T18:44:07Z" user="Bernhard Hiller" uid="326704" lat="8.3582213" lon="98.5825345"/>
 <node id="1212266160" visible="true" version="2" changeset="10893518" timestamp="2012-03-06T19:28:44Z" user="Bernhard Hiller" uid="326704" lat="8.3591168" lon="98.5784934"/>
 <node id="1212267597" visible="true" version="1" changeset="7630351" timestamp="2011-03-21T18:44:51Z" user="Bernhard Hiller" uid="326704" lat="8.3580141" lon="98.5808983"/>
 <node id="1212269246" visible="true" version="1" changeset="7630351" timestamp="2011-03-21T18:45:55Z" user="Bernhard Hiller" uid="326704" lat="8.3605753" lon="98.5884847"/>
 <node id="1214963604" visible="true" version="1" changeset="7647619" timestamp="2011-03-23T16:01:18Z" user="Bernhard Hiller" uid="326704" lat="8.3940183" lon="98.5128249"/>
 <node id="1214965287" visible="true" version="1" changeset="7647619" timestamp="2011-03-23T16:02:32Z" user="Bernhard Hiller" uid="326704" lat="8.3928086" lon="98.5128525"/>
 <node id="1214967040" visible="true" version="1" changeset="7647619" timestamp="2011-03-23T16:03:17Z" user="Bernhard Hiller" uid="326704" lat="8.3902437" lon="98.5133765"/>
 <node id="1214967886" visible="true" version="1" changeset="7647619" timestamp="2011-03-23T16:03:48Z" user="Bernhard Hiller" uid="326704" lat="8.3916717" lon="98.5130731"/>
 <node id="1214969758" visible="true" version="1" changeset="7647619" timestamp="2011-03-23T16:04:25Z" user="Bernhard Hiller" uid="326704" lat="8.3885338" lon="98.5138086"/>
 <node id="1214973752" visible="true" version="1" changeset="7647619" timestamp="2011-03-23T16:05:37Z" user="Bernhard Hiller" uid="326704" lat="8.3877334" lon="98.5141856"/>
 <node id="1214978789" visible="true" version="1" changeset="7647619" timestamp="2011-03-23T16:08:38Z" user="Bernhard Hiller" uid="326704" lat="8.3947732" lon="98.5126226"/>
 <node id="1214979944" visible="true" version="1" changeset="7647619" timestamp="2011-03-23T16:09:33Z" user="Bernhard Hiller" uid="326704" lat="8.3953189" lon="98.5126686"/>
 <node id="1662948083" visible="true" version="1" changeset="10893518" timestamp="2012-03-06T19:24:39Z" user="Bernhard Hiller" uid="326704" lat="8.3425364" lon="98.5051332"/>
 <node id="2328228554" visible="true" version="5" changeset="109830443" timestamp="2021-08-17T19:24:02Z" user="MapSpot" uid="10183030" lat="8.3889923" lon="98.4591612">
  <tag k="amenity" v="ferry_terminal"/>
  <tag k="ferry" v="yes"/>
  <tag k="name" v="Surakul Pier"/>
  <tag k="name:th" v="ท่าเรือ สุระกุล"/>
  <tag k="public_transport" v="station"/>
 </node>
 <node id="2372198575" visible="true" version="1" changeset="16808466" timestamp="2013-07-03T16:24:36Z" user="Bernhard Hiller" uid="326704" lat="8.3524069" lon="98.5616004"/>
 <node id="2372198676" visible="true" version="1" changeset="16808466" timestamp="2013-07-03T16:24:38Z" user="Bernhard Hiller" uid="326704" lat="8.3872019" lon="98.6135623"/>
 <node id="2463496322" visible="true" version="3" changeset="72367733" timestamp="2019-07-17T23:40:06Z" user="Moo Keh" uid="2186867" lat="8.3356208" lon="98.4389655"/>
 <node id="2463496327" visible="true" version="3" changeset="72367733" timestamp="2019-07-17T23:40:06Z" user="Moo Keh" uid="2186867" lat="8.3347636" lon="98.4325986"/>
 <node id="2463496330" visible="true" version="4" changeset="72368148" timestamp="2019-07-18T00:19:26Z" user="Moo Keh" uid="2186867" lat="8.4022014" lon="98.5105810"/>
 <node id="2463496333" visible="true" version="4" changeset="72368148" timestamp="2019-07-18T00:19:26Z" user="Moo Keh" uid="2186867" lat="8.3840897" lon="98.4555875"/>
 <node id="2463496336" visible="true" version="5" changeset="96430127" timestamp="2020-12-25T17:38:28Z" user="Nithinat S" uid="10217273" lat="8.1995972" lon="98.6434577"/>
 <node id="2463496341" visible="true" version="4" changeset="72368148" timestamp="2019-07-18T00:19:26Z" user="Moo Keh" uid="2186867" lat="8.3885073" lon="98.4718159"/>
 <node id="2463496344" visible="true" version="4" changeset="96430127" timestamp="2020-12-25T17:38:28Z" user="Nithinat S" uid="10217273" lat="8.2367212" lon="98.5636456"/>
 <node id="2473676379" visible="true" version="2" changeset="47570016" timestamp="2017-04-08T15:02:08Z" user="gezginrocker" uid="1686268" lat="8.2823374" lon="98.5050909"/>
 <node id="2473676394" visible="true" version="3" changeset="182942679" timestamp="2026-05-20T18:38:11Z" user="FvGordon" uid="161619" lat="8.3333749" lon="98.5040302"/>
 <node id="2473676397" visible="true" version="3" changeset="51251830" timestamp="2017-08-19T09:51:42Z" user="Sal73x" uid="1293386" lat="8.3352652" lon="98.5054295"/>
 <node id="2473676398" visible="true" version="3" changeset="182942679" timestamp="2026-05-20T18:38:11Z" user="FvGordon" uid="161619" lat="8.3351928" lon="98.5040806"/>
 <node id="2473676399" visible="true" version="3" changeset="182942679" timestamp="2026-05-20T18:38:11Z" user="FvGordon" uid="161619" lat="8.3352443" lon="98.5046035"/>
 <node id="2473676401" visible="true" version="3" changeset="51251830" timestamp="2017-08-19T09:51:42Z" user="Sal73x" uid="1293386" lat="8.3354934" lon="98.5051847"/>
 <node id="2473676402" visible="true" version="3" changeset="182942679" timestamp="2026-05-20T18:38:11Z" user="FvGordon" uid="161619" lat="8.3357538" lon="98.5039721"/>
 <node id="2473676404" visible="true" version="2" changeset="51251830" timestamp="2017-08-19T09:51:42Z" user="Sal73x" uid="1293386" lat="8.3356676" lon="98.5055166"/>
 <node id="2473676405" visible="true" version="3" changeset="51251830" timestamp="2017-08-19T09:51:42Z" user="Sal73x" uid="1293386" lat="8.3357236" lon="98.5051649"/>
 <node id="2473676407" visible="true" version="2" changeset="51251830" timestamp="2017-08-19T09:51:42Z" user="Sal73x" uid="1293386" lat="8.3359731" lon="98.5056805"/>
 <node id="2473676408" visible="true" version="3" changeset="182942679" timestamp="2026-05-20T18:38:11Z" user="FvGordon" uid="161619" lat="8.3379865" lon="98.5039132"/>
 <node id="2473676411" visible="true" version="2" changeset="47570016" timestamp="2017-04-08T15:02:08Z" user="gezginrocker" uid="1686268" lat="8.3401338" lon="98.4947497"/>
 <node id="2473676412" visible="true" version="3" changeset="51251830" timestamp="2017-08-19T09:51:42Z" user="Sal73x" uid="1293386" lat="8.3402669" lon="98.5032845"/>
 <node id="2473676415" visible="true" version="3" changeset="51251830" timestamp="2017-08-19T09:51:42Z" user="Sal73x" uid="1293386" lat="8.3401190" lon="98.5040223"/>
 <node id="2473676417" visible="true" version="1" changeset="18063542" timestamp="2013-09-27T15:32:02Z" user="gezginrocker" uid="1686268" lat="8.3413097" lon="98.5060611"/>
 <node id="2473676421" visible="true" version="2" changeset="47570016" timestamp="2017-04-08T15:02:08Z" user="gezginrocker" uid="1686268" lat="8.3476049" lon="98.4784574"/>
 <node id="2473676422" visible="true" version="1" changeset="18063542" timestamp="2013-09-27T15:32:02Z" user="gezginrocker" uid="1686268" lat="8.3472013" lon="98.5062442"/>
 <node id="2473676423" visible="true" version="1" changeset="18063542" timestamp="2013-09-27T15:32:02Z" user="gezginrocker" uid="1686268" lat="8.3534357" lon="98.5068814"/>
 <node id="2473676426" visible="true" version="1" changeset="18063542" timestamp="2013-09-27T15:32:02Z" user="gezginrocker" uid="1686268" lat="8.3596000" lon="98.5082266"/>
 <node id="2473676431" visible="true" version="1" changeset="18063542" timestamp="2013-09-27T15:32:02Z" user="gezginrocker" uid="1686268" lat="8.3702738" lon="98.5109050"/>
 <node id="2473676434" visible="true" version="1" changeset="18063542" timestamp="2013-09-27T15:32:02Z" user="gezginrocker" uid="1686268" lat="8.3738399" lon="98.5115808"/>
 <node id="2473676437" visible="true" version="1" changeset="18063542" timestamp="2013-09-27T15:32:02Z" user="gezginrocker" uid="1686268" lat="8.3776041" lon="98.5121065"/>
 <node id="2473676438" visible="true" version="1" changeset="18063542" timestamp="2013-09-27T15:32:02Z" user="gezginrocker" uid="1686268" lat="8.3816159" lon="98.5136834"/>
 <node id="2473676440" visible="true" version="1" changeset="18063542" timestamp="2013-09-27T15:32:02Z" user="gezginrocker" uid="1686268" lat="8.3850086" lon="98.5150852"/>
 <node id="2473676443" visible="true" version="1" changeset="18063542" timestamp="2013-09-27T15:32:02Z" user="gezginrocker" uid="1686268" lat="8.3875526" lon="98.5164817"/>
 <node id="2473676454" visible="true" version="1" changeset="18063542" timestamp="2013-09-27T15:32:02Z" user="gezginrocker" uid="1686268" lat="8.3904419" lon="98.5171189"/>
 <node id="2473676477" visible="true" version="2" changeset="51280586" timestamp="2017-08-20T16:18:15Z" user="Sal73x" uid="1293386" lat="8.3940933" lon="98.5163495"/>
 <node id="2473676486" visible="true" version="2" changeset="51280586" timestamp="2017-08-20T16:18:15Z" user="Sal73x" uid="1293386" lat="8.3977721" lon="98.5154057"/>
 <node id="2473676488" visible="true" version="2" changeset="51280586" timestamp="2017-08-20T16:18:15Z" user="Sal73x" uid="1293386" lat="8.4009531" lon="98.5139281"/>
 <node id="2473676490" visible="true" version="3" changeset="169740124" timestamp="2025-07-30T20:24:57Z" user="olecky" uid="20578352" lat="8.4010122" lon="98.5133222"/>
 <node id="2473676494" visible="true" version="2" changeset="51280586" timestamp="2017-08-20T16:18:15Z" user="Sal73x" uid="1293386" lat="8.4010926" lon="98.5135347"/>
 <node id="2473712267" visible="true" version="2" changeset="182942679" timestamp="2026-05-20T18:38:11Z" user="FvGordon" uid="161619" lat="8.3340711" lon="98.5031224"/>
 <node id="2473712268" visible="true" version="4" changeset="182942679" timestamp="2026-05-20T18:38:11Z" user="FvGordon" uid="161619" lat="8.3348340" lon="98.5026018"/>
 <node id="2473712269" visible="true" version="4" changeset="182942679" timestamp="2026-05-20T18:38:11Z" user="FvGordon" uid="161619" lat="8.3349852" lon="98.5024479"/>
 <node id="2473712270" visible="true" version="3" changeset="177658933" timestamp="2026-01-24T19:30:50Z" user="Greg91" uid="1704044" lat="8.3354297" lon="98.5016246"/>
 <node id="2473712271" visible="true" version="3" changeset="182942679" timestamp="2026-05-20T18:38:11Z" user="FvGordon" uid="161619" lat="8.3356440" lon="98.5022603"/>
 <node id="2473712272" visible="true" version="3" changeset="177658933" timestamp="2026-01-24T19:30:50Z" user="Greg91" uid="1704044" lat="8.3361864" lon="98.5036946"/>
 <node id="2473712273" visible="true" version="3" changeset="177658933" timestamp="2026-01-24T19:30:50Z" user="Greg91" uid="1704044" lat="8.3364284" lon="98.5043595"/>
 <node id="2496337463" visible="true" version="2" changeset="141760956" timestamp="2023-09-26T07:40:29Z" user="ashraful997" uid="13388635" lat="8.3336433" lon="98.5052400"/>
 <node id="2496337464" visible="true" version="2" changeset="141760956" timestamp="2023-09-26T07:40:29Z" user="ashraful997" uid="13388635" lat="8.3337727" lon="98.5046696"/>
 <node id="2496337465" visible="true" version="2" changeset="141760956" timestamp="2023-09-26T07:40:29Z" user="ashraful997" uid="13388635" lat="8.3338131" lon="98.5051750"/>
 <node id="2496337466" visible="true" version="2" changeset="141760956" timestamp="2023-09-26T07:40:29Z" user="ashraful997" uid="13388635" lat="8.3339211" lon="98.5051607"/>
 <node id="2496337467" visible="true" version="2" changeset="141857612" timestamp="2023-09-28T10:21:12Z" user="ashraful997" uid="13388635" lat="8.3341146" lon="98.5028856"/>
 <node id="2496337468" visible="true" version="3" changeset="182942679" timestamp="2026-05-20T18:38:11Z" user="FvGordon" uid="161619" lat="8.3341290" lon="98.5031230"/>
 <node id="2496337469" visible="true" version="3" changeset="141857612" timestamp="2023-09-28T10:21:12Z" user="ashraful997" uid="13388635" lat="8.3342122" lon="98.5046382"/>
 <node id="2496337470" visible="true" version="2" changeset="141760956" timestamp="2023-09-26T07:40:29Z" user="ashraful997" uid="13388635" lat="8.3342307" lon="98.5050873"/>
 <node id="2496337471" visible="true" version="2" changeset="141857612" timestamp="2023-09-28T10:21:12Z" user="ashraful997" uid="13388635" lat="8.3343008" lon="98.5029966"/>
 <node id="2496337472" visible="true" version="3" changeset="182942679" timestamp="2026-05-20T18:38:11Z" user="FvGordon" uid="161619" lat="8.3343074" lon="98.5031247"/>
 <node id="2496337473" visible="true" version="2" changeset="141760956" timestamp="2023-09-26T07:40:29Z" user="ashraful997" uid="13388635" lat="8.3345872" lon="98.5046164"/>
 <node id="2496337474" visible="true" version="3" changeset="182942679" timestamp="2026-05-20T18:38:11Z" user="FvGordon" uid="161619" lat="8.3345671" lon="98.5027855"/>
 <node id="2496337475" visible="true" version="2" changeset="141760956" timestamp="2023-09-26T07:40:29Z" user="ashraful997" uid="13388635" lat="8.3345888" lon="98.5049594"/>
 <node id="2496337476" visible="true" version="3" changeset="182942679" timestamp="2026-05-20T18:38:11Z" user="FvGordon" uid="161619" lat="8.3346695" lon="98.5029735"/>
 <node id="2496337477" visible="true" version="3" changeset="182942679" timestamp="2026-05-20T18:38:11Z" user="FvGordon" uid="161619" lat="8.3346882" lon="98.5028043"/>
 <node id="2496337478" visible="true" version="2" changeset="141760956" timestamp="2023-09-26T07:40:29Z" user="ashraful997" uid="13388635" lat="8.3347004" lon="98.5049536"/>
 <node id="2496337479" visible="true" version="2" changeset="141760956" timestamp="2023-09-26T07:40:29Z" user="ashraful997" uid="13388635" lat="8.3350444" lon="98.5049478"/>
 <node id="2496337480" visible="true" version="3" changeset="141761175" timestamp="2023-09-26T07:46:13Z" user="ashraful997" uid="13388635" lat="8.3350599" lon="98.5045976"/>
 <node id="2496337481" visible="true" version="2" changeset="141760956" timestamp="2023-09-26T07:40:29Z" user="ashraful997" uid="13388635" lat="8.3351120" lon="98.5049378"/>
 <node id="2496337482" visible="true" version="2" changeset="141760956" timestamp="2023-09-26T07:40:29Z" user="ashraful997" uid="13388635" lat="8.3352067" lon="98.5049223"/>
 <node id="2496337483" visible="true" version="3" changeset="182942679" timestamp="2026-05-20T18:38:11Z" user="FvGordon" uid="161619" lat="8.3364617" lon="98.5023488"/>
 <node id="2496337484" visible="true" version="2" changeset="182942679" timestamp="2026-05-20T18:38:11Z" user="FvGordon" uid="161619" lat="8.3364537" lon="98.5021828"/>
 <node id="2496337485" visible="true" version="5" changeset="182942679" timestamp="2026-05-20T18:38:11Z" user="FvGordon" uid="161619" lat="8.3364823" lon="98.5024806"/>
 <node id="2496337486" visible="true" version="4" changeset="182942679" timestamp="2026-05-20T18:38:11Z" user="FvGordon" uid="161619" lat="8.3365634" lon="98.5026629"/>
 <node id="2496337487" visible="true" version="4" changeset="182942679" timestamp="2026-05-20T18:38:11Z" user="FvGordon" uid="161619" lat="8.3366487" lon="98.5027364"/>
 <node id="2496337488" visible="true" version="2" changeset="141760956" timestamp="2023-09-26T07:40:29Z" user="ashraful997" uid="13388635" lat="8.3364823" lon="98.5019985"/>
 <node id="2496337489" visible="true" version="2" changeset="182942679" timestamp="2026-05-20T18:38:11Z" user="FvGordon" uid="161619" lat="8.3367546" lon="98.5029016"/>
 <node id="2496337490" visible="true" version="3" changeset="182942679" timestamp="2026-05-20T18:38:11Z" user="FvGordon" uid="161619" lat="8.3370019" lon="98.5029945"/>
 <node id="2496337491" visible="true" version="4" changeset="182942679" timestamp="2026-05-20T18:38:11Z" user="FvGordon" uid="161619" lat="8.3376129" lon="98.5031726"/>
 <node id="2496337492" visible="true" version="1" changeset="18353476" timestamp="2013-10-14T16:34:19Z" user="gezginrocker" uid="1686268" lat="8.3374455" lon="98.5019506"/>
 <node id="2496337493" visible="true" version="4" changeset="182942679" timestamp="2026-05-20T18:38:11Z" user="FvGordon" uid="161619" lat="8.3377832" lon="98.5033738"/>
 <node id="2496337495" visible="true" version="3" changeset="182942679" timestamp="2026-05-20T18:38:11Z" user="FvGordon" uid="161619" lat="8.3380258" lon="98.5035607"/>
 <node id="2496337496" visible="true" version="5" changeset="182942679" timestamp="2026-05-20T18:38:11Z" user="FvGordon" uid="161619" lat="8.3383465" lon="98.5038754"/>
 <node id="2496337498" visible="true" version="3" changeset="177518987" timestamp="2026-01-21T12:12:21Z" user="Greg91" uid="1704044" lat="8.3386379" lon="98.5041048"/>
 <node id="2496350711" visible="true" version="5" changeset="177658933" timestamp="2026-01-24T19:30:50Z" user="Greg91" uid="1704044" lat="8.3374117" lon="98.5035243"/>
 <node id="2496350715" visible="true" version="4" changeset="177658933" timestamp="2026-01-24T19:30:50Z" user="Greg91" uid="1704044" lat="8.3375679" lon="98.5035842"/>
 <node id="2496350718" visible="true" version="4" changeset="177658933" timestamp="2026-01-24T19:30:50Z" user="Greg91" uid="1704044" lat="8.3381261" lon="98.5038517"/>
 <node id="2496350721" visible="true" version="5" changeset="177658933" timestamp="2026-01-24T19:30:50Z" user="Greg91" uid="1704044" lat="8.3379735" lon="98.5037785">
  <tag k="amenity" v="restaurant"/>
  <tag k="cuisine" v="thai;fish"/>
  <tag k="name:en" v="Bamboo Panyi Village Restaurant"/>
  <tag k="phone" v="+66 99 132 1160"/>
 </node>
 <node id="2496350727" visible="true" version="4" changeset="177658933" timestamp="2026-01-24T19:30:50Z" user="Greg91" uid="1704044" lat="8.3384030" lon="98.5040256"/>
 <node id="2503375767" visible="true" version="3" changeset="96430127" timestamp="2020-12-25T17:38:28Z" user="Nithinat S" uid="10217273" lat="8.1547879" lon="98.6436402"/>
 <node id="2503375768" visible="true" version="2" changeset="96430127" timestamp="2020-12-25T17:38:28Z" user="Nithinat S" uid="10217273" lat="8.1541895" lon="98.6299096"/>
 <node id="2503375819" visible="true" version="2" changeset="72367733" timestamp="2019-07-17T23:40:06Z" user="Moo Keh" uid="2186867" lat="8.2823451" lon="98.4438298"/>
 <node id="2503375823" visible="true" version="2" changeset="72367733" timestamp="2019-07-17T23:40:06Z" user="Moo Keh" uid="2186867" lat="8.2891220" lon="98.4404341"/>
 <node id="2503375829" visible="true" version="2" changeset="72367733" timestamp="2019-07-17T23:40:06Z" user="Moo Keh" uid="2186867" lat="8.2979519" lon="98.4402880"/>
 <node id="2503375831" visible="true" version="2" changeset="72367733" timestamp="2019-07-17T23:40:06Z" user="Moo Keh" uid="2186867" lat="8.3052453" lon="98.4358191"/>
 <node id="2503375837" visible="true" version="2" changeset="72367733" timestamp="2019-07-17T23:40:06Z" user="Moo Keh" uid="2186867" lat="8.3159425" lon="98.4373985"/>
 <node id="2503375838" visible="true" version="2" changeset="72367733" timestamp="2019-07-17T23:40:06Z" user="Moo Keh" uid="2186867" lat="8.3280839" lon="98.4273443"/>
 <node id="2503375850" visible="true" version="2" changeset="72367733" timestamp="2019-07-17T23:40:06Z" user="Moo Keh" uid="2186867" lat="8.3359997" lon="98.4402608"/>
 <node id="2503375852" visible="true" version="2" changeset="72367733" timestamp="2019-07-17T23:40:06Z" user="Moo Keh" uid="2186867" lat="8.3469929" lon="98.4402990"/>
 <node id="2503375853" visible="true" version="2" changeset="72367733" timestamp="2019-07-17T23:40:06Z" user="Moo Keh" uid="2186867" lat="8.3499596" lon="98.4422820"/>
 <node id="2503375854" visible="true" version="2" changeset="72367733" timestamp="2019-07-17T23:40:06Z" user="Moo Keh" uid="2186867" lat="8.3510579" lon="98.4439460"/>
 <node id="2503375855" visible="true" version="3" changeset="72368148" timestamp="2019-07-18T00:19:26Z" user="Moo Keh" uid="2186867" lat="8.3536282" lon="98.4471531"/>
 <node id="2503375856" visible="true" version="2" changeset="72368148" timestamp="2019-07-18T00:19:26Z" user="Moo Keh" uid="2186867" lat="8.3690196" lon="98.4490368"/>
 <node id="2503375858" visible="true" version="2" changeset="72368148" timestamp="2019-07-18T00:19:26Z" user="Moo Keh" uid="2186867" lat="8.3716708" lon="98.4488654"/>
 <node id="2503375860" visible="true" version="2" changeset="72368148" timestamp="2019-07-18T00:19:26Z" user="Moo Keh" uid="2186867" lat="8.3783611" lon="98.4514807"/>
 <node id="2503375861" visible="true" version="2" changeset="72368148" timestamp="2019-07-18T00:19:26Z" user="Moo Keh" uid="2186867" lat="8.3861427" lon="98.4859968"/>
 <node id="2503375862" visible="true" version="2" changeset="72368148" timestamp="2019-07-18T00:19:26Z" user="Moo Keh" uid="2186867" lat="8.3874002" lon="98.4603813"/>
 <node id="2503375864" visible="true" version="2" changeset="72368148" timestamp="2019-07-18T00:19:26Z" user="Moo Keh" uid="2186867" lat="8.3886322" lon="98.4690908"/>
 <node id="2503375865" visible="true" version="2" changeset="72368148" timestamp="2019-07-18T00:19:26Z" user="Moo Keh" uid="2186867" lat="8.3858753" lon="98.4853308"/>
 <node id="2503375866" visible="true" version="2" changeset="72368148" timestamp="2019-07-18T00:19:26Z" user="Moo Keh" uid="2186867" lat="8.3897718" lon="98.4837419"/>
 <node id="2503375867" visible="true" version="2" changeset="72368148" timestamp="2019-07-18T00:19:26Z" user="Moo Keh" uid="2186867" lat="8.3880215" lon="98.4865281"/>
 <node id="2503375868" visible="true" version="2" changeset="72368148" timestamp="2019-07-18T00:19:26Z" user="Moo Keh" uid="2186867" lat="8.3902658" lon="98.4901835"/>
 <node id="2503375869" visible="true" version="2" changeset="72368148" timestamp="2019-07-18T00:19:26Z" user="Moo Keh" uid="2186867" lat="8.3887517" lon="98.4931004"/>
 <node id="2503375871" visible="true" version="2" changeset="72368148" timestamp="2019-07-18T00:19:26Z" user="Moo Keh" uid="2186867" lat="8.3984382" lon="98.5003356"/>
 <node id="2503375872" visible="true" version="3" changeset="96430127" timestamp="2020-12-25T17:38:28Z" user="Nithinat S" uid="10217273" lat="8.3959610" lon="98.5129290"/>
 <node id="2503375873" visible="true" version="2" changeset="72368148" timestamp="2019-07-18T00:19:26Z" user="Moo Keh" uid="2186867" lat="8.4012004" lon="98.5009159"/>
 <node id="2503375874" visible="true" version="2" changeset="72368148" timestamp="2019-07-18T00:19:26Z" user="Moo Keh" uid="2186867" lat="8.3973143" lon="98.5123597"/>
 <node id="2503375875" visible="true" version="2" changeset="72368148" timestamp="2019-07-18T00:19:26Z" user="Moo Keh" uid="2186867" lat="8.4050089" lon="98.5034483"/>
 <node id="2985592905" visible="true" version="3" changeset="177658933" timestamp="2026-01-24T19:30:50Z" user="Greg91" uid="1704044" lat="8.3355369" lon="98.5043970"/>
 <node id="2985592906" visible="true" version="3" changeset="162737650" timestamp="2025-02-20T11:58:18Z" user="rheins" uid="2996489" lat="8.3352843" lon="98.5040200"/>
 <node id="2985592907" visible="true" version="3" changeset="182942679" timestamp="2026-05-20T18:38:11Z" user="FvGordon" uid="161619" lat="8.3375527" lon="98.5036401"/>
 <node id="2985592908" visible="true" version="3" changeset="177658933" timestamp="2026-01-24T19:30:50Z" user="Greg91" uid="1704044" lat="8.3352232" lon="98.5024871"/>
 <node id="2985592909" visible="true" version="3" changeset="177658933" timestamp="2026-01-24T19:30:50Z" user="Greg91" uid="1704044" lat="8.3349686" lon="98.5031459"/>
 <node id="2985592912" visible="true" version="4" changeset="182942679" timestamp="2026-05-20T18:38:11Z" user="FvGordon" uid="161619" lat="8.3349606" lon="98.5026200"/>
 <node id="2985592913" visible="true" version="3" changeset="177658933" timestamp="2026-01-24T19:30:50Z" user="Greg91" uid="1704044" lat="8.3351786" lon="98.5027978"/>
 <node id="2985592914" visible="true" version="2" changeset="177658933" timestamp="2026-01-24T19:30:50Z" user="Greg91" uid="1704044" lat="8.3353018" lon="98.5038325">
  <tag k="access" v="permissive"/>
  <tag k="amenity" v="toilets"/>
 </node>
 <node id="2985592915" visible="true" version="2" changeset="182942679" timestamp="2026-05-20T18:38:11Z" user="FvGordon" uid="161619" lat="8.3364773" lon="98.5018722"/>
 <node id="2985592916" visible="true" version="3" changeset="177658933" timestamp="2026-01-24T19:30:50Z" user="Greg91" uid="1704044" lat="8.3350172" lon="98.5027742"/>
 <node id="2985592918" visible="true" version="3" changeset="162737650" timestamp="2025-02-20T11:58:18Z" user="rheins" uid="2996489" lat="8.3354662" lon="98.5039931"/>
 <node id="2985592919" visible="true" version="4" changeset="177658933" timestamp="2026-01-24T19:30:50Z" user="Greg91" uid="1704044" lat="8.3353550" lon="98.5044239"/>
 <node id="2985592920" visible="true" version="3" changeset="177658933" timestamp="2026-01-24T19:30:50Z" user="Greg91" uid="1704044" lat="8.3352156" lon="98.5025397"/>
 <node id="4168943089" visible="true" version="2" changeset="177658933" timestamp="2026-01-24T19:30:50Z" user="Greg91" uid="1704044" lat="8.3351159" lon="98.5044105">
  <tag k="amenity" v="restaurant"/>
  <tag k="cuisine" v="thai;seafood"/>
  <tag k="name" v="Panyee Muteara Seafood"/>
 </node>
 <node id="4305378303" visible="true" version="1" changeset="40772305" timestamp="2016-07-16T03:17:41Z" user="Baron Harkonnen" uid="2704608" lat="8.3348286" lon="98.5031846"/>
 <node id="4305378304" visible="true" version="2" changeset="141761337" timestamp="2023-09-26T07:51:00Z" user="ashraful997" uid="13388635" lat="8.3343801" lon="98.5031921"/>
 <node id="4305378305" visible="true" version="2" changeset="141761337" timestamp="2023-09-26T07:51:00Z" user="ashraful997" uid="13388635" lat="8.3341599" lon="98.5031840"/>
 <node id="4305378306" visible="true" version="1" changeset="40772305" timestamp="2016-07-16T03:17:41Z" user="Baron Harkonnen" uid="2704608" lat="8.3338786" lon="98.5032329"/>
 <node id="4305378307" visible="true" version="2" changeset="141761175" timestamp="2023-09-26T07:46:13Z" user="ashraful997" uid="13388635" lat="8.3335668" lon="98.5033039"/>
 <node id="4305378308" visible="true" version="2" changeset="141761175" timestamp="2023-09-26T07:46:13Z" user="ashraful997" uid="13388635" lat="8.3331496" lon="98.5034113"/>
 <node id="4305378309" visible="true" version="2" changeset="141761175" timestamp="2023-09-26T07:46:13Z" user="ashraful997" uid="13388635" lat="8.3324205" lon="98.5035904"/>
 <node id="4305378310" visible="true" version="4" changeset="177658933" timestamp="2026-01-24T19:30:50Z" user="Greg91" uid="1704044" lat="8.3364244" lon="98.5028724"/>
 <node id="4305378312" visible="true" version="4" changeset="177658933" timestamp="2026-01-24T19:30:50Z" user="Greg91" uid="1704044" lat="8.3358912" lon="98.5028935"/>
 <node id="4305378313" visible="true" version="3" changeset="169749268" timestamp="2025-07-31T04:32:34Z" user="olecky" uid="20578352" lat="8.3336356" lon="98.5037260"/>
 <node id="4305378314" visible="true" version="3" changeset="169749268" timestamp="2025-07-31T04:32:34Z" user="olecky" uid="20578352" lat="8.3333175" lon="98.5037981"/>
 <node id="4305378315" visible="true" version="2" changeset="141761337" timestamp="2023-09-26T07:51:00Z" user="ashraful997" uid="13388635" lat="8.3332464" lon="98.5033864"/>
 <node id="4305378323" visible="true" version="2" changeset="141760956" timestamp="2023-09-26T07:40:29Z" user="ashraful997" uid="13388635" lat="8.3359421" lon="98.5030941"/>
 <node id="4305378324" visible="true" version="1" changeset="40772305" timestamp="2016-07-16T03:17:41Z" user="Baron Harkonnen" uid="2704608" lat="8.3358265" lon="98.5031095"/>
 <node id="4305378325" visible="true" version="2" changeset="177658933" timestamp="2026-01-24T19:30:50Z" user="Greg91" uid="1704044" lat="8.3359433" lon="98.5035736"/>
 <node id="4305378328" visible="true" version="2" changeset="177658933" timestamp="2026-01-24T19:30:50Z" user="Greg91" uid="1704044" lat="8.3361690" lon="98.5036340"/>
 <node id="4305378329" visible="true" version="1" changeset="40772305" timestamp="2016-07-16T03:17:41Z" user="Baron Harkonnen" uid="2704608" lat="8.3346004" lon="98.5036996"/>
 <node id="4305378330" visible="true" version="4" changeset="182942679" timestamp="2026-05-20T18:38:11Z" user="FvGordon" uid="161619" lat="8.3330512" lon="98.5036886"/>
 <node id="4305378332" visible="true" version="4" changeset="182942679" timestamp="2026-05-20T18:38:11Z" user="FvGordon" uid="161619" lat="8.3323936" lon="98.5037949"/>
 <node id="4305378333" visible="true" version="4" changeset="182942679" timestamp="2026-05-20T18:38:11Z" user="FvGordon" uid="161619" lat="8.3321638" lon="98.5034483"/>
 <node id="4305378334" visible="true" version="3" changeset="182942679" timestamp="2026-05-20T18:38:11Z" user="FvGordon" uid="161619" lat="8.3325305" lon="98.5033657"/>
 <node id="4305378336" visible="true" version="3" changeset="182942679" timestamp="2026-05-20T18:38:11Z" user="FvGordon" uid="161619" lat="8.3328357" lon="98.5032216"/>
 <node id="4305378337" visible="true" version="3" changeset="182942679" timestamp="2026-05-20T18:38:11Z" user="FvGordon" uid="161619" lat="8.3328209" lon="98.5030853"/>
 <node id="4305378338" visible="true" version="4" changeset="177658933" timestamp="2026-01-24T19:30:50Z" user="Greg91" uid="1704044" lat="8.3353805" lon="98.5019535"/>
 <node id="4305378340" visible="true" version="3" changeset="177658933" timestamp="2026-01-24T19:30:50Z" user="Greg91" uid="1704044" lat="8.3351331" lon="98.5020142"/>
 <node id="4305378341" visible="true" version="3" changeset="177658933" timestamp="2026-01-24T19:30:50Z" user="Greg91" uid="1704044" lat="8.3351735" lon="98.5021822"/>
 <node id="4305378342" visible="true" version="3" changeset="182942679" timestamp="2026-05-20T18:38:11Z" user="FvGordon" uid="161619" lat="8.3352721" lon="98.5024703"/>
 <node id="4305378343" visible="true" version="1" changeset="40772305" timestamp="2016-07-16T03:17:41Z" user="Baron Harkonnen" uid="2704608" lat="8.3340242" lon="98.5032024"/>
 <node id="4305378344" visible="true" version="1" changeset="40772305" timestamp="2016-07-16T03:17:41Z" user="Baron Harkonnen" uid="2704608" lat="8.3340272" lon="98.5033617"/>
 <node id="4305378345" visible="true" version="1" changeset="40772305" timestamp="2016-07-16T03:17:41Z" user="Baron Harkonnen" uid="2704608" lat="8.3340590" lon="98.5034421"/>
 <node id="4305378346" visible="true" version="1" changeset="40772305" timestamp="2016-07-16T03:17:41Z" user="Baron Harkonnen" uid="2704608" lat="8.3340643" lon="98.5036352"/>
 <node id="4305378347" visible="true" version="2" changeset="169749268" timestamp="2025-07-31T04:32:34Z" user="olecky" uid="20578352" lat="8.3340779" lon="98.5037220"/>
 <node id="4305378348" visible="true" version="3" changeset="177658933" timestamp="2026-01-24T19:30:50Z" user="Greg91" uid="1704044" lat="8.3356849" lon="98.5029344"/>
 <node id="4305378349" visible="true" version="3" changeset="177658933" timestamp="2026-01-24T19:30:50Z" user="Greg91" uid="1704044" lat="8.3357677" lon="98.5029464"/>
 <node id="4305378350" visible="true" version="4" changeset="177658933" timestamp="2026-01-24T19:30:50Z" user="Greg91" uid="1704044" lat="8.3357815" lon="98.5029206"/>
 <node id="4305378351" visible="true" version="1" changeset="40772305" timestamp="2016-07-16T03:17:41Z" user="Baron Harkonnen" uid="2704608" lat="8.3345049" lon="98.5036835"/>
 <node id="4305378352" visible="true" version="1" changeset="40772305" timestamp="2016-07-16T03:17:41Z" user="Baron Harkonnen" uid="2704608" lat="8.3344996" lon="98.5037586"/>
 <node id="4305378353" visible="true" version="1" changeset="40772305" timestamp="2016-07-16T03:17:41Z" user="Baron Harkonnen" uid="2704608" lat="8.3344359" lon="98.5037586"/>
 <node id="4305378354" visible="true" version="1" changeset="40772305" timestamp="2016-07-16T03:17:41Z" user="Baron Harkonnen" uid="2704608" lat="8.3342182" lon="98.5037747"/>
 <node id="4305378356" visible="true" version="1" changeset="40772305" timestamp="2016-07-16T03:17:41Z" user="Baron Harkonnen" uid="2704608" lat="8.3340749" lon="98.5039088"/>
 <node id="4305378357" visible="true" version="1" changeset="40772305" timestamp="2016-07-16T03:17:41Z" user="Baron Harkonnen" uid="2704608" lat="8.3340696" lon="98.5040429"/>
 <node id="4305378358" visible="true" version="1" changeset="40772305" timestamp="2016-07-16T03:17:41Z" user="Baron Harkonnen" uid="2704608" lat="8.3341015" lon="98.5041717"/>
 <node id="4305378359" visible="true" version="1" changeset="40772305" timestamp="2016-07-16T03:17:41Z" user="Baron Harkonnen" uid="2704608" lat="8.3341068" lon="98.5044345"/>
 <node id="4305378360" visible="true" version="2" changeset="177658933" timestamp="2026-01-24T19:30:50Z" user="Greg91" uid="1704044" lat="8.3350613" lon="98.5037631"/>
 <node id="4305378361" visible="true" version="1" changeset="40772305" timestamp="2016-07-16T03:17:41Z" user="Baron Harkonnen" uid="2704608" lat="8.3350834" lon="98.5040161"/>
 <node id="4305378362" visible="true" version="1" changeset="40772305" timestamp="2016-07-16T03:17:41Z" user="Baron Harkonnen" uid="2704608" lat="8.3349720" lon="98.5040268"/>
 <node id="4305378363" visible="true" version="4" changeset="177658933" timestamp="2026-01-24T19:30:50Z" user="Greg91" uid="1704044" lat="8.3354394" lon="98.5029054"/>
 <node id="4783083756" visible="true" version="2" changeset="51251830" timestamp="2017-08-19T09:51:42Z" user="Sal73x" uid="1293386" lat="8.2737470" lon="98.5012251"/>
 <node id="4783083759" visible="true" version="2" changeset="71711456" timestamp="2019-06-28T14:56:51Z" user="Tamangfella" uid="9578548" lat="8.2741475" lon="98.5008156"/>
 <node id="4783083765" visible="true" version="2" changeset="51251830" timestamp="2017-08-19T09:51:42Z" user="Sal73x" uid="1293386" lat="8.2736061" lon="98.5019077"/>
 <node id="4783083766" visible="true" version="2" changeset="51251830" timestamp="2017-08-19T09:51:42Z" user="Sal73x" uid="1293386" lat="8.2738906" lon="98.5025111"/>
 <node id="4783083767" visible="true" version="2" changeset="51251830" timestamp="2017-08-19T09:51:42Z" user="Sal73x" uid="1293386" lat="8.2741375" lon="98.5027439"/>
 <node id="4783083769" visible="true" version="2" changeset="51251830" timestamp="2017-08-19T09:51:42Z" user="Sal73x" uid="1293386" lat="8.2744641" lon="98.5028989"/>
 <node id="4783083770" visible="true" version="1" changeset="47570016" timestamp="2017-04-08T15:02:07Z" user="gezginrocker" uid="1686268" lat="8.3065228" lon="98.5062316"/>
 <node id="4783083773" visible="true" version="5" changeset="167343562" timestamp="2025-06-08T10:17:43Z" user="Kri_ttt" uid="13669494" lat="8.3355323" lon="98.5047759">
  <tag k="amenity" v="ferry_terminal"/>
  <tag k="ferry" v="yes"/>
  <tag k="name" v="ท่าเรือเกาะปันหยี"/>
  <tag k="name:en" v="Ko Panyi Pier"/>
  <tag k="name:th" v="ท่าเรือเกาะปันหยี"/>
  <tag k="public_transport" v="station"/>
 </node>
 <node id="4783083774" visible="true" version="2" changeset="51251830" timestamp="2017-08-19T09:51:42Z" user="Sal73x" uid="1293386" lat="8.3361694" lon="98.5053125"/>
 <node id="4783083775" visible="true" version="2" changeset="51251830" timestamp="2017-08-19T09:51:42Z" user="Sal73x" uid="1293386" lat="8.3396560" lon="98.5044871"/>
 <node id="4783083776" visible="true" version="1" changeset="47570016" timestamp="2017-04-08T15:02:07Z" user="gezginrocker" uid="1686268" lat="8.3401644" lon="98.4977344"/>
 <node id="4783083778" visible="true" version="1" changeset="47570016" timestamp="2017-04-08T15:02:07Z" user="gezginrocker" uid="1686268" lat="8.3891698" lon="98.4599018"/>
 <node id="4783083782" visible="true" version="1" changeset="47570016" timestamp="2017-04-08T15:02:07Z" user="gezginrocker" uid="1686268" lat="8.3647170" lon="98.4712395"/>
 <node id="4783083787" visible="true" version="1" changeset="47570016" timestamp="2017-04-08T15:02:07Z" user="gezginrocker" uid="1686268" lat="8.3890902" lon="98.4594700"/>
 <node id="4783083788" visible="true" version="1" changeset="47570016" timestamp="2017-04-08T15:02:07Z" user="gezginrocker" uid="1686268" lat="8.3896607" lon="98.4613905"/>
 <node id="4783083789" visible="true" version="1" changeset="47570016" timestamp="2017-04-08T15:02:07Z" user="gezginrocker" uid="1686268" lat="8.3886842" lon="98.4645394"/>
 <node id="4783083790" visible="true" version="1" changeset="47570016" timestamp="2017-04-08T15:02:07Z" user="gezginrocker" uid="1686268" lat="8.3879864" lon="98.4655237"/>
 <node id="4783083791" visible="true" version="1" changeset="47570016" timestamp="2017-04-08T15:02:07Z" user="gezginrocker" uid="1686268" lat="8.3826183" lon="98.4659234"/>
 <node id="4783083792" visible="true" version="1" changeset="47570016" timestamp="2017-04-08T15:02:07Z" user="gezginrocker" uid="1686268" lat="8.3749600" lon="98.4637723"/>
 <node id="4783083793" visible="true" version="1" changeset="47570016" timestamp="2017-04-08T15:02:07Z" user="gezginrocker" uid="1686268" lat="8.3742489" lon="98.4638044"/>
 <node id="4783083794" visible="true" version="1" changeset="47570016" timestamp="2017-04-08T15:02:07Z" user="gezginrocker" uid="1686268" lat="8.3724444" lon="98.4658322"/>
 <node id="4783083798" visible="true" version="1" changeset="47570016" timestamp="2017-04-08T15:02:07Z" user="gezginrocker" uid="1686268" lat="8.3719243" lon="98.4684393"/>
 <node id="4783083799" visible="true" version="1" changeset="47570016" timestamp="2017-04-08T15:02:07Z" user="gezginrocker" uid="1686268" lat="8.3701729" lon="98.4701345"/>
 <node id="4783083800" visible="true" version="1" changeset="47570016" timestamp="2017-04-08T15:02:07Z" user="gezginrocker" uid="1686268" lat="8.3636980" lon="98.4717009"/>
 <node id="4783083801" visible="true" version="1" changeset="47570016" timestamp="2017-04-08T15:02:07Z" user="gezginrocker" uid="1686268" lat="8.3602269" lon="98.4776983"/>
 <node id="4783083802" visible="true" version="1" changeset="47570016" timestamp="2017-04-08T15:02:07Z" user="gezginrocker" uid="1686268" lat="8.3574777" lon="98.4786531"/>
 <node id="4783083803" visible="true" version="1" changeset="47570016" timestamp="2017-04-08T15:02:07Z" user="gezginrocker" uid="1686268" lat="8.3558536" lon="98.4784815"/>
 <node id="4783083804" visible="true" version="2" changeset="66427570" timestamp="2019-01-18T13:43:45Z" user="Moo Keh" uid="2186867" lat="8.3505011" lon="98.4777995"/>
 <node id="4887576222" visible="true" version="1" changeset="49131752" timestamp="2017-05-31T10:45:34Z" user="Павел Дунаев" uid="5637513" lat="8.3341996" lon="98.5042907">
  <tag k="amenity" v="restaurant"/>
  <tag k="name:en" v="Sunny seafood"/>
 </node>
 <node id="5044486614" visible="true" version="1" changeset="51251830" timestamp="2017-08-19T09:51:41Z" user="Sal73x" uid="1293386" lat="8.2736909" lon="98.5022375"/>
 <node id="5044486615" visible="true" version="3" changeset="141857612" timestamp="2023-09-28T10:21:12Z" user="ashraful997" uid="13388635" lat="8.3356269" lon="98.5047389"/>
 <node id="5044486616" visible="true" version="2" changeset="141760956" timestamp="2023-09-26T07:40:29Z" user="ashraful997" uid="13388635" lat="8.3354521" lon="98.5048011"/>
 <node id="5044486619" visible="true" version="1" changeset="51251830" timestamp="2017-08-19T09:51:41Z" user="Sal73x" uid="1293386" lat="8.2736215" lon="98.5015516"/>
 <node id="5046529053" visible="true" version="1" changeset="51280586" timestamp="2017-08-20T16:18:15Z" user="Sal73x" uid="1293386" lat="8.4011117" lon="98.5136457"/>
 <node id="5046529054" visible="true" version="1" changeset="51280586" timestamp="2017-08-20T16:18:15Z" user="Sal73x" uid="1293386" lat="8.4010925" lon="98.5137567"/>
 <node id="5046529055" visible="true" version="1" changeset="51280586" timestamp="2017-08-20T16:18:15Z" user="Sal73x" uid="1293386" lat="8.4010376" lon="98.5138546"/>
 <node id="6218733863" visible="true" version="1" changeset="66427570" timestamp="2019-01-18T13:43:39Z" user="Moo Keh" uid="2186867" lat="8.3410297" lon="98.4953434"/>
 <node id="6218733866" visible="true" version="1" changeset="66427570" timestamp="2019-01-18T13:43:39Z" user="Moo Keh" uid="2186867" lat="8.3417863" lon="98.4929546"/>
 <node id="6218733867" visible="true" version="1" changeset="66427570" timestamp="2019-01-18T13:43:39Z" user="Moo Keh" uid="2186867" lat="8.3408734" lon="98.4942636"/>
 <node id="6218733868" visible="true" version="1" changeset="66427570" timestamp="2019-01-18T13:43:39Z" user="Moo Keh" uid="2186867" lat="8.3415989" lon="98.4955739"/>
 <node id="6218733871" visible="true" version="1" changeset="66427570" timestamp="2019-01-18T13:43:39Z" user="Moo Keh" uid="2186867" lat="8.3442233" lon="98.4874166"/>
 <node id="6218733872" visible="true" version="1" changeset="66427570" timestamp="2019-01-18T13:43:39Z" user="Moo Keh" uid="2186867" lat="8.3410362" lon="98.4913434"/>
 <node id="6218733873" visible="true" version="1" changeset="66427570" timestamp="2019-01-18T13:43:39Z" user="Moo Keh" uid="2186867" lat="8.3430642" lon="98.4901931"/>
 <node id="6218733874" visible="true" version="1" changeset="66427570" timestamp="2019-01-18T13:43:39Z" user="Moo Keh" uid="2186867" lat="8.3450774" lon="98.4827581"/>
 <node id="6625196873" visible="true" version="1" changeset="72367733" timestamp="2019-07-17T23:40:06Z" user="Moo Keh" uid="2186867" lat="8.2845551" lon="98.4428239"/>
 <node id="6625196874" visible="true" version="1" changeset="72367733" timestamp="2019-07-17T23:40:06Z" user="Moo Keh" uid="2186867" lat="8.2868810" lon="98.4414520"/>
 <node id="6625196875" visible="true" version="1" changeset="72367733" timestamp="2019-07-17T23:40:06Z" user="Moo Keh" uid="2186867" lat="8.2917123" lon="98.4396046"/>
 <node id="6625196876" visible="true" version="1" changeset="72367733" timestamp="2019-07-17T23:40:06Z" user="Moo Keh" uid="2186867" lat="8.2945272" lon="98.4405872"/>
 <node id="6625196877" visible="true" version="1" changeset="72367733" timestamp="2019-07-17T23:40:06Z" user="Moo Keh" uid="2186867" lat="8.2964469" lon="98.4406841"/>
 <node id="6625196878" visible="true" version="1" changeset="72367733" timestamp="2019-07-17T23:40:06Z" user="Moo Keh" uid="2186867" lat="8.3000620" lon="98.4405615"/>
 <node id="6625196879" visible="true" version="1" changeset="72367733" timestamp="2019-07-17T23:40:06Z" user="Moo Keh" uid="2186867" lat="8.3013244" lon="98.4403039"/>
 <node id="6625196880" visible="true" version="1" changeset="72367733" timestamp="2019-07-17T23:40:06Z" user="Moo Keh" uid="2186867" lat="8.3030166" lon="98.4380800"/>
 <node id="6625196881" visible="true" version="1" changeset="72367733" timestamp="2019-07-17T23:40:06Z" user="Moo Keh" uid="2186867" lat="8.2925466" lon="98.4380254"/>
 <node id="6625196882" visible="true" version="1" changeset="72367733" timestamp="2019-07-17T23:40:06Z" user="Moo Keh" uid="2186867" lat="8.2935369" lon="98.4385545"/>
 <node id="6625196883" visible="true" version="1" changeset="72367733" timestamp="2019-07-17T23:40:06Z" user="Moo Keh" uid="2186867" lat="8.2940321" lon="98.4394846"/>
 <node id="6625196884" visible="true" version="1" changeset="72367733" timestamp="2019-07-17T23:40:06Z" user="Moo Keh" uid="2186867" lat="8.2937308" lon="98.4404426"/>
 <node id="6625196885" visible="true" version="1" changeset="72367733" timestamp="2019-07-17T23:40:06Z" user="Moo Keh" uid="2186867" lat="8.3196316" lon="98.4339441"/>
 <node id="6625196886" visible="true" version="1" changeset="72367733" timestamp="2019-07-17T23:40:06Z" user="Moo Keh" uid="2186867" lat="8.3207360" lon="98.4338757"/>
 <node id="6625196887" visible="true" version="1" changeset="72367733" timestamp="2019-07-17T23:40:06Z" user="Moo Keh" uid="2186867" lat="8.3214250" lon="98.4335406"/>
 <node id="6625196888" visible="true" version="1" changeset="72367733" timestamp="2019-07-17T23:40:06Z" user="Moo Keh" uid="2186867" lat="8.3221798" lon="98.4324543"/>
 <node id="6625196889" visible="true" version="1" changeset="72367733" timestamp="2019-07-17T23:40:06Z" user="Moo Keh" uid="2186867" lat="8.3220544" lon="98.4315737"/>
 <node id="6625197009" visible="true" version="1" changeset="72367733" timestamp="2019-07-17T23:40:06Z" user="Moo Keh" uid="2186867" lat="8.3317718" lon="98.4308148"/>
 <node id="6625197010" visible="true" version="1" changeset="72367733" timestamp="2019-07-17T23:40:06Z" user="Moo Keh" uid="2186867" lat="8.3302605" lon="98.4287060"/>
 <node id="6625197011" visible="true" version="1" changeset="72367733" timestamp="2019-07-17T23:40:06Z" user="Moo Keh" uid="2186867" lat="8.3370233" lon="98.4363238"/>
 <node id="6625197012" visible="true" version="1" changeset="72367733" timestamp="2019-07-17T23:40:06Z" user="Moo Keh" uid="2186867" lat="8.3382675" lon="98.4411232"/>
 <node id="6625197013" visible="true" version="1" changeset="72367733" timestamp="2019-07-17T23:40:06Z" user="Moo Keh" uid="2186867" lat="8.3390503" lon="98.4396863"/>
 <node id="6625197014" visible="true" version="1" changeset="72367733" timestamp="2019-07-17T23:40:06Z" user="Moo Keh" uid="2186867" lat="8.3408833" lon="98.4397898"/>
 <node id="6625197015" visible="true" version="1" changeset="72367733" timestamp="2019-07-17T23:40:06Z" user="Moo Keh" uid="2186867" lat="8.3417813" lon="98.4383098"/>
 <node id="6625197016" visible="true" version="1" changeset="72367733" timestamp="2019-07-17T23:40:06Z" user="Moo Keh" uid="2186867" lat="8.3429511" lon="98.4373456"/>
 <node id="6625197017" visible="true" version="1" changeset="72367733" timestamp="2019-07-17T23:40:06Z" user="Moo Keh" uid="2186867" lat="8.3451625" lon="98.4390491"/>
 <node id="6625197018" visible="true" version="1" changeset="72367733" timestamp="2019-07-17T23:40:06Z" user="Moo Keh" uid="2186867" lat="8.3499322" lon="98.4464310"/>
 <node id="6625197019" visible="true" version="1" changeset="72367733" timestamp="2019-07-17T23:40:06Z" user="Moo Keh" uid="2186867" lat="8.3518065" lon="98.4481832"/>
 <node id="6625218006" visible="true" version="1" changeset="72368148" timestamp="2019-07-18T00:19:26Z" user="Moo Keh" uid="2186867" lat="8.3547824" lon="98.4470841"/>
 <node id="6625218007" visible="true" version="1" changeset="72368148" timestamp="2019-07-18T00:19:26Z" user="Moo Keh" uid="2186867" lat="8.3520243" lon="98.4476495"/>
 <node id="6625218008" visible="true" version="1" changeset="72368148" timestamp="2019-07-18T00:19:26Z" user="Moo Keh" uid="2186867" lat="8.3526507" lon="98.4470277"/>
 <node id="6625218009" visible="true" version="1" changeset="72368148" timestamp="2019-07-18T00:19:26Z" user="Moo Keh" uid="2186867" lat="8.3524206" lon="98.4474040"/>
 <node id="6625218010" visible="true" version="1" changeset="72368148" timestamp="2019-07-18T00:19:26Z" user="Moo Keh" uid="2186867" lat="8.3527328" lon="98.4461751"/>
 <node id="6625218011" visible="true" version="1" changeset="72368148" timestamp="2019-07-18T00:19:26Z" user="Moo Keh" uid="2186867" lat="8.3531343" lon="98.4460664"/>
 <node id="6625218012" visible="true" version="1" changeset="72368148" timestamp="2019-07-18T00:19:26Z" user="Moo Keh" uid="2186867" lat="8.3535938" lon="98.4464323"/>
 <node id="6625218013" visible="true" version="1" changeset="72368148" timestamp="2019-07-18T00:19:26Z" user="Moo Keh" uid="2186867" lat="8.3605858" lon="98.4483341"/>
 <node id="6625218014" visible="true" version="1" changeset="72368148" timestamp="2019-07-18T00:19:26Z" user="Moo Keh" uid="2186867" lat="8.3566889" lon="98.4481135"/>
 <node id="6625218015" visible="true" version="1" changeset="72368148" timestamp="2019-07-18T00:19:26Z" user="Moo Keh" uid="2186867" lat="8.3554273" lon="98.4473556"/>
 <node id="6625218016" visible="true" version="1" changeset="72368148" timestamp="2019-07-18T00:19:26Z" user="Moo Keh" uid="2186867" lat="8.3556461" lon="98.4477256"/>
 <node id="6625218017" visible="true" version="1" changeset="72368148" timestamp="2019-07-18T00:19:26Z" user="Moo Keh" uid="2186867" lat="8.3582030" lon="98.4482482"/>
 <node id="6625218018" visible="true" version="1" changeset="72368148" timestamp="2019-07-18T00:19:26Z" user="Moo Keh" uid="2186867" lat="8.3575948" lon="98.4484329"/>
 <node id="6625218019" visible="true" version="1" changeset="72368148" timestamp="2019-07-18T00:19:26Z" user="Moo Keh" uid="2186867" lat="8.3573027" lon="98.4479358"/>
 <node id="6625218020" visible="true" version="1" changeset="72368148" timestamp="2019-07-18T00:19:26Z" user="Moo Keh" uid="2186867" lat="8.3593341" lon="98.4479578"/>
 <node id="6625218021" visible="true" version="1" changeset="72368148" timestamp="2019-07-18T00:19:26Z" user="Moo Keh" uid="2186867" lat="8.3601530" lon="98.4481866"/>
 <node id="6625218022" visible="true" version="1" changeset="72368148" timestamp="2019-07-18T00:19:26Z" user="Moo Keh" uid="2186867" lat="8.3587967" lon="98.4479404"/>
 <node id="6625218023" visible="true" version="1" changeset="72368148" timestamp="2019-07-18T00:19:26Z" user="Moo Keh" uid="2186867" lat="8.3644775" lon="98.4504968"/>
 <node id="6625218024" visible="true" version="1" changeset="72368148" timestamp="2019-07-18T00:19:26Z" user="Moo Keh" uid="2186867" lat="8.3623949" lon="98.4500415"/>
 <node id="6625218025" visible="true" version="1" changeset="72368148" timestamp="2019-07-18T00:19:26Z" user="Moo Keh" uid="2186867" lat="8.3624798" lon="98.4489845"/>
 <node id="6625218026" visible="true" version="1" changeset="72368148" timestamp="2019-07-18T00:19:26Z" user="Moo Keh" uid="2186867" lat="8.3614041" lon="98.4486593"/>
 <node id="6625218041" visible="true" version="1" changeset="72368148" timestamp="2019-07-18T00:19:26Z" user="Moo Keh" uid="2186867" lat="8.3658251" lon="98.4488548"/>
 <node id="6625218042" visible="true" version="1" changeset="72368148" timestamp="2019-07-18T00:19:26Z" user="Moo Keh" uid="2186867" lat="8.3641155" lon="98.4507198"/>
 <node id="6625218043" visible="true" version="1" changeset="72368148" timestamp="2019-07-18T00:19:26Z" user="Moo Keh" uid="2186867" lat="8.3626714" lon="98.4505416"/>
 <node id="6625218044" visible="true" version="1" changeset="72368148" timestamp="2019-07-18T00:19:26Z" user="Moo Keh" uid="2186867" lat="8.3753344" lon="98.4494328"/>
 <node id="6625218045" visible="true" version="1" changeset="72368148" timestamp="2019-07-18T00:19:26Z" user="Moo Keh" uid="2186867" lat="8.3768690" lon="98.4504353"/>
 <node id="6625218046" visible="true" version="1" changeset="72368148" timestamp="2019-07-18T00:19:26Z" user="Moo Keh" uid="2186867" lat="8.3765536" lon="98.4513013"/>
 <node id="6625218047" visible="true" version="1" changeset="72368148" timestamp="2019-07-18T00:19:26Z" user="Moo Keh" uid="2186867" lat="8.3770753" lon="98.4520347"/>
 <node id="6625218048" visible="true" version="1" changeset="72368148" timestamp="2019-07-18T00:19:26Z" user="Moo Keh" uid="2186867" lat="8.3802277" lon="98.4513025"/>
 <node id="6625218049" visible="true" version="1" changeset="72368148" timestamp="2019-07-18T00:19:26Z" user="Moo Keh" uid="2186867" lat="8.3902114" lon="98.4761538"/>
 <node id="6625218050" visible="true" version="1" changeset="72368148" timestamp="2019-07-18T00:19:26Z" user="Moo Keh" uid="2186867" lat="8.3875463" lon="98.4839293"/>
 <node id="6625218051" visible="true" version="1" changeset="72368148" timestamp="2019-07-18T00:19:26Z" user="Moo Keh" uid="2186867" lat="8.3856020" lon="98.4847515"/>
 <node id="6625218052" visible="true" version="1" changeset="72368148" timestamp="2019-07-18T00:19:26Z" user="Moo Keh" uid="2186867" lat="8.3896104" lon="98.4919315"/>
 <node id="6625218053" visible="true" version="1" changeset="72368148" timestamp="2019-07-18T00:19:26Z" user="Moo Keh" uid="2186867" lat="8.3914236" lon="98.4967180"/>
 <node id="6625218054" visible="true" version="1" changeset="72368148" timestamp="2019-07-18T00:19:26Z" user="Moo Keh" uid="2186867" lat="8.3904850" lon="98.4945636"/>
 <node id="6625218055" visible="true" version="1" changeset="72368148" timestamp="2019-07-18T00:19:26Z" user="Moo Keh" uid="2186867" lat="8.3953836" lon="98.4989377"/>
 <node id="6625218056" visible="true" version="1" changeset="72368148" timestamp="2019-07-18T00:19:26Z" user="Moo Keh" uid="2186867" lat="8.4046400" lon="98.5068746"/>
 <node id="6625218057" visible="true" version="1" changeset="72368148" timestamp="2019-07-18T00:19:26Z" user="Moo Keh" uid="2186867" lat="8.4039011" lon="98.5094283"/>
 <node id="6625218058" visible="true" version="1" changeset="72368148" timestamp="2019-07-18T00:19:26Z" user="Moo Keh" uid="2186867" lat="8.4033285" lon="98.5104436"/>
 <node id="6625218059" visible="true" version="1" changeset="72368148" timestamp="2019-07-18T00:19:26Z" user="Moo Keh" uid="2186867" lat="8.3998595" lon="98.5114610"/>
 <node id="6625218087" visible="true" version="2" changeset="96430127" timestamp="2020-12-25T17:38:28Z" user="Nithinat S" uid="10217273" lat="8.1563525" lon="98.6251673"/>
 <node id="7205066385" visible="true" version="3" changeset="159308326" timestamp="2024-11-19T04:26:20Z" user="Colegota" uid="2110" lat="8.3341511" lon="98.5038692">
  <tag k="name" v="หมู่บ้านยิปซี"/>
  <tag k="name:en" v="Gypsy village"/>
  <tag k="name:ru" v="цыганская деревня"/>
  <tag k="tourism" v="attraction"/>
 </node>
 <node id="8260062394" visible="true" version="1" changeset="96430127" timestamp="2020-12-25T17:32:39Z" user="Nithinat S" uid="10217273" lat="8.2853057" lon="98.5325574"/>
 <node id="8260062395" visible="true" version="1" changeset="96430127" timestamp="2020-12-25T17:32:39Z" user="Nithinat S" uid="10217273" lat="8.2901894" lon="98.5351324"/>
 <node id="8260062396" visible="true" version="1" changeset="96430127" timestamp="2020-12-25T17:32:39Z" user="Nithinat S" uid="10217273" lat="8.2914634" lon="98.5344886"/>
 <node id="8260062397" visible="true" version="1" changeset="96430127" timestamp="2020-12-25T17:32:39Z" user="Nithinat S" uid="10217273" lat="8.2946059" lon="98.5280513"/>
 <node id="8260062398" visible="true" version="1" changeset="96430127" timestamp="2020-12-25T17:32:39Z" user="Nithinat S" uid="10217273" lat="8.3144372" lon="98.5178804"/>
 <node id="8260062399" visible="true" version="1" changeset="96430127" timestamp="2020-12-25T17:32:39Z" user="Nithinat S" uid="10217273" lat="8.3841786" lon="98.5144043"/>
 <node id="8260062401" visible="true" version="2" changeset="177518987" timestamp="2026-01-21T12:12:21Z" user="Greg91" uid="1704044" lat="8.3365251" lon="98.5024183"/>
 <node id="9015226863" visible="true" version="1" changeset="109830443" timestamp="2021-08-17T19:24:02Z" user="MapSpot" uid="10183030" lat="8.3826515" lon="98.5946656"/>
 <node id="9015226883" visible="true" version="1" changeset="109830443" timestamp="2021-08-17T19:24:02Z" user="MapSpot" uid="10183030" lat="8.3842857" lon="98.5959618"/>
 <node id="9015246841" visible="true" version="1" changeset="109830443" timestamp="2021-08-17T19:24:02Z" user="MapSpot" uid="10183030" lat="8.3776641" lon="98.5937557"/>
 <node id="10733914372" visible="true" version="1" changeset="133646293" timestamp="2023-03-14T00:47:40Z" user="Moo Keh" uid="2186867" lat="8.1579247" lon="98.6243073"/>
 <node id="10791326623" visible="true" version="1" changeset="134598184" timestamp="2023-04-07T03:42:14Z" user="shadyjaker" uid="3464831" lat="8.3330359" lon="98.5031927">
  <tag k="name" v="James Bond Bungalows"/>
  <tag k="tourism" v="hotel"/>
 </node>
 <node id="11219357473" visible="true" version="1" changeset="141760956" timestamp="2023-09-26T07:40:29Z" user="ashraful997" uid="13388635" lat="8.3392723" lon="98.5037809"/>
 <node id="11219357474" visible="true" version="4" changeset="182942679" timestamp="2026-05-20T18:38:11Z" user="FvGordon" uid="161619" lat="8.3384472" lon="98.5039823"/>
 <node id="11219357475" visible="true" version="1" changeset="141760956" timestamp="2023-09-26T07:40:29Z" user="ashraful997" uid="13388635" lat="8.3337528" lon="98.5052152"/>
 <node id="11219357476" visible="true" version="2" changeset="182942679" timestamp="2026-05-20T18:38:11Z" user="FvGordon" uid="161619" lat="8.3356021" lon="98.5022771"/>
 <node id="11219357477" visible="true" version="2" changeset="177658933" timestamp="2026-01-24T19:30:50Z" user="Greg91" uid="1704044" lat="8.3354209" lon="98.5021214"/>
 <node id="11219357478" visible="true" version="3" changeset="182942679" timestamp="2026-05-20T18:38:11Z" user="FvGordon" uid="161619" lat="8.3356047" lon="98.5021375"/>
 <node id="11219357479" visible="true" version="6" changeset="182942865" timestamp="2026-05-20T18:40:49Z" user="FvGordon" uid="161619" lat="8.3354700" lon="98.5017139"/>
 <node id="11219357480" visible="true" version="1" changeset="141760956" timestamp="2023-09-26T07:40:29Z" user="ashraful997" uid="13388635" lat="8.3353244" lon="98.5022198"/>
 <node id="11219357481" visible="true" version="2" changeset="177658933" timestamp="2026-01-24T19:30:50Z" user="Greg91" uid="1704044" lat="8.3353050" lon="98.5021499"/>
 <node id="11219386697" visible="true" version="3" changeset="182942679" timestamp="2026-05-20T18:38:11Z" user="FvGordon" uid="161619" lat="8.3379253" lon="98.5038614"/>
 <node id="11219386698" visible="true" version="2" changeset="182942679" timestamp="2026-05-20T18:38:11Z" user="FvGordon" uid="161619" lat="8.3372021" lon="98.5037530"/>
 <node id="11219386699" visible="true" version="2" changeset="182942679" timestamp="2026-05-20T18:38:11Z" user="FvGordon" uid="161619" lat="8.3371429" lon="98.5036855"/>
 <node id="11219386700" visible="true" version="2" changeset="182942679" timestamp="2026-05-20T18:38:11Z" user="FvGordon" uid="161619" lat="8.3370089" lon="98.5036998"/>
 <node id="11219386702" visible="true" version="2" changeset="182942679" timestamp="2026-05-20T18:38:11Z" user="FvGordon" uid="161619" lat="8.3364201" lon="98.5037421"/>
 <node id="11219386703" visible="true" version="2" changeset="141857612" timestamp="2023-09-28T10:21:12Z" user="ashraful997" uid="13388635" lat="8.3379786" lon="98.5041027"/>
 <node id="11219386704" visible="true" version="1" changeset="141761175" timestamp="2023-09-26T07:46:13Z" user="ashraful997" uid="13388635" lat="8.3380292" lon="98.5041034"/>
 <node id="11219386705" visible="true" version="1" changeset="141761175" timestamp="2023-09-26T07:46:13Z" user="ashraful997" uid="13388635" lat="8.3380292" lon="98.5041953"/>
 <node id="11219386706" visible="true" version="1" changeset="141761175" timestamp="2023-09-26T07:46:13Z" user="ashraful997" uid="13388635" lat="8.3379218" lon="98.5041921"/>
 <node id="11219386707" visible="true" version="1" changeset="141761175" timestamp="2023-09-26T07:46:13Z" user="ashraful997" uid="13388635" lat="8.3379257" lon="98.5041019"/>
 <node id="11219386708" visible="true" version="3" changeset="182942679" timestamp="2026-05-20T18:38:11Z" user="FvGordon" uid="161619" lat="8.3323295" lon="98.5035973"/>
 <node id="11219386709" visible="true" version="4" changeset="182942679" timestamp="2026-05-20T18:38:11Z" user="FvGordon" uid="161619" lat="8.3321898" lon="98.5036269"/>
 <node id="11219386710" visible="true" version="2" changeset="182942679" timestamp="2026-05-20T18:38:11Z" user="FvGordon" uid="161619" lat="8.3357374" lon="98.5022058"/>
 <node id="11219386711" visible="true" version="2" changeset="182942679" timestamp="2026-05-20T18:38:11Z" user="FvGordon" uid="161619" lat="8.3356347" lon="98.5019506"/>
 <node id="11219386712" visible="true" version="2" changeset="182942679" timestamp="2026-05-20T18:38:11Z" user="FvGordon" uid="161619" lat="8.3359573" lon="98.5018117"/>
 <node id="11219386713" visible="true" version="3" changeset="182942679" timestamp="2026-05-20T18:38:11Z" user="FvGordon" uid="161619" lat="8.3360511" lon="98.5018780"/>
 <node id="11219386714" visible="true" version="2" changeset="182942679" timestamp="2026-05-20T18:38:11Z" user="FvGordon" uid="161619" lat="8.3363990" lon="98.5017557"/>
 <node id="11219393339" visible="true" version="2" changeset="182942679" timestamp="2026-05-20T18:38:11Z" user="FvGordon" uid="161619" lat="8.3347509" lon="98.5029873"/>
 <node id="11219393340" visible="true" version="2" changeset="177658933" timestamp="2026-01-24T19:30:50Z" user="Greg91" uid="1704044" lat="8.3349379" lon="98.5027626"/>
 <node id="11224668041" visible="true" version="1" changeset="141857612" timestamp="2023-09-28T10:21:12Z" user="ashraful997" uid="13388635" lat="8.3344599" lon="98.5049672"/>
 <node id="11224668042" visible="true" version="2" changeset="182942679" timestamp="2026-05-20T18:38:11Z" user="FvGordon" uid="161619" lat="8.3335227" lon="98.5029148"/>
 <node id="11224668043" visible="true" version="2" changeset="182942679" timestamp="2026-05-20T18:38:11Z" user="FvGordon" uid="161619" lat="8.3335869" lon="98.5029613"/>
 <node id="11224668044" visible="true" version="2" changeset="182942679" timestamp="2026-05-20T18:38:11Z" user="FvGordon" uid="161619" lat="8.3336381" lon="98.5032077"/>
 <node id="11224668045" visible="true" version="2" changeset="182942679" timestamp="2026-05-20T18:38:11Z" user="FvGordon" uid="161619" lat="8.3337253" lon="98.5029769"/>
 <node id="11224668046" visible="true" version="2" changeset="182942679" timestamp="2026-05-20T18:38:11Z" user="FvGordon" uid="161619" lat="8.3336743" lon="98.5032039"/>
 <node id="11224668047" visible="true" version="1" changeset="141857612" timestamp="2023-09-28T10:21:12Z" user="ashraful997" uid="13388635" lat="8.3353441" lon="98.5021555"/>
 <node id="11224668048" visible="true" version="1" changeset="141857612" timestamp="2023-09-28T10:21:12Z" user="ashraful997" uid="13388635" lat="8.3353737" lon="98.5022527"/>
 <node id="11224668049" visible="true" version="1" changeset="141857612" timestamp="2023-09-28T10:21:12Z" user="ashraful997" uid="13388635" lat="8.3352919" lon="98.5022775"/>
 <node id="11224668050" visible="true" version="1" changeset="141857612" timestamp="2023-09-28T10:21:12Z" user="ashraful997" uid="13388635" lat="8.3352592" lon="98.5021772"/>
 <node id="11224668051" visible="true" version="1" changeset="141857612" timestamp="2023-09-28T10:21:12Z" user="ashraful997" uid="13388635" lat="8.3353596" lon="98.5022065"/>
 <node id="11224668052" visible="true" version="1" changeset="141857612" timestamp="2023-09-28T10:21:12Z" user="ashraful997" uid="13388635" lat="8.3353099" lon="98.5021643"/>
 <node id="11224668053" visible="true" version="3" changeset="177658933" timestamp="2026-01-24T19:30:50Z" user="Greg91" uid="1704044" lat="8.3363521" lon="98.5025210"/>
 <node id="11244003754" visible="true" version="2" changeset="177518987" timestamp="2026-01-21T12:12:21Z" user="Greg91" uid="1704044" lat="8.3363018" lon="98.5023008"/>
 <node id="11244003755" visible="true" version="2" changeset="177518987" timestamp="2026-01-21T12:12:21Z" user="Greg91" uid="1704044" lat="8.3362200" lon="98.5020122"/>
 <node id="11244003757" visible="true" version="2" changeset="177518987" timestamp="2026-01-21T12:12:21Z" user="Greg91" uid="1704044" lat="8.3360243" lon="98.5020908"/>
 <node id="11244003759" visible="true" version="2" changeset="162737650" timestamp="2025-02-20T11:58:18Z" user="rheins" uid="2996489" lat="8.3356625" lon="98.5022651"/>
 <node id="11244003761" visible="true" version="3" changeset="169749173" timestamp="2025-07-31T04:26:37Z" user="olecky" uid="20578352" lat="8.3354931" lon="98.5023245"/>
 <node id="11244003762" visible="true" version="3" changeset="169749173" timestamp="2025-07-31T04:26:37Z" user="olecky" uid="20578352" lat="8.3354919" lon="98.5024022"/>
 <node id="11244003765" visible="true" version="2" changeset="177658933" timestamp="2026-01-24T19:30:50Z" user="Greg91" uid="1704044" lat="8.3351201" lon="98.5020045"/>
 <node id="11244003766" visible="true" version="2" changeset="177658933" timestamp="2026-01-24T19:30:50Z" user="Greg91" uid="1704044" lat="8.3353765" lon="98.5019355"/>
 <node id="11244003767" visible="true" version="2" changeset="177658933" timestamp="2026-01-24T19:30:50Z" user="Greg91" uid="1704044" lat="8.3351693" lon="98.5021911"/>
 <node id="11244003768" visible="true" version="2" changeset="177658933" timestamp="2026-01-24T19:30:50Z" user="Greg91" uid="1704044" lat="8.3354257" lon="98.5021221"/>
 <node id="11849472951" visible="true" version="1" changeset="150521936" timestamp="2024-04-26T06:07:45Z" user="pürierstab" uid="4393065" lat="8.3351352" lon="98.5035802"/>
 <node id="12472995980" visible="true" version="8" changeset="177658933" timestamp="2026-01-24T19:30:50Z" user="Greg91" uid="1704044" lat="8.3354895" lon="98.5028698">
  <tag k="amenity" v="cafe"/>
  <tag k="diet:vegan" v="no"/>
  <tag k="diet:vegetarian" v="yes"/>
  <tag k="name" v="Corner coffee &amp; more"/>
 </node>
 <node id="12473054721" visible="true" version="3" changeset="160974517" timestamp="2025-01-04T06:04:58Z" user="olecky" uid="20578352" lat="8.3350892" lon="98.5033591">
  <tag k="amenity" v="fast_food"/>
  <tag k="diet:vegan" v="no"/>
  <tag k="diet:vegetarian" v="yes"/>
  <tag k="name" v="Mama Rotikan"/>
 </node>
 <node id="12473081384" visible="true" version="2" changeset="160975090" timestamp="2025-01-04T06:49:38Z" user="olecky" uid="20578352" lat="8.3360559" lon="98.5036209">
  <tag k="amenity" v="cafe"/>
  <tag k="name" v="Ma Tai Lay"/>
 </node>
 <node id="12474918197" visible="true" version="3" changeset="177658933" timestamp="2026-01-24T19:30:50Z" user="Greg91" uid="1704044" lat="8.3334075" lon="98.5033667">
  <tag k="amenity" v="vending_machine"/>
  <tag k="bottle" v="yes"/>
  <tag k="vending" v="water"/>
 </node>
 <node id="12475106782" visible="true" version="1" changeset="161009133" timestamp="2025-01-05T04:29:59Z" user="olecky" uid="20578352" lat="8.3351731" lon="98.5033573">
  <tag k="amenity" v="restaurant"/>
 </node>
 <node id="12475316399" visible="true" version="3" changeset="177658933" timestamp="2026-01-24T19:30:50Z" user="Greg91" uid="1704044" lat="8.3351500" lon="98.5035782">
  <tag k="amenity" v="vending_machine"/>
  <tag k="bottle" v="yes"/>
  <tag k="operator" v="Filtex"/>
  <tag k="vending" v="water"/>
 </node>
 <node id="12475330755" visible="true" version="3" changeset="169749173" timestamp="2025-07-31T04:26:37Z" user="olecky" uid="20578352" lat="8.3356060" lon="98.5022873"/>
 <node id="12475332301" visible="true" version="3" changeset="177658933" timestamp="2026-01-24T19:30:50Z" user="Greg91" uid="1704044" lat="8.3353443" lon="98.5031414">
  <tag k="amenity" v="vending_machine"/>
  <tag k="bottle" v="yes"/>
  <tag k="vending" v="water"/>
 </node>
 <node id="12477148854" visible="true" version="1" changeset="161041705" timestamp="2025-01-06T01:35:47Z" user="olecky" uid="20578352" lat="8.3361254" lon="98.5038004">
  <tag k="amenity" v="toilets"/>
 </node>
 <node id="12603770710" visible="true" version="2" changeset="182942679" timestamp="2026-05-20T18:38:11Z" user="FvGordon" uid="161619" lat="8.3331609" lon="98.5030011"/>
 <node id="12603770711" visible="true" version="1" changeset="162737650" timestamp="2025-02-20T11:58:18Z" user="rheins" uid="2996489" lat="8.3342755" lon="98.5043031"/>
 <node id="12747495581" visible="true" version="1" changeset="164809417" timestamp="2025-04-11T10:41:03Z" user="Aleksandar1994" uid="3733993" lat="8.3470967" lon="98.4791531"/>
 <node id="13038522249" visible="true" version="1" changeset="169749268" timestamp="2025-07-31T04:32:34Z" user="olecky" uid="20578352" lat="8.3339812" lon="98.5036614"/>
 <node id="13038584984" visible="true" version="2" changeset="177658933" timestamp="2026-01-24T19:30:50Z" user="Greg91" uid="1704044" lat="8.3368043" lon="98.5033952"/>
 <node id="13038584985" visible="true" version="2" changeset="177658933" timestamp="2026-01-24T19:30:50Z" user="Greg91" uid="1704044" lat="8.3368241" lon="98.5031858"/>
 <node id="13038584987" visible="true" version="2" changeset="177658933" timestamp="2026-01-24T19:30:50Z" user="Greg91" uid="1704044" lat="8.3368271" lon="98.5030509"/>
 <node id="13038584988" visible="true" version="2" changeset="177658933" timestamp="2026-01-24T19:30:50Z" user="Greg91" uid="1704044" lat="8.3368632" lon="98.5029891"/>
 <node id="13473523747" visible="true" version="2" changeset="177658933" timestamp="2026-01-24T19:30:50Z" user="Greg91" uid="1704044" lat="8.3381457" lon="98.5037739"/>
 <node id="13473523748" visible="true" version="2" changeset="177658933" timestamp="2026-01-24T19:30:50Z" user="Greg91" uid="1704044" lat="8.3383406" lon="98.5039674"/>
 <node id="13473523749" visible="true" version="1" changeset="177518987" timestamp="2026-01-21T12:12:21Z" user="Greg91" uid="1704044" lat="8.3366302" lon="98.5026687"/>
 <node id="13473523750" visible="true" version="1" changeset="177518987" timestamp="2026-01-21T12:12:21Z" user="Greg91" uid="1704044" lat="8.3368421" lon="98.5028269"/>
 <node id="13473523751" visible="true" version="1" changeset="177518987" timestamp="2026-01-21T12:12:21Z" user="Greg91" uid="1704044" lat="8.3370353" lon="98.5029532"/>
 <node id="13473523752" visible="true" version="2" changeset="177658933" timestamp="2026-01-24T19:30:50Z" user="Greg91" uid="1704044" lat="8.3363767" lon="98.5019569"/>
 <node id="13473523753" visible="true" version="1" changeset="177518987" timestamp="2026-01-21T12:12:21Z" user="Greg91" uid="1704044" lat="8.3359357" lon="98.5021417"/>
 <node id="13473523754" visible="true" version="1" changeset="177518987" timestamp="2026-01-21T12:12:21Z" user="Greg91" uid="1704044" lat="8.3359059" lon="98.5020878"/>
 <node id="13473523755" visible="true" version="2" changeset="177658933" timestamp="2026-01-24T19:30:50Z" user="Greg91" uid="1704044" lat="8.3364069" lon="98.5027329"/>
 <node id="13473523756" visible="true" version="2" changeset="177658933" timestamp="2026-01-24T19:30:50Z" user="Greg91" uid="1704044" lat="8.3365107" lon="98.5027437"/>
 <node id="13473523757" visible="true" version="2" changeset="177658933" timestamp="2026-01-24T19:30:50Z" user="Greg91" uid="1704044" lat="8.3364387" lon="98.5023462"/>
 <node id="13473523758" visible="true" version="2" changeset="177658933" timestamp="2026-01-24T19:30:50Z" user="Greg91" uid="1704044" lat="8.3363835" lon="98.5023558"/>
 <node id="13473523759" visible="true" version="2" changeset="177658933" timestamp="2026-01-24T19:30:50Z" user="Greg91" uid="1704044" lat="8.3364383" lon="98.5027128"/>
 <node id="13473523760" visible="true" version="2" changeset="177658933" timestamp="2026-01-24T19:30:50Z" user="Greg91" uid="1704044" lat="8.3364972" lon="98.5027043"/>
 <node id="13473523761" visible="true" version="2" changeset="177658933" timestamp="2026-01-24T19:30:50Z" user="Greg91" uid="1704044" lat="8.3354405" lon="98.5030611"/>
 <node id="13473523762" visible="true" version="2" changeset="177658933" timestamp="2026-01-24T19:30:50Z" user="Greg91" uid="1704044" lat="8.3354108" lon="98.5030873"/>
 <node id="13473523763" visible="true" version="2" changeset="177658933" timestamp="2026-01-24T19:30:50Z" user="Greg91" uid="1704044" lat="8.3352888" lon="98.5031070"/>
 <node id="13473523764" visible="true" version="2" changeset="177658933" timestamp="2026-01-24T19:30:50Z" user="Greg91" uid="1704044" lat="8.3351319" lon="98.5031662"/>
 <node id="13473523765" visible="true" version="2" changeset="177658933" timestamp="2026-01-24T19:30:50Z" user="Greg91" uid="1704044" lat="8.3351351" lon="98.5031400"/>
 <node id="13473523766" visible="true" version="1" changeset="177518987" timestamp="2026-01-21T12:12:21Z" user="Greg91" uid="1704044" lat="8.3361729" lon="98.5020322"/>
 <node id="13473523767" visible="true" version="2" changeset="177658933" timestamp="2026-01-24T19:30:50Z" user="Greg91" uid="1704044" lat="8.3361662" lon="98.5020099"/>
 <node id="13473523768" visible="true" version="1" changeset="177518987" timestamp="2026-01-21T12:12:21Z" user="Greg91" uid="1704044" lat="8.3357836" lon="98.5019397"/>
 <node id="13473523769" visible="true" version="1" changeset="177518987" timestamp="2026-01-21T12:12:21Z" user="Greg91" uid="1704044" lat="8.3356726" lon="98.5019917"/>
 <node id="13473523770" visible="true" version="1" changeset="177518987" timestamp="2026-01-21T12:12:21Z" user="Greg91" uid="1704044" lat="8.3356875" lon="98.5020277"/>
 <node id="13473523771" visible="true" version="1" changeset="177518987" timestamp="2026-01-21T12:12:21Z" user="Greg91" uid="1704044" lat="8.3357984" lon="98.5019757"/>
 <node id="13473523772" visible="true" version="1" changeset="177518987" timestamp="2026-01-21T12:12:21Z" user="Greg91" uid="1704044" lat="8.3358138" lon="98.5019002"/>
 <node id="13473523773" visible="true" version="1" changeset="177518987" timestamp="2026-01-21T12:12:21Z" user="Greg91" uid="1704044" lat="8.3359421" lon="98.5018434"/>
 <node id="13473523774" visible="true" version="1" changeset="177518987" timestamp="2026-01-21T12:12:21Z" user="Greg91" uid="1704044" lat="8.3356760" lon="98.5019628"/>
 <node id="13473523777" visible="true" version="2" changeset="182942679" timestamp="2026-05-20T18:38:11Z" user="FvGordon" uid="161619" lat="8.3374036" lon="98.5036210"/>
 <node id="13482407443" visible="true" version="1" changeset="177658933" timestamp="2026-01-24T19:30:50Z" user="Greg91" uid="1704044" lat="8.3364218" lon="98.5030645"/>
 <node id="13482407444" visible="true" version="1" changeset="177658933" timestamp="2026-01-24T19:30:50Z" user="Greg91" uid="1704044" lat="8.3364501" lon="98.5031053"/>
 <node id="13482407445" visible="true" version="1" changeset="177658933" timestamp="2026-01-24T19:30:50Z" user="Greg91" uid="1704044" lat="8.3363673" lon="98.5026270">
  <tag k="entrance" v="main"/>
 </node>
 <node id="13482407446" visible="true" version="1" changeset="177658933" timestamp="2026-01-24T19:30:50Z" user="Greg91" uid="1704044" lat="8.3363899" lon="98.5026217"/>
 <node id="13482407447" visible="true" version="1" changeset="177658933" timestamp="2026-01-24T19:30:50Z" user="Greg91" uid="1704044" lat="8.3366824" lon="98.5032863"/>
 <node id="13482407448" visible="true" version="1" changeset="177658933" timestamp="2026-01-24T19:30:50Z" user="Greg91" uid="1704044" lat="8.3382405" lon="98.5038959"/>
 <node id="13482407449" visible="true" version="1" changeset="177658933" timestamp="2026-01-24T19:30:50Z" user="Greg91" uid="1704044" lat="8.3362263" lon="98.5038701">
  <tag k="artwork_type" v="installation"/>
  <tag k="name" v="Mother of Pearl Shell"/>
  <tag k="tourism" v="artwork"/>
 </node>
 <node id="13482407450" visible="true" version="1" changeset="177658933" timestamp="2026-01-24T19:30:50Z" user="Greg91" uid="1704044" lat="8.3364319" lon="98.5044152"/>
 <node id="13482407451" visible="true" version="1" changeset="177658933" timestamp="2026-01-24T19:30:50Z" user="Greg91" uid="1704044" lat="8.3363082" lon="98.5044477"/>
 <node id="13482407452" visible="true" version="1" changeset="177658933" timestamp="2026-01-24T19:30:50Z" user="Greg91" uid="1704044" lat="8.3363223" lon="98.5045023"/>
 <node id="13482407453" visible="true" version="1" changeset="177658933" timestamp="2026-01-24T19:30:50Z" user="Greg91" uid="1704044" lat="8.3364459" lon="98.5044699"/>
 <node id="13482407454" visible="true" version="1" changeset="177658933" timestamp="2026-01-24T19:30:50Z" user="Greg91" uid="1704044" lat="8.3363371" lon="98.5044401"/>
 <node id="13482407455" visible="true" version="1" changeset="177658933" timestamp="2026-01-24T19:30:50Z" user="Greg91" uid="1704044" lat="8.3363221" lon="98.5043890"/>
 <node id="13482407456" visible="true" version="1" changeset="177658933" timestamp="2026-01-24T19:30:50Z" user="Greg91" uid="1704044" lat="8.3364136" lon="98.5044200"/>
 <node id="13482407457" visible="true" version="1" changeset="177658933" timestamp="2026-01-24T19:30:50Z" user="Greg91" uid="1704044" lat="8.3363989" lon="98.5043677"/>
 <node id="13482407458" visible="true" version="1" changeset="177658933" timestamp="2026-01-24T19:30:50Z" user="Greg91" uid="1704044" lat="8.3368750" lon="98.5029441"/>
 <node id="13482407459" visible="true" version="1" changeset="177658933" timestamp="2026-01-24T19:30:50Z" user="Greg91" uid="1704044" lat="8.3368682" lon="98.5029215"/>
 <node id="13482407460" visible="true" version="1" changeset="177658933" timestamp="2026-01-24T19:30:50Z" user="Greg91" uid="1704044" lat="8.3368446" lon="98.5029312"/>
 <node id="13482407461" visible="true" version="1" changeset="177658933" timestamp="2026-01-24T19:30:50Z" user="Greg91" uid="1704044" lat="8.3368169" lon="98.5029547"/>
 <node id="13482407462" visible="true" version="1" changeset="177658933" timestamp="2026-01-24T19:30:50Z" user="Greg91" uid="1704044" lat="8.3367660" lon="98.5029272"/>
 <node id="13482407463" visible="true" version="1" changeset="177658933" timestamp="2026-01-24T19:30:50Z" user="Greg91" uid="1704044" lat="8.3366957" lon="98.5029273"/>
 <node id="13482407464" visible="true" version="1" changeset="177658933" timestamp="2026-01-24T19:30:50Z" user="Greg91" uid="1704044" lat="8.3364804" lon="98.5027411"/>
 <node id="13482407465" visible="true" version="1" changeset="177658933" timestamp="2026-01-24T19:30:50Z" user="Greg91" uid="1704044" lat="8.3364212" lon="98.5027394"/>
 <node id="13482407466" visible="true" version="1" changeset="177658933" timestamp="2026-01-24T19:30:50Z" user="Greg91" uid="1704044" lat="8.3364338" lon="98.5028646"/>
 <node id="13482407467" visible="true" version="1" changeset="177658933" timestamp="2026-01-24T19:30:50Z" user="Greg91" uid="1704044" lat="8.3365611" lon="98.5028569"/>
 <node id="13482407468" visible="true" version="1" changeset="177658933" timestamp="2026-01-24T19:30:50Z" user="Greg91" uid="1704044" lat="8.3364200" lon="98.5019160"/>
 <node id="13482407469" visible="true" version="1" changeset="177658933" timestamp="2026-01-24T19:30:50Z" user="Greg91" uid="1704044" lat="8.3363701" lon="98.5017764"/>
 <node id="13482407470" visible="true" version="1" changeset="177658933" timestamp="2026-01-24T19:30:50Z" user="Greg91" uid="1704044" lat="8.3360540" lon="98.5018905"/>
 <node id="13482407471" visible="true" version="1" changeset="177658933" timestamp="2026-01-24T19:30:50Z" user="Greg91" uid="1704044" lat="8.3361037" lon="98.5020331"/>
 <node id="13482407472" visible="true" version="1" changeset="177658933" timestamp="2026-01-24T19:30:50Z" user="Greg91" uid="1704044" lat="8.3364042" lon="98.5019599"/>
 <node id="13482407473" visible="true" version="1" changeset="177658933" timestamp="2026-01-24T19:30:50Z" user="Greg91" uid="1704044" lat="8.3364394" lon="98.5019664"/>
 <node id="13482407474" visible="true" version="1" changeset="177658933" timestamp="2026-01-24T19:30:50Z" user="Greg91" uid="1704044" lat="8.3359779" lon="98.5021436">
  <tag k="shop" v="convenience"/>
 </node>
 <node id="13482407475" visible="true" version="1" changeset="177658933" timestamp="2026-01-24T19:30:50Z" user="Greg91" uid="1704044" lat="8.3359044" lon="98.5021856">
  <tag k="shop" v="gift"/>
 </node>
 <node id="13482407476" visible="true" version="1" changeset="177658933" timestamp="2026-01-24T19:30:50Z" user="Greg91" uid="1704044" lat="8.3354410" lon="98.5015538"/>
 <node id="13482407477" visible="true" version="1" changeset="177658933" timestamp="2026-01-24T19:30:50Z" user="Greg91" uid="1704044" lat="8.3354660" lon="98.5016071"/>
 <node id="13482407478" visible="true" version="1" changeset="177658933" timestamp="2026-01-24T19:30:50Z" user="Greg91" uid="1704044" lat="8.3353969" lon="98.5016403"/>
 <node id="13482407479" visible="true" version="1" changeset="177658933" timestamp="2026-01-24T19:30:50Z" user="Greg91" uid="1704044" lat="8.3353719" lon="98.5015869"/>
 <node id="13482407480" visible="true" version="2" changeset="182942679" timestamp="2026-05-20T18:38:11Z" user="FvGordon" uid="161619" lat="8.3355398" lon="98.5021546"/>
 <node id="13482407481" visible="true" version="1" changeset="177658933" timestamp="2026-01-24T19:30:50Z" user="Greg91" uid="1704044" lat="8.3366446" lon="98.5032831"/>
 <node id="13482407482" visible="true" version="1" changeset="177658933" timestamp="2026-01-24T19:30:50Z" user="Greg91" uid="1704044" lat="8.3366354" lon="98.5031154"/>
 <node id="13482407483" visible="true" version="1" changeset="177658933" timestamp="2026-01-24T19:30:50Z" user="Greg91" uid="1704044" lat="8.3362976" lon="98.5043958"/>
 <node id="13482407484" visible="true" version="1" changeset="177658933" timestamp="2026-01-24T19:30:50Z" user="Greg91" uid="1704044" lat="8.3361393" lon="98.5037077"/>
 <node id="13482407485" visible="true" version="1" changeset="177658933" timestamp="2026-01-24T19:30:50Z" user="Greg91" uid="1704044" lat="8.3362239" lon="98.5036842"/>
 <node id="13482407486" visible="true" version="1" changeset="177658933" timestamp="2026-01-24T19:30:50Z" user="Greg91" uid="1704044" lat="8.3364065" lon="98.5042787"/>
 <node id="13482407487" visible="true" version="1" changeset="177658933" timestamp="2026-01-24T19:30:50Z" user="Greg91" uid="1704044" lat="8.3363868" lon="98.5042842"/>
 <node id="13482407488" visible="true" version="1" changeset="177658933" timestamp="2026-01-24T19:30:50Z" user="Greg91" uid="1704044" lat="8.3362767" lon="98.5043187"/>
 <node id="13482407489" visible="true" version="1" changeset="177658933" timestamp="2026-01-24T19:30:50Z" user="Greg91" uid="1704044" lat="8.3363032" lon="98.5043113"/>
 <node id="13482407490" visible="true" version="1" changeset="177658933" timestamp="2026-01-24T19:30:50Z" user="Greg91" uid="1704044" lat="8.3363899" lon="98.5043469"/>
 <node id="13482407491" visible="true" version="1" changeset="177658933" timestamp="2026-01-24T19:30:50Z" user="Greg91" uid="1704044" lat="8.3362173" lon="98.5037217"/>
 <node id="13482407492" visible="true" version="1" changeset="177658933" timestamp="2026-01-24T19:30:50Z" user="Greg91" uid="1704044" lat="8.3361682" lon="98.5037366"/>
 <node id="13482407493" visible="true" version="1" changeset="177658933" timestamp="2026-01-24T19:30:50Z" user="Greg91" uid="1704044" lat="8.3363351" lon="98.5043696"/>
 <node id="13482407494" visible="true" version="1" changeset="177658933" timestamp="2026-01-24T19:30:50Z" user="Greg91" uid="1704044" lat="8.3351022" lon="98.5035781">
  <tag k="shop" v="spices"/>
 </node>
 <node id="13482407495" visible="true" version="1" changeset="177658933" timestamp="2026-01-24T19:30:50Z" user="Greg91" uid="1704044" lat="8.3357534" lon="98.5036644">
  <tag k="shop" v="greengrocer"/>
 </node>
 <node id="13482407496" visible="true" version="1" changeset="177658933" timestamp="2026-01-24T19:30:50Z" user="Greg91" uid="1704044" lat="8.3351478" lon="98.5037684">
  <tag k="amenity" v="money_transfer"/>
  <tag k="brand" v="Western Union"/>
  <tag k="brand:wikidata" v="Q861042"/>
  <tag k="name" v="Western Union"/>
 </node>
 <node id="13482407497" visible="true" version="1" changeset="177658933" timestamp="2026-01-24T19:30:50Z" user="Greg91" uid="1704044" lat="8.3351183" lon="98.5037640"/>
 <node id="13482407498" visible="true" version="1" changeset="177658933" timestamp="2026-01-24T19:30:50Z" user="Greg91" uid="1704044" lat="8.3360666" lon="98.5028064"/>
 <node id="13482407499" visible="true" version="1" changeset="177658933" timestamp="2026-01-24T19:30:50Z" user="Greg91" uid="1704044" lat="8.3360821" lon="98.5028721"/>
 <node id="13482407500" visible="true" version="1" changeset="177658933" timestamp="2026-01-24T19:30:50Z" user="Greg91" uid="1704044" lat="8.3360003" lon="98.5028446"/>
 <node id="13482414601" visible="true" version="1" changeset="177658933" timestamp="2026-01-24T19:30:50Z" user="Greg91" uid="1704044" lat="8.3360101" lon="98.5028816"/>
 <node id="13482414602" visible="true" version="1" changeset="177658933" timestamp="2026-01-24T19:30:50Z" user="Greg91" uid="1704044" lat="8.3362569" lon="98.5023040">
  <tag k="shop" v="convenience"/>
 </node>
 <node id="13482414603" visible="true" version="1" changeset="177658933" timestamp="2026-01-24T19:30:50Z" user="Greg91" uid="1704044" lat="8.3356501" lon="98.5022861">
  <tag k="shop" v="convenience"/>
 </node>
 <node id="13482414605" visible="true" version="1" changeset="177658933" timestamp="2026-01-24T19:30:50Z" user="Greg91" uid="1704044" lat="8.3356479" lon="98.5022728"/>
 <node id="13482414606" visible="true" version="1" changeset="177658933" timestamp="2026-01-24T19:30:50Z" user="Greg91" uid="1704044" lat="8.3357730" lon="98.5028299"/>
 <node id="13482414607" visible="true" version="1" changeset="177658933" timestamp="2026-01-24T19:30:50Z" user="Greg91" uid="1704044" lat="8.3349127" lon="98.5031811"/>
 <node id="13482414608" visible="true" version="1" changeset="177658933" timestamp="2026-01-24T19:30:50Z" user="Greg91" uid="1704044" lat="8.3353700" lon="98.5028995"/>
 <node id="13482414609" visible="true" version="1" changeset="177658933" timestamp="2026-01-24T19:30:50Z" user="Greg91" uid="1704044" lat="8.3353274" lon="98.5027911"/>
 <node id="13482414610" visible="true" version="1" changeset="177658933" timestamp="2026-01-24T19:30:50Z" user="Greg91" uid="1704044" lat="8.3353255" lon="98.5028390"/>
 <node id="13482414611" visible="true" version="1" changeset="177658933" timestamp="2026-01-24T19:30:50Z" user="Greg91" uid="1704044" lat="8.3353710" lon="98.5028418"/>
 <node id="13482414612" visible="true" version="1" changeset="177658933" timestamp="2026-01-24T19:30:50Z" user="Greg91" uid="1704044" lat="8.3362923" lon="98.5034987">
  <tag k="shop" v="greengrocer"/>
 </node>
 <node id="13482414613" visible="true" version="1" changeset="177658933" timestamp="2026-01-24T19:30:50Z" user="Greg91" uid="1704044" lat="8.3367831" lon="98.5033679">
  <tag k="shop" v="convenience"/>
 </node>
 <node id="13482414614" visible="true" version="1" changeset="177658933" timestamp="2026-01-24T19:30:50Z" user="Greg91" uid="1704044" lat="8.3372856" lon="98.5034971">
  <tag k="shop" v="houseware"/>
 </node>
 <node id="13482414615" visible="true" version="1" changeset="177658933" timestamp="2026-01-24T19:30:50Z" user="Greg91" uid="1704044" lat="8.3359934" lon="98.5021085"/>
 <node id="13482414616" visible="true" version="1" changeset="177658933" timestamp="2026-01-24T19:30:50Z" user="Greg91" uid="1704044" lat="8.3360124" lon="98.5021826"/>
 <node id="13482414617" visible="true" version="1" changeset="177658933" timestamp="2026-01-24T19:30:50Z" user="Greg91" uid="1704044" lat="8.3376681" lon="98.5067731"/>
 <node id="13482414618" visible="true" version="1" changeset="177658933" timestamp="2026-01-24T19:30:50Z" user="Greg91" uid="1704044" lat="8.3376214" lon="98.5066696"/>
 <node id="13482414619" visible="true" version="1" changeset="177658933" timestamp="2026-01-24T19:30:50Z" user="Greg91" uid="1704044" lat="8.3369861" lon="98.5069769"/>
 <node id="13482414620" visible="true" version="1" changeset="177658933" timestamp="2026-01-24T19:30:50Z" user="Greg91" uid="1704044" lat="8.3370424" lon="98.5070864"/>
 <node id="13482414621" visible="true" version="1" changeset="177658933" timestamp="2026-01-24T19:30:50Z" user="Greg91" uid="1704044" lat="8.3375451" lon="98.5065859"/>
 <node id="13482414622" visible="true" version="1" changeset="177658933" timestamp="2026-01-24T19:30:50Z" user="Greg91" uid="1704044" lat="8.3374466" lon="98.5065306"/>
 <node id="13482414623" visible="true" version="1" changeset="177658933" timestamp="2026-01-24T19:30:50Z" user="Greg91" uid="1704044" lat="8.3373360" lon="98.5065092"/>
 <node id="13482414624" visible="true" version="1" changeset="177658933" timestamp="2026-01-24T19:30:50Z" user="Greg91" uid="1704044" lat="8.3372244" lon="98.5065238"/>
 <node id="13482414625" visible="true" version="1" changeset="177658933" timestamp="2026-01-24T19:30:50Z" user="Greg91" uid="1704044" lat="8.3371228" lon="98.5065729"/>
 <node id="13482414626" visible="true" version="1" changeset="177658933" timestamp="2026-01-24T19:30:50Z" user="Greg91" uid="1704044" lat="8.3370415" lon="98.5066517"/>
 <node id="13482414627" visible="true" version="1" changeset="177658933" timestamp="2026-01-24T19:30:50Z" user="Greg91" uid="1704044" lat="8.3369887" lon="98.5067522"/>
 <node id="13482414628" visible="true" version="1" changeset="177658933" timestamp="2026-01-24T19:30:50Z" user="Greg91" uid="1704044" lat="8.3369696" lon="98.5068644"/>
 <node id="13482414629" visible="true" version="1" changeset="177658933" timestamp="2026-01-24T19:30:50Z" user="Greg91" uid="1704044" lat="8.3371319" lon="98.5071702"/>
 <node id="13482414630" visible="true" version="1" changeset="177658933" timestamp="2026-01-24T19:30:50Z" user="Greg91" uid="1704044" lat="8.3372442" lon="98.5072184"/>
 <node id="13482414631" visible="true" version="1" changeset="177658933" timestamp="2026-01-24T19:30:50Z" user="Greg91" uid="1704044" lat="8.3373660" lon="98.5072255"/>
 <node id="13482414632" visible="true" version="1" changeset="177658933" timestamp="2026-01-24T19:30:50Z" user="Greg91" uid="1704044" lat="8.3374831" lon="98.5071905"/>
 <node id="13482414633" visible="true" version="1" changeset="177658933" timestamp="2026-01-24T19:30:50Z" user="Greg91" uid="1704044" lat="8.3375815" lon="98.5071177"/>
 <node id="13482414634" visible="true" version="1" changeset="177658933" timestamp="2026-01-24T19:30:50Z" user="Greg91" uid="1704044" lat="8.3376498" lon="98.5070154"/>
 <node id="13482414635" visible="true" version="1" changeset="177658933" timestamp="2026-01-24T19:30:50Z" user="Greg91" uid="1704044" lat="8.3376798" lon="98.5068959"/>
 <node id="13482414636" visible="true" version="1" changeset="177658933" timestamp="2026-01-24T19:30:50Z" user="Greg91" uid="1704044" lat="8.3353426" lon="98.5036990">
  <tag k="amenity" v="vending_machine"/>
  <tag k="bottle" v="yes"/>
  <tag k="operator" v="Sanden Intercool"/>
  <tag k="vending" v="water"/>
 </node>
 <node id="13482414643" visible="true" version="1" changeset="177658933" timestamp="2026-01-24T19:30:50Z" user="Greg91" uid="1704044" lat="8.3368459" lon="98.5030373"/>
 <node id="13482414644" visible="true" version="1" changeset="177658933" timestamp="2026-01-24T19:30:50Z" user="Greg91" uid="1704044" lat="8.3368210" lon="98.5030754"/>
 <node id="13482414645" visible="true" version="1" changeset="177658933" timestamp="2026-01-24T19:30:50Z" user="Greg91" uid="1704044" lat="8.3368304" lon="98.5030879"/>
 <node id="13482414646" visible="true" version="1" changeset="177658933" timestamp="2026-01-24T19:30:50Z" user="Greg91" uid="1704044" lat="8.3367254" lon="98.5029425"/>
 <node id="13482414647" visible="true" version="1" changeset="177658933" timestamp="2026-01-24T19:30:50Z" user="Greg91" uid="1704044" lat="8.3363525" lon="98.5024049"/>
 <node id="13482414648" visible="true" version="1" changeset="177658933" timestamp="2026-01-24T19:30:50Z" user="Greg91" uid="1704044" lat="8.3364619" lon="98.5027256"/>
 <node id="13482414649" visible="true" version="1" changeset="177658933" timestamp="2026-01-24T19:30:50Z" user="Greg91" uid="1704044" lat="8.3365324" lon="98.5027813"/>
 <node id="13482414650" visible="true" version="1" changeset="177658933" timestamp="2026-01-24T19:30:50Z" user="Greg91" uid="1704044" lat="8.3365420" lon="98.5027691"/>
 <node id="13482414651" visible="true" version="1" changeset="177658933" timestamp="2026-01-24T19:30:50Z" user="Greg91" uid="1704044" lat="8.3361664" lon="98.5027752"/>
 <node id="13482414652" visible="true" version="1" changeset="177658933" timestamp="2026-01-24T19:30:50Z" user="Greg91" uid="1704044" lat="8.3351534" lon="98.5031575"/>
 <node id="13482414653" visible="true" version="1" changeset="177658933" timestamp="2026-01-24T19:30:50Z" user="Greg91" uid="1704044" lat="8.3362115" lon="98.5035202">
  <tag k="amenity" v="vending_machine"/>
  <tag k="bottle" v="yes"/>
  <tag k="operator" v="Aquatek"/>
  <tag k="vending" v="water"/>
 </node>
 <node id="13482414654" visible="true" version="1" changeset="177658933" timestamp="2026-01-24T19:30:50Z" user="Greg91" uid="1704044" lat="8.3353340" lon="98.5039292">
  <tag k="shop" v="clothes"/>
 </node>
 <node id="13482414655" visible="true" version="1" changeset="177658933" timestamp="2026-01-24T19:30:50Z" user="Greg91" uid="1704044" lat="8.3353882" lon="98.5039161">
  <tag k="shop" v="gift"/>
 </node>
 <node id="13482414656" visible="true" version="1" changeset="177658933" timestamp="2026-01-24T19:30:50Z" user="Greg91" uid="1704044" lat="8.3355316" lon="98.5044880"/>
 <node id="13482414657" visible="true" version="1" changeset="177658933" timestamp="2026-01-24T19:30:50Z" user="Greg91" uid="1704044" lat="8.3353488" lon="98.5045286"/>
 <node id="13482414658" visible="true" version="1" changeset="177658933" timestamp="2026-01-24T19:30:50Z" user="Greg91" uid="1704044" lat="8.3353694" lon="98.5040074"/>
 <node id="13482414659" visible="true" version="1" changeset="177658933" timestamp="2026-01-24T19:30:50Z" user="Greg91" uid="1704044" lat="8.3354514" lon="98.5045064"/>
 <node id="13482414660" visible="true" version="1" changeset="177658933" timestamp="2026-01-24T19:30:50Z" user="Greg91" uid="1704044" lat="8.3353425" lon="98.5038481"/>
 <node id="13482414661" visible="true" version="1" changeset="177658933" timestamp="2026-01-24T19:30:50Z" user="Greg91" uid="1704044" lat="8.3353010" lon="98.5038546"/>
 <node id="13482414662" visible="true" version="1" changeset="177658933" timestamp="2026-01-24T19:30:50Z" user="Greg91" uid="1704044" lat="8.3354482" lon="98.5044526"/>
 <node id="13482414663" visible="true" version="1" changeset="177658933" timestamp="2026-01-24T19:30:50Z" user="Greg91" uid="1704044" lat="8.3355425" lon="98.5044384"/>
 <node id="13482414664" visible="true" version="1" changeset="177658933" timestamp="2026-01-24T19:30:50Z" user="Greg91" uid="1704044" lat="8.3353614" lon="98.5044653"/>
 <node id="13482414665" visible="true" version="1" changeset="177658933" timestamp="2026-01-24T19:30:50Z" user="Greg91" uid="1704044" lat="8.3353237" lon="98.5037553"/>
 <node id="13482414666" visible="true" version="1" changeset="177658933" timestamp="2026-01-24T19:30:50Z" user="Greg91" uid="1704044" lat="8.3353290" lon="98.5037609"/>
 <node id="13482414667" visible="true" version="1" changeset="177658933" timestamp="2026-01-24T19:30:50Z" user="Greg91" uid="1704044" lat="8.3364227" lon="98.5026107">
  <tag k="barrier" v="gate"/>
 </node>
 <way id="37840020" visible="true" version="11" changeset="177658933" timestamp="2026-01-24T19:30:50Z" user="Greg91" uid="1704044">
  <nd ref="13482414647"/>
  <nd ref="443759614"/>
  <nd ref="443759615"/>
  <nd ref="443759617"/>
  <nd ref="443759618"/>
  <nd ref="443759620"/>
  <nd ref="443759621"/>
  <nd ref="443759622"/>
  <nd ref="443759625"/>
  <nd ref="443759628"/>
  <nd ref="443759630"/>
  <nd ref="443759631"/>
  <nd ref="443759633"/>
  <nd ref="13482414652"/>
  <nd ref="443759635"/>
  <tag k="highway" v="footway"/>
  <tag k="lit" v="no"/>
  <tag k="smoothness" v="good"/>
  <tag k="source" v="survey"/>
  <tag k="surface" v="concrete"/>
 </way>
 <way id="37840023" visible="true" version="2" changeset="177658933" timestamp="2026-01-24T19:30:50Z" user="Greg91" uid="1704044">
  <nd ref="13482414658"/>
  <nd ref="443759660"/>
  <tag k="highway" v="footway"/>
  <tag k="layer" v="-1"/>
  <tag k="source" v="survey"/>
  <tag k="surface" v="wood"/>
 </way>
 <way id="37840024" visible="true" version="4" changeset="177658933" timestamp="2026-01-24T19:30:50Z" user="Greg91" uid="1704044">
  <nd ref="4783083773"/>
  <nd ref="13482414659"/>
  <tag k="floating" v="yes"/>
  <tag k="man_made" v="pier"/>
 </way>
 <way id="37840025" visible="true" version="5" changeset="177658933" timestamp="2026-01-24T19:30:50Z" user="Greg91" uid="1704044">
  <nd ref="11224668053"/>
  <nd ref="443759670"/>
  <nd ref="443759672"/>
  <nd ref="443759674"/>
  <nd ref="13482407445"/>
  <nd ref="11224668053"/>
  <tag k="amenity" v="place_of_worship"/>
  <tag k="building" v="yes"/>
  <tag k="name" v="Panyee Darussalam Mosque"/>
  <tag k="religion" v="muslim"/>
 </way>
 <way id="37840026" visible="true" version="21" changeset="177518987" timestamp="2026-01-21T12:12:21Z" user="Greg91" uid="1704044">
  <nd ref="506726733"/>
  <nd ref="2985592915"/>
  <nd ref="11219386714"/>
  <nd ref="11219386713"/>
  <nd ref="11219386712"/>
  <nd ref="11219386711"/>
  <nd ref="11219386710"/>
  <nd ref="2473712271"/>
  <nd ref="443759698"/>
  <nd ref="4305378342"/>
  <nd ref="2473712269"/>
  <nd ref="2985592912"/>
  <nd ref="2473712268"/>
  <nd ref="11219393339"/>
  <nd ref="2496337476"/>
  <nd ref="2496337477"/>
  <nd ref="2496337474"/>
  <nd ref="443759695"/>
  <nd ref="2496337472"/>
  <nd ref="2496337468"/>
  <nd ref="2473712267"/>
  <nd ref="443759692"/>
  <nd ref="11224668045"/>
  <nd ref="11224668046"/>
  <nd ref="11224668044"/>
  <nd ref="11224668043"/>
  <nd ref="11224668042"/>
  <nd ref="12603770710"/>
  <nd ref="443759690"/>
  <nd ref="4305378337"/>
  <nd ref="4305378336"/>
  <nd ref="4305378333"/>
  <nd ref="11219386709"/>
  <nd ref="11219386708"/>
  <nd ref="4305378332"/>
  <nd ref="4305378330"/>
  <nd ref="443759687"/>
  <nd ref="2473676394"/>
  <nd ref="443759686"/>
  <nd ref="2496337464"/>
  <nd ref="2496337469"/>
  <nd ref="2496337473"/>
  <nd ref="2496337480"/>
  <nd ref="2473676399"/>
  <nd ref="2473676398"/>
  <nd ref="2473676402"/>
  <nd ref="11219386702"/>
  <nd ref="1164621295"/>
  <nd ref="1164621062"/>
  <nd ref="11219386700"/>
  <nd ref="11219386699"/>
  <nd ref="11219386698"/>
  <nd ref="443759683"/>
  <nd ref="13473523777"/>
  <nd ref="2985592907"/>
  <nd ref="1164621420"/>
  <nd ref="11219386697"/>
  <nd ref="2473676408"/>
  <nd ref="1164621097"/>
  <nd ref="1164621033"/>
  <tag k="admin_level" v="6"/>
  <tag k="boundary" v="administrative"/>
  <tag k="natural" v="coastline"/>
  <tag k="source" v="Landsat"/>
 </way>
 <way id="57837585" visible="true" version="1" changeset="4587693" timestamp="2010-05-02T17:23:19Z" user="AndreasD" uid="42406">
  <nd ref="717565392"/>
  <nd ref="717565393"/>
  <nd ref="717565187"/>
  <tag k="floating" v="yes"/>
  <tag k="man_made" v="pier"/>
 </way>
 <way id="57837622" visible="true" version="4" changeset="141760956" timestamp="2023-09-26T07:40:29Z" user="ashraful997" uid="13388635">
  <nd ref="717565393"/>
  <nd ref="1164621033"/>
  <tag k="floating" v="yes"/>
  <tag k="man_made" v="pier"/>
 </way>
 <way id="100764040" visible="true" version="9" changeset="177658933" timestamp="2026-01-24T19:30:50Z" user="Greg91" uid="1704044">
  <nd ref="443759649"/>
  <nd ref="1164621020"/>
  <nd ref="13038584984"/>
  <nd ref="1164621253"/>
  <nd ref="1164621316"/>
  <nd ref="2496350711"/>
  <nd ref="2496350715"/>
  <nd ref="1164621216"/>
  <nd ref="13473523747"/>
  <nd ref="2496350718"/>
  <nd ref="13482407448"/>
  <nd ref="13473523748"/>
  <nd ref="2496350727"/>
  <nd ref="1164621033"/>
  <tag k="highway" v="footway"/>
  <tag k="smoothness" v="good"/>
  <tag k="source" v="survey"/>
  <tag k="surface" v="concrete"/>
 </way>
 <way id="100764041" visible="true" version="4" changeset="150521936" timestamp="2024-04-26T06:07:46Z" user="pürierstab" uid="4393065">
  <nd ref="443759645"/>
  <nd ref="11849472951"/>
  <tag k="highway" v="footway"/>
  <tag k="source" v="survey"/>
  <tag k="surface" v="wood"/>
 </way>
 <way id="238524320" visible="true" version="16" changeset="133646293" timestamp="2023-03-14T00:47:40Z" user="Moo Keh" uid="2186867">
  <nd ref="10733914372"/>
  <nd ref="6625218087"/>
  <nd ref="2503375768"/>
  <nd ref="2503375767"/>
  <nd ref="2463496336"/>
  <nd ref="2463496344"/>
  <nd ref="8260062394"/>
  <nd ref="8260062395"/>
  <nd ref="8260062396"/>
  <nd ref="8260062397"/>
  <nd ref="8260062398"/>
  <nd ref="1164621194"/>
  <nd ref="254400664"/>
  <nd ref="1164621392"/>
  <nd ref="1164621332"/>
  <nd ref="1164621132"/>
  <nd ref="1164621192"/>
  <nd ref="1164621331"/>
  <nd ref="1164621261"/>
  <nd ref="1164621362"/>
  <nd ref="1164621296"/>
  <nd ref="254336153"/>
  <nd ref="308200432"/>
  <nd ref="1164621063"/>
  <nd ref="254336152"/>
  <nd ref="1164621421"/>
  <nd ref="308200433"/>
  <nd ref="308200434"/>
  <nd ref="308200435"/>
  <nd ref="1164621185"/>
  <nd ref="308200436"/>
  <nd ref="308200437"/>
  <nd ref="308200438"/>
  <nd ref="254336150"/>
  <nd ref="1164621252"/>
  <nd ref="1164621149"/>
  <nd ref="1164621019"/>
  <nd ref="1164621215"/>
  <nd ref="1164621178"/>
  <nd ref="1164621082"/>
  <nd ref="8260062399"/>
  <nd ref="1214973752"/>
  <nd ref="1214969758"/>
  <nd ref="1214967040"/>
  <nd ref="1214967886"/>
  <nd ref="1214965287"/>
  <nd ref="1214963604"/>
  <nd ref="1214978789"/>
  <nd ref="1214979944"/>
  <nd ref="2503375872"/>
  <nd ref="2503375874"/>
  <nd ref="6625218059"/>
  <nd ref="2463496330"/>
  <nd ref="6625218058"/>
  <nd ref="6625218057"/>
  <nd ref="6625218056"/>
  <nd ref="2503375875"/>
  <nd ref="2503375873"/>
  <nd ref="2503375871"/>
  <nd ref="6625218055"/>
  <nd ref="6625218053"/>
  <nd ref="6625218054"/>
  <nd ref="2503375869"/>
  <nd ref="6625218052"/>
  <nd ref="2503375868"/>
  <nd ref="2503375867"/>
  <nd ref="2503375861"/>
  <nd ref="2503375865"/>
  <nd ref="6625218051"/>
  <nd ref="6625218050"/>
  <nd ref="2503375866"/>
  <nd ref="6625218049"/>
  <nd ref="2463496341"/>
  <nd ref="2503375864"/>
  <nd ref="2503375862"/>
  <nd ref="2463496333"/>
  <nd ref="6625218048"/>
  <nd ref="2503375860"/>
  <nd ref="6625218047"/>
  <nd ref="6625218046"/>
  <nd ref="6625218045"/>
  <nd ref="6625218044"/>
  <nd ref="2503375858"/>
  <nd ref="2503375856"/>
  <nd ref="6625218041"/>
  <nd ref="6625218023"/>
  <nd ref="6625218042"/>
  <nd ref="6625218043"/>
  <nd ref="6625218024"/>
  <nd ref="6625218025"/>
  <nd ref="6625218026"/>
  <nd ref="6625218013"/>
  <nd ref="6625218021"/>
  <nd ref="6625218020"/>
  <nd ref="6625218022"/>
  <nd ref="6625218017"/>
  <nd ref="6625218018"/>
  <nd ref="6625218019"/>
  <nd ref="6625218014"/>
  <nd ref="6625218016"/>
  <nd ref="6625218015"/>
  <nd ref="6625218006"/>
  <nd ref="2503375855"/>
  <nd ref="6625218012"/>
  <nd ref="6625218011"/>
  <nd ref="6625218010"/>
  <nd ref="6625218008"/>
  <nd ref="6625218009"/>
  <nd ref="6625218007"/>
  <nd ref="6625197019"/>
  <nd ref="6625197018"/>
  <nd ref="2503375854"/>
  <nd ref="2503375853"/>
  <nd ref="2503375852"/>
  <nd ref="6625197017"/>
  <nd ref="6625197016"/>
  <nd ref="6625197015"/>
  <nd ref="6625197014"/>
  <nd ref="6625197013"/>
  <nd ref="6625197012"/>
  <nd ref="2503375850"/>
  <nd ref="2463496322"/>
  <nd ref="6625197011"/>
  <nd ref="2463496327"/>
  <nd ref="6625197009"/>
  <nd ref="6625197010"/>
  <nd ref="2503375838"/>
  <nd ref="6625196889"/>
  <nd ref="6625196888"/>
  <nd ref="6625196887"/>
  <nd ref="6625196886"/>
  <nd ref="6625196885"/>
  <nd ref="2503375837"/>
  <nd ref="2503375831"/>
  <nd ref="6625196880"/>
  <nd ref="6625196879"/>
  <nd ref="6625196878"/>
  <nd ref="2503375829"/>
  <nd ref="6625196877"/>
  <nd ref="6625196876"/>
  <nd ref="6625196884"/>
  <nd ref="6625196883"/>
  <nd ref="6625196882"/>
  <nd ref="6625196881"/>
  <nd ref="6625196875"/>
  <nd ref="2503375823"/>
  <nd ref="6625196874"/>
  <nd ref="6625196873"/>
  <nd ref="2503375819"/>
 </way>
 <way id="239590614" visible="true" version="4" changeset="66427570" timestamp="2019-01-18T13:43:48Z" user="Moo Keh" uid="2186867">
  <nd ref="2328228554"/>
  <nd ref="4783083787"/>
  <nd ref="4783083778"/>
  <nd ref="4783083788"/>
  <nd ref="4783083789"/>
  <nd ref="4783083790"/>
  <nd ref="4783083791"/>
  <nd ref="4783083792"/>
  <nd ref="4783083793"/>
  <nd ref="4783083794"/>
  <nd ref="4783083798"/>
  <nd ref="4783083799"/>
  <nd ref="4783083782"/>
  <nd ref="4783083800"/>
  <nd ref="4783083801"/>
  <nd ref="4783083802"/>
  <nd ref="4783083803"/>
  <nd ref="4783083804"/>
  <nd ref="2473676421"/>
  <nd ref="6218733874"/>
  <nd ref="6218733871"/>
  <nd ref="6218733873"/>
  <nd ref="6218733872"/>
  <nd ref="2473676411"/>
  <nd ref="4783083776"/>
  <nd ref="2473676412"/>
  <nd ref="2473676415"/>
  <nd ref="4783083775"/>
  <nd ref="4783083774"/>
  <nd ref="2473676405"/>
  <nd ref="4783083773"/>
  <tag k="route" v="ferry"/>
 </way>
 <way id="239590616" visible="true" version="5" changeset="146426642" timestamp="2024-01-19T03:01:38Z" user="Kri_ttt" uid="13669494">
  <nd ref="4783083759"/>
  <nd ref="4783083756"/>
  <nd ref="5044486619"/>
  <nd ref="4783083765"/>
  <nd ref="5044486614"/>
  <nd ref="4783083766"/>
  <nd ref="4783083767"/>
  <nd ref="4783083769"/>
  <nd ref="2473676379"/>
  <nd ref="4783083770"/>
  <nd ref="2473676397"/>
  <nd ref="2473676401"/>
  <nd ref="4783083773"/>
  <tag k="name" v="พังงา - เกาะเขาพิงกัน"/>
  <tag k="name:en" v="Phang Nga - Ko Khao Phing Kan"/>
  <tag k="name:th" v="พังงา - เกาะเขาพิงกัน"/>
  <tag k="route" v="ferry"/>
 </way>
 <way id="239590620" visible="true" version="4" changeset="169749064" timestamp="2025-07-31T04:19:14Z" user="olecky" uid="20578352">
  <nd ref="4783083773"/>
  <nd ref="2473676404"/>
  <nd ref="2473676407"/>
  <nd ref="2473676417"/>
  <nd ref="2473676422"/>
  <nd ref="2473676423"/>
  <nd ref="2473676426"/>
  <nd ref="2473676431"/>
  <nd ref="2473676434"/>
  <nd ref="2473676437"/>
  <nd ref="2473676438"/>
  <nd ref="2473676440"/>
  <nd ref="2473676443"/>
  <nd ref="2473676454"/>
  <nd ref="2473676477"/>
  <nd ref="2473676486"/>
  <nd ref="2473676488"/>
  <nd ref="5046529055"/>
  <nd ref="5046529054"/>
  <nd ref="5046529053"/>
  <nd ref="2473676494"/>
  <nd ref="2473676490"/>
  <tag k="foot" v="yes"/>
  <tag k="route" v="ferry"/>
  <tag k="toll" v="yes"/>
 </way>
 <way id="239594043" visible="true" version="3" changeset="177658933" timestamp="2026-01-24T19:30:50Z" user="Greg91" uid="1704044">
  <nd ref="11219357479"/>
  <nd ref="11219357478"/>
  <nd ref="2473712271"/>
  <nd ref="13482414605"/>
  <tag k="floating" v="no"/>
  <tag k="footway" v="yes"/>
  <tag k="lit" v="yes"/>
  <tag k="man_made" v="pier"/>
  <tag k="surface" v="paving_stones"/>
 </way>
 <way id="239594044" visible="true" version="2" changeset="177658933" timestamp="2026-01-24T19:30:50Z" user="Greg91" uid="1704044">
  <nd ref="2473712272"/>
  <nd ref="13482407485"/>
  <nd ref="13482407487"/>
  <nd ref="13482407486"/>
  <nd ref="2473712273"/>
  <nd ref="13482407457"/>
  <nd ref="13482407455"/>
  <nd ref="13482407483"/>
  <nd ref="13482407488"/>
  <nd ref="13482407489"/>
  <nd ref="13482407484"/>
  <nd ref="2473712272"/>
  <tag k="area" v="yes"/>
  <tag k="floating" v="no"/>
  <tag k="man_made" v="pier"/>
 </way>
 <way id="242086207" visible="true" version="1" changeset="18353476" timestamp="2013-10-14T16:34:19Z" user="gezginrocker" uid="1686268">
  <nd ref="2496337464"/>
  <nd ref="2496337465"/>
  <tag k="man_made" v="pier"/>
 </way>
 <way id="242086208" visible="true" version="1" changeset="18353476" timestamp="2013-10-14T16:34:19Z" user="gezginrocker" uid="1686268">
  <nd ref="2496337471"/>
  <nd ref="2496337472"/>
  <tag k="man_made" v="pier"/>
 </way>
 <way id="242086209" visible="true" version="2" changeset="141760956" timestamp="2023-09-26T07:40:29Z" user="ashraful997" uid="13388635">
  <nd ref="2496337466"/>
  <nd ref="2496337465"/>
  <nd ref="11219357475"/>
  <nd ref="2496337463"/>
  <tag k="man_made" v="pier"/>
 </way>
 <way id="242086210" visible="true" version="1" changeset="18353476" timestamp="2013-10-14T16:34:19Z" user="gezginrocker" uid="1686268">
  <nd ref="2496337467"/>
  <nd ref="2496337468"/>
  <tag k="man_made" v="pier"/>
 </way>
 <way id="242086211" visible="true" version="1" changeset="18353476" timestamp="2013-10-14T16:34:20Z" user="gezginrocker" uid="1686268">
  <nd ref="2496337469"/>
  <nd ref="2496337470"/>
  <tag k="man_made" v="pier"/>
 </way>
 <way id="242086212" visible="true" version="2" changeset="177658933" timestamp="2026-01-24T19:30:50Z" user="Greg91" uid="1704044">
  <nd ref="2496337480"/>
  <nd ref="2496337481"/>
  <tag k="floating" v="yes"/>
  <tag k="man_made" v="pier"/>
 </way>
 <way id="242086214" visible="true" version="3" changeset="36720817" timestamp="2016-01-21T14:04:22Z" user="vanmhit" uid="101999">
  <nd ref="506726733"/>
  <nd ref="2496337488"/>
  <nd ref="2496337484"/>
 </way>
 <way id="242086215" visible="true" version="2" changeset="141857612" timestamp="2023-09-28T10:21:12Z" user="ashraful997" uid="13388635">
  <nd ref="2496337473"/>
  <nd ref="2496337475"/>
  <tag k="man_made" v="pier"/>
 </way>
 <way id="242086216" visible="true" version="2" changeset="177658933" timestamp="2026-01-24T19:30:50Z" user="Greg91" uid="1704044">
  <nd ref="2496337482"/>
  <nd ref="2496337481"/>
  <nd ref="2496337479"/>
  <tag k="floating" v="yes"/>
  <tag k="man_made" v="pier"/>
 </way>
 <way id="260431592" visible="true" version="6" changeset="165414277" timestamp="2025-04-25T09:30:08Z" user="Aleksandar1994" uid="3733993">
  <nd ref="12747495581"/>
  <nd ref="213825132"/>
  <nd ref="443759599"/>
  <nd ref="443759604"/>
  <nd ref="308200445"/>
  <nd ref="443759606"/>
  <nd ref="254335906"/>
  <nd ref="6218733866"/>
  <nd ref="443759605"/>
  <nd ref="6218733867"/>
  <nd ref="213825128"/>
  <nd ref="6218733863"/>
  <nd ref="6218733868"/>
  <nd ref="443759607"/>
  <nd ref="254335907"/>
  <nd ref="254336228"/>
  <nd ref="1164621197"/>
  <nd ref="1164621264"/>
  <nd ref="1662948083"/>
  <nd ref="1164621063"/>
  <nd ref="308200432"/>
  <nd ref="254336153"/>
  <nd ref="1164621296"/>
  <nd ref="1164621362"/>
  <nd ref="1164621261"/>
  <nd ref="1164621331"/>
  <nd ref="1164621192"/>
  <nd ref="1164621132"/>
  <nd ref="1164621332"/>
  <nd ref="1164621392"/>
  <nd ref="254400664"/>
  <nd ref="1164621194"/>
  <nd ref="213825121"/>
  <nd ref="1164621262"/>
  <nd ref="254400667"/>
  <nd ref="254336297"/>
  <nd ref="1164621164"/>
  <nd ref="308200431"/>
  <nd ref="254336298"/>
  <nd ref="1164621034"/>
  <nd ref="254400728"/>
  <nd ref="1164621098"/>
  <nd ref="1164621190"/>
  <nd ref="308200427"/>
  <nd ref="1164621260"/>
  <nd ref="213825117"/>
  <nd ref="308200420"/>
  <nd ref="254336783"/>
  <nd ref="308200421"/>
  <nd ref="254400709"/>
  <nd ref="308200424"/>
  <nd ref="254336318"/>
  <nd ref="254400669"/>
  <nd ref="255441694"/>
  <nd ref="254400668"/>
  <nd ref="2372198575"/>
  <nd ref="254336796"/>
  <nd ref="255441860"/>
  <nd ref="213825111"/>
  <nd ref="1212265532"/>
  <nd ref="1212265634"/>
  <nd ref="1212266160"/>
  <nd ref="1212267597"/>
  <nd ref="1212265683"/>
  <nd ref="254336915"/>
  <nd ref="1210588559"/>
  <nd ref="1210590994"/>
  <nd ref="1212269246"/>
  <nd ref="1210589871"/>
  <nd ref="1210589824"/>
  <nd ref="1210588782"/>
  <nd ref="254400756"/>
  <nd ref="1210590686"/>
  <nd ref="1210589596"/>
  <nd ref="1210588560"/>
  <nd ref="1210590961"/>
  <nd ref="1210589846"/>
  <nd ref="1210588231"/>
  <nd ref="1210590689"/>
  <nd ref="1210591567"/>
  <nd ref="1210589898"/>
  <nd ref="1210588849"/>
  <nd ref="1210589338"/>
  <nd ref="1210588255"/>
  <nd ref="1210590722"/>
  <nd ref="9015246841"/>
  <nd ref="1210589623"/>
  <nd ref="1210590516"/>
  <nd ref="1210589393"/>
  <nd ref="1210588320"/>
  <nd ref="1210590782"/>
  <nd ref="1210591308"/>
  <nd ref="1210590205"/>
  <nd ref="9015226863"/>
  <nd ref="1210589117"/>
  <nd ref="1210591592"/>
  <nd ref="1210588903"/>
  <nd ref="1210591381"/>
  <nd ref="9015226883"/>
  <nd ref="1210590265"/>
  <nd ref="1210588676"/>
  <nd ref="1210589149"/>
  <nd ref="1210591623"/>
  <nd ref="1210590541"/>
  <nd ref="1210589432"/>
  <nd ref="1210591190"/>
  <nd ref="1210590079"/>
  <nd ref="1210589005"/>
  <nd ref="1210591492"/>
  <nd ref="2372198676"/>
  <tag k="admin_level" v="6"/>
  <tag k="boundary" v="administrative"/>
  <tag k="natural" v="coastline"/>
  <tag k="note" v="rough!"/>
  <tag k="source" v="Bing"/>
 </way>
 <way id="294914100" visible="true" version="5" changeset="177658933" timestamp="2026-01-24T19:30:50Z" user="Greg91" uid="1704044">
  <nd ref="443759635"/>
  <nd ref="13473523765"/>
  <nd ref="2985592913"/>
  <nd ref="2985592920"/>
  <tag k="highway" v="footway"/>
  <tag k="lit" v="yes"/>
  <tag k="surface" v="wood"/>
 </way>
 <way id="294914102" visible="true" version="3" changeset="177658933" timestamp="2026-01-24T19:30:50Z" user="Greg91" uid="1704044">
  <nd ref="2985592905"/>
  <nd ref="443759660"/>
  <nd ref="2985592919"/>
  <nd ref="2985592906"/>
  <nd ref="13482414658"/>
  <nd ref="2985592918"/>
  <nd ref="2985592905"/>
  <tag k="amenity" v="restaurant"/>
  <tag k="building" v="yes"/>
  <tag k="capacity" v="500"/>
  <tag k="cuisine" v="thai;fish"/>
  <tag k="name" v="Panyee"/>
 </way>
 <way id="294914103" visible="true" version="5" changeset="148242734" timestamp="2024-03-05T10:05:28Z" user="TMMM" uid="5774181">
  <nd ref="2985592908"/>
  <nd ref="2473712269"/>
  <nd ref="2985592912"/>
  <nd ref="11219393340"/>
  <nd ref="2985592916"/>
  <nd ref="2985592913"/>
  <nd ref="2985592920"/>
  <nd ref="2985592908"/>
  <tag k="leisure" v="pitch"/>
  <tag k="lit" v="no"/>
  <tag k="sport" v="soccer"/>
  <tag k="surface" v="concrete"/>
 </way>
 <way id="294914104" visible="true" version="6" changeset="177518987" timestamp="2026-01-21T12:12:21Z" user="Greg91" uid="1704044">
  <nd ref="2985592916"/>
  <nd ref="2985592909"/>
  <nd ref="13473523764"/>
  <nd ref="13473523765"/>
  <nd ref="2985592913"/>
  <nd ref="2985592916"/>
  <tag k="leisure" v="pitch"/>
  <tag k="lit" v="no"/>
  <tag k="sport" v="soccer"/>
  <tag k="surface" v="concrete"/>
 </way>
 <way id="392607959" visible="true" version="1" changeset="36720817" timestamp="2016-01-21T14:04:21Z" user="vanmhit" uid="101999">
  <nd ref="2985592915"/>
  <nd ref="2496337484"/>
 </way>
 <way id="392607960" visible="true" version="3" changeset="177518987" timestamp="2026-01-21T12:12:21Z" user="Greg91" uid="1704044">
  <nd ref="2496337484"/>
  <nd ref="2496337483"/>
  <nd ref="2496337485"/>
  <nd ref="2496337486"/>
  <nd ref="2496337487"/>
  <nd ref="2496337489"/>
  <nd ref="2496337490"/>
  <nd ref="2496337491"/>
  <nd ref="2496337493"/>
  <nd ref="2496337495"/>
  <nd ref="2496337496"/>
  <nd ref="11219357474"/>
  <nd ref="1164621033"/>
  <nd ref="2496337498"/>
 </way>
 <way id="392607961" visible="true" version="2" changeset="141760956" timestamp="2023-09-26T07:40:29Z" user="ashraful997" uid="13388635">
  <nd ref="2496337498"/>
  <nd ref="1164621230"/>
 </way>
 <way id="392607963" visible="true" version="4" changeset="165414277" timestamp="2025-04-25T09:30:08Z" user="Aleksandar1994" uid="3733993">
  <nd ref="1164621033"/>
  <nd ref="2496337498"/>
  <nd ref="1164621230"/>
  <tag k="admin_level" v="6"/>
  <tag k="boundary" v="administrative"/>
  <tag k="natural" v="coastline"/>
  <tag k="source" v="Landsat"/>
 </way>
 <way id="392607964" visible="true" version="4" changeset="165414277" timestamp="2025-04-25T09:30:08Z" user="Aleksandar1994" uid="3733993">
  <nd ref="1164621230"/>
  <nd ref="443759681"/>
  <nd ref="11219357473"/>
  <nd ref="1164621163"/>
  <nd ref="443759679"/>
  <nd ref="1164621151"/>
  <nd ref="443759677"/>
  <nd ref="1164621083"/>
  <nd ref="2496337492"/>
  <nd ref="443759676"/>
  <nd ref="506726733"/>
  <tag k="admin_level" v="6"/>
  <tag k="boundary" v="administrative"/>
  <tag k="natural" v="coastline"/>
  <tag k="source" v="Landsat"/>
 </way>
 <way id="431330187" visible="true" version="6" changeset="177518987" timestamp="2026-01-21T12:12:21Z" user="Greg91" uid="1704044">
  <nd ref="4305378303"/>
  <nd ref="4305378304"/>
  <nd ref="4305378305"/>
  <nd ref="4305378343"/>
  <nd ref="4305378306"/>
  <nd ref="4305378307"/>
  <nd ref="4305378315"/>
  <nd ref="4305378308"/>
  <nd ref="4305378309"/>
  <tag k="highway" v="footway"/>
  <tag k="smoothness" v="good"/>
  <tag k="surface" v="concrete"/>
 </way>
 <way id="431330188" visible="true" version="3" changeset="177518987" timestamp="2026-01-21T12:12:21Z" user="Greg91" uid="1704044">
  <nd ref="4305378312"/>
  <nd ref="4305378323"/>
  <nd ref="4305378324"/>
  <nd ref="4305378325"/>
  <tag k="highway" v="footway"/>
  <tag k="surface" v="concrete"/>
 </way>
 <way id="431330191" visible="true" version="4" changeset="148242408" timestamp="2024-03-05T10:26:41Z" user="TMMM" uid="5774181">
  <nd ref="2473712272"/>
  <nd ref="4305378328"/>
  <nd ref="443759648"/>
  <tag k="highway" v="footway"/>
  <tag k="lit" v="yes"/>
  <tag k="smoothness" v="good"/>
  <tag k="surface" v="concrete"/>
 </way>
 <way id="431330192" visible="true" version="5" changeset="148242408" timestamp="2024-03-05T09:57:45Z" user="TMMM" uid="5774181">
  <nd ref="443759641"/>
  <nd ref="4305378329"/>
  <nd ref="4305378351"/>
  <nd ref="4305378352"/>
  <nd ref="4305378353"/>
  <nd ref="4305378354"/>
  <nd ref="4305378347"/>
  <tag k="highway" v="footway"/>
  <tag k="lit" v="yes"/>
  <tag k="smoothness" v="good"/>
  <tag k="surface" v="concrete"/>
 </way>
 <way id="431330193" visible="true" version="1" changeset="40772305" timestamp="2016-07-16T03:17:42Z" user="Baron Harkonnen" uid="2704608">
  <nd ref="506726733"/>
  <nd ref="2985592915"/>
  <nd ref="2496337484"/>
  <nd ref="2496337488"/>
  <nd ref="506726733"/>
  <tag k="natural" v="grassland"/>
 </way>
 <way id="431330194" visible="true" version="10" changeset="182942679" timestamp="2026-05-20T18:38:11Z" user="FvGordon" uid="161619">
  <nd ref="1164621033"/>
  <nd ref="1164621097"/>
  <nd ref="2473676408"/>
  <nd ref="11219386697"/>
  <nd ref="1164621420"/>
  <nd ref="2985592907"/>
  <nd ref="13473523777"/>
  <nd ref="443759683"/>
  <nd ref="11219386698"/>
  <nd ref="11219386699"/>
  <nd ref="11219386700"/>
  <nd ref="1164621062"/>
  <nd ref="1164621295"/>
  <nd ref="11219386702"/>
  <nd ref="2473676402"/>
  <nd ref="2473676398"/>
  <nd ref="2473676399"/>
  <nd ref="443759686"/>
  <nd ref="2473676394"/>
  <nd ref="443759687"/>
  <nd ref="4305378330"/>
  <nd ref="4305378332"/>
  <nd ref="11219386708"/>
  <nd ref="11219386709"/>
  <nd ref="4305378333"/>
  <nd ref="4305378334"/>
  <nd ref="4305378336"/>
  <nd ref="4305378337"/>
  <nd ref="443759690"/>
  <nd ref="12603770710"/>
  <nd ref="11224668042"/>
  <nd ref="11224668043"/>
  <nd ref="11224668044"/>
  <nd ref="11224668046"/>
  <nd ref="11224668045"/>
  <nd ref="443759692"/>
  <nd ref="2473712267"/>
  <nd ref="2496337468"/>
  <nd ref="2496337472"/>
  <nd ref="443759695"/>
  <nd ref="2496337474"/>
  <nd ref="2496337477"/>
  <nd ref="2496337476"/>
  <nd ref="11219393339"/>
  <nd ref="2473712268"/>
  <nd ref="2985592912"/>
  <nd ref="2473712269"/>
  <nd ref="4305378342"/>
  <nd ref="443759698"/>
  <nd ref="11219357476"/>
  <nd ref="2473712271"/>
  <nd ref="11219386710"/>
  <nd ref="11219386711"/>
  <nd ref="11219386712"/>
  <nd ref="11219386713"/>
  <nd ref="11219386714"/>
  <nd ref="2985592915"/>
  <nd ref="2496337484"/>
  <nd ref="2496337483"/>
  <nd ref="2496337485"/>
  <nd ref="2496337486"/>
  <nd ref="2496337487"/>
  <nd ref="2496337489"/>
  <nd ref="2496337490"/>
  <nd ref="2496337491"/>
  <nd ref="2496337493"/>
  <nd ref="2496337495"/>
  <nd ref="2496337496"/>
  <nd ref="11219357474"/>
  <nd ref="1164621033"/>
  <tag k="landuse" v="residential"/>
  <tag k="name" v="Gypsy village"/>
 </way>
 <way id="431330195" visible="true" version="4" changeset="148242734" timestamp="2024-03-05T10:07:11Z" user="TMMM" uid="5774181">
  <nd ref="11219357477"/>
  <nd ref="4305378338"/>
  <nd ref="4305378340"/>
  <nd ref="4305378341"/>
  <nd ref="11219357481"/>
  <nd ref="11219357477"/>
  <tag k="access" v="yes"/>
  <tag k="leisure" v="pitch"/>
  <tag k="lit" v="no"/>
  <tag k="sport" v="soccer"/>
  <tag k="surface" v="tartan"/>
 </way>
 <way id="431330196" visible="true" version="2" changeset="148242246" timestamp="2024-03-05T09:59:22Z" user="TMMM" uid="5774181">
  <nd ref="4305378343"/>
  <nd ref="4305378344"/>
  <nd ref="4305378345"/>
  <nd ref="4305378346"/>
  <nd ref="4305378347"/>
  <nd ref="4305378356"/>
  <nd ref="4305378357"/>
  <nd ref="4305378358"/>
  <nd ref="4305378359"/>
  <tag k="highway" v="footway"/>
  <tag k="surface" v="concrete"/>
 </way>
 <way id="431330197" visible="true" version="5" changeset="177518987" timestamp="2026-01-21T12:12:21Z" user="Greg91" uid="1704044">
  <nd ref="443759628"/>
  <nd ref="4305378348"/>
  <nd ref="4305378349"/>
  <nd ref="4305378350"/>
  <nd ref="4305378312"/>
  <tag k="highway" v="footway"/>
  <tag k="lit" v="yes"/>
  <tag k="smoothness" v="good"/>
  <tag k="surface" v="concrete"/>
 </way>
 <way id="431330198" visible="true" version="1" changeset="40772305" timestamp="2016-07-16T03:17:42Z" user="Baron Harkonnen" uid="2704608">
  <nd ref="4305378360"/>
  <nd ref="4305378361"/>
  <nd ref="4305378362"/>
  <tag k="highway" v="footway"/>
 </way>
 <way id="431330199" visible="true" version="5" changeset="177658933" timestamp="2026-01-24T19:30:50Z" user="Greg91" uid="1704044">
  <nd ref="4305378363"/>
  <nd ref="13482414608"/>
  <nd ref="13482414611"/>
  <nd ref="13482414610"/>
  <nd ref="13482414609"/>
  <nd ref="2985592913"/>
  <nd ref="13473523765"/>
  <nd ref="13473523763"/>
  <nd ref="13473523762"/>
  <nd ref="13473523761"/>
  <nd ref="4305378363"/>
  <tag k="amenity" v="school"/>
  <tag k="name" v="Kohpanyee School"/>
 </way>
 <way id="516798244" visible="true" version="3" changeset="177658933" timestamp="2026-01-24T19:30:50Z" user="Greg91" uid="1704044">
  <nd ref="5044486615"/>
  <nd ref="4783083773"/>
  <nd ref="5044486616"/>
  <tag k="floating" v="yes"/>
  <tag k="man_made" v="pier"/>
 </way>
 <way id="888451998" visible="true" version="4" changeset="177518987" timestamp="2026-01-21T12:12:21Z" user="Greg91" uid="1704044">
  <nd ref="506726733"/>
  <nd ref="2496337488"/>
  <nd ref="8260062401"/>
  <nd ref="13473523749"/>
  <nd ref="13473523750"/>
  <nd ref="13473523751"/>
  <nd ref="2496337491"/>
  <nd ref="2496337493"/>
  <nd ref="2496337495"/>
  <nd ref="2496337496"/>
  <nd ref="11219357474"/>
  <nd ref="1164621033"/>
  <tag k="natural" v="cliff"/>
 </way>
 <way id="1210924618" visible="true" version="3" changeset="177658933" timestamp="2026-01-24T19:30:50Z" user="Greg91" uid="1704044">
  <nd ref="13482407480"/>
  <nd ref="11224668051"/>
  <nd ref="11219357480"/>
  <nd ref="11224668052"/>
  <nd ref="11219357481"/>
  <tag k="floating" v="yes"/>
  <tag k="man_made" v="pier"/>
 </way>
 <way id="1210925770" visible="true" version="1" changeset="141761175" timestamp="2023-09-26T07:46:13Z" user="ashraful997" uid="13388635">
  <nd ref="2473676408"/>
  <nd ref="11219386703"/>
  <tag k="man_made" v="pier"/>
 </way>
 <way id="1210925771" visible="true" version="2" changeset="141857612" timestamp="2023-09-28T10:21:12Z" user="ashraful997" uid="13388635">
  <nd ref="11219386704"/>
  <nd ref="11219386705"/>
  <nd ref="11219386706"/>
  <nd ref="11219386707"/>
  <nd ref="11219386703"/>
  <nd ref="11219386704"/>
  <tag k="area" v="yes"/>
  <tag k="man_made" v="pier"/>
 </way>
 <way id="1211552615" visible="true" version="1" changeset="141857612" timestamp="2023-09-28T10:21:12Z" user="ashraful997" uid="13388635">
  <nd ref="11224668041"/>
  <nd ref="2496337475"/>
  <nd ref="2496337478"/>
  <tag k="man_made" v="pier"/>
 </way>
 <way id="1211552616" visible="true" version="1" changeset="141857612" timestamp="2023-09-28T10:21:12Z" user="ashraful997" uid="13388635">
  <nd ref="11224668047"/>
  <nd ref="11224668051"/>
  <nd ref="11224668048"/>
  <nd ref="11224668049"/>
  <nd ref="11224668050"/>
  <nd ref="11224668052"/>
  <nd ref="11224668047"/>
  <tag k="area" v="yes"/>
  <tag k="man_made" v="pier"/>
 </way>
 <way id="1213640104" visible="true" version="7" changeset="177658933" timestamp="2026-01-24T19:30:50Z" user="Greg91" uid="1704044">
  <nd ref="443759614"/>
  <nd ref="11244003754"/>
  <nd ref="11244003755"/>
  <nd ref="13473523766"/>
  <nd ref="11244003757"/>
  <nd ref="13482414615"/>
  <nd ref="13473523753"/>
  <nd ref="11244003759"/>
  <nd ref="13482414605"/>
  <nd ref="12475330755"/>
  <tag k="highway" v="footway"/>
  <tag k="lit" v="no"/>
  <tag k="smoothness" v="good"/>
  <tag k="source" v="maxar"/>
  <tag k="surface" v="concrete"/>
 </way>
 <way id="1213640105" visible="true" version="1" changeset="142239158" timestamp="2023-10-06T15:51:16Z" user="ashraful997" uid="13388635">
  <nd ref="11244003766"/>
  <nd ref="11244003765"/>
  <nd ref="11244003767"/>
  <nd ref="11244003768"/>
  <nd ref="11244003766"/>
  <tag k="area" v="yes"/>
  <tag k="foot" v="yes"/>
  <tag k="man_made" v="pier"/>
 </way>
 <way id="1276312497" visible="true" version="6" changeset="177658933" timestamp="2026-01-24T19:30:50Z" user="Greg91" uid="1704044">
  <nd ref="11849472951"/>
  <nd ref="443759635"/>
  <tag k="highway" v="footway"/>
  <tag k="smoothness" v="good"/>
  <tag k="source" v="survey"/>
  <tag k="surface" v="concrete"/>
 </way>
 <way id="1348429284" visible="true" version="3" changeset="177658933" timestamp="2026-01-24T19:30:50Z" user="Greg91" uid="1704044">
  <nd ref="13482414607"/>
  <nd ref="443759637"/>
  <nd ref="443759639"/>
  <nd ref="443759640"/>
  <nd ref="443759641"/>
  <tag k="highway" v="footway"/>
  <tag k="lit" v="no"/>
  <tag k="smoothness" v="good"/>
  <tag k="source" v="survey"/>
  <tag k="surface" v="concrete"/>
 </way>
 <way id="1348429516" visible="true" version="2" changeset="160974553" timestamp="2025-01-04T06:10:30Z" user="olecky" uid="20578352">
  <nd ref="443759645"/>
  <nd ref="443759658"/>
  <tag k="highway" v="footway"/>
  <tag k="lit" v="no"/>
  <tag k="source" v="survey"/>
  <tag k="surface" v="wood"/>
 </way>
 <way id="1348432597" visible="true" version="3" changeset="169749268" timestamp="2025-07-31T04:32:34Z" user="olecky" uid="20578352">
  <nd ref="4305378347"/>
  <nd ref="13038522249"/>
  <nd ref="4305378313"/>
  <nd ref="4305378314"/>
  <nd ref="4305378315"/>
  <nd ref="12603770710"/>
  <tag k="highway" v="footway"/>
 </way>
 <way id="1348590841" visible="true" version="2" changeset="177658933" timestamp="2026-01-24T19:30:50Z" user="Greg91" uid="1704044">
  <nd ref="443759641"/>
  <nd ref="4305378360"/>
  <nd ref="13482407497"/>
  <nd ref="443759645"/>
  <tag k="highway" v="footway"/>
  <tag k="lit" v="no"/>
  <tag k="smoothness" v="good"/>
  <tag k="source" v="survey"/>
  <tag k="surface" v="concrete"/>
 </way>
 <way id="1348664234" visible="true" version="3" changeset="169749173" timestamp="2025-07-31T04:26:37Z" user="olecky" uid="20578352">
  <nd ref="12475330755"/>
  <nd ref="11244003761"/>
  <nd ref="11244003762"/>
  <nd ref="443759622"/>
  <tag k="highway" v="footway"/>
  <tag k="lit" v="no"/>
  <tag k="smoothness" v="good"/>
  <tag k="source" v="maxar"/>
  <tag k="surface" v="concrete"/>
 </way>
 <way id="1361423312" visible="true" version="1" changeset="162737650" timestamp="2025-02-20T11:58:18Z" user="rheins" uid="2996489">
  <nd ref="4305378354"/>
  <nd ref="12603770711"/>
  <nd ref="2496337469"/>
  <tag k="highway" v="footway"/>
 </way>
 <way id="1418824961" visible="true" version="2" changeset="177658933" timestamp="2026-01-24T19:30:50Z" user="Greg91" uid="1704044">
  <nd ref="13038584984"/>
  <nd ref="13038584985"/>
  <nd ref="13482414645"/>
  <nd ref="13482414644"/>
  <nd ref="13038584987"/>
  <nd ref="13482414643"/>
  <nd ref="13038584988"/>
  <tag k="highway" v="footway"/>
  <tag k="surface" v="concrete"/>
 </way>
 <way id="1469132388" visible="true" version="2" changeset="177658933" timestamp="2026-01-24T19:30:50Z" user="Greg91" uid="1704044">
  <nd ref="11244003755"/>
  <nd ref="13473523752"/>
  <nd ref="13482407472"/>
  <nd ref="13482407473"/>
  <tag k="highway" v="footway"/>
 </way>
 <way id="1469132389" visible="true" version="2" changeset="177658933" timestamp="2026-01-24T19:30:50Z" user="Greg91" uid="1704044">
  <nd ref="13473523753"/>
  <nd ref="13473523754"/>
  <tag k="highway" v="steps"/>
  <tag k="incline" v="up"/>
  <tag k="step_count" v="5"/>
 </way>
 <way id="1469132390" visible="true" version="2" changeset="177658933" timestamp="2026-01-24T19:30:50Z" user="Greg91" uid="1704044">
  <nd ref="13473523755"/>
  <nd ref="13482414648"/>
  <nd ref="13473523756"/>
  <nd ref="13482414650"/>
  <tag k="highway" v="footway"/>
 </way>
 <way id="1469132391" visible="true" version="2" changeset="177658933" timestamp="2026-01-24T19:30:50Z" user="Greg91" uid="1704044">
  <nd ref="13473523757"/>
  <nd ref="13473523758"/>
  <nd ref="13482414667"/>
  <nd ref="13473523759"/>
  <nd ref="13473523760"/>
  <nd ref="13473523757"/>
  <tag k="fenced" v="yes"/>
  <tag k="fence_type" v="stone"/>
  <tag k="landuse" v="cemetery"/>
 </way>
 <way id="1469132392" visible="true" version="1" changeset="177518987" timestamp="2026-01-21T12:12:21Z" user="Greg91" uid="1704044">
  <nd ref="13473523766"/>
  <nd ref="13473523767"/>
  <tag k="highway" v="steps"/>
  <tag k="incline" v="up"/>
 </way>
 <way id="1469132393" visible="true" version="1" changeset="177518987" timestamp="2026-01-21T12:12:21Z" user="Greg91" uid="1704044">
  <nd ref="13473523768"/>
  <nd ref="13473523769"/>
  <nd ref="13473523770"/>
  <nd ref="13473523771"/>
  <nd ref="13473523768"/>
  <tag k="building" v="yes"/>
  <tag k="leisure" v="fitness_centre"/>
 </way>
 <way id="1469132394" visible="true" version="1" changeset="177518987" timestamp="2026-01-21T12:12:21Z" user="Greg91" uid="1704044">
  <nd ref="13473523754"/>
  <nd ref="13473523772"/>
  <tag k="highway" v="footway"/>
 </way>
 <way id="1469132395" visible="true" version="1" changeset="177518987" timestamp="2026-01-21T12:12:21Z" user="Greg91" uid="1704044">
  <nd ref="13473523773"/>
  <nd ref="13473523772"/>
  <nd ref="13473523774"/>
  <tag k="highway" v="footway"/>
 </way>
 <way id="1470100700" visible="true" version="1" changeset="177658933" timestamp="2026-01-24T19:30:50Z" user="Greg91" uid="1704044">
  <nd ref="13473523755"/>
  <nd ref="13482414651"/>
  <nd ref="13482407498"/>
  <nd ref="13482407500"/>
  <nd ref="4305378312"/>
  <tag k="highway" v="footway"/>
 </way>
 <way id="1470100701" visible="true" version="1" changeset="177658933" timestamp="2026-01-24T19:30:50Z" user="Greg91" uid="1704044">
  <nd ref="13482407446"/>
  <nd ref="13482407445"/>
  <tag k="handrail" v="yes"/>
  <tag k="highway" v="steps"/>
  <tag k="incline" v="up"/>
  <tag k="step_count" v="4"/>
 </way>
 <way id="1470100702" visible="true" version="1" changeset="177658933" timestamp="2026-01-24T19:30:50Z" user="Greg91" uid="1704044">
  <nd ref="1164621020"/>
  <nd ref="13482407447"/>
  <nd ref="13482407481"/>
  <nd ref="13482407482"/>
  <tag k="highway" v="footway"/>
 </way>
 <way id="1470100703" visible="true" version="1" changeset="177658933" timestamp="2026-01-24T19:30:50Z" user="Greg91" uid="1704044">
  <nd ref="13482407450"/>
  <nd ref="13482407456"/>
  <nd ref="13482407454"/>
  <nd ref="13482407451"/>
  <nd ref="13482407452"/>
  <nd ref="13482407453"/>
  <nd ref="13482407450"/>
  <tag k="area" v="yes"/>
  <tag k="floating" v="yes"/>
  <tag k="man_made" v="pier"/>
 </way>
 <way id="1470100704" visible="true" version="1" changeset="177658933" timestamp="2026-01-24T19:30:50Z" user="Greg91" uid="1704044">
  <nd ref="13482407454"/>
  <nd ref="13482407455"/>
  <tag k="highway" v="steps"/>
 </way>
 <way id="1470100705" visible="true" version="1" changeset="177658933" timestamp="2026-01-24T19:30:50Z" user="Greg91" uid="1704044">
  <nd ref="13482407456"/>
  <nd ref="13482407457"/>
  <tag k="highway" v="steps"/>
 </way>
 <way id="1470100706" visible="true" version="1" changeset="177658933" timestamp="2026-01-24T19:30:50Z" user="Greg91" uid="1704044">
  <nd ref="13038584988"/>
  <nd ref="13482407458"/>
  <nd ref="13482407459"/>
  <nd ref="13482407460"/>
  <tag k="highway" v="path"/>
 </way>
 <way id="1470100707" visible="true" version="1" changeset="177658933" timestamp="2026-01-24T19:30:50Z" user="Greg91" uid="1704044">
  <nd ref="13482407460"/>
  <nd ref="13482407461"/>
  <tag k="handrail" v="no"/>
  <tag k="highway" v="steps"/>
  <tag k="incline" v="up"/>
  <tag k="tactile_paving" v="no"/>
 </way>
 <way id="1470100708" visible="true" version="1" changeset="177658933" timestamp="2026-01-24T19:30:50Z" user="Greg91" uid="1704044">
  <nd ref="13482407461"/>
  <nd ref="13482407462"/>
  <nd ref="13482414646"/>
  <nd ref="13482407463"/>
  <tag k="highway" v="path"/>
 </way>
 <way id="1470100709" visible="true" version="1" changeset="177658933" timestamp="2026-01-24T19:30:50Z" user="Greg91" uid="1704044">
  <nd ref="13482407464"/>
  <nd ref="13482407465"/>
  <nd ref="13482407466"/>
  <nd ref="13482407467"/>
  <nd ref="13482414649"/>
  <nd ref="13482407464"/>
  <tag k="building" v="school"/>
  <tag k="religion" v="muslim"/>
  <tag k="school" v="elementary"/>
 </way>
 <way id="1470100710" visible="true" version="1" changeset="177658933" timestamp="2026-01-24T19:30:50Z" user="Greg91" uid="1704044">
  <nd ref="13482407468"/>
  <nd ref="13482407469"/>
  <nd ref="13482407470"/>
  <nd ref="13482407471"/>
  <nd ref="13473523767"/>
  <nd ref="13482407468"/>
  <tag k="building" v="school"/>
  <tag k="name" v="ศูนย์อบรมจริยธรรมอิสลาม เกาะปันหยี"/>
  <tag k="name:en" v="Panyee Darusalam (Madrase)"/>
  <tag k="religion" v="muslim"/>
 </way>
 <way id="1470100711" visible="true" version="1" changeset="177658933" timestamp="2026-01-24T19:30:50Z" user="Greg91" uid="1704044">
  <nd ref="2473712270"/>
  <nd ref="11219357479"/>
  <tag k="highway" v="steps"/>
 </way>
 <way id="1470100712" visible="true" version="1" changeset="177658933" timestamp="2026-01-24T19:30:50Z" user="Greg91" uid="1704044">
  <nd ref="13482407476"/>
  <nd ref="13482407477"/>
  <nd ref="2473712270"/>
  <nd ref="13482407478"/>
  <nd ref="13482407479"/>
  <nd ref="13482407476"/>
  <tag k="area" v="yes"/>
  <tag k="floating" v="yes"/>
  <tag k="man_made" v="pier"/>
 </way>
 <way id="1470100713" visible="true" version="1" changeset="177658933" timestamp="2026-01-24T19:30:50Z" user="Greg91" uid="1704044">
  <nd ref="13482407480"/>
  <nd ref="11219357478"/>
  <tag k="highway" v="steps"/>
 </way>
 <way id="1470100714" visible="true" version="1" changeset="177658933" timestamp="2026-01-24T19:30:50Z" user="Greg91" uid="1704044">
  <nd ref="2473712272"/>
  <nd ref="13482407491"/>
  <nd ref="13482407490"/>
  <nd ref="13482407457"/>
  <tag k="highway" v="footway"/>
 </way>
 <way id="1470100715" visible="true" version="1" changeset="177658933" timestamp="2026-01-24T19:30:50Z" user="Greg91" uid="1704044">
  <nd ref="2473712272"/>
  <nd ref="13482407492"/>
  <nd ref="13482407493"/>
  <nd ref="13482407455"/>
  <tag k="highway" v="footway"/>
 </way>
 <way id="1470100716" visible="true" version="1" changeset="177658933" timestamp="2026-01-24T19:30:50Z" user="Greg91" uid="1704044">
  <nd ref="13482407490"/>
  <nd ref="13482407493"/>
  <tag k="highway" v="footway"/>
 </way>
 <way id="1470100717" visible="true" version="1" changeset="177658933" timestamp="2026-01-24T19:30:50Z" user="Greg91" uid="1704044">
  <nd ref="13482407498"/>
  <nd ref="13482407499"/>
  <tag k="highway" v="footway"/>
 </way>
 <way id="1470100718" visible="true" version="1" changeset="177658933" timestamp="2026-01-24T19:30:50Z" user="Greg91" uid="1704044">
  <nd ref="13482407500"/>
  <nd ref="13482414601"/>
  <tag k="highway" v="footway"/>
 </way>
 <way id="1470100719" visible="true" version="1" changeset="177658933" timestamp="2026-01-24T19:30:50Z" user="Greg91" uid="1704044">
  <nd ref="4305378350"/>
  <nd ref="13482414606"/>
  <tag k="highway" v="footway"/>
 </way>
 <way id="1470100720" visible="true" version="1" changeset="177658933" timestamp="2026-01-24T19:30:50Z" user="Greg91" uid="1704044">
  <nd ref="13482414615"/>
  <nd ref="13482414616"/>
  <tag k="highway" v="footway"/>
 </way>
 <way id="1470100721" visible="true" version="1" changeset="177658933" timestamp="2026-01-24T19:30:50Z" user="Greg91" uid="1704044">
  <nd ref="13482414629"/>
  <nd ref="13482414630"/>
  <nd ref="13482414631"/>
  <nd ref="13482414632"/>
  <nd ref="13482414633"/>
  <nd ref="13482414634"/>
  <nd ref="13482414635"/>
  <nd ref="13482414617"/>
  <nd ref="13482414618"/>
  <nd ref="13482414621"/>
  <nd ref="13482414622"/>
  <nd ref="13482414623"/>
  <nd ref="13482414624"/>
  <nd ref="13482414625"/>
  <nd ref="13482414626"/>
  <nd ref="13482414627"/>
  <nd ref="13482414628"/>
  <nd ref="13482414619"/>
  <nd ref="13482414620"/>
  <nd ref="13482414629"/>
  <tag k="area" v="yes"/>
  <tag k="seamark:type" v="anchorage"/>
 </way>
 <way id="1470100722" visible="true" version="1" changeset="177658933" timestamp="2026-01-24T19:30:50Z" user="Greg91" uid="1704044">
  <nd ref="443759658"/>
  <nd ref="443759646"/>
  <nd ref="4305378325"/>
  <nd ref="443759648"/>
  <nd ref="443759649"/>
  <nd ref="13482407444"/>
  <nd ref="13482407443"/>
  <nd ref="443759651"/>
  <nd ref="4305378310"/>
  <nd ref="13473523755"/>
  <tag k="highway" v="footway"/>
  <tag k="lit" v="no"/>
  <tag k="smoothness" v="good"/>
  <tag k="source" v="survey"/>
  <tag k="surface" v="concrete"/>
 </way>
 <way id="1470100723" visible="true" version="1" changeset="177658933" timestamp="2026-01-24T19:30:50Z" user="Greg91" uid="1704044">
  <nd ref="13473523755"/>
  <nd ref="13482407446"/>
  <nd ref="13482414647"/>
  <tag k="highway" v="footway"/>
  <tag k="lit" v="no"/>
  <tag k="smoothness" v="good"/>
  <tag k="source" v="survey"/>
  <tag k="surface" v="paving_stones"/>
 </way>
 <way id="1470100724" visible="true" version="1" changeset="177658933" timestamp="2026-01-24T19:30:50Z" user="Greg91" uid="1704044">
  <nd ref="13482414656"/>
  <nd ref="13482414659"/>
  <nd ref="13482414657"/>
  <tag k="floating" v="yes"/>
  <tag k="man_made" v="pier"/>
 </way>
 <way id="1470100725" visible="true" version="1" changeset="177658933" timestamp="2026-01-24T19:30:50Z" user="Greg91" uid="1704044">
  <nd ref="13482414666"/>
  <nd ref="13482414660"/>
  <nd ref="13482414658"/>
  <tag k="highway" v="footway"/>
  <tag k="layer" v="-1"/>
  <tag k="source" v="survey"/>
  <tag k="surface" v="paving_stones"/>
 </way>
 <way id="1470100726" visible="true" version="1" changeset="177658933" timestamp="2026-01-24T19:30:50Z" user="Greg91" uid="1704044">
  <nd ref="13482414662"/>
  <nd ref="13482414659"/>
  <tag k="highway" v="steps"/>
 </way>
 <way id="1470100727" visible="true" version="1" changeset="177658933" timestamp="2026-01-24T19:30:50Z" user="Greg91" uid="1704044">
  <nd ref="13482414660"/>
  <nd ref="13482414661"/>
  <tag k="highway" v="footway"/>
  <tag k="surface" v="paving_stones"/>
 </way>
 <way id="1470100728" visible="true" version="1" changeset="177658933" timestamp="2026-01-24T19:30:50Z" user="Greg91" uid="1704044">
  <nd ref="443759660"/>
  <nd ref="13482414662"/>
  <tag k="floating" v="no"/>
  <tag k="highway" v="footway"/>
  <tag k="surface" v="paving_stones"/>
 </way>
 <way id="1470100729" visible="true" version="1" changeset="177658933" timestamp="2026-01-24T19:30:50Z" user="Greg91" uid="1704044">
  <nd ref="2985592905"/>
  <nd ref="13482414663"/>
  <nd ref="13482414662"/>
  <nd ref="13482414664"/>
  <nd ref="2985592919"/>
  <nd ref="2985592905"/>
  <tag k="area" v="yes"/>
  <tag k="floating" v="no"/>
  <tag k="man_made" v="pier"/>
 </way>
 <way id="1470100730" visible="true" version="1" changeset="177658933" timestamp="2026-01-24T19:30:50Z" user="Greg91" uid="1704044">
  <nd ref="443759658"/>
  <nd ref="13482414665"/>
  <tag k="highway" v="footway"/>
  <tag k="layer" v="-1"/>
  <tag k="source" v="survey"/>
  <tag k="surface" v="paving_stones"/>
 </way>
 <way id="1470100731" visible="true" version="1" changeset="177658933" timestamp="2026-01-24T19:30:50Z" user="Greg91" uid="1704044">
  <nd ref="13482414665"/>
  <nd ref="13482414666"/>
  <tag k="handrail" v="no"/>
  <tag k="highway" v="steps"/>
  <tag k="incline" v="up"/>
  <tag k="layer" v="-1"/>
  <tag k="source" v="survey"/>
  <tag k="surface" v="paving_stones"/>
 </way>
 <relation id="903822" visible="true" version="479" changeset="189736882" timestamp="2026-09-29T16:18:18Z" user="Tonmi pasoy" uid="23568212">
  <member type="way" ref="1529559255" role="outer"/>
  <member type="way" ref="906842257" role="outer"/>
  <member type="way" ref="891291606" role="outer"/>
  <member type="way" ref="884143920" role="outer"/>
  <member type="way" ref="891291608" role="outer"/>
  <member type="way" ref="746400327" role="outer"/>
  <member type="way" ref="1330354568" role="outer"/>
  <member type="way" ref="746400326" role="outer"/>
  <member type="way" ref="1369795569" role="outer"/>
  <member type="way" ref="1369795570" role="outer"/>
  <member type="way" ref="1369795572" role="outer"/>
  <member type="way" ref="1467737497" role="outer"/>
  <member type="way" ref="1369795573" role="outer"/>
  <member type="way" ref="253623455" role="outer"/>
  <member type="way" ref="1469753389" role="outer"/>
  <member type="way" ref="1498827940" role="outer"/>
  <member type="way" ref="1498833056" role="outer"/>
  <member type="way" ref="1498833058" role="outer"/>
  <member type="way" ref="1498833053" role="outer"/>
  <member type="way" ref="1498833059" role="outer"/>
  <member type="way" ref="1498827937" role="outer"/>
  <member type="way" ref="1498827938" role="outer"/>
  <member type="way" ref="1562214078" role="outer"/>
  <member type="way" ref="1562214073" role="outer"/>
  <member type="way" ref="1369795574" role="outer"/>
  <member type="way" ref="246283093" role="outer"/>
  <member type="way" ref="1369795575" role="outer"/>
  <member type="way" ref="1369795576" role="outer"/>
  <member type="way" ref="890187962" role="outer"/>
  <member type="way" ref="1469824992" role="outer"/>
  <member type="way" ref="1462572696" role="outer"/>
  <member type="way" ref="1022634469" role="outer"/>
  <member type="way" ref="1022634470" role="outer"/>
  <member type="way" ref="1462572697" role="outer"/>
  <member type="way" ref="1469825425" role="outer"/>
  <member type="way" ref="890187963" role="outer"/>
  <member type="way" ref="1560468022" role="outer"/>
  <member type="way" ref="1022777132" role="outer"/>
  <member type="way" ref="1022777129" role="outer"/>
  <member type="way" ref="1512964715" role="outer"/>
  <member type="way" ref="1022750647" role="outer"/>
  <member type="way" ref="1022750644" role="outer"/>
  <member type="way" ref="1022750642" role="outer"/>
  <member type="way" ref="1022750643" role="outer"/>
  <member type="way" ref="1512964717" role="outer"/>
  <member type="way" ref="1022750639" role="outer"/>
  <member type="way" ref="1560468021" role="outer"/>
  <member type="way" ref="1369795577" role="outer"/>
  <member type="way" ref="1022750648" role="outer"/>
  <member type="way" ref="246283098" role="outer"/>
  <member type="way" ref="1369795578" role="outer"/>
  <member type="way" ref="192918498" role="outer"/>
  <member type="way" ref="1369795579" role="outer"/>
  <member type="way" ref="1330350386" role="outer"/>
  <member type="way" ref="1330350385" role="outer"/>
  <member type="way" ref="1330350384" role="outer"/>
  <member type="way" ref="314842455" role="outer"/>
  <member type="way" ref="1369795580" role="outer"/>
  <member type="way" ref="553518728" role="outer"/>
  <member type="way" ref="889265932" role="outer"/>
  <member type="way" ref="889265933" role="outer"/>
  <member type="way" ref="889265931" role="outer"/>
  <member type="way" ref="889265934" role="outer"/>
  <member type="way" ref="553518712" role="outer"/>
  <member type="way" ref="553518713" role="outer"/>
  <member type="way" ref="553518726" role="outer"/>
  <member type="way" ref="553518656" role="outer"/>
  <member type="way" ref="553518653" role="outer"/>
  <member type="way" ref="553529104" role="outer"/>
  <member type="way" ref="553529095" role="outer"/>
  <member type="way" ref="553529096" role="outer"/>
  <member type="way" ref="553529100" role="outer"/>
  <member type="way" ref="553529103" role="outer"/>
  <member type="way" ref="553529099" role="outer"/>
  <member type="way" ref="553529089" role="outer"/>
  <member type="way" ref="553529085" role="outer"/>
  <member type="way" ref="553529086" role="outer"/>
  <member type="way" ref="553529090" role="outer"/>
  <member type="way" ref="1369795581" role="outer"/>
  <member type="way" ref="889265929" role="outer"/>
  <member type="way" ref="889265928" role="outer"/>
  <member type="way" ref="889265926" role="outer"/>
  <member type="way" ref="889265925" role="outer"/>
  <member type="way" ref="889265923" role="outer"/>
  <member type="way" ref="1369795582" role="outer"/>
  <member type="way" ref="889265922" role="outer"/>
  <member type="way" ref="889265919" role="outer"/>
  <member type="way" ref="1369795583" role="outer"/>
  <member type="way" ref="889265918" role="outer"/>
  <member type="way" ref="1330350438" role="outer"/>
  <member type="way" ref="1497979685" role="outer"/>
  <member type="way" ref="1497979689" role="outer"/>
  <member type="way" ref="1497979690" role="outer"/>
  <member type="way" ref="1497979691" role="outer"/>
  <member type="way" ref="1497979651" role="outer"/>
  <member type="way" ref="1369795584" role="outer"/>
  <member type="way" ref="1368646980" role="outer"/>
  <member type="way" ref="1374440178" role="outer"/>
  <member type="way" ref="727303747" role="outer"/>
  <member type="way" ref="1369795585" role="outer"/>
  <member type="way" ref="1369795586" role="outer"/>
  <member type="way" ref="1369795587" role="outer"/>
  <member type="way" ref="1369795588" role="outer"/>
  <member type="way" ref="1369795589" role="outer"/>
  <member type="way" ref="771023887" role="outer"/>
  <member type="way" ref="776094115" role="outer"/>
  <member type="way" ref="771023888" role="outer"/>
  <member type="way" ref="171177961" role="outer"/>
  <member type="way" ref="776094127" role="outer"/>
  <member type="way" ref="776094128" role="outer"/>
  <member type="way" ref="776094090" role="outer"/>
  <member type="way" ref="776094089" role="outer"/>
  <member type="way" ref="776094110" role="outer"/>
  <member type="way" ref="776094109" role="outer"/>
  <member type="way" ref="776094106" role="outer"/>
  <member type="way" ref="776094107" role="outer"/>
  <member type="way" ref="85907797" role="outer"/>
  <member type="way" ref="776094101" role="outer"/>
  <member type="way" ref="776094100" role="outer"/>
  <member type="way" ref="1369795590" role="outer"/>
  <member type="way" ref="260948703" role="outer"/>
  <member type="way" ref="1369795591" role="outer"/>
  <member type="way" ref="1549026115" role="outer"/>
  <member type="way" ref="1037091572" role="outer"/>
  <member type="way" ref="1037091575" role="outer"/>
  <member type="way" ref="1037091571" role="outer"/>
  <member type="way" ref="1037091576" role="outer"/>
  <member type="way" ref="1369795592" role="outer"/>
  <member type="way" ref="260948667" role="outer"/>
  <member type="way" ref="260948674" role="outer"/>
  <member type="way" ref="1369795593" role="outer"/>
  <member type="way" ref="260948658" role="outer"/>
  <member type="way" ref="260948685" role="outer"/>
  <member type="way" ref="260948666" role="outer"/>
  <member type="way" ref="261267940" role="outer"/>
  <member type="way" ref="261267934" role="outer"/>
  <member type="way" ref="260948643" role="outer"/>
  <member type="way" ref="260948681" role="outer"/>
  <member type="way" ref="262248214" role="outer"/>
  <member type="way" ref="262248208" role="outer"/>
  <member type="way" ref="262248176" role="outer"/>
  <member type="way" ref="262248204" role="outer"/>
  <member type="way" ref="262248166" role="outer"/>
  <member type="way" ref="262248197" role="outer"/>
  <member type="way" ref="262248172" role="outer"/>
  <member type="way" ref="262248205" role="outer"/>
  <member type="way" ref="262248231" role="outer"/>
  <member type="way" ref="1033809727" role="outer"/>
  <member type="way" ref="1033809728" role="outer"/>
  <member type="way" ref="1369795594" role="outer"/>
  <member type="way" ref="1330351363" role="outer"/>
  <member type="way" ref="1369795596" role="outer"/>
  <member type="way" ref="1369795595" role="outer"/>
  <member type="way" ref="245670164" role="outer"/>
  <member type="way" ref="1478463858" role="outer"/>
  <member type="way" ref="1024383029" role="outer"/>
  <member type="way" ref="1478463859" role="outer"/>
  <member type="way" ref="1369795597" role="outer"/>
  <member type="way" ref="1562139060" role="outer"/>
  <member type="way" ref="988051068" role="outer"/>
  <member type="way" ref="1375825363" role="outer"/>
  <member type="way" ref="1562773306" role="outer"/>
  <member type="way" ref="1369795598" role="outer"/>
  <member type="way" ref="1369795599" role="outer"/>
  <member type="way" ref="245670185" role="outer"/>
  <member type="way" ref="746399286" role="outer"/>
  <member type="way" ref="1369795600" role="outer"/>
  <member type="way" ref="1376487562" role="outer"/>
  <member type="way" ref="1369795601" role="outer"/>
  <member type="way" ref="1376487561" role="outer"/>
  <member type="way" ref="727304479" role="outer"/>
  <member type="way" ref="1369795602" role="outer"/>
  <member type="way" ref="1369795603" role="outer"/>
  <member type="way" ref="1369795604" role="outer"/>
  <member type="way" ref="1368701253" role="outer"/>
  <member type="way" ref="1369795605" role="outer"/>
  <member type="way" ref="481961852" role="outer"/>
  <member type="way" ref="1370830620" role="outer"/>
  <member type="way" ref="319665813" role="outer"/>
  <member type="way" ref="677434274" role="outer"/>
  <member type="way" ref="1369795606" role="outer"/>
  <member type="way" ref="1370830813" role="outer"/>
  <member type="way" ref="319665812" role="outer"/>
  <member type="way" ref="1369795607" role="outer"/>
  <member type="way" ref="319667589" role="outer"/>
  <member type="way" ref="677434275" role="outer"/>
  <member type="way" ref="319667590" role="outer"/>
  <member type="way" ref="677434276" role="outer"/>
  <member type="way" ref="319620916" role="outer"/>
  <member type="way" ref="888242293" role="outer"/>
  <member type="way" ref="1370832226" role="outer"/>
  <member type="way" ref="1369795608" role="outer"/>
  <member type="way" ref="319620915" role="outer"/>
  <member type="way" ref="1318999815" role="outer"/>
  <member type="way" ref="677421215" role="outer"/>
  <member type="way" ref="319620914" role="outer"/>
  <member type="way" ref="1369795609" role="outer"/>
  <member type="way" ref="141064616" role="outer"/>
  <member type="way" ref="888242295" role="outer"/>
  <member type="way" ref="319620062" role="outer"/>
  <member type="way" ref="636472914" role="outer"/>
  <member type="way" ref="319620063" role="outer"/>
  <member type="way" ref="319619372" role="outer"/>
  <member type="way" ref="319712224" role="outer"/>
  <member type="way" ref="635393187" role="outer"/>
  <member type="way" ref="635393188" role="outer"/>
  <member type="way" ref="675672928" role="outer"/>
  <member type="way" ref="319619375" role="outer"/>
  <member type="way" ref="888242298" role="outer"/>
  <member type="way" ref="413075383" role="outer"/>
  <member type="way" ref="1373615189" role="outer"/>
  <member type="way" ref="888242297" role="outer"/>
  <member type="way" ref="675089707" role="outer"/>
  <member type="way" ref="319619374" role="outer"/>
  <member type="way" ref="1369795558" role="outer"/>
  <member type="way" ref="1373615191" role="outer"/>
  <member type="way" ref="319619370" role="outer"/>
  <member type="way" ref="1369795557" role="outer"/>
  <member type="way" ref="1373611287" role="outer"/>
  <member type="way" ref="319619373" role="outer"/>
  <member type="way" ref="1369795556" role="outer"/>
  <member type="way" ref="351469408" role="outer"/>
  <member type="way" ref="675089709" role="outer"/>
  <member type="way" ref="141064581" role="outer"/>
  <member type="way" ref="1368696337" role="outer"/>
  <member type="way" ref="319618669" role="outer"/>
  <member type="way" ref="550152747" role="outer"/>
  <member type="way" ref="319618665" role="outer"/>
  <member type="way" ref="550150850" role="outer"/>
  <member type="way" ref="1369795555" role="outer"/>
  <member type="way" ref="550150852" role="outer"/>
  <member type="way" ref="319618667" role="outer"/>
  <member type="way" ref="888597522" role="outer"/>
  <member type="way" ref="554666382" role="outer"/>
  <member type="way" ref="351469409" role="outer"/>
  <member type="way" ref="675089713" role="outer"/>
  <member type="way" ref="1369795554" role="outer"/>
  <member type="way" ref="319618668" role="outer"/>
  <member type="way" ref="244973761" role="outer"/>
  <member type="way" ref="888242279" role="outer"/>
  <member type="way" ref="319713399" role="outer"/>
  <member type="way" ref="675081665" role="outer"/>
  <member type="way" ref="206957351" role="outer"/>
  <member type="way" ref="319618666" role="outer"/>
  <member type="way" ref="319618664" role="outer"/>
  <member type="way" ref="1369795553" role="outer"/>
  <member type="way" ref="319617528" role="outer"/>
  <member type="way" ref="1317062802" role="outer"/>
  <member type="way" ref="1317062800" role="outer"/>
  <member type="way" ref="1317062796" role="outer"/>
  <member type="way" ref="1317062791" role="outer"/>
  <member type="way" ref="1317062788" role="outer"/>
  <member type="way" ref="28238054" role="outer"/>
  <member type="way" ref="1317062785" role="outer"/>
  <member type="way" ref="888242272" role="outer"/>
  <member type="way" ref="1317062779" role="outer"/>
  <member type="way" ref="304691497" role="outer"/>
  <member type="way" ref="304691541" role="outer"/>
  <member type="way" ref="303648310" role="outer"/>
  <member type="way" ref="303648291" role="outer"/>
  <member type="way" ref="303648350" role="outer"/>
  <member type="way" ref="303648299" role="outer"/>
  <member type="way" ref="304112467" role="outer"/>
  <member type="way" ref="304112479" role="outer"/>
  <member type="way" ref="304112466" role="outer"/>
  <member type="way" ref="304112480" role="outer"/>
  <member type="way" ref="304112477" role="outer"/>
  <member type="way" ref="304112478" role="outer"/>
  <member type="way" ref="304691547" role="outer"/>
  <member type="way" ref="304691542" role="outer"/>
  <member type="way" ref="305234042" role="outer"/>
  <member type="way" ref="304691529" role="outer"/>
  <member type="way" ref="304691543" role="outer"/>
  <member type="way" ref="305234028" role="outer"/>
  <member type="way" ref="304691524" role="outer"/>
  <member type="way" ref="304691527" role="outer"/>
  <member type="way" ref="304691572" role="outer"/>
  <member type="way" ref="304691528" role="outer"/>
  <member type="way" ref="153177497" role="outer"/>
  <member type="way" ref="1369795552" role="outer"/>
  <member type="way" ref="1369795551" role="outer"/>
  <member type="way" ref="476858014" role="outer"/>
  <member type="way" ref="893434791" role="outer"/>
  <member type="way" ref="893434792" role="outer"/>
  <member type="way" ref="893434830" role="outer"/>
  <member type="way" ref="893434831" role="outer"/>
  <member type="way" ref="897943420" role="outer"/>
  <member type="way" ref="897943425" role="outer"/>
  <member type="way" ref="897943426" role="outer"/>
  <member type="way" ref="893434836" role="outer"/>
  <member type="way" ref="897943438" role="outer"/>
  <member type="way" ref="897943439" role="outer"/>
  <member type="way" ref="896145821" role="outer"/>
  <member type="way" ref="896145817" role="outer"/>
  <member type="way" ref="896145818" role="outer"/>
  <member type="way" ref="896145820" role="outer"/>
  <member type="way" ref="896145796" role="outer"/>
  <member type="way" ref="896145815" role="outer"/>
  <member type="way" ref="896145816" role="outer"/>
  <member type="way" ref="893434837" role="outer"/>
  <member type="way" ref="1369795550" role="outer"/>
  <member type="way" ref="893010269" role="outer"/>
  <member type="way" ref="893010270" role="outer"/>
  <member type="way" ref="893010297" role="outer"/>
  <member type="way" ref="893010298" role="outer"/>
  <member type="way" ref="892783857" role="outer"/>
  <member type="way" ref="892783858" role="outer"/>
  <member type="way" ref="893010320" role="outer"/>
  <member type="way" ref="893010318" role="outer"/>
  <member type="way" ref="893010316" role="outer"/>
  <member type="way" ref="893010321" role="outer"/>
  <member type="way" ref="893010315" role="outer"/>
  <member type="way" ref="892783867" role="outer"/>
  <member type="way" ref="892783868" role="outer"/>
  <member type="way" ref="892783878" role="outer"/>
  <member type="way" ref="892783879" role="outer"/>
  <member type="way" ref="892783894" role="outer"/>
  <member type="way" ref="892783895" role="outer"/>
  <member type="way" ref="892783927" role="outer"/>
  <member type="way" ref="892783928" role="outer"/>
  <member type="way" ref="1330352615" role="outer"/>
  <member type="way" ref="883215801" role="outer"/>
  <member type="way" ref="883215807" role="outer"/>
  <member type="way" ref="883215808" role="outer"/>
  <member type="way" ref="883215845" role="outer"/>
  <member type="way" ref="883215811" role="outer"/>
  <member type="way" ref="883215812" role="outer"/>
  <member type="way" ref="883215836" role="outer"/>
  <member type="way" ref="883215837" role="outer"/>
  <member type="way" ref="883215844" role="outer"/>
  <member type="way" ref="887501750" role="outer"/>
  <member type="way" ref="478858244" role="outer"/>
  <member type="way" ref="882944043" role="outer"/>
  <member type="way" ref="882944048" role="outer"/>
  <member type="way" ref="882944049" role="outer"/>
  <member type="way" ref="312801967" role="outer"/>
  <member type="way" ref="312801983" role="outer"/>
  <member type="way" ref="1369795549" role="outer"/>
  <member type="way" ref="312801965" role="outer"/>
  <member type="way" ref="312801979" role="outer"/>
  <member type="way" ref="312801963" role="outer"/>
  <member type="way" ref="312801966" role="outer"/>
  <member type="way" ref="312801964" role="outer"/>
  <member type="way" ref="891482759" role="outer"/>
  <member type="way" ref="312712330" role="outer"/>
  <member type="way" ref="312712329" role="outer"/>
  <member type="way" ref="1369795548" role="outer"/>
  <member type="way" ref="883900658" role="outer"/>
  <member type="way" ref="883900655" role="outer"/>
  <member type="way" ref="883900656" role="outer"/>
  <member type="way" ref="883900668" role="outer"/>
  <member type="way" ref="883900669" role="outer"/>
  <member type="way" ref="883900661" role="outer"/>
  <member type="way" ref="888380584" role="outer"/>
  <member type="way" ref="888380585" role="outer"/>
  <member type="way" ref="888160819" role="outer"/>
  <member type="way" ref="888160820" role="outer"/>
  <member type="way" ref="888160813" role="outer"/>
  <member type="way" ref="888160814" role="outer"/>
  <member type="way" ref="888160808" role="outer"/>
  <member type="way" ref="888160809" role="outer"/>
  <member type="way" ref="888160799" role="outer"/>
  <member type="way" ref="888160800" role="outer"/>
  <member type="way" ref="888160793" role="outer"/>
  <member type="way" ref="888160794" role="outer"/>
  <member type="way" ref="888160795" role="outer"/>
  <member type="way" ref="888160796" role="outer"/>
  <member type="way" ref="884028102" role="outer"/>
  <member type="way" ref="884028093" role="outer"/>
  <member type="way" ref="884028094" role="outer"/>
  <member type="way" ref="884028103" role="outer"/>
  <member type="way" ref="885076415" role="outer"/>
  <member type="way" ref="885076416" role="outer"/>
  <member type="way" ref="885076406" role="outer"/>
  <member type="way" ref="885076377" role="outer"/>
  <member type="way" ref="885076374" role="outer"/>
  <member type="way" ref="322708733" role="outer"/>
  <member type="way" ref="322708789" role="outer"/>
  <member type="way" ref="322708792" role="outer"/>
  <member type="way" ref="322708776" role="outer"/>
  <member type="way" ref="322708755" role="outer"/>
  <member type="way" ref="1369795547" role="outer"/>
  <member type="way" ref="322708767" role="outer"/>
  <member type="way" ref="322708848" role="outer"/>
  <member type="way" ref="322708769" role="outer"/>
  <member type="way" ref="322708736" role="outer"/>
  <member type="way" ref="322708782" role="outer"/>
  <member type="way" ref="322708758" role="outer"/>
  <member type="way" ref="322708773" role="outer"/>
  <member type="way" ref="886688347" role="outer"/>
  <member type="way" ref="886688346" role="outer"/>
  <member type="way" ref="886688351" role="outer"/>
  <member type="way" ref="322708739" role="outer"/>
  <member type="way" ref="886688350" role="outer"/>
  <member type="way" ref="886688352" role="outer"/>
  <member type="way" ref="886688349" role="outer"/>
  <member type="way" ref="886688289" role="outer"/>
  <member type="way" ref="796271856" role="outer"/>
  <member type="way" ref="886688294" role="outer"/>
  <member type="way" ref="322708790" role="outer"/>
  <member type="way" ref="322708740" role="outer"/>
  <member type="way" ref="322708779" role="outer"/>
  <member type="way" ref="797545297" role="outer"/>
  <member type="way" ref="797545298" role="outer"/>
  <member type="way" ref="797545276" role="outer"/>
  <member type="way" ref="797545277" role="outer"/>
  <member type="way" ref="797545258" role="outer"/>
  <member type="way" ref="797545259" role="outer"/>
  <member type="way" ref="797545264" role="outer"/>
  <member type="way" ref="797545265" role="outer"/>
  <member type="way" ref="1330351852" role="outer"/>
  <member type="way" ref="479270557" role="outer"/>
  <member type="way" ref="1369795546" role="outer"/>
  <member type="way" ref="1374373831" role="outer"/>
  <member type="way" ref="1369795545" role="outer"/>
  <member type="way" ref="1369795544" role="outer"/>
  <member type="way" ref="223743846" role="outer"/>
  <member type="way" ref="1369795543" role="outer"/>
  <member type="way" ref="1443971986" role="outer"/>
  <member type="way" ref="888452004" role="outer"/>
  <member type="way" ref="1443971983" role="outer"/>
  <member type="way" ref="1443971985" role="outer"/>
  <member type="way" ref="1443971980" role="outer"/>
  <member type="way" ref="888452009" role="outer"/>
  <member type="way" ref="1443971982" role="outer"/>
  <member type="way" ref="888452005" role="outer"/>
  <member type="way" ref="1443971978" role="outer"/>
  <member type="way" ref="888452006" role="outer"/>
  <member type="way" ref="1443968062" role="outer"/>
  <member type="way" ref="1443968066" role="outer"/>
  <member type="way" ref="1443968071" role="outer"/>
  <member type="way" ref="1443968162" role="outer"/>
  <member type="way" ref="1443968161" role="outer"/>
  <member type="way" ref="1443968190" role="outer"/>
  <member type="way" ref="1443968158" role="outer"/>
  <member type="way" ref="1443968160" role="outer"/>
  <member type="way" ref="1443968191" role="outer"/>
  <member type="way" ref="1443968206" role="outer"/>
  <member type="way" ref="1443968186" role="outer"/>
  <member type="way" ref="1443968188" role="outer"/>
  <member type="way" ref="1443968178" role="outer"/>
  <member type="way" ref="1443968176" role="outer"/>
  <member type="way" ref="1443968175" role="outer"/>
  <member type="way" ref="1443968077" role="outer"/>
  <member type="way" ref="1443968078" role="outer"/>
  <member type="way" ref="1443968201" role="outer"/>
  <member type="way" ref="1443968166" role="outer"/>
  <member type="way" ref="1443968179" role="outer"/>
  <member type="way" ref="1443968180" role="outer"/>
  <member type="way" ref="1443968181" role="outer"/>
  <member type="way" ref="1443968173" role="outer"/>
  <member type="way" ref="1443968182" role="outer"/>
  <member type="way" ref="1443968195" role="outer"/>
  <member type="way" ref="1443968204" role="outer"/>
  <member type="way" ref="130769798" role="outer"/>
  <member type="way" ref="1443909178" role="outer"/>
  <member type="way" ref="1443909184" role="outer"/>
  <member type="way" ref="1443909185" role="outer"/>
  <member type="way" ref="1443909181" role="outer"/>
  <member type="way" ref="1443909189" role="outer"/>
  <member type="way" ref="1443909182" role="outer"/>
  <member type="way" ref="130769797" role="outer"/>
  <member type="way" ref="1443909179" role="outer"/>
  <member type="way" ref="1350952555" role="outer"/>
  <member type="way" ref="1443909199" role="outer"/>
  <member type="way" ref="1443909198" role="outer"/>
  <member type="way" ref="1443909196" role="outer"/>
  <member type="way" ref="1443909203" role="outer"/>
  <member type="way" ref="1443696867" role="outer"/>
  <member type="way" ref="1497451696" role="outer"/>
  <member type="way" ref="1443696871" role="outer"/>
  <member type="way" ref="1443696882" role="outer"/>
  <member type="way" ref="1443696876" role="outer"/>
  <member type="way" ref="1443696878" role="outer"/>
  <member type="way" ref="1443696875" role="outer"/>
  <member type="way" ref="1443696863" role="outer"/>
  <member type="way" ref="1443696862" role="outer"/>
  <member type="way" ref="1497451700" role="outer"/>
  <member type="way" ref="1443696847" role="outer"/>
  <member type="way" ref="1443696848" role="outer"/>
  <member type="way" ref="110565233" role="outer"/>
  <member type="way" ref="1444248605" role="outer"/>
  <member type="way" ref="1443722942" role="outer"/>
  <member type="way" ref="1443722875" role="outer"/>
  <member type="way" ref="1443722872" role="outer"/>
  <member type="way" ref="1443722867" role="outer"/>
  <member type="way" ref="1443722869" role="outer"/>
  <member type="way" ref="1443722866" role="outer"/>
  <member type="way" ref="1443722871" role="outer"/>
  <member type="way" ref="1443929551" role="outer"/>
  <member type="way" ref="1443696849" role="outer"/>
  <member type="way" ref="1443929547" role="outer"/>
  <member type="way" ref="888452010" role="outer"/>
  <member type="way" ref="1443929527" role="outer"/>
  <member type="way" ref="1443929499" role="outer"/>
  <member type="way" ref="1443929500" role="outer"/>
  <member type="way" ref="1443929496" role="outer"/>
  <member type="way" ref="1443929497" role="outer"/>
  <member type="way" ref="1443929487" role="outer"/>
  <member type="way" ref="888452014" role="outer"/>
  <member type="way" ref="888452011" role="outer"/>
  <member type="way" ref="888452012" role="outer"/>
  <member type="way" ref="888452002" role="outer"/>
  <member type="way" ref="1369795542" role="outer"/>
  <member type="way" ref="888452001" role="outer"/>
  <member type="way" ref="153656977" role="outer"/>
  <member type="way" ref="1330351783" role="outer"/>
  <member type="way" ref="153657090" role="outer"/>
  <member type="way" ref="1369795541" role="outer"/>
  <member type="way" ref="260431592" role="outer"/>
  <member type="way" ref="1376702287" role="outer"/>
  <member type="way" ref="1369795540" role="outer"/>
  <member type="way" ref="260431593" role="outer"/>
  <member type="way" ref="680467576" role="outer"/>
  <member type="way" ref="684290008" role="outer"/>
  <member type="way" ref="888451936" role="outer"/>
  <member type="way" ref="1369795536" role="outer"/>
  <member type="way" ref="1369795537" role="outer"/>
  <member type="way" ref="888451935" role="outer"/>
  <member type="way" ref="325288513" role="outer"/>
  <member type="way" ref="1369795535" role="outer"/>
  <member type="way" ref="888621395" role="outer"/>
  <member type="way" ref="888621396" role="outer"/>
  <member type="way" ref="325297676" role="outer"/>
  <member type="way" ref="20217747" role="outer"/>
  <member type="way" ref="344345889" role="outer"/>
  <member type="way" ref="1380110879" role="outer"/>
  <member type="way" ref="1380110880" role="outer"/>
  <member type="way" ref="1380110877" role="outer"/>
  <member type="way" ref="1380110878" role="outer"/>
  <member type="way" ref="1369795534" role="outer"/>
  <member type="way" ref="1380110886" role="outer"/>
  <member type="way" ref="1379625680" role="outer"/>
  <member type="way" ref="1380110884" role="outer"/>
  <member type="way" ref="284599276" role="outer"/>
  <member type="way" ref="1376681958" role="outer"/>
  <member type="way" ref="1019665053" role="outer"/>
  <member type="way" ref="1019665052" role="outer"/>
  <member type="way" ref="109635871" role="outer"/>
  <member type="way" ref="1384300886" role="outer"/>
  <member type="way" ref="1369795533" role="outer"/>
  <member type="way" ref="1377975776" role="outer"/>
  <member type="way" ref="1019648360" role="outer"/>
  <member type="way" ref="1019648369" role="outer"/>
  <member type="way" ref="1377975775" role="outer"/>
  <member type="way" ref="284599409" role="outer"/>
  <member type="way" ref="284599309" role="outer"/>
  <member type="way" ref="284599315" role="outer"/>
  <member type="way" ref="284600574" role="outer"/>
  <member type="way" ref="284599418" role="outer"/>
  <member type="way" ref="284599374" role="outer"/>
  <member type="way" ref="284599484" role="outer"/>
  <member type="way" ref="920554234" role="outer"/>
  <member type="way" ref="920554233" role="outer"/>
  <member type="way" ref="1377988417" role="outer"/>
  <member type="way" ref="1377988422" role="outer"/>
  <member type="way" ref="109793547" role="outer"/>
  <member type="way" ref="1377988418" role="outer"/>
  <member type="way" ref="58416655" role="outer"/>
  <member type="way" ref="285860557" role="outer"/>
  <member type="way" ref="1377981843" role="outer"/>
  <member type="way" ref="1371062071" role="outer"/>
  <member type="way" ref="141064058" role="outer"/>
  <member type="way" ref="285860558" role="outer"/>
  <member type="way" ref="149872369" role="outer"/>
  <member type="way" ref="322372545" role="outer"/>
  <member type="way" ref="1371061213" role="outer"/>
  <member type="way" ref="322372502" role="outer"/>
  <member type="way" ref="1371070963" role="outer"/>
  <member type="way" ref="399212627" role="outer"/>
  <member type="way" ref="322372521" role="outer"/>
  <member type="way" ref="1368707868" role="outer"/>
  <member type="way" ref="399250100" role="outer"/>
  <member type="way" ref="1369795531" role="outer"/>
  <member type="way" ref="889265907" role="outer"/>
  <member type="way" ref="889265898" role="outer"/>
  <member type="way" ref="1369795530" role="outer"/>
  <member type="way" ref="322372498" role="outer"/>
  <member type="way" ref="889265893" role="outer"/>
  <member type="way" ref="889265895" role="outer"/>
  <member type="way" ref="1371096052" role="outer"/>
  <member type="way" ref="889265896" role="outer"/>
  <member type="way" ref="1560468043" role="outer"/>
  <member type="way" ref="1560468044" role="outer"/>
  <member type="way" ref="890187959" role="outer"/>
  <member type="way" ref="1369795529" role="outer"/>
  <member type="way" ref="1369795528" role="outer"/>
  <member type="way" ref="322372499" role="outer"/>
  <member type="way" ref="1535116653" role="outer"/>
  <member type="way" ref="1535116652" role="outer"/>
  <member type="way" ref="1369795527" role="outer"/>
  <member type="way" ref="890187954" role="outer"/>
  <member type="way" ref="1369795526" role="outer"/>
  <member type="way" ref="890187960" role="outer"/>
  <member type="way" ref="322372497" role="outer"/>
  <member type="way" ref="1369795525" role="outer"/>
  <member type="way" ref="399250099" role="outer"/>
  <member type="way" ref="506020879" role="outer"/>
  <member type="way" ref="890187950" role="outer"/>
  <member type="way" ref="1369795524" role="outer"/>
  <member type="way" ref="322372526" role="outer"/>
  <member type="way" ref="1369795523" role="outer"/>
  <member type="way" ref="1371063555" role="outer"/>
  <member type="way" ref="1371063695" role="outer"/>
  <member type="way" ref="322372527" role="outer"/>
  <member type="way" ref="322372519" role="outer"/>
  <member type="way" ref="1371063789" role="outer"/>
  <member type="way" ref="322372509" role="outer"/>
  <member type="way" ref="506020880" role="outer"/>
  <member type="way" ref="399345922" role="outer"/>
  <member type="way" ref="322372525" role="outer"/>
  <member type="way" ref="322372516" role="outer"/>
  <member type="way" ref="1369795522" role="outer"/>
  <member type="way" ref="506020881" role="outer"/>
  <member type="way" ref="399345998" role="outer"/>
  <member type="way" ref="707822846" role="outer"/>
  <member type="way" ref="322372504" role="outer"/>
  <member type="way" ref="322372503" role="outer"/>
  <member type="way" ref="322372505" role="outer"/>
  <member type="way" ref="322372520" role="outer"/>
  <member type="way" ref="322372506" role="outer"/>
  <member type="way" ref="322372508" role="outer"/>
  <member type="way" ref="896620149" role="outer"/>
  <member type="way" ref="399346711" role="outer"/>
  <member type="way" ref="896620139" role="outer"/>
  <member type="way" ref="896620138" role="outer"/>
  <member type="way" ref="322372500" role="outer"/>
  <member type="way" ref="896620142" role="outer"/>
  <member type="way" ref="896620143" role="outer"/>
  <member type="way" ref="680698538" role="outer"/>
  <member type="way" ref="1369795521" role="outer"/>
  <member type="way" ref="946894481" role="outer"/>
  <member type="way" ref="1463341390" role="outer"/>
  <member type="way" ref="1463341388" role="outer"/>
  <member type="way" ref="1369961232" role="outer"/>
  <member type="way" ref="322372496" role="outer"/>
  <member type="way" ref="1369795520" role="outer"/>
  <member type="way" ref="399416770" role="outer"/>
  <member type="way" ref="394024084" role="outer"/>
  <member type="way" ref="394024089" role="outer"/>
  <member type="way" ref="394024079" role="outer"/>
  <member type="way" ref="394024094" role="outer"/>
  <member type="way" ref="141064127" role="outer"/>
  <member type="way" ref="1368743556" role="outer"/>
  <member type="way" ref="399420660" role="outer"/>
  <member type="way" ref="1369795519" role="outer"/>
  <member type="way" ref="1132097335" role="outer"/>
  <member type="way" ref="395926324" role="outer"/>
  <member type="way" ref="395926334" role="outer"/>
  <member type="way" ref="395926316" role="outer"/>
  <member type="way" ref="395926317" role="outer"/>
  <member type="way" ref="395926335" role="outer"/>
  <member type="way" ref="140856550" role="outer"/>
  <member type="way" ref="140856542" role="outer"/>
  <member type="way" ref="140856576" role="outer"/>
  <member type="way" ref="902009557" role="outer"/>
  <member type="way" ref="140856583" role="outer"/>
  <member type="way" ref="902009559" role="outer"/>
  <member type="way" ref="902009561" role="outer"/>
  <member type="way" ref="902009562" role="outer"/>
  <member type="way" ref="902009563" role="outer"/>
  <member type="way" ref="902009551" role="outer"/>
  <member type="way" ref="1369795518" role="outer"/>
  <member type="way" ref="1369795517" role="outer"/>
  <member type="way" ref="140856584" role="outer"/>
  <member type="way" ref="1450420759" role="outer"/>
  <member type="way" ref="1450420758" role="outer"/>
  <member type="way" ref="140856549" role="outer"/>
  <member type="way" ref="140856541" role="outer"/>
  <member type="way" ref="399482255" role="outer"/>
  <member type="way" ref="140856561" role="outer"/>
  <member type="way" ref="140856567" role="outer"/>
  <member type="way" ref="902009548" role="outer"/>
  <member type="way" ref="1369795516" role="outer"/>
  <member type="way" ref="140856540" role="outer"/>
  <member type="way" ref="140856543" role="outer"/>
  <member type="way" ref="399484849" role="outer"/>
  <member type="way" ref="140856551" role="outer"/>
  <member type="way" ref="140856586" role="outer"/>
  <member type="way" ref="395926329" role="outer"/>
  <member type="way" ref="140856578" role="outer"/>
  <member type="way" ref="140856545" role="outer"/>
  <member type="way" ref="395926332" role="outer"/>
  <member type="way" ref="395926323" role="outer"/>
  <member type="way" ref="140856585" role="outer"/>
  <member type="way" ref="399484848" role="outer"/>
  <member type="way" ref="395926333" role="outer"/>
  <member type="way" ref="1455701613" role="outer"/>
  <member type="way" ref="1455701612" role="outer"/>
  <member type="way" ref="395926318" role="outer"/>
  <member type="way" ref="140845184" role="outer"/>
  <member type="way" ref="395926325" role="outer"/>
  <member type="way" ref="395926315" role="outer"/>
  <member type="way" ref="1369795515" role="outer"/>
  <member type="way" ref="395926313" role="outer"/>
  <member type="way" ref="395926330" role="outer"/>
  <member type="way" ref="395926328" role="outer"/>
  <member type="way" ref="140853503" role="outer"/>
  <member type="way" ref="395926320" role="outer"/>
  <member type="way" ref="140853478" role="outer"/>
  <member type="way" ref="395926326" role="outer"/>
  <member type="way" ref="140853497" role="outer"/>
  <member type="way" ref="1231089348" role="outer"/>
  <member type="way" ref="1231089349" role="outer"/>
  <member type="way" ref="1231089346" role="outer"/>
  <member type="way" ref="1231089345" role="outer"/>
  <member type="way" ref="1090278523" role="outer"/>
  <member type="way" ref="395926312" role="outer"/>
  <member type="way" ref="140853492" role="outer"/>
  <member type="way" ref="140853487" role="outer"/>
  <member type="way" ref="1368689459" role="outer"/>
  <member type="way" ref="141064197" role="outer"/>
  <member type="way" ref="140853514" role="outer"/>
  <member type="way" ref="140853483" role="outer"/>
  <member type="way" ref="395926314" role="outer"/>
  <member type="way" ref="396990001" role="outer"/>
  <member type="way" ref="396990005" role="outer"/>
  <member type="way" ref="140853477" role="outer"/>
  <member type="way" ref="396990003" role="outer"/>
  <member type="way" ref="140853475" role="outer"/>
  <member type="way" ref="265004784" role="outer"/>
  <member type="way" ref="396990002" role="outer"/>
  <member type="way" ref="140853508" role="outer"/>
  <member type="way" ref="1369795514" role="outer"/>
  <member type="way" ref="1377763558" role="outer"/>
  <member type="way" ref="395926331" role="outer"/>
  <member type="way" ref="1369934139" role="outer"/>
  <member type="way" ref="140845119" role="outer"/>
  <member type="way" ref="1222011949" role="outer"/>
  <member type="way" ref="140845044" role="outer"/>
  <member type="way" ref="140845073" role="outer"/>
  <member type="way" ref="1369795513" role="outer"/>
  <member type="way" ref="140845160" role="outer"/>
  <member type="way" ref="1140208475" role="outer"/>
  <member type="way" ref="140845107" role="outer"/>
  <member type="way" ref="140845058" role="outer"/>
  <member type="way" ref="1157716002" role="outer"/>
  <member type="way" ref="1369795512" role="outer"/>
  <member type="way" ref="141064061" role="outer"/>
  <member type="way" ref="140845087" role="outer"/>
  <member type="way" ref="140845137" role="outer"/>
  <member type="way" ref="930711920" role="outer"/>
  <member type="way" ref="140845192" role="outer"/>
  <member type="way" ref="930711919" role="outer"/>
  <member type="way" ref="140849071" role="outer"/>
  <member type="way" ref="140849027" role="outer"/>
  <member type="way" ref="140849094" role="outer"/>
  <member type="way" ref="140849082" role="outer"/>
  <member type="way" ref="140849046" role="outer"/>
  <member type="way" ref="140849059" role="outer"/>
  <member type="way" ref="140849113" role="outer"/>
  <member type="way" ref="1157701022" role="outer"/>
  <member type="way" ref="140845152" role="outer"/>
  <member type="way" ref="28176360" role="outer"/>
  <member type="way" ref="23124890" role="outer"/>
  <member type="way" ref="28176355" role="outer"/>
  <member type="way" ref="37127541" role="outer"/>
  <member type="way" ref="1157701021" role="outer"/>
  <member type="way" ref="1157734252" role="outer"/>
  <member type="way" ref="1547171184" role="outer"/>
  <member type="way" ref="37127586" role="outer"/>
  <member type="way" ref="1369938858" role="outer"/>
  <member type="way" ref="1381883292" role="outer"/>
  <member type="way" ref="1157709989" role="outer"/>
  <member type="way" ref="39982765" role="outer"/>
  <member type="way" ref="1369795511" role="outer"/>
  <member type="way" ref="37127414" role="outer"/>
  <member type="way" ref="930711901" role="outer"/>
  <member type="way" ref="1369795510" role="outer"/>
  <member type="way" ref="930711902" role="outer"/>
  <member type="way" ref="39974085" role="outer"/>
  <member type="way" ref="141064290" role="outer"/>
  <member type="way" ref="1369795509" role="outer"/>
  <member type="way" ref="389886669" role="outer"/>
  <member type="way" ref="1368628455" role="outer"/>
  <member type="way" ref="943543059" role="outer"/>
  <member type="way" ref="1369795508" role="outer"/>
  <member type="way" ref="141064402" role="outer"/>
  <member type="way" ref="1369795507" role="outer"/>
  <member type="way" ref="389886680" role="outer"/>
  <member type="way" ref="389886663" role="outer"/>
  <member type="way" ref="474619570" role="outer"/>
  <member type="way" ref="389886687" role="outer"/>
  <member type="way" ref="1369795491" role="outer"/>
  <member type="way" ref="400316513" role="outer"/>
  <member type="way" ref="389886621" role="outer"/>
  <member type="way" ref="400316509" role="outer"/>
  <member type="way" ref="1369795492" role="outer"/>
  <member type="way" ref="393612595" role="outer"/>
  <member type="way" ref="399718010" role="outer"/>
  <member type="way" ref="399718009" role="outer"/>
  <member type="way" ref="393612592" role="outer"/>
  <member type="way" ref="1369795493" role="outer"/>
  <member type="way" ref="400316521" role="outer"/>
  <member type="way" ref="1369795494" role="outer"/>
  <member type="way" ref="393612593" role="outer"/>
  <member type="way" ref="393612594" role="outer"/>
  <member type="way" ref="393612591" role="outer"/>
  <member type="way" ref="475505920" role="outer"/>
  <member type="way" ref="389886673" role="outer"/>
  <member type="way" ref="400316517" role="outer"/>
  <member type="way" ref="389886674" role="outer"/>
  <member type="way" ref="1369795495" role="outer"/>
  <member type="way" ref="171274095" role="outer"/>
  <member type="way" ref="1369008098" role="outer"/>
  <member type="way" ref="141064319" role="outer"/>
  <member type="way" ref="475435348" role="outer"/>
  <member type="way" ref="37105515" role="outer"/>
  <member type="way" ref="400474950" role="outer"/>
  <member type="way" ref="400474946" role="outer"/>
  <member type="way" ref="400474942" role="outer"/>
  <member type="way" ref="1369795470" role="outer"/>
  <member type="way" ref="141064351" role="outer"/>
  <member type="way" ref="1369795471" role="outer"/>
  <member type="way" ref="1369795472" role="outer"/>
  <member type="way" ref="389886637" role="outer"/>
  <member type="way" ref="1370825360" role="outer"/>
  <member type="way" ref="36874712" role="outer"/>
  <member type="way" ref="1369795473" role="outer"/>
  <member type="way" ref="474284037" role="outer"/>
  <member type="way" ref="389886676" role="outer"/>
  <member type="way" ref="389886627" role="outer"/>
  <member type="way" ref="389886630" role="outer"/>
  <member type="way" ref="1369795474" role="outer"/>
  <member type="way" ref="389886626" role="outer"/>
  <member type="way" ref="474440018" role="outer"/>
  <member type="way" ref="389886677" role="outer"/>
  <member type="way" ref="1369795475" role="outer"/>
  <member type="way" ref="1369795476" role="outer"/>
  <member type="way" ref="149872371" role="outer"/>
  <member type="way" ref="474545333" role="outer"/>
  <member type="way" ref="1369795477" role="outer"/>
  <member type="way" ref="1370846027" role="outer"/>
  <member type="way" ref="389886634" role="outer"/>
  <member type="way" ref="1369795478" role="outer"/>
  <member type="way" ref="40668272" role="outer"/>
  <member type="way" ref="221913576" role="outer"/>
  <member type="way" ref="1369795479" role="outer"/>
  <member type="way" ref="389886668" role="outer"/>
  <member type="way" ref="1369795480" role="outer"/>
  <member type="way" ref="389886633" role="outer"/>
  <member type="way" ref="1373360545" role="outer"/>
  <member type="way" ref="1369795481" role="outer"/>
  <member type="way" ref="141064299" role="outer"/>
  <member type="way" ref="1369795482" role="outer"/>
  <member type="way" ref="389886659" role="outer"/>
  <member type="way" ref="1369795483" role="outer"/>
  <member type="way" ref="1465500569" role="outer"/>
  <member type="way" ref="1465500568" role="outer"/>
  <member type="way" ref="389886636" role="outer"/>
  <member type="way" ref="1369795484" role="outer"/>
  <member type="way" ref="1370875733" role="outer"/>
  <member type="way" ref="389886622" role="outer"/>
  <member type="way" ref="40666767" role="outer"/>
  <member type="way" ref="389886629" role="outer"/>
  <member type="way" ref="1369795485" role="outer"/>
  <member type="way" ref="221913573" role="outer"/>
  <member type="way" ref="1370900117" role="outer"/>
  <member type="way" ref="389886623" role="outer"/>
  <member type="way" ref="389886671" role="outer"/>
  <member type="way" ref="141064314" role="outer"/>
  <member type="way" ref="204665789" role="outer"/>
  <member type="way" ref="1369795486" role="outer"/>
  <member type="way" ref="40666768" role="outer"/>
  <member type="way" ref="1369795487" role="outer"/>
  <member type="way" ref="400474941" role="outer"/>
  <member type="way" ref="181324780" role="outer"/>
  <member type="way" ref="1374348847" role="outer"/>
  <member type="way" ref="1369795488" role="outer"/>
  <member type="way" ref="1374133933" role="outer"/>
  <member type="way" ref="1369795489" role="outer"/>
  <member type="way" ref="389886635" role="outer"/>
  <member type="way" ref="400474943" role="outer"/>
  <member type="way" ref="460065011" role="outer"/>
  <member type="way" ref="941417671" role="outer"/>
  <member type="way" ref="400474939" role="outer"/>
  <member type="way" ref="1369795490" role="outer"/>
  <member type="way" ref="941417672" role="outer"/>
  <member type="way" ref="393612596" role="outer"/>
  <member type="way" ref="939347296" role="outer"/>
  <member type="way" ref="393612590" role="outer"/>
  <member type="way" ref="1369795496" role="outer"/>
  <member type="way" ref="389886683" role="outer"/>
  <member type="way" ref="389886625" role="outer"/>
  <member type="way" ref="400474940" role="outer"/>
  <member type="way" ref="389886624" role="outer"/>
  <member type="way" ref="1369795498" role="outer"/>
  <member type="way" ref="1369795497" role="outer"/>
  <member type="way" ref="393612589" role="outer"/>
  <member type="way" ref="400474936" role="outer"/>
  <member type="way" ref="165015423" role="outer"/>
  <member type="way" ref="400474937" role="outer"/>
  <member type="way" ref="419998859" role="outer"/>
  <member type="way" ref="165017600" role="outer"/>
  <member type="way" ref="1420317157" role="outer"/>
  <member type="way" ref="400474935" role="outer"/>
  <member type="way" ref="1369795499" role="outer"/>
  <member type="way" ref="939347311" role="outer"/>
  <member type="way" ref="1369795500" role="outer"/>
  <member type="way" ref="165018800" role="outer"/>
  <member type="way" ref="1340367817" role="outer"/>
  <member type="way" ref="939347312" role="outer"/>
  <member type="way" ref="1340367819" role="outer"/>
  <member type="way" ref="1369795501" role="outer"/>
  <member type="way" ref="1369795502" role="outer"/>
  <member type="way" ref="1420317978" role="outer"/>
  <member type="way" ref="195067955" role="outer"/>
  <member type="way" ref="1369795503" role="outer"/>
  <member type="way" ref="1340367820" role="outer"/>
  <member type="way" ref="1420642953" role="outer"/>
  <member type="way" ref="785199676" role="outer"/>
  <member type="way" ref="785199677" role="outer"/>
  <member type="way" ref="165019420" role="outer"/>
  <member type="way" ref="165019419" role="outer"/>
  <member type="way" ref="785228835" role="outer"/>
  <member type="way" ref="1340302638" role="outer"/>
  <member type="way" ref="1420642952" role="outer"/>
  <member type="way" ref="1369795504" role="outer"/>
  <member type="way" ref="1340311620" role="outer"/>
  <member type="way" ref="1340306354" role="outer"/>
  <member type="way" ref="1340295570" role="outer"/>
  <member type="way" ref="956276529" role="outer"/>
  <member type="way" ref="1369795505" role="outer"/>
  <member type="way" ref="1107401064" role="outer"/>
  <member type="way" ref="165019858" role="outer"/>
  <member type="way" ref="1369564828" role="outer"/>
  <member type="way" ref="1107401061" role="outer"/>
  <member type="way" ref="1369795506" role="outer"/>
  <member type="way" ref="1377757000" role="outer"/>
  <member type="way" ref="165021142" role="outer"/>
  <member type="way" ref="938909044" role="outer"/>
  <member type="way" ref="1107619215" role="outer"/>
  <member type="way" ref="165021141" role="outer"/>
  <member type="way" ref="1369576790" role="outer"/>
  <member type="way" ref="141064275" role="outer"/>
  <member type="way" ref="165021197" role="outer"/>
  <member type="way" ref="140834424" role="outer"/>
  <member type="way" ref="140834428" role="outer"/>
  <member type="way" ref="140834425" role="outer"/>
  <member type="way" ref="1371198343" role="outer"/>
  <member type="way" ref="938909050" role="outer"/>
  <member type="way" ref="165021198" role="outer"/>
  <member type="way" ref="1371198505" role="outer"/>
  <member type="way" ref="165021189" role="outer"/>
  <member type="way" ref="140834422" role="outer"/>
  <member type="way" ref="419999981" role="outer"/>
  <member type="way" ref="140834432" role="outer"/>
  <member type="way" ref="1374408123" role="outer"/>
  <member type="way" ref="307401385" role="outer"/>
  <member type="way" ref="1369795559" role="outer"/>
  <member type="way" ref="1369795561" role="outer"/>
  <member type="way" ref="1330354805" role="outer"/>
  <member type="way" ref="1369795562" role="outer"/>
  <member type="way" ref="1369795563" role="outer"/>
  <member type="way" ref="1377746653" role="outer"/>
  <member type="way" ref="307401400" role="outer"/>
  <member type="way" ref="307401399" role="outer"/>
  <member type="way" ref="307401397" role="outer"/>
  <member type="way" ref="1330354804" role="outer"/>
  <member type="way" ref="818045015" role="outer"/>
  <member type="way" ref="818045014" role="outer"/>
  <member type="way" ref="1369795564" role="outer"/>
  <member type="way" ref="154541319" role="outer"/>
  <member type="way" ref="307523298" role="outer"/>
  <member type="way" ref="1465514559" role="outer"/>
  <member type="way" ref="1563587696" role="outer"/>
  <member type="way" ref="1465514558" role="outer"/>
  <member type="way" ref="589096409" role="outer"/>
  <member type="way" ref="1562655695" role="outer"/>
  <member type="way" ref="589096410" role="outer"/>
  <member type="way" ref="1369795565" role="outer"/>
  <member type="way" ref="307564945" role="outer"/>
  <member type="way" ref="307564962" role="outer"/>
  <member type="way" ref="307523286" role="outer"/>
  <member type="way" ref="312514750" role="outer"/>
  <member type="way" ref="1330355523" role="outer"/>
  <member type="way" ref="307524081" role="outer"/>
  <member type="way" ref="1469749273" role="outer"/>
  <member type="way" ref="1469831078" role="outer"/>
  <member type="way" ref="307580452" role="outer"/>
  <member type="way" ref="1469831077" role="outer"/>
  <member type="way" ref="307587325" role="outer"/>
  <member type="way" ref="307519374" role="outer"/>
  <member type="way" ref="1369795566" role="outer"/>
  <member type="way" ref="1453292274" role="outer"/>
  <member type="way" ref="169097623" role="outer"/>
  <member type="way" ref="1485268921" role="outer"/>
  <member type="way" ref="1563460170" role="outer"/>
  <member type="way" ref="1369795567" role="outer"/>
  <member type="way" ref="1425788221" role="outer"/>
  <member type="way" ref="150875294" role="outer"/>
  <member type="way" ref="1493875036" role="outer"/>
  <member type="way" ref="1425001711" role="outer"/>
  <member type="way" ref="1493875035" role="outer"/>
  <member type="way" ref="1423902767" role="outer"/>
  <member type="way" ref="1423902766" role="outer"/>
  <member type="way" ref="727303514" role="outer"/>
  <member type="way" ref="1330355798" role="outer"/>
  <member type="way" ref="1374360919" role="outer"/>
  <member type="way" ref="727303515" role="outer"/>
  <member type="way" ref="844325256" role="outer"/>
  <member type="way" ref="787931156" role="outer"/>
  <member type="way" ref="255391976" role="outer"/>
  <member type="way" ref="255391977" role="outer"/>
  <member type="way" ref="906842258" role="outer"/>
  <member type="way" ref="1330353862" role="outer"/>
  <member type="way" ref="746400601" role="outer"/>
  <member type="way" ref="995301370" role="outer"/>
  <member type="way" ref="1024383028" role="outer"/>
  <member type="way" ref="344345886" role="outer"/>
  <member type="way" ref="104717578" role="outer"/>
  <member type="way" ref="1040826676" role="outer"/>
  <member type="way" ref="1040826674" role="outer"/>
  <member type="way" ref="1040826679" role="outer"/>
  <member type="way" ref="1040826672" role="outer"/>
  <member type="way" ref="1040826677" role="outer"/>
  <member type="way" ref="1040826670" role="outer"/>
  <member type="way" ref="1040826673" role="outer"/>
  <member type="way" ref="1040827490" role="outer"/>
  <member type="way" ref="1040827491" role="outer"/>
  <member type="way" ref="1040827489" role="outer"/>
  <member type="way" ref="1040852625" role="outer"/>
  <member type="way" ref="93649141" role="outer"/>
  <member type="way" ref="1041011931" role="outer"/>
  <member type="way" ref="1040859810" role="outer"/>
  <member type="way" ref="995301369" role="outer"/>
  <member type="way" ref="995301371" role="outer"/>
  <member type="way" ref="1331247853" role="outer"/>
  <member type="relation" ref="18990102" role="subarea"/>
  <tag k="boundary" v="land_area"/>
  <tag k="ISO3166-1" v="TH"/>
  <tag k="land_area" v="administrative"/>
  <tag k="name" v="ประเทศไทย"/>
  <tag k="name:ar" v="تايلاند"/>
  <tag k="name:be" v="Тайланд"/>
  <tag k="name:bo" v="ཐའི་ལེན།"/>
  <tag k="name:ca" v="Tailàndia"/>
  <tag k="name:cdo" v="Tái-guók"/>
  <tag k="name:en" v="Thailand"/>
  <tag k="name:es" v="Tailandia"/>
  <tag k="name:fa" v="تایلند"/>
  <tag k="name:fr" v="Thaïlande"/>
  <tag k="name:gan" v="泰國"/>
  <tag k="name:hak" v="Thai-koet"/>
  <tag k="name:ja" v="タイ王国"/>
  <tag k="name:ko" v="태국"/>
  <tag k="name:ks" v="تھائی لینڈ"/>
  <tag k="name:lt" v="Tailandas"/>
  <tag k="name:nan" v="Thài-kok"/>
  <tag k="name:pl" v="Tajlandia"/>
  <tag k="name:pt" v="Tailândia"/>
  <tag k="name:ru" v="Таиланд"/>
  <tag k="name:sk" v="Thajsko"/>
  <tag k="name:sv" v="Thailand"/>
  <tag k="name:tet" v="Tailándia"/>
  <tag k="name:th" v="ประเทศไทย"/>
  <tag k="name:ug" v="تايلاند"/>
  <tag k="name:ur" v="تھائی لینڈ"/>
  <tag k="name:vi" v="Thái Lan"/>
  <tag k="name:wuu" v="泰国"/>
  <tag k="name:yue" v="泰國"/>
  <tag k="name:zh" v="泰国"/>
  <tag k="name:zh-Hans" v="泰国"/>
  <tag k="name:zh-Hant" v="泰國"/>
  <tag k="official_name" v="ราชอาณาจักรไทย"/>
  <tag k="official_name:ar" v="مملكة تايلاند"/>
  <tag k="official_name:fa" v="پادشاهی تایلند"/>
  <tag k="official_name:ur" v="تمملکت تھائی لینڈ"/>
  <tag k="old_name" v="สยาม"/>
  <tag k="old_name:ar" v="سيام"/>
  <tag k="old_name:en" v="Siam"/>
  <tag k="old_name:fa" v="سیام"/>
  <tag k="old_name:ks" v="سیام"/>
  <tag k="old_name:ur" v="سیام"/>
  <tag k="type" v="boundary"/>
  <tag k="wikipedia" v="th:ประเทศไทย"/>
 </relation>
 <relation id="5886070" visible="true" version="6" changeset="167343562" timestamp="2025-06-08T10:17:43Z" user="Kri_ttt" uid="13669494">
  <member type="way" ref="37840026" role="outer"/>
  <member type="way" ref="392607964" role="outer"/>
  <member type="way" ref="392607963" role="outer"/>
  <tag k="alt_name:en" v="Koh Panyee"/>
  <tag k="name" v="เกาะปันหยี"/>
  <tag k="name:en" v="Ko Panyi"/>
  <tag k="name:th" v="เกาะปันหยี"/>
  <tag k="place" v="islet"/>
  <tag k="source" v="Landsat"/>
  <tag k="type" v="multipolygon"/>
  <tag k="wikidata" v="Q35666803"/>
 </relation>
 <relation id="5886071" visible="true" version="8" changeset="167343562" timestamp="2025-06-08T10:17:43Z" user="Kri_ttt" uid="13669494">
  <member type="way" ref="888451998" role="outer"/>
  <member type="way" ref="37840026" role="outer"/>
  <tag k="place" v="village"/>
  <tag k="population" v="1600"/>
  <tag k="type" v="multipolygon"/>
  <tag k="url" v="https://youtu.be/ITXxMmmGqdU"/>
  <tag k="url:0" v="https://youtu.be/TI2ECnMIrQg"/>
 </relation>
 <relation id="5886072" visible="true" version="1" changeset="36720817" timestamp="2016-01-21T14:04:22Z" user="vanmhit" uid="101999">
  <member type="way" ref="392607964" role="outer"/>
  <member type="way" ref="242086214" role="outer"/>
  <member type="way" ref="392607960" role="outer"/>
  <member type="way" ref="392607961" role="outer"/>
  <tag k="natural" v="wood"/>
  <tag k="type" v="multipolygon"/>
 </relation>
 <relation id="12092904" visible="true" version="5" changeset="166469941" timestamp="2025-05-19T10:57:08Z" user="julcnx" uid="11334430">
  <member type="way" ref="888451998" role="inner"/>
  <member type="way" ref="37840026" role="inner"/>
  <member type="way" ref="238524320" role="outer"/>
  <member type="way" ref="1154153935" role="outer"/>
  <tag k="boundary" v="national_park"/>
  <tag k="name" v="อุทยานแห่งชาติอ่าวพังงา"/>
  <tag k="name:de" v="Nationalpark Ao Phang-nga"/>
  <tag k="name:en" v="Ao Phang-nga National Park"/>
  <tag k="name:th" v="อุทยานแห่งชาติอ่าวพังงา"/>
  <tag k="operator" v="Department of National Parks, Wildlife and Plant Conservation"/>
  <tag k="operator:wikidata" v="Q5260416"/>
  <tag k="protect_class" v="2"/>
  <tag k="type" v="boundary"/>
  <tag k="wikidata" v="Q1817242"/>
 </relation>
 <relation id="18976260" visible="true" version="4" changeset="177830536" timestamp="2026-01-29T05:01:35Z" user="Xiaolong Xiansheng" uid="23689426">
  <member type="way" ref="23492414" role="outer"/>
  <member type="way" ref="242581754" role="outer"/>
  <member type="way" ref="242581755" role="outer"/>
  <member type="way" ref="37840026" role="outer"/>
  <member type="way" ref="392607963" role="outer"/>
  <member type="way" ref="392607964" role="outer"/>
  <member type="way" ref="23492394" role="outer"/>
  <member type="way" ref="23492393" role="outer"/>
  <member type="way" ref="1312660680" role="outer"/>
  <member type="way" ref="1312660679" role="outer"/>
  <member type="way" ref="1376702288" role="outer"/>
  <member type="way" ref="1376702290" role="outer"/>
  <member type="way" ref="260431592" role="outer"/>
  <member type="way" ref="1376702289" role="outer"/>
  <member type="way" ref="1371047103" role="outer"/>
  <member type="way" ref="1376665391" role="outer"/>
  <member type="way" ref="110565210" role="outer"/>
  <member type="way" ref="1312659955" role="outer"/>
  <member type="way" ref="1393214168" role="outer"/>
  <tag k="admin_level" v="6"/>
  <tag k="boundary" v="administrative"/>
  <tag k="name" v="อำเภอเมืองพังงา"/>
  <tag k="name:en" v="Mueang Phang-nga District"/>
  <tag k="name:th" v="อำเภอเมืองพังงา"/>
  <tag k="short_name" v="เมืองพังงา"/>
  <tag k="type" v="boundary"/>
  <tag k="wikidata" v="Q3274991"/>
  <tag k="wikipedia" v="en:Mueang Phang Nga district"/>
 </relation>
 <relation id="20664688" visible="true" version="6" changeset="188881706" timestamp="2026-09-11T16:35:13Z" user="diodaix" uid="17508850">
  <member type="node" ref="4514921691" role="label"/>
  <member type="way" ref="1510936902" role="outer"/>
  <member type="way" ref="1510936901" role="outer"/>
  <member type="way" ref="1051319712" role="outer"/>
  <member type="way" ref="1051319715" role="outer"/>
  <member type="way" ref="1051319711" role="outer"/>
  <member type="way" ref="1051319714" role="outer"/>
  <member type="way" ref="680467560" role="outer"/>
  <member type="way" ref="1051319773" role="outer"/>
  <member type="way" ref="1051319772" role="outer"/>
  <member type="way" ref="1051319784" role="outer"/>
  <member type="way" ref="1051319783" role="outer"/>
  <member type="way" ref="1051319777" role="outer"/>
  <member type="way" ref="1051319782" role="outer"/>
  <member type="way" ref="1051319822" role="outer"/>
  <member type="way" ref="1051319817" role="outer"/>
  <member type="way" ref="1255467612" role="outer"/>
  <member type="way" ref="1255467611" role="outer"/>
  <member type="way" ref="1244265983" role="outer"/>
  <member type="way" ref="1244265982" role="outer"/>
  <member type="way" ref="1051319821" role="outer"/>
  <member type="way" ref="1332642796" role="outer"/>
  <member type="way" ref="1332642792" role="outer"/>
  <member type="way" ref="1244265995" role="outer"/>
  <member type="way" ref="1244265997" role="outer"/>
  <member type="way" ref="1244265984" role="outer"/>
  <member type="way" ref="1051105824" role="outer"/>
  <member type="way" ref="1047171194" role="outer"/>
  <member type="way" ref="1047171192" role="outer"/>
  <member type="way" ref="1047171207" role="outer"/>
  <member type="way" ref="1047171206" role="outer"/>
  <member type="way" ref="1510936895" role="outer"/>
  <member type="way" ref="680467576" role="outer"/>
  <member type="way" ref="260431593" role="outer"/>
  <member type="way" ref="1369795540" role="outer"/>
  <member type="way" ref="1376702287" role="outer"/>
  <member type="way" ref="260431592" role="outer"/>
  <member type="way" ref="1369795541" role="outer"/>
  <member type="way" ref="153657090" role="outer"/>
  <member type="way" ref="1330351783" role="outer"/>
  <member type="way" ref="153656977" role="outer"/>
  <member type="way" ref="888452001" role="outer"/>
  <member type="way" ref="1369795542" role="outer"/>
  <member type="way" ref="888452002" role="outer"/>
  <member type="way" ref="888452012" role="outer"/>
  <member type="way" ref="888452011" role="outer"/>
  <member type="way" ref="888452014" role="outer"/>
  <member type="way" ref="1443929487" role="outer"/>
  <member type="way" ref="1443929497" role="outer"/>
  <member type="way" ref="1443929496" role="outer"/>
  <member type="way" ref="1443929500" role="outer"/>
  <member type="way" ref="1443929499" role="outer"/>
  <member type="way" ref="1443929527" role="outer"/>
  <member type="way" ref="888452010" role="outer"/>
  <member type="way" ref="1443929547" role="outer"/>
  <member type="way" ref="1443696849" role="outer"/>
  <member type="way" ref="1443929551" role="outer"/>
  <member type="way" ref="1443722871" role="outer"/>
  <member type="way" ref="1443722866" role="outer"/>
  <member type="way" ref="1443722869" role="outer"/>
  <member type="way" ref="1443722867" role="outer"/>
  <member type="way" ref="1443722872" role="outer"/>
  <member type="way" ref="1443722875" role="outer"/>
  <member type="way" ref="1443722942" role="outer"/>
  <member type="way" ref="1444248605" role="outer"/>
  <member type="way" ref="110565233" role="outer"/>
  <member type="way" ref="1443696848" role="outer"/>
  <member type="way" ref="1443696847" role="outer"/>
  <member type="way" ref="1497451700" role="outer"/>
  <member type="way" ref="1443696862" role="outer"/>
  <member type="way" ref="1443696863" role="outer"/>
  <member type="way" ref="1443696875" role="outer"/>
  <member type="way" ref="1443696878" role="outer"/>
  <member type="way" ref="1443696876" role="outer"/>
  <member type="way" ref="1443696882" role="outer"/>
  <member type="way" ref="1443696871" role="outer"/>
  <member type="way" ref="1497451696" role="outer"/>
  <member type="way" ref="1443696867" role="outer"/>
  <member type="way" ref="1443909203" role="outer"/>
  <member type="way" ref="1443909196" role="outer"/>
  <member type="way" ref="1443909198" role="outer"/>
  <member type="way" ref="1443909199" role="outer"/>
  <member type="way" ref="1350952555" role="outer"/>
  <member type="way" ref="1443909179" role="outer"/>
  <member type="way" ref="130769797" role="outer"/>
  <member type="way" ref="1443909182" role="outer"/>
  <member type="way" ref="1443909189" role="outer"/>
  <member type="way" ref="1443909181" role="outer"/>
  <member type="way" ref="1443909185" role="outer"/>
  <member type="way" ref="1443909184" role="outer"/>
  <member type="way" ref="1443909178" role="outer"/>
  <member type="way" ref="130769798" role="outer"/>
  <member type="way" ref="1443968204" role="outer"/>
  <member type="way" ref="1443968195" role="outer"/>
  <member type="way" ref="1443968182" role="outer"/>
  <member type="way" ref="1443968173" role="outer"/>
  <member type="way" ref="1443968181" role="outer"/>
  <member type="way" ref="1443968180" role="outer"/>
  <member type="way" ref="1443968179" role="outer"/>
  <member type="way" ref="1443968166" role="outer"/>
  <member type="way" ref="1443968201" role="outer"/>
  <member type="way" ref="1443968078" role="outer"/>
  <member type="way" ref="1443968077" role="outer"/>
  <member type="way" ref="1443968175" role="outer"/>
  <member type="way" ref="1443968176" role="outer"/>
  <member type="way" ref="1443968178" role="outer"/>
  <member type="way" ref="1443968188" role="outer"/>
  <member type="way" ref="1443968186" role="outer"/>
  <member type="way" ref="1443968206" role="outer"/>
  <member type="way" ref="1443968191" role="outer"/>
  <member type="way" ref="1443968160" role="outer"/>
  <member type="way" ref="1443968158" role="outer"/>
  <member type="way" ref="1443968190" role="outer"/>
  <member type="way" ref="1443968161" role="outer"/>
  <member type="way" ref="1443968162" role="outer"/>
  <member type="way" ref="1443968071" role="outer"/>
  <member type="way" ref="1443968066" role="outer"/>
  <member type="way" ref="1443968062" role="outer"/>
  <member type="way" ref="888452006" role="outer"/>
  <member type="way" ref="1443971978" role="outer"/>
  <member type="way" ref="888452005" role="outer"/>
  <member type="way" ref="1443971982" role="outer"/>
  <member type="way" ref="888452009" role="outer"/>
  <member type="way" ref="1443971980" role="outer"/>
  <member type="way" ref="1443971985" role="outer"/>
  <member type="way" ref="1443971983" role="outer"/>
  <member type="way" ref="888452004" role="outer"/>
  <member type="way" ref="1443971986" role="outer"/>
  <member type="way" ref="1369795543" role="outer"/>
  <member type="way" ref="223743846" role="outer"/>
  <member type="way" ref="1369795544" role="outer"/>
  <member type="way" ref="1369795545" role="outer"/>
  <member type="way" ref="1374373831" role="outer"/>
  <member type="way" ref="1369795546" role="outer"/>
  <member type="way" ref="479270557" role="outer"/>
  <member type="way" ref="1330351852" role="outer"/>
  <member type="way" ref="797545265" role="outer"/>
  <member type="way" ref="797545264" role="outer"/>
  <member type="way" ref="797545259" role="outer"/>
  <member type="way" ref="797545258" role="outer"/>
  <member type="way" ref="797545277" role="outer"/>
  <member type="way" ref="797545276" role="outer"/>
  <member type="way" ref="797545298" role="outer"/>
  <member type="way" ref="797545297" role="outer"/>
  <member type="way" ref="322708779" role="outer"/>
  <member type="way" ref="322708740" role="outer"/>
  <member type="way" ref="322708790" role="outer"/>
  <member type="way" ref="886688294" role="outer"/>
  <member type="way" ref="796271856" role="outer"/>
  <member type="way" ref="886688289" role="outer"/>
  <member type="way" ref="886688349" role="outer"/>
  <member type="way" ref="886688352" role="outer"/>
  <member type="way" ref="886688350" role="outer"/>
  <member type="way" ref="322708739" role="outer"/>
  <member type="way" ref="886688351" role="outer"/>
  <member type="way" ref="886688346" role="outer"/>
  <member type="way" ref="886688347" role="outer"/>
  <member type="way" ref="322708773" role="outer"/>
  <member type="way" ref="322708758" role="outer"/>
  <member type="way" ref="322708782" role="outer"/>
  <member type="way" ref="322708736" role="outer"/>
  <member type="way" ref="322708769" role="outer"/>
  <member type="way" ref="322708848" role="outer"/>
  <member type="way" ref="322708767" role="outer"/>
  <member type="way" ref="1369795547" role="outer"/>
  <member type="way" ref="322708755" role="outer"/>
  <member type="way" ref="322708776" role="outer"/>
  <member type="way" ref="322708792" role="outer"/>
  <member type="way" ref="322708789" role="outer"/>
  <member type="way" ref="322708733" role="outer"/>
  <member type="way" ref="885076374" role="outer"/>
  <member type="way" ref="885076377" role="outer"/>
  <member type="way" ref="885076406" role="outer"/>
  <member type="way" ref="885076416" role="outer"/>
  <member type="way" ref="885076415" role="outer"/>
  <member type="way" ref="884028103" role="outer"/>
  <member type="way" ref="884028094" role="outer"/>
  <member type="way" ref="884028093" role="outer"/>
  <member type="way" ref="884028102" role="outer"/>
  <member type="way" ref="888160796" role="outer"/>
  <member type="way" ref="888160795" role="outer"/>
  <member type="way" ref="888160794" role="outer"/>
  <member type="way" ref="888160793" role="outer"/>
  <member type="way" ref="888160800" role="outer"/>
  <member type="way" ref="888160799" role="outer"/>
  <member type="way" ref="888160809" role="outer"/>
  <member type="way" ref="888160808" role="outer"/>
  <member type="way" ref="888160814" role="outer"/>
  <member type="way" ref="888160813" role="outer"/>
  <member type="way" ref="888160820" role="outer"/>
  <member type="way" ref="888160819" role="outer"/>
  <member type="way" ref="888380585" role="outer"/>
  <member type="way" ref="888380584" role="outer"/>
  <member type="way" ref="883900661" role="outer"/>
  <member type="way" ref="883900669" role="outer"/>
  <member type="way" ref="883900668" role="outer"/>
  <member type="way" ref="883900656" role="outer"/>
  <member type="way" ref="883900655" role="outer"/>
  <member type="way" ref="883900658" role="outer"/>
  <member type="way" ref="1369795548" role="outer"/>
  <member type="way" ref="312712329" role="outer"/>
  <member type="way" ref="312712330" role="outer"/>
  <member type="way" ref="891482759" role="outer"/>
  <member type="way" ref="312801964" role="outer"/>
  <member type="way" ref="312801966" role="outer"/>
  <member type="way" ref="312801963" role="outer"/>
  <member type="way" ref="312801979" role="outer"/>
  <member type="way" ref="312801965" role="outer"/>
  <member type="way" ref="1369795549" role="outer"/>
  <member type="way" ref="312801983" role="outer"/>
  <member type="way" ref="312801967" role="outer"/>
  <member type="way" ref="882944049" role="outer"/>
  <member type="way" ref="882944048" role="outer"/>
  <member type="way" ref="882944043" role="outer"/>
  <member type="way" ref="478858244" role="outer"/>
  <member type="way" ref="887501750" role="outer"/>
  <member type="way" ref="883215844" role="outer"/>
  <member type="way" ref="883215837" role="outer"/>
  <member type="way" ref="883215836" role="outer"/>
  <member type="way" ref="883215812" role="outer"/>
  <member type="way" ref="883215811" role="outer"/>
  <member type="way" ref="883215845" role="outer"/>
  <member type="way" ref="883215808" role="outer"/>
  <member type="way" ref="883215807" role="outer"/>
  <member type="way" ref="883215801" role="outer"/>
  <member type="way" ref="1330352615" role="outer"/>
  <member type="way" ref="892783928" role="outer"/>
  <member type="way" ref="892783927" role="outer"/>
  <member type="way" ref="892783895" role="outer"/>
  <member type="way" ref="892783894" role="outer"/>
  <member type="way" ref="892783879" role="outer"/>
  <member type="way" ref="892783878" role="outer"/>
  <member type="way" ref="892783868" role="outer"/>
  <member type="way" ref="892783867" role="outer"/>
  <member type="way" ref="893010315" role="outer"/>
  <member type="way" ref="893010321" role="outer"/>
  <member type="way" ref="893010316" role="outer"/>
  <member type="way" ref="893010318" role="outer"/>
  <member type="way" ref="893010320" role="outer"/>
  <member type="way" ref="892783858" role="outer"/>
  <member type="way" ref="892783857" role="outer"/>
  <member type="way" ref="893010298" role="outer"/>
  <member type="way" ref="893010297" role="outer"/>
  <member type="way" ref="893010270" role="outer"/>
  <member type="way" ref="893010269" role="outer"/>
  <member type="way" ref="1369795550" role="outer"/>
  <member type="way" ref="893434837" role="outer"/>
  <member type="way" ref="896145816" role="outer"/>
  <member type="way" ref="896145815" role="outer"/>
  <member type="way" ref="896145796" role="outer"/>
  <member type="way" ref="896145820" role="outer"/>
  <member type="way" ref="896145818" role="outer"/>
  <member type="way" ref="896145817" role="outer"/>
  <member type="way" ref="896145821" role="outer"/>
  <member type="way" ref="897943439" role="outer"/>
  <member type="way" ref="897943438" role="outer"/>
  <member type="way" ref="893434836" role="outer"/>
  <member type="way" ref="897943426" role="outer"/>
  <member type="way" ref="897943425" role="outer"/>
  <member type="way" ref="897943420" role="outer"/>
  <member type="way" ref="893434831" role="outer"/>
  <member type="way" ref="893434830" role="outer"/>
  <member type="way" ref="893434792" role="outer"/>
  <member type="way" ref="893434791" role="outer"/>
  <member type="way" ref="476858014" role="outer"/>
  <member type="way" ref="1369795551" role="outer"/>
  <member type="way" ref="1369795552" role="outer"/>
  <member type="way" ref="153177497" role="outer"/>
  <member type="way" ref="304691528" role="outer"/>
  <member type="way" ref="304691572" role="outer"/>
  <member type="way" ref="304691527" role="outer"/>
  <member type="way" ref="304691524" role="outer"/>
  <member type="way" ref="305234028" role="outer"/>
  <member type="way" ref="304691543" role="outer"/>
  <member type="way" ref="304691529" role="outer"/>
  <member type="way" ref="305234042" role="outer"/>
  <member type="way" ref="304691542" role="outer"/>
  <member type="way" ref="304691547" role="outer"/>
  <member type="way" ref="304112478" role="outer"/>
  <member type="way" ref="304112477" role="outer"/>
  <member type="way" ref="304112480" role="outer"/>
  <member type="way" ref="304112466" role="outer"/>
  <member type="way" ref="304112479" role="outer"/>
  <member type="way" ref="304112467" role="outer"/>
  <member type="way" ref="303648299" role="outer"/>
  <member type="way" ref="303648350" role="outer"/>
  <member type="way" ref="303648291" role="outer"/>
  <member type="way" ref="303648310" role="outer"/>
  <member type="way" ref="304691541" role="outer"/>
  <member type="way" ref="304691497" role="outer"/>
  <member type="way" ref="667729094" role="outer"/>
  <member type="way" ref="149872376" role="outer"/>
  <member type="way" ref="300059934" role="outer"/>
  <member type="way" ref="10423120" role="outer"/>
  <member type="way" ref="320528578" role="outer"/>
  <member type="way" ref="320528573" role="outer"/>
  <member type="way" ref="10423010" role="outer"/>
  <member type="way" ref="301329897" role="outer"/>
  <member type="way" ref="301329901" role="outer"/>
  <member type="way" ref="10423127" role="outer"/>
  <member type="way" ref="675081664" role="outer"/>
  <member type="way" ref="321315907" role="outer"/>
  <member type="way" ref="321315905" role="outer"/>
  <member type="way" ref="319713397" role="outer"/>
  <member type="way" ref="846873785" role="outer"/>
  <member type="way" ref="846873784" role="outer"/>
  <member type="way" ref="10423100" role="outer"/>
  <member type="way" ref="841740908" role="outer"/>
  <member type="way" ref="841740909" role="outer"/>
  <member type="way" ref="10423159" role="outer"/>
  <member type="way" ref="841575822" role="outer"/>
  <member type="way" ref="841575821" role="outer"/>
  <member type="way" ref="675089714" role="outer"/>
  <member type="way" ref="351469402" role="outer"/>
  <member type="way" ref="481391324" role="outer"/>
  <member type="way" ref="895148695" role="outer"/>
  <member type="way" ref="890732109" role="outer"/>
  <member type="way" ref="890732108" role="outer"/>
  <member type="way" ref="481819214" role="outer"/>
  <member type="way" ref="481819221" role="outer"/>
  <member type="way" ref="481819216" role="outer"/>
  <member type="way" ref="481819219" role="outer"/>
  <member type="way" ref="754042772" role="outer"/>
  <member type="way" ref="754042771" role="outer"/>
  <member type="way" ref="754042774" role="outer"/>
  <member type="way" ref="481391325" role="outer"/>
  <member type="way" ref="754042775" role="outer"/>
  <member type="way" ref="619528446" role="outer"/>
  <member type="way" ref="619528441" role="outer"/>
  <member type="way" ref="10423167" role="outer"/>
  <member type="way" ref="485044943" role="outer"/>
  <member type="way" ref="485044944" role="outer"/>
  <member type="way" ref="10423027" role="outer"/>
  <member type="way" ref="481823325" role="outer"/>
  <member type="way" ref="481823329" role="outer"/>
  <member type="way" ref="481823328" role="outer"/>
  <member type="way" ref="481823326" role="outer"/>
  <member type="way" ref="351469403" role="outer"/>
  <member type="way" ref="10423168" role="outer"/>
  <member type="way" ref="484575567" role="outer"/>
  <member type="way" ref="484575569" role="outer"/>
  <member type="way" ref="10423169" role="outer"/>
  <member type="way" ref="1007371495" role="outer"/>
  <member type="way" ref="1007371492" role="outer"/>
  <member type="way" ref="10423176" role="outer"/>
  <member type="way" ref="358797019" role="outer"/>
  <member type="way" ref="255520104" role="outer"/>
  <member type="way" ref="10423178" role="outer"/>
  <member type="way" ref="10423179" role="outer"/>
  <member type="way" ref="544953106" role="outer"/>
  <member type="way" ref="544953105" role="outer"/>
  <member type="way" ref="10091571" role="outer"/>
  <member type="way" ref="1327231732" role="outer"/>
  <member type="way" ref="816070621" role="outer"/>
  <member type="way" ref="1323542565" role="outer"/>
  <member type="way" ref="488026181" role="outer"/>
  <member type="way" ref="1297642890" role="outer"/>
  <member type="way" ref="406458708" role="outer"/>
  <member type="way" ref="967269806" role="outer"/>
  <member type="way" ref="967269805" role="outer"/>
  <member type="way" ref="10091631" role="outer"/>
  <member type="way" ref="648533205" role="outer"/>
  <member type="way" ref="675672909" role="outer"/>
  <member type="way" ref="10091566" role="outer"/>
  <member type="way" ref="1323548109" role="outer"/>
  <member type="way" ref="497454875" role="outer"/>
  <member type="way" ref="1327436214" role="outer"/>
  <member type="way" ref="1327436217" role="outer"/>
  <member type="way" ref="10091560" role="outer"/>
  <member type="way" ref="1327436210" role="outer"/>
  <member type="way" ref="675672908" role="outer"/>
  <member type="way" ref="497454874" role="outer"/>
  <member type="way" ref="21034221" role="outer"/>
  <member type="way" ref="815935932" role="outer"/>
  <member type="way" ref="815935934" role="outer"/>
  <member type="way" ref="28362528" role="outer"/>
  <member type="way" ref="1324900838" role="outer"/>
  <member type="way" ref="816111389" role="outer"/>
  <member type="way" ref="256337595" role="outer"/>
  <member type="way" ref="319712217" role="outer"/>
  <member type="way" ref="28362530" role="outer"/>
  <member type="way" ref="638480350" role="outer"/>
  <member type="way" ref="638477923" role="outer"/>
  <member type="way" ref="638725635" role="outer"/>
  <member type="way" ref="1265082887" role="outer"/>
  <member type="way" ref="1265082886" role="outer"/>
  <member type="way" ref="354918508" role="outer"/>
  <member type="way" ref="1272360170" role="outer"/>
  <member type="way" ref="1265414732" role="outer"/>
  <member type="way" ref="1265414731" role="outer"/>
  <member type="way" ref="1265414729" role="outer"/>
  <member type="way" ref="1265414728" role="outer"/>
  <member type="way" ref="28362532" role="outer"/>
  <member type="way" ref="1267348899" role="outer"/>
  <member type="way" ref="1267348898" role="outer"/>
  <member type="way" ref="28362533" role="outer"/>
  <member type="way" ref="28362481" role="outer"/>
  <member type="way" ref="900317210" role="outer"/>
  <member type="way" ref="900317209" role="outer"/>
  <member type="way" ref="686229519" role="outer"/>
  <member type="way" ref="900317336" role="outer"/>
  <member type="way" ref="896894378" role="outer"/>
  <member type="way" ref="896894387" role="outer"/>
  <member type="way" ref="896894386" role="outer"/>
  <member type="way" ref="896894384" role="outer"/>
  <member type="way" ref="896894383" role="outer"/>
  <member type="way" ref="896421771" role="outer"/>
  <member type="way" ref="896894381" role="outer"/>
  <member type="way" ref="28362535" role="outer"/>
  <member type="way" ref="896421770" role="outer"/>
  <member type="way" ref="896421774" role="outer"/>
  <member type="way" ref="896421773" role="outer"/>
  <member type="way" ref="896421776" role="outer"/>
  <member type="way" ref="896421775" role="outer"/>
  <member type="way" ref="896421780" role="outer"/>
  <member type="way" ref="896421767" role="outer"/>
  <member type="way" ref="896421779" role="outer"/>
  <member type="way" ref="896421766" role="outer"/>
  <member type="way" ref="862426785" role="outer"/>
  <member type="way" ref="862426788" role="outer"/>
  <member type="way" ref="862418869" role="outer"/>
  <member type="way" ref="862426789" role="outer"/>
  <member type="way" ref="28362536" role="outer"/>
  <member type="way" ref="862418868" role="outer"/>
  <member type="way" ref="862426778" role="outer"/>
  <member type="way" ref="862976342" role="outer"/>
  <member type="way" ref="862426780" role="outer"/>
  <member type="way" ref="862976341" role="outer"/>
  <member type="way" ref="896077185" role="outer"/>
  <member type="way" ref="898346716" role="outer"/>
  <member type="way" ref="28362538" role="outer"/>
  <member type="way" ref="863466898" role="outer"/>
  <member type="way" ref="863466901" role="outer"/>
  <member type="way" ref="863466900" role="outer"/>
  <member type="way" ref="28362537" role="outer"/>
  <member type="way" ref="862983557" role="outer"/>
  <member type="way" ref="875378652" role="outer"/>
  <member type="way" ref="875378651" role="outer"/>
  <member type="way" ref="862983562" role="outer"/>
  <member type="way" ref="877794228" role="outer"/>
  <member type="way" ref="648420898" role="outer"/>
  <member type="way" ref="868221871" role="outer"/>
  <member type="way" ref="868221870" role="outer"/>
  <member type="way" ref="862983556" role="outer"/>
  <member type="way" ref="28382593" role="outer"/>
  <member type="way" ref="868221865" role="outer"/>
  <member type="way" ref="868221864" role="outer"/>
  <member type="way" ref="868221869" role="outer"/>
  <member type="way" ref="868221868" role="outer"/>
  <member type="way" ref="876469701" role="outer"/>
  <member type="way" ref="875055093" role="outer"/>
  <member type="way" ref="875055094" role="outer"/>
  <member type="way" ref="876469700" role="outer"/>
  <member type="way" ref="876469699" role="outer"/>
  <member type="way" ref="862983555" role="outer"/>
  <member type="way" ref="876469698" role="outer"/>
  <member type="way" ref="862929017" role="outer"/>
  <member type="way" ref="790634640" role="outer"/>
  <member type="way" ref="790634639" role="outer"/>
  <member type="way" ref="876079164" role="outer"/>
  <member type="way" ref="876079163" role="outer"/>
  <member type="way" ref="862976344" role="outer"/>
  <member type="way" ref="862976345" role="outer"/>
  <member type="way" ref="862929161" role="outer"/>
  <member type="way" ref="862929160" role="outer"/>
  <member type="way" ref="28383784" role="outer"/>
  <member type="way" ref="790634653" role="outer"/>
  <member type="way" ref="790634654" role="outer"/>
  <member type="way" ref="876079195" role="outer"/>
  <member type="way" ref="876079187" role="outer"/>
  <member type="way" ref="914077659" role="outer"/>
  <member type="way" ref="872155098" role="outer"/>
  <member type="way" ref="540893353" role="outer"/>
  <member type="way" ref="976910476" role="outer"/>
  <member type="way" ref="977123429" role="outer"/>
  <member type="way" ref="977123428" role="outer"/>
  <member type="way" ref="28415790" role="outer"/>
  <member type="way" ref="976910493" role="outer"/>
  <member type="way" ref="976910485" role="outer"/>
  <member type="way" ref="976910479" role="outer"/>
  <member type="way" ref="976910478" role="outer"/>
  <member type="way" ref="978685877" role="outer"/>
  <member type="way" ref="976910492" role="outer"/>
  <member type="way" ref="978685876" role="outer"/>
  <member type="way" ref="979744489" role="outer"/>
  <member type="way" ref="979744492" role="outer"/>
  <member type="way" ref="28415720" role="outer"/>
  <member type="way" ref="979744464" role="outer"/>
  <member type="way" ref="979744463" role="outer"/>
  <member type="way" ref="979744491" role="outer"/>
  <member type="way" ref="977123456" role="outer"/>
  <member type="way" ref="977123451" role="outer"/>
  <member type="way" ref="977123455" role="outer"/>
  <member type="way" ref="977123452" role="outer"/>
  <member type="way" ref="28415729" role="outer"/>
  <member type="way" ref="28415721" role="outer"/>
  <member type="way" ref="914077660" role="outer"/>
  <member type="way" ref="914077657" role="outer"/>
  <member type="way" ref="28542970" role="outer"/>
  <member type="way" ref="28542951" role="outer"/>
  <member type="way" ref="28542949" role="outer"/>
  <member type="way" ref="1250043857" role="outer"/>
  <member type="way" ref="1250043858" role="outer"/>
  <member type="way" ref="893266766" role="outer"/>
  <member type="way" ref="1162014581" role="outer"/>
  <member type="way" ref="1162014586" role="outer"/>
  <member type="way" ref="1162014585" role="outer"/>
  <member type="way" ref="1162014582" role="outer"/>
  <member type="way" ref="1271704298" role="outer"/>
  <member type="way" ref="894134852" role="outer"/>
  <member type="way" ref="772681687" role="outer"/>
  <member type="way" ref="162933745" role="outer"/>
  <member type="way" ref="162933770" role="outer"/>
  <member type="way" ref="162933749" role="outer"/>
  <member type="way" ref="162933729" role="outer"/>
  <member type="way" ref="162933754" role="outer"/>
  <member type="way" ref="162933737" role="outer"/>
  <member type="way" ref="1240353827" role="outer"/>
  <member type="way" ref="24327431" role="outer"/>
  <member type="way" ref="1299952084" role="outer"/>
  <member type="way" ref="1531137680" role="outer"/>
  <member type="way" ref="1299952087" role="outer"/>
  <member type="way" ref="1299952086" role="outer"/>
  <member type="way" ref="576251906" role="outer"/>
  <member type="way" ref="576251905" role="outer"/>
  <member type="way" ref="998368455" role="outer"/>
  <member type="way" ref="1024491901" role="outer"/>
  <member type="way" ref="24327430" role="outer"/>
  <member type="way" ref="1024491905" role="outer"/>
  <member type="way" ref="1024491904" role="outer"/>
  <member type="way" ref="1024491902" role="outer"/>
  <member type="way" ref="1024491898" role="outer"/>
  <member type="way" ref="1024491899" role="outer"/>
  <member type="way" ref="1024491895" role="outer"/>
  <member type="way" ref="1024491896" role="outer"/>
  <member type="way" ref="1024491889" role="outer"/>
  <member type="way" ref="1024491890" role="outer"/>
  <member type="way" ref="1024280834" role="outer"/>
  <member type="way" ref="1024280825" role="outer"/>
  <member type="way" ref="1024280826" role="outer"/>
  <member type="way" ref="1024280827" role="outer"/>
  <member type="way" ref="1024280824" role="outer"/>
  <member type="way" ref="576251912" role="outer"/>
  <member type="way" ref="1315284462" role="outer"/>
  <member type="way" ref="1315284463" role="outer"/>
  <member type="way" ref="576251914" role="outer"/>
  <member type="way" ref="1186222761" role="outer"/>
  <member type="way" ref="1186222760" role="outer"/>
  <member type="way" ref="1186222745" role="outer"/>
  <member type="way" ref="1186222744" role="outer"/>
  <member type="way" ref="23179872" role="outer"/>
  <member type="way" ref="1186222717" role="outer"/>
  <member type="way" ref="1185603324" role="outer"/>
  <member type="way" ref="1185603325" role="outer"/>
  <member type="way" ref="1185603328" role="outer"/>
  <member type="way" ref="1185603329" role="outer"/>
  <member type="way" ref="23179634" role="outer"/>
  <member type="way" ref="24912575" role="outer"/>
  <member type="way" ref="1115396878" role="outer"/>
  <member type="way" ref="1115396879" role="outer"/>
  <member type="way" ref="1115396876" role="outer"/>
  <member type="way" ref="1115396881" role="outer"/>
  <member type="way" ref="1115396875" role="outer"/>
  <member type="way" ref="1329634131" role="outer"/>
  <member type="way" ref="23179874" role="outer"/>
  <member type="way" ref="894145843" role="outer"/>
  <member type="way" ref="1329632974" role="outer"/>
  <member type="way" ref="1389038365" role="outer"/>
  <member type="way" ref="476309734" role="outer"/>
  <member type="way" ref="1389038364" role="outer"/>
  <member type="way" ref="1329632972" role="outer"/>
  <member type="way" ref="975163064" role="outer"/>
  <member type="way" ref="975163065" role="outer"/>
  <member type="way" ref="975163069" role="outer"/>
  <member type="way" ref="975163072" role="outer"/>
  <member type="way" ref="975163073" role="outer"/>
  <member type="way" ref="476596586" role="outer"/>
  <member type="way" ref="582102410" role="outer"/>
  <member type="way" ref="582102407" role="outer"/>
  <member type="way" ref="35727884" role="outer"/>
  <member type="way" ref="23213822" role="outer"/>
  <member type="way" ref="940341193" role="outer"/>
  <member type="way" ref="940341194" role="outer"/>
  <member type="way" ref="320670961" role="outer"/>
  <member type="way" ref="320670951" role="outer"/>
  <member type="way" ref="1149156521" role="outer"/>
  <member type="way" ref="1149156522" role="outer"/>
  <member type="way" ref="1136531199" role="outer"/>
  <member type="way" ref="1309646630" role="outer"/>
  <member type="way" ref="1136531200" role="outer"/>
  <member type="way" ref="42403293" role="outer"/>
  <member type="way" ref="42403290" role="outer"/>
  <member type="way" ref="320670955" role="outer"/>
  <member type="way" ref="946118540" role="outer"/>
  <member type="way" ref="946118538" role="outer"/>
  <member type="way" ref="946118537" role="outer"/>
  <member type="way" ref="946118535" role="outer"/>
  <member type="way" ref="946118534" role="outer"/>
  <member type="way" ref="946118533" role="outer"/>
  <member type="way" ref="946118530" role="outer"/>
  <member type="way" ref="946118531" role="outer"/>
  <member type="way" ref="946118527" role="outer"/>
  <member type="way" ref="946118528" role="outer"/>
  <member type="way" ref="946118525" role="outer"/>
  <member type="way" ref="901523142" role="outer"/>
  <member type="way" ref="901523141" role="outer"/>
  <member type="way" ref="320670956" role="outer"/>
  <member type="way" ref="900995160" role="outer"/>
  <member type="way" ref="900995159" role="outer"/>
  <member type="way" ref="494047226" role="outer"/>
  <member type="way" ref="23213824" role="outer"/>
  <member type="way" ref="23213828" role="outer"/>
  <member type="way" ref="960694755" role="outer"/>
  <member type="way" ref="960694756" role="outer"/>
  <member type="way" ref="960694757" role="outer"/>
  <member type="way" ref="960694762" role="outer"/>
  <member type="way" ref="960694761" role="outer"/>
  <member type="way" ref="894201956" role="outer"/>
  <member type="way" ref="964171558" role="outer"/>
  <member type="way" ref="960694765" role="outer"/>
  <member type="way" ref="964171560" role="outer"/>
  <member type="way" ref="894190986" role="outer"/>
  <member type="way" ref="964171566" role="outer"/>
  <member type="way" ref="964171569" role="outer"/>
  <member type="way" ref="964171568" role="outer"/>
  <member type="way" ref="964044781" role="outer"/>
  <member type="way" ref="964044782" role="outer"/>
  <member type="way" ref="960138788" role="outer"/>
  <member type="way" ref="949028171" role="outer"/>
  <member type="way" ref="949028170" role="outer"/>
  <member type="way" ref="957015457" role="outer"/>
  <member type="way" ref="957015456" role="outer"/>
  <member type="way" ref="957015448" role="outer"/>
  <member type="way" ref="957015453" role="outer"/>
  <member type="way" ref="22370903" role="outer"/>
  <member type="way" ref="894499733" role="outer"/>
  <member type="way" ref="1252320736" role="outer"/>
  <member type="way" ref="1252320735" role="outer"/>
  <member type="way" ref="1252320740" role="outer"/>
  <member type="way" ref="1252320738" role="outer"/>
  <member type="way" ref="1252320741" role="outer"/>
  <member type="way" ref="1252320746" role="outer"/>
  <member type="way" ref="1252320734" role="outer"/>
  <member type="way" ref="1510936896" role="outer"/>
  <member type="way" ref="1510936897" role="outer"/>
  <member type="way" ref="680467550" role="outer"/>
  <member type="way" ref="1510936893" role="outer"/>
  <member type="way" ref="1510936892" role="outer"/>
  <member type="way" ref="1528585358" role="outer"/>
  <member type="way" ref="1528585359" role="outer"/>
  <member type="way" ref="46726756" role="outer"/>
  <member type="way" ref="1443703680" role="outer"/>
  <member type="way" ref="1443703679" role="outer"/>
  <member type="way" ref="1443708902" role="outer"/>
  <member type="way" ref="1443708901" role="outer"/>
  <member type="way" ref="680467565" role="outer"/>
  <member type="way" ref="1510936889" role="outer"/>
  <member type="way" ref="1510936886" role="outer"/>
  <member type="way" ref="1510936888" role="outer"/>
  <member type="way" ref="43113588" role="outer"/>
  <member type="way" ref="314272469" role="outer"/>
  <member type="way" ref="603569751" role="outer"/>
  <member type="way" ref="680467572" role="outer"/>
  <member type="way" ref="710512401" role="outer"/>
  <member type="way" ref="314272470" role="outer"/>
  <member type="way" ref="603569750" role="outer"/>
  <member type="way" ref="710512398" role="outer"/>
  <member type="way" ref="961870298" role="outer"/>
  <member type="way" ref="1292284434" role="outer"/>
  <member type="way" ref="717581726" role="outer"/>
  <member type="way" ref="1329060853" role="outer"/>
  <member type="way" ref="197935857" role="outer"/>
  <member type="way" ref="1289051138" role="outer"/>
  <member type="way" ref="595546587" role="outer"/>
  <member type="way" ref="43113593" role="outer"/>
  <member type="way" ref="675571445" role="outer"/>
  <member type="way" ref="337039396" role="outer"/>
  <member type="way" ref="197562823" role="outer"/>
  <member type="way" ref="599402967" role="outer"/>
  <member type="way" ref="598978211" role="outer"/>
  <member type="way" ref="598978206" role="outer"/>
  <member type="way" ref="598978204" role="outer"/>
  <member type="way" ref="598978214" role="outer"/>
  <member type="way" ref="518352003" role="outer"/>
  <member type="way" ref="518352002" role="outer"/>
  <member type="way" ref="197938966" role="outer"/>
  <member type="way" ref="599370356" role="outer"/>
  <member type="way" ref="599370355" role="outer"/>
  <member type="way" ref="21042237" role="outer"/>
  <member type="way" ref="42754545" role="outer"/>
  <member type="way" ref="962527648" role="outer"/>
  <member type="way" ref="962525222" role="outer"/>
  <member type="way" ref="962525223" role="outer"/>
  <member type="way" ref="962525224" role="outer"/>
  <member type="way" ref="42754464" role="outer"/>
  <member type="way" ref="42749808" role="outer"/>
  <member type="way" ref="59396274" role="outer"/>
  <member type="way" ref="961832009" role="outer"/>
  <member type="way" ref="961827328" role="outer"/>
  <member type="way" ref="961827327" role="outer"/>
  <member type="way" ref="1469382126" role="outer"/>
  <member type="way" ref="197935850" role="outer"/>
  <member type="way" ref="657062212" role="outer"/>
  <member type="way" ref="657062211" role="outer"/>
  <member type="way" ref="644271117" role="outer"/>
  <member type="way" ref="644271118" role="outer"/>
  <member type="way" ref="644271119" role="outer"/>
  <member type="way" ref="643722730" role="outer"/>
  <member type="way" ref="656918436" role="outer"/>
  <member type="way" ref="656918437" role="outer"/>
  <member type="way" ref="643722820" role="outer"/>
  <member type="way" ref="657395285" role="outer"/>
  <member type="way" ref="657395284" role="outer"/>
  <member type="way" ref="197935858" role="outer"/>
  <member type="way" ref="644271266" role="outer"/>
  <member type="way" ref="644271269" role="outer"/>
  <member type="way" ref="644271271" role="outer"/>
  <member type="way" ref="657412133" role="outer"/>
  <member type="way" ref="657412132" role="outer"/>
  <member type="way" ref="644271274" role="outer"/>
  <member type="way" ref="657412104" role="outer"/>
  <member type="way" ref="657412103" role="outer"/>
  <member type="way" ref="657412102" role="outer"/>
  <member type="way" ref="644271277" role="outer"/>
  <member type="way" ref="644271279" role="outer"/>
  <member type="way" ref="644271282" role="outer"/>
  <member type="way" ref="657498971" role="outer"/>
  <member type="way" ref="657498970" role="outer"/>
  <member type="way" ref="657499943" role="outer"/>
  <member type="way" ref="657499942" role="outer"/>
  <member type="way" ref="644271284" role="outer"/>
  <member type="way" ref="644271287" role="outer"/>
  <member type="way" ref="644271290" role="outer"/>
  <member type="way" ref="644271292" role="outer"/>
  <member type="way" ref="657599274" role="outer"/>
  <member type="way" ref="657599273" role="outer"/>
  <member type="way" ref="644271295" role="outer"/>
  <member type="way" ref="657552010" role="outer"/>
  <member type="way" ref="657552009" role="outer"/>
  <member type="way" ref="657599253" role="outer"/>
  <member type="way" ref="657599243" role="outer"/>
  <member type="way" ref="657599242" role="outer"/>
  <member type="way" ref="657599252" role="outer"/>
  <member type="way" ref="644271298" role="outer"/>
  <member type="way" ref="299646369" role="outer"/>
  <member type="way" ref="657599234" role="outer"/>
  <member type="way" ref="657599235" role="outer"/>
  <member type="way" ref="657599227" role="outer"/>
  <member type="way" ref="657599226" role="outer"/>
  <member type="way" ref="326519446" role="outer"/>
  <member type="way" ref="367326424" role="outer"/>
  <member type="way" ref="367326426" role="outer"/>
  <member type="way" ref="367326508" role="outer"/>
  <member type="way" ref="367326482" role="outer"/>
  <member type="way" ref="367326432" role="outer"/>
  <member type="way" ref="326519439" role="outer"/>
  <member type="way" ref="326519441" role="outer"/>
  <member type="way" ref="853779949" role="outer"/>
  <member type="way" ref="326519435" role="outer"/>
  <member type="way" ref="657846045" role="outer"/>
  <member type="way" ref="657846044" role="outer"/>
  <member type="way" ref="657846043" role="outer"/>
  <member type="way" ref="657846047" role="outer"/>
  <member type="way" ref="657846046" role="outer"/>
  <member type="way" ref="326519428" role="outer"/>
  <member type="way" ref="326519434" role="outer"/>
  <member type="way" ref="367277569" role="outer"/>
  <member type="way" ref="326519444" role="outer"/>
  <member type="way" ref="368450388" role="outer"/>
  <member type="way" ref="368383522" role="outer"/>
  <member type="way" ref="368383520" role="outer"/>
  <member type="way" ref="368383527" role="outer"/>
  <member type="way" ref="368383524" role="outer"/>
  <member type="way" ref="368383521" role="outer"/>
  <member type="way" ref="368382980" role="outer"/>
  <member type="way" ref="197935853" role="outer"/>
  <member type="way" ref="368382978" role="outer"/>
  <member type="way" ref="644249468" role="outer"/>
  <member type="way" ref="644249466" role="outer"/>
  <member type="way" ref="644249461" role="outer"/>
  <member type="way" ref="644249463" role="outer"/>
  <member type="way" ref="644249594" role="outer"/>
  <member type="way" ref="644249459" role="outer"/>
  <member type="way" ref="644249457" role="outer"/>
  <member type="way" ref="644249515" role="outer"/>
  <member type="way" ref="644249514" role="outer"/>
  <member type="way" ref="644249513" role="outer"/>
  <member type="way" ref="644249510" role="outer"/>
  <member type="way" ref="644149604" role="outer"/>
  <member type="way" ref="644149342" role="outer"/>
  <member type="way" ref="368382982" role="outer"/>
  <tag k="alt_name:en" v="Malacca Strait"/>
  <tag k="alt_name:sk" v="Malakkský prieliv"/>
  <tag k="gns:uni" v="526114"/>
  <tag k="name" v="Selat Melaka"/>
  <tag k="name:ace" v="Seulat Malaka"/>
  <tag k="name:ar" v="مضيق ملقا"/>
  <tag k="name:bo" v="མ་ལིའུ་ཅ་མཚོ་འགག"/>
  <tag k="name:br" v="Strizh-mor Melaka"/>
  <tag k="name:ca" v="Estret de Malacca"/>
  <tag k="name:cs" v="Malacký průliv"/>
  <tag k="name:da" v="Malaccastrædet"/>
  <tag k="name:de" v="Straße von Malakka"/>
  <tag k="name:en" v="Strait of Malacca"/>
  <tag k="name:eo" v="Malaka Markolo"/>
  <tag k="name:es" v="Estrecho de Malaca"/>
  <tag k="name:fa" v="تنگه مالاکا"/>
  <tag k="name:fi" v="Malakansalmi"/>
  <tag k="name:fr" v="Détroit de Malacca"/>
  <tag k="name:he" v="מצר מלאקה"/>
  <tag k="name:hi" v="मलक्का जलडमरूमध्य"/>
  <tag k="name:hr" v="Malajski prolaz"/>
  <tag k="name:id" v="Selat Malaka"/>
  <tag k="name:it" v="Stretto di Malacca"/>
  <tag k="name:ko" v="믈라카 해협"/>
  <tag k="name:ms" v="Selat Melaka"/>
  <tag k="name:nl" v="Straat Malakka"/>
  <tag k="name:pl" v="Cieśnina Malakka"/>
  <tag k="name:pt" v="Estreito de Malaca"/>
  <tag k="name:ro" v="Strâmtoarea Malacca"/>
  <tag k="name:ru" v="Малаккский пролив"/>
  <tag k="name:sk" v="Melacký prieliv"/>
  <tag k="name:sl" v="Melaški preliv"/>
  <tag k="name:sr" v="Малајски пролаз"/>
  <tag k="name:sv" v="Malackasundet"/>
  <tag k="name:ta" v="மலாக்கா நீரிணை"/>
  <tag k="name:th" v="ช่องแคบมะละกา"/>
  <tag k="name:tr" v="Malakka Boğazı"/>
  <tag k="name:uk" v="Малаккська протока"/>
  <tag k="name:vi" v="Eo biển Malacca"/>
  <tag k="name:zh" v="马六甲海峡"/>
  <tag k="natural" v="strait"/>
  <tag k="note" v="This is according to the 1953 publication &quot;S-23 Limits of Oceans and Seas&quot; using the Northernmost point of Sumatra (5°40'N, 95°26'E). The 2002 draft instead uses Tanjung Jamboaye (5°15'N, 97°30'E) in Sumatra."/>
  <tag k="previously" v="node:4514921691"/>
  <tag k="source" v="https://epic.awi.de/id/eprint/29772/1/IHO1953a.pdf https://legacy.iho.int/mtg_docs/com_wg/S-23WG/S-23WG_Misc/Draft_2002/Draft_2002.htm"/>
  <tag k="source:name:br" v="ofis publik ar brezhoneg"/>
  <tag k="type" v="multipolygon"/>
  <tag k="wikidata" v="Q48359"/>
  <tag k="wikipedia" v="en:Strait of Malacca"/>
 </relation>
</osm>
