{"type": "FeatureCollection", "features": [{"type": "Feature", "id": "acces_porteur.8410655", "geometry": {"type": "Polygon", "coordinates": [[[3.04590681, 50.64698188], [3.04611852, 50.64698181], [3.04611848, 50.64693694], [3.04675363, 50.6469367], [3.04675358, 50.64689183], [3.04717701, 50.64689167], [3.04717697, 50.6468468], [3.04731811, 50.64684674], [3.04731807, 50.64680187], [3.04738864, 50.64680185], [3.0473886, 50.64675698], [3.04745917, 50.64675695], [3.04745909, 50.64666721], [3.04752966, 50.64666718], [3.04752957, 50.64657744], [3.04760014, 50.64657741], [3.04760006, 50.64648767], [3.04752949, 50.6464877], [3.04752936, 50.64635309], [3.04745879, 50.64635311], [3.04745875, 50.64630824], [3.04717647, 50.64630835], [3.04717642, 50.64626348], [3.04710585, 50.64626351], [3.04710581, 50.64621864], [3.04703524, 50.64621866], [3.0470352, 50.64617379], [3.04689406, 50.64617385], [3.04689397, 50.64608411], [3.04696454, 50.64608408], [3.04696446, 50.64599434], [3.04703503, 50.64599431], [3.04703495, 50.64590457], [3.04710552, 50.64590454], [3.04710543, 50.6458148], [3.04703486, 50.64581483], [3.0470349, 50.6458597], [3.04675262, 50.64585981], [3.04675271, 50.64594955], [3.04625872, 50.64594973], [3.0462588, 50.64603947], [3.04618823, 50.6460395], [3.04618831, 50.64612924], [3.04611774, 50.64612927], [3.04611766, 50.64603953], [3.04604709, 50.64603955], [3.04604701, 50.64594981], [3.04611758, 50.64594978], [3.04611749, 50.64586004], [3.04604692, 50.64586007], [3.04604688, 50.6458152], [3.04611745, 50.64581517], [3.04611741, 50.6457703], [3.04618798, 50.64577028], [3.04618777, 50.64554592], [3.04639948, 50.64554584], [3.04639944, 50.64550097], [3.04647001, 50.64550095], [3.04646997, 50.64545608], [3.04654054, 50.64545605], [3.04654046, 50.64536631], [3.04625818, 50.64536642], [3.04625822, 50.64541129], [3.04618765, 50.64541131], [3.04618769, 50.64545618], [3.04611712, 50.64545621], [3.04611716, 50.64550108], [3.04604659, 50.64550111], [3.04604672, 50.64563572], [3.04597615, 50.64563574], [3.0459766, 50.64612932], [3.04590603, 50.64612935], [3.04590628, 50.64639857], [3.04583571, 50.64639859], [3.04583587, 50.64657808], [3.0457653, 50.6465781], [3.04576563, 50.64693707], [3.04590677, 50.64693701], [3.04590681, 50.64698188]], [[3.04597693, 50.64648828], [3.04597672, 50.64626393], [3.04604729, 50.6462639], [3.0460475, 50.64648826], [3.04597693, 50.64648828]]]}, "geometry_name": "geom", "properties": {"class": 1, "cat": "Inaccessible", "dep": "59"}}, {"type": "Feature", "id": "acces_porteur.8410678", "geometry": {"type": "Polygon", "coordinates": [[[3.0384254, 50.64590753], [3.03870768, 50.64590744], [3.03870761, 50.6458177], [3.03863704, 50.64581773], [3.03863701, 50.64577286], [3.03891929, 50.64577277], [3.03891922, 50.64568303], [3.03898979, 50.645683], [3.03898975, 50.64563813], [3.03927203, 50.64563804], [3.03927196, 50.6455483], [3.03934253, 50.64554828], [3.03934249, 50.64550341], [3.03941306, 50.64550339], [3.03941303, 50.64545852], [3.03927189, 50.64545856], [3.03927185, 50.64541369], [3.03913072, 50.64541374], [3.03913068, 50.64536887], [3.03891897, 50.64536893], [3.03891894, 50.64532406], [3.03870723, 50.64532413], [3.0387072, 50.64527926], [3.03849549, 50.64527932], [3.03849545, 50.64523445], [3.03828375, 50.64523452], [3.03828371, 50.64518965], [3.03807201, 50.64518971], [3.03807197, 50.64514484], [3.0377897, 50.64514493], [3.03778976, 50.64523467], [3.03771919, 50.64523469], [3.03771923, 50.64527956], [3.03764866, 50.64527958], [3.03764879, 50.64545906], [3.03778993, 50.64545902], [3.03778997, 50.64550389], [3.03786053, 50.64550387], [3.03786057, 50.64554874], [3.03793114, 50.64554872], [3.03793117, 50.64559359], [3.03800174, 50.64559357], [3.03800178, 50.64563844], [3.03807235, 50.64563842], [3.03807238, 50.64568329], [3.03814295, 50.64568327], [3.03814305, 50.64581788], [3.03821362, 50.64581786], [3.03821366, 50.64586273], [3.03842537, 50.64586266], [3.0384254, 50.64590753]]]}, "geometry_name": "geom", "properties": {"class": 1, "cat": "Inaccessible", "dep": "59"}}, {"type": "Feature", "id": "acces_porteur.8410689", "geometry": {"type": "Polygon", "coordinates": [[[3.03948363, 50.64550337], [3.03976591, 50.64550328], [3.03976584, 50.64541353], [3.0396247, 50.64541358], [3.03962467, 50.64536871], [3.0395541, 50.64536873], [3.03955406, 50.64532386], [3.03948349, 50.64532388], [3.03948346, 50.64527901], [3.03941289, 50.64527904], [3.03941285, 50.64523416], [3.03927171, 50.64523421], [3.03927164, 50.64514447], [3.03913051, 50.64514451], [3.03913047, 50.64509964], [3.03898933, 50.64509969], [3.03898944, 50.6452343], [3.03891887, 50.64523432], [3.03891883, 50.64518945], [3.03870713, 50.64518952], [3.03870709, 50.64514465], [3.03842482, 50.64514473], [3.03842478, 50.64509986], [3.03807194, 50.64509997], [3.03807201, 50.64518971], [3.03828371, 50.64518965], [3.03828375, 50.64523452], [3.03849545, 50.64523445], [3.03849549, 50.64527932], [3.0387072, 50.64527926], [3.03870723, 50.64532413], [3.03891894, 50.64532406], [3.03891897, 50.64536893], [3.03913068, 50.64536887], [3.03913072, 50.64541374], [3.03927185, 50.64541369], [3.03927189, 50.64545856], [3.0394836, 50.6454585], [3.03948363, 50.64550337]]]}, "geometry_name": "geom", "properties": {"class": 3, "cat": "Accessible - Classe de d\u00e9bardage 1 : 0 - 250 m", "dep": "59"}}, {"type": "Feature", "id": "acces_porteur.8410707", "geometry": {"type": "Polygon", "coordinates": [[[3.03581495, 50.64680572], [3.03595609, 50.64680568], [3.03595606, 50.64676081], [3.03602663, 50.64676079], [3.03602653, 50.64662618], [3.0360971, 50.64662616], [3.03609707, 50.64658129], [3.03616764, 50.64658127], [3.03616758, 50.64649153], [3.03623815, 50.64649151], [3.03623808, 50.64640177], [3.03630866, 50.64640175], [3.03630862, 50.64635687], [3.03637919, 50.64635685], [3.03637903, 50.6461325], [3.0364496, 50.64613248], [3.0364495, 50.64599787], [3.03637893, 50.64599789], [3.0363789, 50.64595302], [3.03623776, 50.64595306], [3.03623773, 50.64590819], [3.03595545, 50.64590827], [3.03595551, 50.64599801], [3.03567323, 50.64599809], [3.03567314, 50.64586348], [3.03574371, 50.64586346], [3.03574351, 50.64559424], [3.03581408, 50.64559422], [3.03581376, 50.64514551], [3.0359549, 50.64514547], [3.03595487, 50.6451006], [3.03602544, 50.64510058], [3.03602534, 50.64496597], [3.03574307, 50.64496605], [3.03574303, 50.64492118], [3.0356019, 50.64492122], [3.03560196, 50.64501096], [3.0357431, 50.64501092], [3.03574319, 50.64514553], [3.03567263, 50.64514555], [3.03567266, 50.64519042], [3.03553152, 50.64519047], [3.03553149, 50.64514559], [3.03531978, 50.64514566], [3.03531975, 50.64510078], [3.03517861, 50.64510082], [3.03517867, 50.64519057], [3.03510811, 50.64519059], [3.03510814, 50.64523546], [3.03503757, 50.64523548], [3.0350376, 50.64528035], [3.03496703, 50.64528037], [3.03496706, 50.64532524], [3.03482592, 50.64532528], [3.03482598, 50.64541502], [3.03475542, 50.64541504], [3.03475545, 50.64545991], [3.03468488, 50.64545993], [3.03468491, 50.6455048], [3.03461434, 50.64550482], [3.03461437, 50.64554969], [3.0345438, 50.64554971], [3.03454383, 50.64559458], [3.0346144, 50.64559456], [3.03461443, 50.64563943], [3.03454386, 50.64563945], [3.03454389, 50.64568432], [3.03447332, 50.64568434], [3.03447338, 50.64577408], [3.03440281, 50.6457741], [3.03440285, 50.64581897], [3.03426171, 50.64581901], [3.03426174, 50.64586388], [3.03433231, 50.64586386], [3.03433243, 50.64604334], [3.03447357, 50.6460433], [3.0344736, 50.64608817], [3.03461474, 50.64608814], [3.03461471, 50.64604326], [3.03468528, 50.64604325], [3.03468537, 50.64617786], [3.03496765, 50.64617778], [3.03496772, 50.64626752], [3.03510886, 50.64626748], [3.03510889, 50.64631235], [3.03525003, 50.64631231], [3.03525006, 50.64635718], [3.0353912, 50.64635714], [3.03539124, 50.64640201], [3.03560295, 50.64640195], [3.03560304, 50.64653656], [3.03567361, 50.64653654], [3.03567365, 50.64658141], [3.03560307, 50.64658143], [3.03560317, 50.64671604], [3.03574431, 50.646716], [3.03574434, 50.64676087], [3.03581492, 50.64676085], [3.03581495, 50.64680572]]]}, "geometry_name": "geom", "properties": {"class": 1, "cat": "Inaccessible", "dep": "59"}}, {"type": "Feature", "id": "acces_porteur.8410733", "geometry": {"type": "Polygon", "coordinates": [[[3.04569309, 50.64478331], [3.04583423, 50.64478325], [3.04583419, 50.64473838], [3.04590476, 50.64473836], [3.04590468, 50.64464862], [3.0456224, 50.64464872], [3.04562244, 50.64469359], [3.04569301, 50.64469357], [3.04569309, 50.64478331]]]}, "geometry_name": "geom", "properties": {"class": 4, "cat": "Accessible - Classe de d\u00e9bardage 2 : 250 - 500 m", "dep": "59"}}, {"type": "Feature", "id": "acces_porteur.8410753", "geometry": {"type": "Polygon", "coordinates": [[[3.04498725, 50.64460408], [3.04512838, 50.64460403], [3.0451283, 50.64451429], [3.04505774, 50.64451432], [3.04505778, 50.64455919], [3.04498721, 50.64455921], [3.04498725, 50.64460408]]]}, "geometry_name": "geom", "properties": {"class": 4, "cat": "Accessible - Classe de d\u00e9bardage 2 : 250 - 500 m", "dep": "59"}}, {"type": "Feature", "id": "acces_porteur.8410760", "geometry": {"type": "Polygon", "coordinates": [[[3.05056254, 50.64500577], [3.05091539, 50.64500563], [3.05091534, 50.64496076], [3.05098591, 50.64496073], [3.05098582, 50.64487099], [3.05105639, 50.64487096], [3.0510563, 50.64478122], [3.05112687, 50.64478119], [3.05112677, 50.64469145], [3.05126791, 50.64469139], [3.05126787, 50.64464652], [3.0511973, 50.64464655], [3.05119725, 50.64460168], [3.05112668, 50.64460171], [3.05112664, 50.64455684], [3.0509855, 50.64455689], [3.05098546, 50.64451202], [3.05084432, 50.64451208], [3.05084427, 50.64446721], [3.05070314, 50.64446727], [3.05070318, 50.64451214], [3.05063262, 50.64451217], [3.05063266, 50.64455704], [3.05056209, 50.64455707], [3.05056218, 50.64464681], [3.05049161, 50.64464684], [3.05049166, 50.64469171], [3.05042109, 50.64469174], [3.05042114, 50.64473661], [3.05035057, 50.64473664], [3.05035061, 50.64478151], [3.05042118, 50.64478148], [3.05042123, 50.64482635], [3.05049179, 50.64482632], [3.05049184, 50.64487119], [3.05056241, 50.64487116], [3.05056254, 50.64500577]]]}, "geometry_name": "geom", "properties": {"class": 3, "cat": "Accessible - Classe de d\u00e9bardage 1 : 0 - 250 m", "dep": "59"}}, {"type": "Feature", "id": "acces_porteur.8410777", "geometry": {"type": "Polygon", "coordinates": [[[3.04251717, 50.6443806], [3.04258774, 50.64438057], [3.0425877, 50.6443357], [3.04251713, 50.64433573], [3.04251717, 50.6443806]]]}, "geometry_name": "geom", "properties": {"class": 4, "cat": "Accessible - Classe de d\u00e9bardage 2 : 250 - 500 m", "dep": "59"}}, {"type": "Feature", "id": "acces_porteur.8410793", "geometry": {"type": "Polygon", "coordinates": [[[3.0429405, 50.64429071], [3.04301107, 50.64429069], [3.04301103, 50.64424582], [3.04294046, 50.64424584], [3.0429405, 50.64429071]]]}, "geometry_name": "geom", "properties": {"class": 4, "cat": "Accessible - Classe de d\u00e9bardage 2 : 250 - 500 m", "dep": "59"}}, {"type": "Feature", "id": "acces_porteur.8410812", "geometry": {"type": "Polygon", "coordinates": [[[3.05176138, 50.64419761], [3.05183195, 50.64419758], [3.0518319, 50.64415271], [3.05176133, 50.64415274], [3.05176138, 50.64419761]]]}, "geometry_name": "geom", "properties": {"class": 1, "cat": "Inaccessible", "dep": "59"}}, {"type": "Feature", "id": "acces_porteur.8410829", "geometry": {"type": "Polygon", "coordinates": [[[3.05190242, 50.64410781], [3.05204356, 50.64410775], [3.05204347, 50.64401801], [3.0519729, 50.64401804], [3.05197294, 50.64406291], [3.05190238, 50.64406294], [3.05190242, 50.64410781]]]}, "geometry_name": "geom", "properties": {"class": 1, "cat": "Inaccessible", "dep": "59"}}, {"type": "Feature", "id": "acces_porteur.8410832", "geometry": {"type": "Polygon", "coordinates": [[[3.04322258, 50.64406626], [3.04336371, 50.64406621], [3.04336368, 50.64402134], [3.04322254, 50.64402139], [3.04322258, 50.64406626]]]}, "geometry_name": "geom", "properties": {"class": 4, "cat": "Accessible - Classe de d\u00e9bardage 2 : 250 - 500 m", "dep": "59"}}, {"type": "Feature", "id": "acces_porteur.8410839", "geometry": {"type": "Polygon", "coordinates": [[[3.05204347, 50.64401801], [3.05211403, 50.64401798], [3.05211399, 50.64397311], [3.05204342, 50.64397314], [3.05204347, 50.64401801]]]}, "geometry_name": "geom", "properties": {"class": 1, "cat": "Inaccessible", "dep": "59"}}, {"type": "Feature", "id": "acces_porteur.8410847", "geometry": {"type": "Polygon", "coordinates": [[[3.04315193, 50.64397654], [3.0432225, 50.64397652], [3.04322246, 50.64393165], [3.0431519, 50.64393167], [3.04315193, 50.64397654]]]}, "geometry_name": "geom", "properties": {"class": 4, "cat": "Accessible - Classe de d\u00e9bardage 2 : 250 - 500 m", "dep": "59"}}, {"type": "Feature", "id": "acces_porteur.8410848", "geometry": {"type": "Polygon", "coordinates": [[[3.05211399, 50.64397311], [3.05218455, 50.64397308], [3.05218451, 50.64392821], [3.05211394, 50.64392824], [3.05211399, 50.64397311]]]}, "geometry_name": "geom", "properties": {"class": 1, "cat": "Inaccessible", "dep": "59"}}, {"type": "Feature", "id": "acces_porteur.8410860", "geometry": {"type": "Polygon", "coordinates": [[[3.05218451, 50.64392821], [3.05225507, 50.64392818], [3.05225498, 50.64383844], [3.05218441, 50.64383847], [3.05218451, 50.64392821]]]}, "geometry_name": "geom", "properties": {"class": 1, "cat": "Inaccessible", "dep": "59"}}, {"type": "Feature", "id": "acces_porteur.8410868", "geometry": {"type": "Polygon", "coordinates": [[[3.05225498, 50.64383844], [3.05232555, 50.64383841], [3.0523255, 50.64379354], [3.05225493, 50.64379356], [3.05225498, 50.64383844]]]}, "geometry_name": "geom", "properties": {"class": 1, "cat": "Inaccessible", "dep": "59"}}, {"type": "Feature", "id": "acces_porteur.8410874", "geometry": {"type": "Polygon", "coordinates": [[[3.0523255, 50.64379354], [3.05239607, 50.64379351], [3.05239602, 50.64374863], [3.05232545, 50.64374866], [3.0523255, 50.64379354]]]}, "geometry_name": "geom", "properties": {"class": 1, "cat": "Inaccessible", "dep": "59"}}, {"type": "Feature", "id": "acces_porteur.8410878", "geometry": {"type": "Polygon", "coordinates": [[[3.05239602, 50.64374863], [3.05246659, 50.6437486], [3.05246654, 50.64370373], [3.05239597, 50.64370376], [3.05239602, 50.64374863]]]}, "geometry_name": "geom", "properties": {"class": 1, "cat": "Inaccessible", "dep": "59"}}, {"type": "Feature", "id": "acces_porteur.8410884", "geometry": {"type": "Polygon", "coordinates": [[[3.05246654, 50.64370373], [3.05253711, 50.6437037], [3.05253706, 50.64365883], [3.05246649, 50.64365886], [3.05246654, 50.64370373]]]}, "geometry_name": "geom", "properties": {"class": 1, "cat": "Inaccessible", "dep": "59"}}, {"type": "Feature", "id": "acces_porteur.8410901", "geometry": {"type": "Polygon", "coordinates": [[[3.05267805, 50.64352416], [3.05274862, 50.64352413], [3.05274857, 50.64347926], [3.05267801, 50.64347929], [3.05267805, 50.64352416]]]}, "geometry_name": "geom", "properties": {"class": 1, "cat": "Inaccessible", "dep": "59"}}, {"type": "Feature", "id": "acces_porteur.8410910", "geometry": {"type": "Polygon", "coordinates": [[[3.0451283, 50.64451429], [3.04519887, 50.64451426], [3.04519883, 50.64446939], [3.04533997, 50.64446934], [3.04533977, 50.64424499], [3.04541033, 50.64424496], [3.04541025, 50.64415522], [3.04548082, 50.6441552], [3.04548074, 50.64406545], [3.04555131, 50.64406543], [3.04555126, 50.64402056], [3.04562183, 50.64402053], [3.04562179, 50.64397566], [3.04569236, 50.64397564], [3.04569232, 50.64393076], [3.04576289, 50.64393074], [3.04576284, 50.64388587], [3.04583341, 50.64388584], [3.04583337, 50.64384097], [3.04604507, 50.64384089], [3.04604503, 50.64379602], [3.0461156, 50.643796], [3.04611547, 50.64366138], [3.04618604, 50.64366136], [3.046186, 50.64361649], [3.04625657, 50.64361646], [3.04625648, 50.64352672], [3.04611535, 50.64352677], [3.04611531, 50.6434819], [3.04604474, 50.64348193], [3.04604466, 50.64339219], [3.04590353, 50.64339224], [3.04590361, 50.64348198], [3.04583304, 50.64348201], [3.04583308, 50.64352688], [3.04576252, 50.6435269], [3.04576256, 50.64357177], [3.04569199, 50.6435718], [3.04569207, 50.64366154], [3.04562151, 50.64366157], [3.04562155, 50.64370644], [3.04555098, 50.64370646], [3.04555102, 50.64375133], [3.04548045, 50.64375136], [3.04548049, 50.64379623], [3.04540993, 50.64379626], [3.04540997, 50.64384113], [3.0453394, 50.64384115], [3.04533948, 50.64393089], [3.04526891, 50.64393092], [3.04526895, 50.64397579], [3.04519839, 50.64397582], [3.04519843, 50.64402069], [3.04512786, 50.64402071], [3.0451279, 50.64406558], [3.04505733, 50.64406561], [3.04505737, 50.64411048], [3.04498681, 50.64411051], [3.04498685, 50.64415538], [3.04491628, 50.6441554], [3.04491636, 50.64424514], [3.04484579, 50.64424517], [3.04484583, 50.64429004], [3.04477526, 50.64429006], [3.0447753, 50.64433493], [3.04484587, 50.64433491], [3.04484591, 50.64437978], [3.04491648, 50.64437975], [3.04491644, 50.64433488], [3.04498701, 50.64433486], [3.04498705, 50.64437973], [3.04505762, 50.6443797], [3.04505766, 50.64442457], [3.04512822, 50.64442455], [3.0451283, 50.64451429]]]}, "geometry_name": "geom", "properties": {"class": 4, "cat": "Accessible - Classe de d\u00e9bardage 2 : 250 - 500 m", "dep": "59"}}, {"type": "Feature", "id": "acces_porteur.8410915", "geometry": {"type": "Polygon", "coordinates": [[[3.04279864, 50.64343822], [3.04286921, 50.64343819], [3.04286917, 50.64339332], [3.0427986, 50.64339335], [3.04279864, 50.64343822]]]}, "geometry_name": "geom", "properties": {"class": 4, "cat": "Accessible - Classe de d\u00e9bardage 2 : 250 - 500 m", "dep": "59"}}, {"type": "Feature", "id": "acces_porteur.8410924", "geometry": {"type": "Polygon", "coordinates": [[[3.04420993, 50.64339285], [3.0444922, 50.64339275], [3.04449212, 50.64330301], [3.04442155, 50.64330304], [3.04442151, 50.64325817], [3.04428038, 50.64325822], [3.04428046, 50.64334796], [3.04420989, 50.64334798], [3.04420993, 50.64339285]]]}, "geometry_name": "geom", "properties": {"class": 2, "cat": "Zone non exploitable (pente trop \u00e9lev\u00e9e)", "dep": "59"}}, {"type": "Feature", "id": "acces_porteur.8410927", "geometry": {"type": "Polygon", "coordinates": [[[3.04265739, 50.64330365], [3.04272796, 50.64330363], [3.04272792, 50.64325876], [3.04265735, 50.64325878], [3.04265739, 50.64330365]]]}, "geometry_name": "geom", "properties": {"class": 4, "cat": "Accessible - Classe de d\u00e9bardage 2 : 250 - 500 m", "dep": "59"}}, {"type": "Feature", "id": "acces_porteur.8410928", "geometry": {"type": "Polygon", "coordinates": [[[3.04406872, 50.64330316], [3.04413929, 50.64330314], [3.04413925, 50.64325827], [3.04406868, 50.64325829], [3.04406872, 50.64330316]]]}, "geometry_name": "geom", "properties": {"class": 2, "cat": "Zone non exploitable (pente trop \u00e9lev\u00e9e)", "dep": "59"}}, {"type": "Feature", "id": "acces_porteur.8410932", "geometry": {"type": "Polygon", "coordinates": [[[3.04590345, 50.6433025], [3.04597401, 50.64330247], [3.04597393, 50.64321273], [3.04590336, 50.64321276], [3.04590345, 50.6433025]]]}, "geometry_name": "geom", "properties": {"class": 4, "cat": "Accessible - Classe de d\u00e9bardage 2 : 250 - 500 m", "dep": "59"}}, {"type": "Feature", "id": "acces_porteur.8410933", "geometry": {"type": "Polygon", "coordinates": [[[3.04703263, 50.64343669], [3.0473149, 50.64343658], [3.04731473, 50.6432571], [3.04724416, 50.64325712], [3.04724412, 50.64321225], [3.04710299, 50.64321231], [3.04710303, 50.64325718], [3.04703247, 50.6432572], [3.04703242, 50.64321233], [3.04667959, 50.64321247], [3.04667963, 50.64325734], [3.04660907, 50.64325736], [3.04660911, 50.64330223], [3.04667968, 50.64330221], [3.04667972, 50.64334708], [3.04703255, 50.64334695], [3.04703263, 50.64343669]]]}, "geometry_name": "geom", "properties": {"class": 4, "cat": "Accessible - Classe de d\u00e9bardage 2 : 250 - 500 m", "dep": "59"}}, {"type": "Feature", "id": "acces_porteur.8410936", "geometry": {"type": "Polygon", "coordinates": [[[3.04258679, 50.64325881], [3.04265735, 50.64325878], [3.04265732, 50.64321391], [3.04258675, 50.64321394], [3.04258679, 50.64325881]]]}, "geometry_name": "geom", "properties": {"class": 4, "cat": "Accessible - Classe de d\u00e9bardage 2 : 250 - 500 m", "dep": "59"}}, {"type": "Feature", "id": "acces_porteur.8410937", "geometry": {"type": "Polygon", "coordinates": [[[3.04646794, 50.64325742], [3.04660907, 50.64325736], [3.04660903, 50.64321249], [3.04646789, 50.64321255], [3.04646794, 50.64325742]]]}, "geometry_name": "geom", "properties": {"class": 4, "cat": "Accessible - Classe de d\u00e9bardage 2 : 250 - 500 m", "dep": "59"}}, {"type": "Feature", "id": "acces_porteur.8410946", "geometry": {"type": "Polygon", "coordinates": [[[3.0458328, 50.64321278], [3.04590336, 50.64321276], [3.04590332, 50.64316789], [3.04583276, 50.64316791], [3.0458328, 50.64321278]]]}, "geometry_name": "geom", "properties": {"class": 4, "cat": "Accessible - Classe de d\u00e9bardage 2 : 250 - 500 m", "dep": "59"}}, {"type": "Feature", "id": "acces_porteur.8410947", "geometry": {"type": "Polygon", "coordinates": [[[3.04618563, 50.64321265], [3.04639733, 50.64321257], [3.04639729, 50.6431677], [3.04618559, 50.64316778], [3.04618563, 50.64321265]]]}, "geometry_name": "geom", "properties": {"class": 4, "cat": "Accessible - Classe de d\u00e9bardage 2 : 250 - 500 m", "dep": "59"}}, {"type": "Feature", "id": "acces_porteur.8410954", "geometry": {"type": "Polygon", "coordinates": [[[3.04597389, 50.64316786], [3.04611502, 50.64316781], [3.04611498, 50.64312294], [3.04597385, 50.64312299], [3.04597389, 50.64316786]]]}, "geometry_name": "geom", "properties": {"class": 4, "cat": "Accessible - Classe de d\u00e9bardage 2 : 250 - 500 m", "dep": "59"}}, {"type": "Feature", "id": "acces_porteur.8410972", "geometry": {"type": "Polygon", "coordinates": [[[3.05028004, 50.64478153], [3.05035061, 50.64478151], [3.05035057, 50.64473664], [3.05042114, 50.64473661], [3.05042109, 50.64469174], [3.05049166, 50.64469171], [3.05049161, 50.64464684], [3.05056218, 50.64464681], [3.05056209, 50.64455707], [3.05063266, 50.64455704], [3.05063262, 50.64451217], [3.05070318, 50.64451214], [3.05070314, 50.64446727], [3.05077371, 50.64446724], [3.05077366, 50.64442237], [3.05084423, 50.64442234], [3.05084414, 50.6443326], [3.05091471, 50.64433257], [3.05091466, 50.6442877], [3.05098523, 50.64428767], [3.05098518, 50.6442428], [3.05105575, 50.64424277], [3.05105566, 50.64415303], [3.05112623, 50.644153], [3.05112618, 50.64410813], [3.05119675, 50.6441081], [3.0511967, 50.64406323], [3.05126727, 50.6440632], [3.05126722, 50.64401833], [3.05133779, 50.6440183], [3.0513377, 50.64392856], [3.05140827, 50.64392853], [3.05140822, 50.64388366], [3.05147879, 50.64388363], [3.05147874, 50.64383876], [3.05154931, 50.64383873], [3.05154922, 50.64374899], [3.05161978, 50.64374896], [3.05161974, 50.64370409], [3.0516903, 50.64370406], [3.05169026, 50.64365919], [3.05176083, 50.64365916], [3.05176078, 50.64361429], [3.05183135, 50.64361426], [3.05183125, 50.64352452], [3.05190182, 50.64352449], [3.05190177, 50.64347962], [3.05197234, 50.64347959], [3.05197229, 50.64343472], [3.05204286, 50.64343469], [3.05204277, 50.64334495], [3.05211333, 50.64334492], [3.05211329, 50.64330005], [3.05218385, 50.64330002], [3.05218381, 50.64325515], [3.05225437, 50.64325512], [3.05225433, 50.64321025], [3.05232489, 50.64321022], [3.0523248, 50.64312047], [3.05239537, 50.64312045], [3.05239532, 50.64307557], [3.05246588, 50.64307554], [3.05246584, 50.64303067], [3.0525364, 50.64303064], [3.05253631, 50.6429409], [3.05246574, 50.64294093], [3.05246579, 50.6429858], [3.05232466, 50.64298586], [3.05232475, 50.6430756], [3.05225419, 50.64307563], [3.05225423, 50.6431205], [3.05218367, 50.64312053], [3.05218371, 50.6431654], [3.05211315, 50.64316543], [3.05211324, 50.64325518], [3.05204267, 50.64325521], [3.05204272, 50.64330008], [3.05197215, 50.64330011], [3.0519722, 50.64334498], [3.05190163, 50.64334501], [3.05190168, 50.64338988], [3.05183111, 50.64338991], [3.05183102, 50.64330016], [3.05190159, 50.64330014], [3.0519015, 50.64321039], [3.05183093, 50.64321042], [3.05183088, 50.64316555], [3.05176032, 50.64316558], [3.05176027, 50.64312071], [3.0516897, 50.64312074], [3.05168975, 50.64316561], [3.05161918, 50.64316564], [3.05161928, 50.64325538], [3.05154871, 50.64325541], [3.05154876, 50.64330028], [3.05147819, 50.64330031], [3.05147833, 50.64343492], [3.05140776, 50.64343495], [3.05140781, 50.64347982], [3.05147837, 50.64347979], [3.05147842, 50.64352466], [3.05161955, 50.64352461], [3.05161951, 50.64347974], [3.05169007, 50.64347971], [3.05169017, 50.64356945], [3.0516196, 50.64356948], [3.05161965, 50.64361435], [3.05154908, 50.64361438], [3.05154917, 50.64370412], [3.0514786, 50.64370415], [3.05147865, 50.64374902], [3.05140808, 50.64374905], [3.05140813, 50.64379392], [3.05133756, 50.64379395], [3.05133761, 50.64383882], [3.05126704, 50.64383885], [3.05126709, 50.64388372], [3.05119652, 50.64388375], [3.05119656, 50.64392862], [3.051126, 50.64392865], [3.05112604, 50.64397352], [3.05105548, 50.64397355], [3.05105557, 50.64406329], [3.050985, 50.64406332], [3.05098505, 50.64410819], [3.05091448, 50.64410822], [3.05091457, 50.64419796], [3.050844, 50.64419799], [3.05084405, 50.64424286], [3.05070291, 50.64424291], [3.05070296, 50.64428779], [3.05063239, 50.64428781], [3.05063248, 50.64437756], [3.05056191, 50.64437758], [3.050562, 50.64446733], [3.05049143, 50.64446735], [3.05049148, 50.64451222], [3.05042091, 50.64451225], [3.050421, 50.64460199], [3.05035043, 50.64460202], [3.05035052, 50.64469176], [3.05027995, 50.64469179], [3.05028004, 50.64478153]]]}, "geometry_name": "geom", "properties": {"class": 1, "cat": "Inaccessible", "dep": "59"}}, {"type": "Feature", "id": "acces_porteur.8410989", "geometry": {"type": "Polygon", "coordinates": [[[3.04463297, 50.64298887], [3.0447741, 50.64298881], [3.04477402, 50.64289907], [3.04484459, 50.64289905], [3.04484455, 50.64285418], [3.04491511, 50.64285415], [3.04491507, 50.64280928], [3.04477394, 50.64280933], [3.04477398, 50.6428542], [3.04463285, 50.64285425], [3.04463297, 50.64298887]]]}, "geometry_name": "geom", "properties": {"class": 1, "cat": "Inaccessible", "dep": "59"}}, {"type": "Feature", "id": "acces_porteur.8410990", "geometry": {"type": "Polygon", "coordinates": [[[3.04569162, 50.64316796], [3.04583276, 50.64316791], [3.04583272, 50.64312304], [3.04590328, 50.64312301], [3.04590316, 50.6429884], [3.04576203, 50.64298845], [3.04576194, 50.64289871], [3.04583251, 50.64289869], [3.04583243, 50.64280895], [3.04562073, 50.64280902], [3.04562081, 50.64289876], [3.04555025, 50.64289879], [3.04555029, 50.64294366], [3.04547972, 50.64294369], [3.04547968, 50.64289882], [3.04540912, 50.64289884], [3.04540916, 50.64294371], [3.04533859, 50.64294374], [3.04533863, 50.64298861], [3.0454092, 50.64298858], [3.04540928, 50.64307833], [3.04547984, 50.6430783], [3.04547988, 50.64312317], [3.04569158, 50.64312309], [3.04569162, 50.64316796]]]}, "geometry_name": "geom", "properties": {"class": 4, "cat": "Accessible - Classe de d\u00e9bardage 2 : 250 - 500 m", "dep": "59"}}, {"type": "Feature", "id": "acces_porteur.8410991", "geometry": {"type": "Polygon", "coordinates": [[[3.04547968, 50.64289882], [3.04555025, 50.64289879], [3.04555017, 50.64280905], [3.0454796, 50.64280908], [3.04547968, 50.64289882]]]}, "geometry_name": "geom", "properties": {"class": 4, "cat": "Accessible - Classe de d\u00e9bardage 2 : 250 - 500 m", "dep": "59"}}, {"type": "Feature", "id": "acces_porteur.8410995", "geometry": {"type": "Polygon", "coordinates": [[[3.04555017, 50.64280905], [3.04562073, 50.64280902], [3.04562069, 50.64276415], [3.04555013, 50.64276418], [3.04555017, 50.64280905]]]}, "geometry_name": "geom", "properties": {"class": 4, "cat": "Accessible - Classe de d\u00e9bardage 2 : 250 - 500 m", "dep": "59"}}, {"type": "Feature", "id": "acces_porteur.8410999", "geometry": {"type": "Polygon", "coordinates": [[[3.04562069, 50.64276415], [3.04569126, 50.64276413], [3.04569122, 50.64271926], [3.04562065, 50.64271928], [3.04562069, 50.64276415]]]}, "geometry_name": "geom", "properties": {"class": 4, "cat": "Accessible - Classe de d\u00e9bardage 2 : 250 - 500 m", "dep": "59"}}, {"type": "Feature", "id": "acces_porteur.8411006", "geometry": {"type": "Polygon", "coordinates": [[[3.04569122, 50.64271926], [3.04576178, 50.64271923], [3.04576174, 50.64267436], [3.04569117, 50.64267439], [3.04569122, 50.64271926]]]}, "geometry_name": "geom", "properties": {"class": 4, "cat": "Accessible - Classe de d\u00e9bardage 2 : 250 - 500 m", "dep": "59"}}, {"type": "Feature", "id": "acces_porteur.8411010", "geometry": {"type": "Polygon", "coordinates": [[[3.0511973, 50.64464655], [3.05133843, 50.64464649], [3.05133839, 50.64460162], [3.05140896, 50.64460159], [3.05140891, 50.64455672], [3.05147948, 50.64455669], [3.05147939, 50.64446695], [3.05154995, 50.64446692], [3.05154991, 50.64442205], [3.05162048, 50.64442202], [3.05162043, 50.64437715], [3.051691, 50.64437712], [3.05169095, 50.64433225], [3.05176152, 50.64433222], [3.05176143, 50.64424248], [3.05169086, 50.64424251], [3.05169081, 50.64419764], [3.05176138, 50.64419761], [3.05176133, 50.64415274], [3.0518319, 50.64415271], [3.05183186, 50.64410784], [3.05190242, 50.64410781], [3.05190238, 50.64406294], [3.05197294, 50.64406291], [3.0519729, 50.64401804], [3.05204347, 50.64401801], [3.05204342, 50.64397314], [3.05211399, 50.64397311], [3.05211394, 50.64392824], [3.05218451, 50.64392821], [3.05218441, 50.64383847], [3.05225498, 50.64383844], [3.05225493, 50.64379356], [3.0523255, 50.64379354], [3.05232545, 50.64374866], [3.05239602, 50.64374863], [3.05239597, 50.64370376], [3.05246654, 50.64370373], [3.05246649, 50.64365886], [3.05253706, 50.64365883], [3.05253701, 50.64361396], [3.05260758, 50.64361393], [3.05260753, 50.64356906], [3.0526781, 50.64356903], [3.05267801, 50.64347929], [3.05274857, 50.64347926], [3.05274853, 50.64343439], [3.05281909, 50.64343436], [3.05281895, 50.64329975], [3.05288952, 50.64329972], [3.05288947, 50.64325485], [3.05296004, 50.64325482], [3.05295989, 50.64312021], [3.05303046, 50.64312018], [3.05303037, 50.64303043], [3.05288923, 50.64303049], [3.05288919, 50.64298562], [3.05281862, 50.64298565], [3.05281857, 50.64294078], [3.05303027, 50.64294069], [3.05303018, 50.64285095], [3.05310074, 50.64285092], [3.0531006, 50.64271631], [3.05303003, 50.64271634], [3.05302999, 50.64267147], [3.05288886, 50.64267153], [3.05288881, 50.64262666], [3.05281824, 50.64262669], [3.05281829, 50.64267156], [3.05267716, 50.64267162], [3.05267735, 50.6428511], [3.05260678, 50.64285113], [3.05260688, 50.64294087], [3.05253631, 50.6429409], [3.0525364, 50.64303064], [3.05246584, 50.64303067], [3.05246588, 50.64307554], [3.05239532, 50.64307557], [3.05239537, 50.64312045], [3.0523248, 50.64312047], [3.05232489, 50.64321022], [3.05225433, 50.64321025], [3.05225437, 50.64325512], [3.05218381, 50.64325515], [3.05218385, 50.64330002], [3.05211329, 50.64330005], [3.05211333, 50.64334492], [3.05204277, 50.64334495], [3.05204286, 50.64343469], [3.05197229, 50.64343472], [3.05197234, 50.64347959], [3.05190177, 50.64347962], [3.05190182, 50.64352449], [3.05183125, 50.64352452], [3.05183135, 50.64361426], [3.05176078, 50.64361429], [3.05176083, 50.64365916], [3.05169026, 50.64365919], [3.0516903, 50.64370406], [3.05161974, 50.64370409], [3.05161978, 50.64374896], [3.05154922, 50.64374899], [3.05154931, 50.64383873], [3.05147874, 50.64383876], [3.05147879, 50.64388363], [3.05140822, 50.64388366], [3.05140827, 50.64392853], [3.0513377, 50.64392856], [3.05133779, 50.6440183], [3.05126722, 50.64401833], [3.05126727, 50.6440632], [3.0511967, 50.64406323], [3.05119675, 50.6441081], [3.05112618, 50.64410813], [3.05112623, 50.644153], [3.05105566, 50.64415303], [3.05105575, 50.64424277], [3.05098518, 50.6442428], [3.05098523, 50.64428767], [3.05091466, 50.6442877], [3.05091471, 50.64433257], [3.05084414, 50.6443326], [3.05084423, 50.64442234], [3.05077366, 50.64442237], [3.05077371, 50.64446724], [3.05084427, 50.64446721], [3.05084432, 50.64451208], [3.05098546, 50.64451202], [3.0509855, 50.64455689], [3.05112664, 50.64455684], [3.05112668, 50.64460171], [3.05119725, 50.64460168], [3.0511973, 50.64464655]]]}, "geometry_name": "geom", "properties": {"class": 4, "cat": "Accessible - Classe de d\u00e9bardage 2 : 250 - 500 m", "dep": "59"}}, {"type": "Feature", "id": "acces_porteur.8411016", "geometry": {"type": "Polygon", "coordinates": [[[3.04138668, 50.64267589], [3.04145724, 50.64267587], [3.04145721, 50.642631], [3.04138664, 50.64263102], [3.04138668, 50.64267589]]]}, "geometry_name": "geom", "properties": {"class": 4, "cat": "Accessible - Classe de d\u00e9bardage 2 : 250 - 500 m", "dep": "59"}}, {"type": "Feature", "id": "acces_porteur.8411017", "geometry": {"type": "Polygon", "coordinates": [[[3.04576174, 50.64267436], [3.04583231, 50.64267433], [3.04583226, 50.64262946], [3.0457617, 50.64262949], [3.04576174, 50.64267436]]]}, "geometry_name": "geom", "properties": {"class": 5, "cat": "Accessible - Classe de d\u00e9bardage 3 : 500 - 1000 m", "dep": "59"}}, {"type": "Feature", "id": "acces_porteur.8411023", "geometry": {"type": "Polygon", "coordinates": [[[3.05303027, 50.64294069], [3.05324197, 50.6429406], [3.05324173, 50.64271625], [3.0533123, 50.64271622], [3.05331211, 50.64253674], [3.05324154, 50.64253677], [3.05324159, 50.64258164], [3.05317102, 50.64258167], [3.05317121, 50.64276115], [3.05310065, 50.64276118], [3.05310074, 50.64285092], [3.05303018, 50.64285095], [3.05303027, 50.64294069]]]}, "geometry_name": "geom", "properties": {"class": 1, "cat": "Inaccessible", "dep": "59"}}, {"type": "Feature", "id": "acces_porteur.8411027", "geometry": {"type": "Polygon", "coordinates": [[[3.0413866, 50.64258615], [3.04145717, 50.64258613], [3.04145713, 50.64254126], [3.04138657, 50.64254128], [3.0413866, 50.64258615]]]}, "geometry_name": "geom", "properties": {"class": 4, "cat": "Accessible - Classe de d\u00e9bardage 2 : 250 - 500 m", "dep": "59"}}, {"type": "Feature", "id": "acces_porteur.8411030", "geometry": {"type": "Polygon", "coordinates": [[[3.04110434, 50.64258625], [3.04117491, 50.64258622], [3.04117487, 50.64254135], [3.04138657, 50.64254128], [3.04138653, 50.64249641], [3.04110427, 50.64249651], [3.04110434, 50.64258625]]]}, "geometry_name": "geom", "properties": {"class": 4, "cat": "Accessible - Classe de d\u00e9bardage 2 : 250 - 500 m", "dep": "59"}}, {"type": "Feature", "id": "acces_porteur.8411044", "geometry": {"type": "Polygon", "coordinates": [[[3.04061028, 50.6424518], [3.04068084, 50.64245177], [3.04068081, 50.6424069], [3.04061024, 50.64240693], [3.04061028, 50.6424518]]]}, "geometry_name": "geom", "properties": {"class": 4, "cat": "Accessible - Classe de d\u00e9bardage 2 : 250 - 500 m", "dep": "59"}}, {"type": "Feature", "id": "acces_porteur.8411053", "geometry": {"type": "Polygon", "coordinates": [[[3.04053968, 50.64240695], [3.04061024, 50.64240693], [3.0406102, 50.64236206], [3.04053964, 50.64236208], [3.04053968, 50.64240695]]]}, "geometry_name": "geom", "properties": {"class": 4, "cat": "Accessible - Classe de d\u00e9bardage 2 : 250 - 500 m", "dep": "59"}}, {"type": "Feature", "id": "acces_porteur.8411105", "geometry": {"type": "Polygon", "coordinates": [[[3.05310065, 50.64276118], [3.05317121, 50.64276115], [3.05317102, 50.64258167], [3.05324159, 50.64258164], [3.05324154, 50.64253677], [3.05331211, 50.64253674], [3.05331163, 50.64208803], [3.05338219, 50.642088], [3.05338205, 50.64195338], [3.05331149, 50.64195342], [3.05331158, 50.64204316], [3.05324102, 50.64204319], [3.05324111, 50.64213293], [3.05317055, 50.64213296], [3.0531706, 50.64217783], [3.05302947, 50.64217789], [3.05302956, 50.64226763], [3.052959, 50.64226766], [3.05295909, 50.6423574], [3.05288852, 50.64235743], [3.05288867, 50.64249205], [3.0528181, 50.64249208], [3.0528182, 50.64258182], [3.05274763, 50.64258185], [3.05274772, 50.64267159], [3.05281829, 50.64267156], [3.05281824, 50.64262669], [3.05288881, 50.64262666], [3.05288886, 50.64267153], [3.05302999, 50.64267147], [3.05303003, 50.64271634], [3.0531006, 50.64271631], [3.05310065, 50.64276118]]]}, "geometry_name": "geom", "properties": {"class": 5, "cat": "Accessible - Classe de d\u00e9bardage 3 : 500 - 1000 m", "dep": "59"}}, {"type": "Feature", "id": "acces_porteur.8411152", "geometry": {"type": "Polygon", "coordinates": [[[3.04498584, 50.64303361], [3.04505641, 50.64303358], [3.04505633, 50.64294384], [3.04512689, 50.64294382], [3.04512685, 50.64289895], [3.04519742, 50.64289892], [3.04519718, 50.6426297], [3.04512661, 50.64262972], [3.04512649, 50.64249511], [3.04505592, 50.64249513], [3.04505588, 50.64245026], [3.04512645, 50.64245024], [3.04512641, 50.64240537], [3.04519697, 50.64240534], [3.04519693, 50.64236047], [3.04533806, 50.64236042], [3.04533802, 50.64231555], [3.04540859, 50.64231552], [3.04540855, 50.64227065], [3.04554968, 50.6422706], [3.04554964, 50.64222573], [3.0456202, 50.6422257], [3.04562016, 50.64218083], [3.04576129, 50.64218078], [3.04576125, 50.64213591], [3.04583181, 50.64213588], [3.04583177, 50.64209101], [3.0459729, 50.64209096], [3.04597286, 50.64204609], [3.04604343, 50.64204606], [3.04604339, 50.64200119], [3.04618451, 50.64200114], [3.04618447, 50.64195627], [3.04625504, 50.64195624], [3.046255, 50.64191137], [3.04639612, 50.64191132], [3.04639608, 50.64186645], [3.04660778, 50.64186637], [3.04660782, 50.64191124], [3.04667838, 50.64191121], [3.04667842, 50.64195609], [3.04674899, 50.64195606], [3.04674903, 50.64200093], [3.04689016, 50.64200088], [3.0468902, 50.64204575], [3.04738415, 50.64204556], [3.04738411, 50.64200069], [3.04766637, 50.64200058], [3.04766633, 50.64195571], [3.04787802, 50.64195563], [3.04787794, 50.64186589], [3.0479485, 50.64186586], [3.04794841, 50.64177612], [3.04773672, 50.6417762], [3.04773676, 50.64182107], [3.04745451, 50.64182118], [3.04745455, 50.64186605], [3.04724286, 50.64186613], [3.0472429, 50.641911], [3.0470312, 50.64191108], [3.04703116, 50.64186621], [3.0469606, 50.64186624], [3.04696056, 50.64182137], [3.04688999, 50.64182139], [3.04688995, 50.64177652], [3.04674882, 50.64177658], [3.04674878, 50.64173171], [3.04667822, 50.64173173], [3.04667817, 50.64168686], [3.04632535, 50.64168699], [3.04632539, 50.64173186], [3.04625483, 50.64173189], [3.04625487, 50.64177676], [3.04611374, 50.64177681], [3.04611378, 50.64182168], [3.04604322, 50.64182171], [3.04604326, 50.64186658], [3.04590213, 50.64186663], [3.04590217, 50.6419115], [3.04583161, 50.64191153], [3.04583165, 50.6419564], [3.04569052, 50.64195645], [3.04569056, 50.64200132], [3.04562, 50.64200135], [3.04562004, 50.64204622], [3.04547891, 50.64204627], [3.04547895, 50.64209114], [3.04540839, 50.64209117], [3.04540843, 50.64213604], [3.0452673, 50.64213609], [3.04526734, 50.64218096], [3.04519677, 50.64218099], [3.04519681, 50.64222586], [3.04505568, 50.64222591], [3.04505572, 50.64227078], [3.04498516, 50.64227081], [3.0449852, 50.64231568], [3.04484407, 50.64231573], [3.04484431, 50.64258495], [3.04491487, 50.64258493], [3.04491499, 50.64271954], [3.04498556, 50.64271951], [3.04498564, 50.64280926], [3.04491507, 50.64280928], [3.04491511, 50.64285415], [3.04484455, 50.64285418], [3.04484459, 50.64289905], [3.04477402, 50.64289907], [3.0447741, 50.64298881], [3.0449858, 50.64298874], [3.04498584, 50.64303361]]]}, "geometry_name": "geom", "properties": {"class": 2, "cat": "Zone non exploitable (pente trop \u00e9lev\u00e9e)", "dep": "59"}}, {"type": "Feature", "id": "acces_porteur.8411163", "geometry": {"type": "Polygon", "coordinates": [[[3.03545848, 50.64169057], [3.03552904, 50.64169055], [3.03552901, 50.64164568], [3.03545845, 50.6416457], [3.03545848, 50.64169057]]]}, "geometry_name": "geom", "properties": {"class": 1, "cat": "Inaccessible", "dep": "59"}}, {"type": "Feature", "id": "acces_porteur.8411167", "geometry": {"type": "Polygon", "coordinates": [[[3.03531732, 50.64164574], [3.03545845, 50.6416457], [3.03545842, 50.64160083], [3.03531729, 50.64160087], [3.03531732, 50.64164574]]]}, "geometry_name": "geom", "properties": {"class": 1, "cat": "Inaccessible", "dep": "59"}}, {"type": "Feature", "id": "acces_porteur.8411168", "geometry": {"type": "Polygon", "coordinates": [[[3.04780716, 50.64164156], [3.04787772, 50.64164153], [3.04787768, 50.64159666], [3.04780711, 50.64159669], [3.04780716, 50.64164156]]]}, "geometry_name": "geom", "properties": {"class": 2, "cat": "Zone non exploitable (pente trop \u00e9lev\u00e9e)", "dep": "59"}}, {"type": "Feature", "id": "acces_porteur.8411182", "geometry": {"type": "Polygon", "coordinates": [[[3.04773651, 50.64155185], [3.04780707, 50.64155182], [3.04780703, 50.64150695], [3.04773647, 50.64150698], [3.04773651, 50.64155185]]]}, "geometry_name": "geom", "properties": {"class": 2, "cat": "Zone non exploitable (pente trop \u00e9lev\u00e9e)", "dep": "59"}}, {"type": "Feature", "id": "acces_porteur.8411195", "geometry": {"type": "Polygon", "coordinates": [[[3.04766586, 50.64146213], [3.04773642, 50.6414621], [3.04773638, 50.64141723], [3.04766582, 50.64141726], [3.04766586, 50.64146213]]]}, "geometry_name": "geom", "properties": {"class": 2, "cat": "Zone non exploitable (pente trop \u00e9lev\u00e9e)", "dep": "59"}}, {"type": "Feature", "id": "acces_porteur.8411201", "geometry": {"type": "Polygon", "coordinates": [[[3.04759525, 50.64141729], [3.04766582, 50.64141726], [3.04766573, 50.64132752], [3.04759517, 50.64132755], [3.04759525, 50.64141729]]]}, "geometry_name": "geom", "properties": {"class": 2, "cat": "Zone non exploitable (pente trop \u00e9lev\u00e9e)", "dep": "59"}}, {"type": "Feature", "id": "acces_porteur.8411204", "geometry": {"type": "Polygon", "coordinates": [[[3.04491507, 50.64280928], [3.04498564, 50.64280926], [3.04498556, 50.64271951], [3.04491499, 50.64271954], [3.04491487, 50.64258493], [3.04484431, 50.64258495], [3.04484407, 50.64231573], [3.0449852, 50.64231568], [3.04498516, 50.64227081], [3.04505572, 50.64227078], [3.04505568, 50.64222591], [3.04519681, 50.64222586], [3.04519677, 50.64218099], [3.04526734, 50.64218096], [3.0452673, 50.64213609], [3.04540843, 50.64213604], [3.04540839, 50.64209117], [3.04547895, 50.64209114], [3.04547891, 50.64204627], [3.04562004, 50.64204622], [3.04562, 50.64200135], [3.04569056, 50.64200132], [3.04569052, 50.64195645], [3.04583165, 50.6419564], [3.04583161, 50.64191153], [3.04590217, 50.6419115], [3.04590213, 50.64186663], [3.04604326, 50.64186658], [3.04604322, 50.64182171], [3.04611378, 50.64182168], [3.04611374, 50.64177681], [3.04625487, 50.64177676], [3.04625483, 50.64173189], [3.04632539, 50.64173186], [3.04632535, 50.64168699], [3.04667817, 50.64168686], [3.04667822, 50.64173173], [3.04674878, 50.64173171], [3.04674882, 50.64177658], [3.04688995, 50.64177652], [3.04688999, 50.64182139], [3.04696056, 50.64182137], [3.0469606, 50.64186624], [3.04703116, 50.64186621], [3.0470312, 50.64191108], [3.0472429, 50.641911], [3.04724286, 50.64186613], [3.04745455, 50.64186605], [3.04745451, 50.64182118], [3.04773676, 50.64182107], [3.04773672, 50.6417762], [3.04794841, 50.64177612], [3.04794833, 50.64168638], [3.04787776, 50.6416864], [3.04787772, 50.64164153], [3.04780716, 50.64164156], [3.04780707, 50.64155182], [3.04773651, 50.64155185], [3.04773642, 50.6414621], [3.04766586, 50.64146213], [3.04766582, 50.64141726], [3.04759525, 50.64141729], [3.04759517, 50.64132755], [3.0475246, 50.64132757], [3.04752456, 50.6412827], [3.04738343, 50.64128276], [3.04738348, 50.64132763], [3.04731291, 50.64132765], [3.047313, 50.6414174], [3.04738356, 50.64141737], [3.0473836, 50.64146224], [3.04731304, 50.64146227], [3.04731317, 50.64159688], [3.04738373, 50.64159685], [3.04738377, 50.64164172], [3.04724264, 50.64164178], [3.04724273, 50.64173152], [3.04703104, 50.6417316], [3.04703099, 50.64168673], [3.04696043, 50.64168675], [3.04696039, 50.64164188], [3.04688982, 50.64164191], [3.04688974, 50.64155217], [3.04674861, 50.64155222], [3.04674849, 50.64141761], [3.04646623, 50.64141772], [3.04646627, 50.64146259], [3.04639571, 50.64146261], [3.04639575, 50.64150748], [3.04632519, 50.64150751], [3.04632511, 50.64141777], [3.04611341, 50.64141785], [3.04611354, 50.64155246], [3.0461841, 50.64155243], [3.04618414, 50.6415973], [3.04604301, 50.64159736], [3.04604306, 50.64164223], [3.04597249, 50.64164225], [3.04597253, 50.64168712], [3.0458314, 50.64168718], [3.04583149, 50.64177692], [3.04561979, 50.641777], [3.04561988, 50.64186674], [3.04547875, 50.64186679], [3.04547879, 50.64191166], [3.04519653, 50.64191176], [3.04519657, 50.64195663], [3.04512601, 50.64195666], [3.04512605, 50.64200153], [3.04505548, 50.64200156], [3.04505552, 50.64204643], [3.04498496, 50.64204645], [3.044985, 50.64209132], [3.0447733, 50.6420914], [3.04477334, 50.64213627], [3.04470278, 50.6421363], [3.04470282, 50.64218117], [3.04463225, 50.64218119], [3.04463229, 50.64222606], [3.04456173, 50.64222609], [3.04456181, 50.64231583], [3.04463237, 50.6423158], [3.04463253, 50.64249529], [3.0447031, 50.64249526], [3.04470322, 50.64262987], [3.04477378, 50.64262985], [3.0447739, 50.64276446], [3.04491503, 50.64276441], [3.04491507, 50.64280928]]]}, "geometry_name": "geom", "properties": {"class": 1, "cat": "Inaccessible", "dep": "59"}}, {"type": "Feature", "id": "acces_porteur.8411208", "geometry": {"type": "Polygon", "coordinates": [[[3.0475246, 50.64132757], [3.04759517, 50.64132755], [3.04759512, 50.64128268], [3.04752456, 50.6412827], [3.0475246, 50.64132757]]]}, "geometry_name": "geom", "properties": {"class": 2, "cat": "Zone non exploitable (pente trop \u00e9lev\u00e9e)", "dep": "59"}}, {"type": "Feature", "id": "acces_porteur.8411281", "geometry": {"type": "Polygon", "coordinates": [[[3.04018559, 50.64083659], [3.04025616, 50.64083656], [3.04025612, 50.64079169], [3.04032668, 50.64079167], [3.04032661, 50.64070193], [3.04039717, 50.6407019], [3.04039714, 50.64065703], [3.0404677, 50.64065701], [3.04046766, 50.64061214], [3.04053823, 50.64061212], [3.04053815, 50.64052237], [3.04060872, 50.64052235], [3.04060868, 50.64047748], [3.04039699, 50.64047755], [3.04039692, 50.64038781], [3.03997355, 50.64038795], [3.03997362, 50.64047769], [3.03990306, 50.64047771], [3.03990323, 50.64070206], [3.04004436, 50.64070202], [3.0400444, 50.64074689], [3.04011496, 50.64074687], [3.04011499, 50.64079174], [3.04018556, 50.64079171], [3.04018559, 50.64083659]]]}, "geometry_name": "geom", "properties": {"class": 4, "cat": "Accessible - Classe de d\u00e9bardage 2 : 250 - 500 m", "dep": "59"}}, {"type": "Feature", "id": "acces_porteur.8411294", "geometry": {"type": "Polygon", "coordinates": [[[3.04724146, 50.64038539], [3.04731203, 50.64038537], [3.04731198, 50.6403405], [3.04724142, 50.64034052], [3.04724146, 50.64038539]]]}, "geometry_name": "geom", "properties": {"class": 6, "cat": "Accessible - Classe de d\u00e9bardage 4 : 1000 - 1500 m", "dep": "59"}}, {"type": "Feature", "id": "acces_porteur.8411305", "geometry": {"type": "Polygon", "coordinates": [[[3.03891574, 50.64119596], [3.03912743, 50.64119589], [3.03912736, 50.64110615], [3.0390568, 50.64110617], [3.03905676, 50.6410613], [3.0389862, 50.64106132], [3.03898616, 50.64101645], [3.0389156, 50.64101647], [3.03891556, 50.6409716], [3.03877444, 50.64097165], [3.0387744, 50.64092678], [3.03870384, 50.6409268], [3.03870381, 50.64088193], [3.03863324, 50.64088195], [3.03863321, 50.64083708], [3.03849208, 50.64083712], [3.03849205, 50.64079225], [3.03842149, 50.64079227], [3.03842145, 50.6407474], [3.03828033, 50.64074745], [3.03828029, 50.64070258], [3.03820973, 50.6407026], [3.03820969, 50.64065773], [3.03849194, 50.64065764], [3.03849191, 50.64061277], [3.03863304, 50.64061272], [3.038633, 50.64056785], [3.03884469, 50.64056779], [3.03884465, 50.64052292], [3.03905634, 50.64052285], [3.03905631, 50.64047798], [3.03926799, 50.64047791], [3.03926796, 50.64043304], [3.03940908, 50.640433], [3.03940905, 50.64038813], [3.03962074, 50.64038806], [3.03962084, 50.64052267], [3.0396914, 50.64052265], [3.03969147, 50.64061239], [3.03962091, 50.64061241], [3.03962095, 50.64065728], [3.03947982, 50.64065733], [3.03947986, 50.6407022], [3.03940929, 50.64070222], [3.03940933, 50.64074709], [3.03933877, 50.64074712], [3.0393388, 50.64079199], [3.03926824, 50.64079201], [3.03926827, 50.64083688], [3.03919771, 50.6408369], [3.03919775, 50.64088177], [3.03926831, 50.64088175], [3.03926838, 50.64097149], [3.03933894, 50.64097147], [3.03933905, 50.64110608], [3.03948018, 50.64110604], [3.03948014, 50.64106117], [3.0395507, 50.64106114], [3.03955056, 50.64088166], [3.03948, 50.64088168], [3.03947996, 50.64083681], [3.03955053, 50.64083679], [3.03955049, 50.64079192], [3.03969162, 50.64079187], [3.03969158, 50.640747], [3.03976214, 50.64074698], [3.03976211, 50.64070211], [3.03990323, 50.64070206], [3.03990306, 50.64047771], [3.03983249, 50.64047773], [3.03983242, 50.64038799], [3.03976186, 50.64038801], [3.03976179, 50.64029827], [3.03969123, 50.64029829], [3.03969119, 50.64025342], [3.03933838, 50.64025354], [3.03933842, 50.64029841], [3.03912673, 50.64029847], [3.03912676, 50.64034334], [3.03898564, 50.64034339], [3.03898567, 50.64038826], [3.03877399, 50.64038833], [3.03877402, 50.6404332], [3.03856234, 50.64043326], [3.03856237, 50.64047813], [3.03835068, 50.6404782], [3.03835072, 50.64052307], [3.03820959, 50.64052311], [3.03820963, 50.64056798], [3.03799794, 50.64056805], [3.03799797, 50.64061292], [3.03792741, 50.64061294], [3.03792748, 50.64070268], [3.03799804, 50.64070266], [3.03799807, 50.64074753], [3.03806864, 50.64074751], [3.03806867, 50.64079238], [3.03813923, 50.64079236], [3.03813927, 50.64083723], [3.03820983, 50.64083721], [3.03820986, 50.64088208], [3.03835099, 50.64088204], [3.03835103, 50.64092691], [3.03842159, 50.64092689], [3.03842162, 50.64097176], [3.03856275, 50.64097171], [3.03856278, 50.64101658], [3.03863335, 50.64101656], [3.03863338, 50.64106143], [3.03877451, 50.64106139], [3.03877454, 50.64110626], [3.03884511, 50.64110624], [3.03884514, 50.64115111], [3.0389157, 50.64115109], [3.03891574, 50.64119596]]]}, "geometry_name": "geom", "properties": {"class": 1, "cat": "Inaccessible", "dep": "59"}}, {"type": "Feature", "id": "acces_porteur.8411320", "geometry": {"type": "Polygon", "coordinates": [[[3.0401151, 50.64092635], [3.04032679, 50.64092628], [3.04032675, 50.64088141], [3.04039732, 50.64088139], [3.04039725, 50.64079165], [3.04046781, 50.64079162], [3.04046774, 50.64070188], [3.0405383, 50.64070186], [3.04053826, 50.64065699], [3.04060883, 50.64065696], [3.04060879, 50.64061209], [3.04067935, 50.64061207], [3.04067917, 50.64038772], [3.04060861, 50.64038774], [3.04060857, 50.64034287], [3.04053801, 50.64034289], [3.04053797, 50.64029802], [3.04046741, 50.64029804], [3.04046734, 50.6402083], [3.04039678, 50.64020832], [3.04039674, 50.64016345], [3.04025562, 50.6401635], [3.04025572, 50.64029811], [3.04032629, 50.64029809], [3.04032632, 50.64034296], [3.04046745, 50.64034291], [3.04046748, 50.64038779], [3.04053805, 50.64038776], [3.04053812, 50.6404775], [3.04060868, 50.64047748], [3.04060872, 50.64052235], [3.04053815, 50.64052237], [3.04053823, 50.64061212], [3.04046766, 50.64061214], [3.0404677, 50.64065701], [3.04039714, 50.64065703], [3.04039717, 50.6407019], [3.04032661, 50.64070193], [3.04032668, 50.64079167], [3.04025612, 50.64079169], [3.04025616, 50.64083656], [3.04018559, 50.64083659], [3.04018563, 50.64088146], [3.04011507, 50.64088148], [3.0401151, 50.64092635]]]}, "geometry_name": "geom", "properties": {"class": 1, "cat": "Inaccessible", "dep": "59"}}, {"type": "Feature", "id": "acces_porteur.8411336", "geometry": {"type": "Polygon", "coordinates": [[[3.0358114, 50.64182508], [3.03588196, 50.64182506], [3.03588193, 50.64178019], [3.03602306, 50.64178015], [3.03602296, 50.64164554], [3.0359524, 50.64164556], [3.03595223, 50.6414212], [3.0360228, 50.64142118], [3.03602277, 50.64137631], [3.03609333, 50.64137629], [3.0360932, 50.64119681], [3.03602264, 50.64119683], [3.03602257, 50.64110709], [3.03595201, 50.64110711], [3.03595195, 50.64101737], [3.03588138, 50.64101739], [3.03588129, 50.64088278], [3.03581072, 50.6408828], [3.03581069, 50.64083792], [3.03566957, 50.64083797], [3.0356696, 50.64088284], [3.03545791, 50.6408829], [3.03545794, 50.64092777], [3.03531681, 50.64092781], [3.03531685, 50.64097268], [3.03524628, 50.6409727], [3.03524631, 50.64101757], [3.03503462, 50.64101763], [3.03503459, 50.64097276], [3.03496403, 50.64097278], [3.034964, 50.64092791], [3.03503456, 50.64092789], [3.03503441, 50.64070353], [3.03510497, 50.64070351], [3.03510491, 50.64061377], [3.03517547, 50.64061375], [3.03517544, 50.64056888], [3.035246, 50.64056886], [3.03524594, 50.64047912], [3.0353165, 50.6404791], [3.03531637, 50.64029962], [3.03538693, 50.6402996], [3.0353869, 50.64025472], [3.03545746, 50.6402547], [3.03545737, 50.64012009], [3.03538681, 50.64012011], [3.03538678, 50.64007524], [3.03531621, 50.64007526], [3.03531618, 50.64003039], [3.03517506, 50.64003043], [3.03517509, 50.6400753], [3.0349634, 50.64007536], [3.03496337, 50.64003049], [3.03461056, 50.64003059], [3.03461066, 50.6401652], [3.03432841, 50.64016528], [3.03432847, 50.64025502], [3.0344696, 50.64025498], [3.03446975, 50.64047934], [3.03439919, 50.64047936], [3.03439922, 50.64052423], [3.03432865, 50.64052425], [3.03432872, 50.64061399], [3.03439928, 50.64061397], [3.0343994, 50.64079345], [3.03446996, 50.64079343], [3.03447, 50.6408383], [3.03454056, 50.64083828], [3.03454059, 50.64088316], [3.03439946, 50.64088319], [3.03439949, 50.64092807], [3.03432893, 50.64092808], [3.03432896, 50.64097296], [3.03447009, 50.64097292], [3.03447012, 50.64101779], [3.03454068, 50.64101777], [3.03454071, 50.64106264], [3.03447015, 50.64106266], [3.03447024, 50.64119727], [3.03439968, 50.64119729], [3.03439974, 50.64128703], [3.03418805, 50.64128709], [3.03418796, 50.64115248], [3.03411739, 50.6411525], [3.03411742, 50.64119737], [3.03404686, 50.64119739], [3.03404689, 50.64124226], [3.0338352, 50.64124232], [3.03383517, 50.64119745], [3.03369404, 50.64119748], [3.03369401, 50.64115261], [3.03355289, 50.64115265], [3.03355286, 50.64110778], [3.03341173, 50.64110782], [3.03341176, 50.64115269], [3.0333412, 50.64115271], [3.03334123, 50.64119758], [3.03327066, 50.6411976], [3.03327072, 50.64128734], [3.03341185, 50.6412873], [3.03341188, 50.64133217], [3.03348244, 50.64133215], [3.03348247, 50.64137702], [3.0336236, 50.64137699], [3.03362363, 50.64142186], [3.03376476, 50.64142182], [3.03376479, 50.64146669], [3.03411761, 50.64146659], [3.03411758, 50.64142172], [3.0342587, 50.64142168], [3.03425867, 50.64137681], [3.0343998, 50.64137677], [3.03439983, 50.64142164], [3.03432927, 50.64142166], [3.03432942, 50.64164602], [3.03461168, 50.64164594], [3.03461165, 50.64160107], [3.03468221, 50.64160105], [3.03468224, 50.64164592], [3.03475281, 50.6416459], [3.03475284, 50.64169077], [3.0348234, 50.64169075], [3.03482343, 50.64173562], [3.03524682, 50.6417355], [3.03524675, 50.64164576], [3.03531732, 50.64164574], [3.03531729, 50.64160087], [3.03545842, 50.64160083], [3.03545845, 50.6416457], [3.03552901, 50.64164568], [3.03552904, 50.64169055], [3.03567017, 50.64169051], [3.0356702, 50.64173538], [3.03574077, 50.64173536], [3.0357408, 50.64178023], [3.03581136, 50.64178021], [3.0358114, 50.64182508]]]}, "geometry_name": "geom", "properties": {"class": 3, "cat": "Accessible - Classe de d\u00e9bardage 1 : 0 - 250 m", "dep": "59"}}, {"type": "Feature", "id": "acces_porteur.8411351", "geometry": {"type": "Polygon", "coordinates": [[[3.04406978, 50.64451467], [3.04442262, 50.64451454], [3.04442258, 50.64446967], [3.04449315, 50.64446965], [3.04449311, 50.64442478], [3.04463425, 50.64442473], [3.04463421, 50.64437986], [3.04470478, 50.64437983], [3.04470474, 50.64433496], [3.0447753, 50.64433493], [3.04477526, 50.64429006], [3.04484583, 50.64429004], [3.04484579, 50.64424517], [3.04491636, 50.64424514], [3.04491628, 50.6441554], [3.04498685, 50.64415538], [3.04498681, 50.64411051], [3.04505737, 50.64411048], [3.04505733, 50.64406561], [3.0451279, 50.64406558], [3.04512786, 50.64402071], [3.04519843, 50.64402069], [3.04519839, 50.64397582], [3.04526895, 50.64397579], [3.04526891, 50.64393092], [3.04533948, 50.64393089], [3.0453394, 50.64384115], [3.04540997, 50.64384113], [3.04540993, 50.64379626], [3.04548049, 50.64379623], [3.04548045, 50.64375136], [3.04555102, 50.64375133], [3.04555098, 50.64370646], [3.04562155, 50.64370644], [3.04562151, 50.64366157], [3.04569207, 50.64366154], [3.04569199, 50.6435718], [3.04576256, 50.64357177], [3.04576252, 50.6435269], [3.04583308, 50.64352688], [3.04583304, 50.64348201], [3.04590361, 50.64348198], [3.04590353, 50.64339224], [3.04597409, 50.64339221], [3.04597405, 50.64334734], [3.04583292, 50.64334739], [3.04583288, 50.64330252], [3.04590345, 50.6433025], [3.04590336, 50.64321276], [3.0458328, 50.64321278], [3.04583276, 50.64316791], [3.04569162, 50.64316796], [3.04569158, 50.64312309], [3.04547988, 50.64312317], [3.04547984, 50.6430783], [3.04526815, 50.64307838], [3.04526811, 50.64303351], [3.04533867, 50.64303348], [3.04533859, 50.64294374], [3.04540916, 50.64294371], [3.04540912, 50.64289884], [3.04547968, 50.64289882], [3.0454796, 50.64280908], [3.04555017, 50.64280905], [3.04555013, 50.64276418], [3.04562069, 50.64276415], [3.04562065, 50.64271928], [3.04569122, 50.64271926], [3.04569117, 50.64267439], [3.04576174, 50.64267436], [3.0457617, 50.64262949], [3.04590283, 50.64262944], [3.04590279, 50.64258457], [3.04597335, 50.64258454], [3.04597331, 50.64253967], [3.04611444, 50.64253962], [3.0461144, 50.64249475], [3.04618497, 50.64249472], [3.04618493, 50.64244985], [3.04625549, 50.64244982], [3.04625545, 50.64240495], [3.04639658, 50.6424049], [3.04639654, 50.64236003], [3.04653767, 50.64235998], [3.04653763, 50.6423151], [3.04674932, 50.64231503], [3.04674928, 50.64227015], [3.04710211, 50.64227002], [3.04710219, 50.64235976], [3.04703163, 50.64235979], [3.04703167, 50.64240466], [3.04681997, 50.64240474], [3.04682001, 50.64244961], [3.04674945, 50.64244964], [3.0467497, 50.64271886], [3.04667913, 50.64271889], [3.0466793, 50.64289837], [3.0464676, 50.64289845], [3.04646756, 50.64285358], [3.046397, 50.64285361], [3.04639695, 50.64280874], [3.04618526, 50.64280881], [3.0461853, 50.64285369], [3.0459736, 50.64285376], [3.04597356, 50.64280889], [3.04583243, 50.64280895], [3.04583251, 50.64289869], [3.04576194, 50.64289871], [3.04576203, 50.64298845], [3.04590316, 50.6429884], [3.04590328, 50.64312301], [3.04611498, 50.64312294], [3.04611502, 50.64316781], [3.04639729, 50.6431677], [3.04639733, 50.64321257], [3.04660903, 50.64321249], [3.04660907, 50.64325736], [3.04667963, 50.64325734], [3.04667959, 50.64321247], [3.04703242, 50.64321233], [3.04703247, 50.6432572], [3.04710303, 50.64325718], [3.04710299, 50.64321231], [3.04724412, 50.64321225], [3.04724416, 50.64325712], [3.0473853, 50.64325707], [3.04738525, 50.6432122], [3.04759695, 50.64321212], [3.04759687, 50.64312238], [3.0475263, 50.6431224], [3.04752626, 50.64307753], [3.04738513, 50.64307759], [3.04738509, 50.64303272], [3.04731452, 50.64303274], [3.04731448, 50.64298787], [3.04724391, 50.6429879], [3.04724387, 50.64294303], [3.0471733, 50.64294306], [3.04717297, 50.64258409], [3.0473141, 50.64258404], [3.04731405, 50.64253917], [3.04759632, 50.64253906], [3.04759627, 50.64249419], [3.04766684, 50.64249416], [3.04766675, 50.64240442], [3.04773732, 50.64240439], [3.04773728, 50.64235952], [3.04780784, 50.64235949], [3.04780776, 50.64226975], [3.04773719, 50.64226978], [3.04773706, 50.64213517], [3.04780763, 50.64213514], [3.04780771, 50.64222488], [3.04787828, 50.64222485], [3.04787836, 50.6423146], [3.04794893, 50.64231457], [3.04794901, 50.64240431], [3.04823127, 50.6424042], [3.04823119, 50.64231446], [3.04830175, 50.64231443], [3.0483018, 50.6423593], [3.04844293, 50.64235925], [3.04844297, 50.64240412], [3.04830184, 50.64240417], [3.04830188, 50.64244904], [3.04816075, 50.6424491], [3.04816105, 50.64276319], [3.04823162, 50.64276317], [3.04823166, 50.64280804], [3.04844336, 50.64280795], [3.04844345, 50.6428977], [3.04851401, 50.64289767], [3.0485141, 50.64298741], [3.04865523, 50.64298735], [3.04865519, 50.64294248], [3.04872575, 50.64294246], [3.04872571, 50.64289759], [3.04879627, 50.64289756], [3.04879623, 50.64285269], [3.04907849, 50.64285258], [3.04907845, 50.64280771], [3.04929015, 50.64280762], [3.0492901, 50.64276275], [3.04964293, 50.64276261], [3.04964289, 50.64271774], [3.04992515, 50.64271763], [3.0499251, 50.64267276], [3.05020737, 50.64267264], [3.05020732, 50.64262777], [3.05048958, 50.64262766], [3.05048954, 50.64258279], [3.05063067, 50.64258273], [3.05063062, 50.64253786], [3.05070119, 50.64253783], [3.0507011, 50.64244809], [3.05034827, 50.64244823], [3.05034823, 50.64240336], [3.05048936, 50.6424033], [3.05048927, 50.64231356], [3.05027757, 50.64231365], [3.05027753, 50.64226878], [3.05020696, 50.6422688], [3.05020687, 50.64217906], [3.05013631, 50.64217909], [3.05013626, 50.64213422], [3.04992457, 50.64213431], [3.04992448, 50.64204456], [3.04985392, 50.64204459], [3.04985387, 50.64199972], [3.04978331, 50.64199975], [3.04978326, 50.64195488], [3.0497127, 50.64195491], [3.04971261, 50.64186517], [3.04964204, 50.64186519], [3.04964196, 50.64177545], [3.04957139, 50.64177548], [3.0495713, 50.64168574], [3.04950074, 50.64168577], [3.04950069, 50.6416409], [3.04943013, 50.64164093], [3.04943009, 50.64159605], [3.04935952, 50.64159608], [3.04935943, 50.64150634], [3.04928887, 50.64150637], [3.04928883, 50.6414615], [3.04921826, 50.64146153], [3.04921822, 50.64141666], [3.04907709, 50.64141671], [3.04907705, 50.64137184], [3.04893592, 50.6413719], [3.04893596, 50.64141677], [3.0488654, 50.64141679], [3.04886531, 50.64132705], [3.04879475, 50.64132708], [3.04879471, 50.64128221], [3.04872414, 50.64128224], [3.04872405, 50.6411925], [3.04865349, 50.64119252], [3.0486534, 50.64110278], [3.04858284, 50.64110281], [3.0485828, 50.64105794], [3.04865336, 50.64105791], [3.04865332, 50.64101304], [3.04872388, 50.64101301], [3.04872384, 50.64096814], [3.0487944, 50.64096811], [3.04879436, 50.64092324], [3.04886492, 50.64092322], [3.04886466, 50.64065399], [3.04879409, 50.64065402], [3.04879401, 50.64056428], [3.04872344, 50.6405643], [3.0487234, 50.64051943], [3.04865284, 50.64051946], [3.04865275, 50.64042972], [3.04872331, 50.64042969], [3.04872323, 50.64033995], [3.04879379, 50.64033992], [3.04879366, 50.64020531], [3.0487231, 50.64020534], [3.04872301, 50.64011559], [3.04865245, 50.64011562], [3.0486524, 50.64007075], [3.04844072, 50.64007083], [3.04844068, 50.64002596], [3.04822899, 50.64002605], [3.04822895, 50.63998118], [3.04801726, 50.63998126], [3.0480173, 50.64002613], [3.04794674, 50.64002616], [3.0479467, 50.63998128], [3.04787614, 50.63998131], [3.0478761, 50.63993644], [3.04773497, 50.6399365], [3.04773493, 50.63989162], [3.04745268, 50.63989173], [3.04745281, 50.64002635], [3.04752337, 50.64002632], [3.04752346, 50.64011606], [3.04759402, 50.64011603], [3.04759406, 50.6401609], [3.04773519, 50.64016085], [3.04773523, 50.64020572], [3.04780579, 50.64020569], [3.04780583, 50.64025056], [3.04787639, 50.64025054], [3.04787644, 50.64029541], [3.047947, 50.64029538], [3.04794704, 50.64034025], [3.0480176, 50.64034022], [3.04801765, 50.6403851], [3.04787652, 50.64038515], [3.04787648, 50.64034028], [3.04780592, 50.64034031], [3.04780596, 50.64038518], [3.04752371, 50.64038529], [3.04752375, 50.64043016], [3.04745319, 50.64043018], [3.04745332, 50.6405648], [3.04759444, 50.64056474], [3.04759453, 50.64065448], [3.04766509, 50.64065446], [3.04766513, 50.64069933], [3.0477357, 50.6406993], [3.04773578, 50.64078904], [3.04780635, 50.64078901], [3.04780643, 50.64087876], [3.04787699, 50.64087873], [3.04787704, 50.6409236], [3.0479476, 50.64092357], [3.04794764, 50.64096844], [3.04808877, 50.64096839], [3.04808898, 50.64119274], [3.04815955, 50.64119272], [3.04815968, 50.64132733], [3.04823024, 50.6413273], [3.04823028, 50.64137217], [3.04830085, 50.64137214], [3.04830102, 50.64155163], [3.04844215, 50.64155157], [3.04844219, 50.64159644], [3.04851275, 50.64159642], [3.04851306, 50.64191051], [3.04844249, 50.64191054], [3.04844258, 50.64200028], [3.04830145, 50.64200034], [3.04830149, 50.64204521], [3.04816036, 50.64204526], [3.04816028, 50.64195552], [3.04801915, 50.64195557], [3.04801911, 50.6419107], [3.04794854, 50.64191073], [3.04794859, 50.6419556], [3.04766633, 50.64195571], [3.04766637, 50.64200058], [3.04738411, 50.64200069], [3.04738415, 50.64204556], [3.0468902, 50.64204575], [3.04689016, 50.64200088], [3.04674903, 50.64200093], [3.04674899, 50.64195606], [3.04667842, 50.64195609], [3.04667838, 50.64191121], [3.04660782, 50.64191124], [3.04660778, 50.64186637], [3.04639608, 50.64186645], [3.04639612, 50.64191132], [3.046255, 50.64191137], [3.04625504, 50.64195624], [3.04618447, 50.64195627], [3.04618451, 50.64200114], [3.04604339, 50.64200119], [3.04604343, 50.64204606], [3.04597286, 50.64204609], [3.0459729, 50.64209096], [3.04583177, 50.64209101], [3.04583181, 50.64213588], [3.04576125, 50.64213591], [3.04576129, 50.64218078], [3.04562016, 50.64218083], [3.0456202, 50.6422257], [3.04554964, 50.64222573], [3.04554968, 50.6422706], [3.04540855, 50.64227065], [3.04540859, 50.64231552], [3.04533802, 50.64231555], [3.04533806, 50.64236042], [3.04519693, 50.64236047], [3.04519697, 50.64240534], [3.04512641, 50.64240537], [3.04512645, 50.64245024], [3.04505588, 50.64245026], [3.04505592, 50.64249513], [3.04512649, 50.64249511], [3.04512661, 50.64262972], [3.04519718, 50.6426297], [3.04519742, 50.64289892], [3.04512685, 50.64289895], [3.04512689, 50.64294382], [3.04505633, 50.64294384], [3.04505641, 50.64303358], [3.04512697, 50.64303356], [3.04512705, 50.6431233], [3.04505649, 50.64312332], [3.04505653, 50.6431682], [3.04498596, 50.64316822], [3.044986, 50.64321309], [3.04491544, 50.64321312], [3.04491548, 50.64325799], [3.04484491, 50.64325801], [3.04484499, 50.64334775], [3.04491556, 50.64334773], [3.0449156, 50.6433926], [3.04484503, 50.64339263], [3.04484507, 50.6434375], [3.0447745, 50.64343752], [3.04477454, 50.64348239], [3.04470398, 50.64348242], [3.04470402, 50.64352729], [3.04463345, 50.64352731], [3.04463349, 50.64357218], [3.04456292, 50.64357221], [3.04456296, 50.64361708], [3.04435126, 50.64361716], [3.0443511, 50.64343767], [3.04449224, 50.64343762], [3.0444922, 50.64339275], [3.04420993, 50.64339285], [3.04420989, 50.64334798], [3.04413933, 50.64334801], [3.04413929, 50.64330314], [3.04406872, 50.64330316], [3.04406864, 50.64321342], [3.04399807, 50.64321345], [3.04399804, 50.64316857], [3.04392747, 50.6431686], [3.04392743, 50.64312373], [3.04385686, 50.64312375], [3.04385682, 50.64307888], [3.04378626, 50.64307891], [3.04378622, 50.64303404], [3.04371565, 50.64303406], [3.04371561, 50.64298919], [3.04357448, 50.64298924], [3.04357452, 50.64303411], [3.04350396, 50.64303414], [3.04350392, 50.64298927], [3.04343335, 50.64298929], [3.04343331, 50.64294442], [3.04336275, 50.64294444], [3.04336267, 50.6428547], [3.0432921, 50.64285473], [3.04329206, 50.64280986], [3.04308037, 50.64280993], [3.04308029, 50.64272019], [3.04300972, 50.64272021], [3.04300965, 50.64263047], [3.04286852, 50.64263052], [3.04286844, 50.64254078], [3.04279787, 50.6425408], [3.04279784, 50.64249593], [3.04272727, 50.64249596], [3.04272723, 50.64245109], [3.04265667, 50.64245111], [3.04265663, 50.64240624], [3.04258606, 50.64240626], [3.04258603, 50.64236139], [3.0424449, 50.64236144], [3.04244486, 50.64231657], [3.04237429, 50.6423166], [3.04237426, 50.64227172], [3.04230369, 50.64227175], [3.04230365, 50.64222688], [3.04223309, 50.6422269], [3.04223301, 50.64213716], [3.04188019, 50.64213728], [3.04188015, 50.64209241], [3.04159789, 50.6420925], [3.04159785, 50.64204763], [3.04145673, 50.64204768], [3.04145669, 50.64200281], [3.04124499, 50.64200288], [3.04124496, 50.64195801], [3.04110383, 50.64195806], [3.04110372, 50.64182344], [3.04103315, 50.64182347], [3.04103312, 50.6417786], [3.04075086, 50.64177869], [3.04075082, 50.64173382], [3.04053913, 50.64173389], [3.0405391, 50.64168902], [3.04046853, 50.64168904], [3.04046842, 50.64155443], [3.04053899, 50.6415544], [3.04053891, 50.64146466], [3.04060948, 50.64146464], [3.04060944, 50.64141977], [3.04068001, 50.64141975], [3.04068004, 50.64146462], [3.04075061, 50.64146459], [3.04075053, 50.64137485], [3.0408211, 50.64137483], [3.04082106, 50.64132996], [3.04089162, 50.64132993], [3.04089159, 50.64128506], [3.04096215, 50.64128504], [3.04096208, 50.6411953], [3.04103264, 50.64119528], [3.0410326, 50.6411504], [3.04110317, 50.64115038], [3.04110313, 50.64110551], [3.04103257, 50.64110553], [3.04103249, 50.64101579], [3.04124418, 50.64101572], [3.04124415, 50.64097085], [3.04131471, 50.64097083], [3.04131467, 50.64092596], [3.04138524, 50.64092593], [3.04138501, 50.64065671], [3.04145558, 50.64065668], [3.04145535, 50.64038746], [3.04124367, 50.64038753], [3.04124382, 50.64056701], [3.04117325, 50.64056704], [3.04117329, 50.64061191], [3.04110273, 50.64061193], [3.04110269, 50.64056706], [3.04096157, 50.64056711], [3.0409616, 50.64061198], [3.04089104, 50.640612], [3.04089108, 50.64065687], [3.04082051, 50.6406569], [3.04082055, 50.64070177], [3.04060886, 50.64070184], [3.04060897, 50.64083645], [3.04053841, 50.64083647], [3.04053848, 50.64092621], [3.04046792, 50.64092624], [3.04046799, 50.64101598], [3.04039743, 50.641016], [3.0403975, 50.64110574], [3.04032693, 50.64110577], [3.0403269, 50.64106089], [3.04025634, 50.64106092], [3.04025637, 50.64110579], [3.04018581, 50.64110581], [3.04018592, 50.64124042], [3.03997423, 50.64124049], [3.0399743, 50.64133023], [3.03990373, 50.64133026], [3.03990355, 50.6411059], [3.03997412, 50.64110588], [3.03997405, 50.64101614], [3.03990348, 50.64101616], [3.03990352, 50.64106103], [3.03983296, 50.64106105], [3.03983299, 50.64110592], [3.03976243, 50.64110595], [3.03976246, 50.64115082], [3.0396919, 50.64115084], [3.03969197, 50.64124058], [3.03962141, 50.6412406], [3.03962148, 50.64133035], [3.03955092, 50.64133037], [3.03955099, 50.64142011], [3.03940986, 50.64142016], [3.03940989, 50.64146503], [3.03926877, 50.64146507], [3.0392688, 50.64150994], [3.03919824, 50.64150996], [3.03919827, 50.64155483], [3.03912771, 50.64155486], [3.03912774, 50.64159973], [3.03905718, 50.64159975], [3.03905725, 50.64168949], [3.03898668, 50.64168951], [3.03898675, 50.64177926], [3.03905732, 50.64177923], [3.03905742, 50.64191385], [3.03912799, 50.64191382], [3.03912802, 50.64195869], [3.03919859, 50.64195867], [3.03919862, 50.64200354], [3.03926919, 50.64200352], [3.03926922, 50.64204839], [3.03941035, 50.64204835], [3.03941039, 50.64209322], [3.03955152, 50.64209317], [3.03955155, 50.64213804], [3.03976325, 50.64213798], [3.03976328, 50.64218285], [3.03997498, 50.64218278], [3.03997501, 50.64222765], [3.04011614, 50.6422276], [3.04011618, 50.64227247], [3.04025731, 50.64227243], [3.04025734, 50.6423173], [3.04046904, 50.64231723], [3.04046907, 50.6423621], [3.0406102, 50.64236206], [3.04061024, 50.64240693], [3.04075137, 50.64240688], [3.04075141, 50.64245175], [3.0409631, 50.64245168], [3.04096314, 50.64249655], [3.04138653, 50.64249641], [3.04138657, 50.64254128], [3.04145713, 50.64254126], [3.0414578, 50.64334893], [3.04152837, 50.64334891], [3.0415284, 50.64339378], [3.04166954, 50.64339373], [3.0416695, 50.64334886], [3.04195177, 50.64334877], [3.04195173, 50.6433039], [3.04216343, 50.64330382], [3.04216339, 50.64325895], [3.04237509, 50.64325888], [3.04237505, 50.64321401], [3.04265732, 50.64321391], [3.04265735, 50.64325878], [3.04272792, 50.64325876], [3.042728, 50.6433485], [3.04279856, 50.64334848], [3.0427986, 50.64339335], [3.04286917, 50.64339332], [3.04286924, 50.64348306], [3.04293981, 50.64348304], [3.04293989, 50.64357278], [3.04301045, 50.64357276], [3.04301049, 50.64361763], [3.04308106, 50.6436176], [3.04308114, 50.64370734], [3.0431517, 50.64370732], [3.04315174, 50.64375219], [3.04322231, 50.64375217], [3.04322235, 50.64379704], [3.04329291, 50.64379701], [3.04329299, 50.64388675], [3.04336356, 50.64388673], [3.0433636, 50.6439316], [3.04343417, 50.64393158], [3.04343424, 50.64402132], [3.04350481, 50.64402129], [3.04350485, 50.64406616], [3.04357542, 50.64406614], [3.04357546, 50.64411101], [3.04364602, 50.64411098], [3.0436461, 50.64420072], [3.04371667, 50.6442007], [3.04371671, 50.64424557], [3.04378728, 50.64424555], [3.04378735, 50.64433529], [3.04385792, 50.64433526], [3.04385796, 50.64438013], [3.04392853, 50.64438011], [3.04392857, 50.64442498], [3.04399914, 50.64442495], [3.04399918, 50.64446982], [3.04406974, 50.6444698], [3.04406978, 50.64451467]], [[3.04406963, 50.64433519], [3.04406959, 50.64429032], [3.04399902, 50.64429034], [3.0439989, 50.64415573], [3.04414004, 50.64415568], [3.04414019, 50.64433516], [3.04406963, 50.64433519]], [[3.04484567, 50.64411056], [3.04484563, 50.64406569], [3.0449162, 50.64406566], [3.04491624, 50.64411053], [3.04484567, 50.64411056]], [[3.04371655, 50.64406609], [3.04371651, 50.64402122], [3.04364595, 50.64402124], [3.04364587, 50.6439315], [3.0435753, 50.64393153], [3.04357518, 50.64379691], [3.04343405, 50.64379696], [3.04343397, 50.64370722], [3.0433634, 50.64370725], [3.04336329, 50.64357263], [3.04329272, 50.64357266], [3.04329268, 50.64352779], [3.04322212, 50.64352781], [3.04322208, 50.64348294], [3.04315151, 50.64348297], [3.04315147, 50.6434381], [3.04308091, 50.64343812], [3.04308087, 50.64339325], [3.0430103, 50.64339327], [3.04301026, 50.6433484], [3.04315139, 50.64334835], [3.04315136, 50.64330348], [3.04322192, 50.64330346], [3.04322196, 50.64334833], [3.04329253, 50.64334831], [3.04329261, 50.64343805], [3.04336317, 50.64343802], [3.04336321, 50.64348289], [3.04343378, 50.64348287], [3.04343382, 50.64352774], [3.04350438, 50.64352771], [3.04350454, 50.6437072], [3.04371624, 50.64370712], [3.04371628, 50.64375199], [3.04364571, 50.64375202], [3.04364575, 50.64379689], [3.04371632, 50.64379686], [3.0437164, 50.64388661], [3.04385753, 50.64388656], [3.04385769, 50.64406604], [3.04371655, 50.64406609]], [[3.0449162, 50.64406566], [3.04491616, 50.64402079], [3.04498673, 50.64402076], [3.04498677, 50.64406563], [3.0449162, 50.64406566]], [[3.04498673, 50.64402076], [3.04498665, 50.64393102], [3.04505721, 50.643931], [3.04505729, 50.64402074], [3.04498673, 50.64402076]], [[3.04512778, 50.64393097], [3.0451277, 50.64384123], [3.04519827, 50.6438412], [3.04519823, 50.64379633], [3.04526879, 50.64379631], [3.04526887, 50.64388605], [3.04519831, 50.64388608], [3.04519835, 50.64393095], [3.04512778, 50.64393097]], [[3.04166946, 50.64330399], [3.04166942, 50.64325912], [3.04159886, 50.64325914], [3.04159878, 50.6431694], [3.04166935, 50.64316938], [3.04166939, 50.64321425], [3.04173995, 50.64321423], [3.04173999, 50.6432591], [3.04181056, 50.64325907], [3.04181059, 50.64330394], [3.04166946, 50.64330399]], [[3.04195169, 50.64325902], [3.04195165, 50.64321415], [3.04202222, 50.64321413], [3.04202226, 50.643259], [3.04195169, 50.64325902]], [[3.04286905, 50.64325871], [3.04286901, 50.64321384], [3.04293958, 50.64321382], [3.04293962, 50.64325869], [3.04286905, 50.64325871]], [[3.04209279, 50.64321411], [3.04209275, 50.64316924], [3.04223388, 50.64316919], [3.04223392, 50.64321406], [3.04209279, 50.64321411]], [[3.04230448, 50.64321403], [3.04230445, 50.64316916], [3.04237501, 50.64316914], [3.04237505, 50.64321401], [3.04230448, 50.64321403]], [[3.04279845, 50.64321386], [3.04279841, 50.64316899], [3.04272784, 50.64316902], [3.04272777, 50.64307928], [3.04293947, 50.6430792], [3.0429395, 50.64312407], [3.04286894, 50.6431241], [3.04286901, 50.64321384], [3.04279845, 50.64321386]], [[3.04237501, 50.64316914], [3.04237497, 50.64312427], [3.04258667, 50.6431242], [3.04258671, 50.64316907], [3.04237501, 50.64316914]], [[3.04159838, 50.64267582], [3.04159823, 50.64249634], [3.04152766, 50.64249636], [3.04152755, 50.64236175], [3.04159812, 50.64236173], [3.04159804, 50.64227199], [3.04173917, 50.64227194], [3.04173925, 50.64236168], [3.04166868, 50.6423617], [3.04166894, 50.6426758], [3.04159838, 50.64267582]], [[3.03969265, 50.64209313], [3.03969261, 50.64204826], [3.03955148, 50.6420483], [3.03955145, 50.64200343], [3.03976314, 50.64200336], [3.03976321, 50.64209311], [3.03969265, 50.64209313]], [[3.03926915, 50.64195865], [3.03926912, 50.64191378], [3.03919855, 50.6419138], [3.03919852, 50.64186893], [3.03912795, 50.64186895], [3.03912788, 50.64177921], [3.03919845, 50.64177919], [3.03919838, 50.64168945], [3.03926894, 50.64168943], [3.03926891, 50.64164455], [3.03941003, 50.64164451], [3.03941, 50.64159964], [3.03948056, 50.64159962], [3.03948053, 50.64155475], [3.03955109, 50.64155472], [3.03955102, 50.64146498], [3.03969215, 50.64146494], [3.03969204, 50.64133032], [3.03990373, 50.64133026], [3.03990377, 50.64137513], [3.03983321, 50.64137515], [3.03983324, 50.64142002], [3.03976268, 50.64142004], [3.03976275, 50.64150978], [3.03969218, 50.64150981], [3.03969222, 50.64155468], [3.03962166, 50.6415547], [3.03962169, 50.64159957], [3.03955113, 50.64159959], [3.03955116, 50.64164446], [3.0394806, 50.64164449], [3.03948063, 50.64168936], [3.03941007, 50.64168938], [3.03941014, 50.64177912], [3.03933958, 50.64177914], [3.03933968, 50.64191376], [3.03941025, 50.64191373], [3.03941028, 50.64195861], [3.03926915, 50.64195865]]]}, "geometry_name": "geom", "properties": {"class": 1, "cat": "Inaccessible", "dep": "59"}}, {"type": "Feature", "id": "acces_porteur.8411354", "geometry": {"type": "Polygon", "coordinates": [[[3.05253631, 50.6429409], [3.05260688, 50.64294087], [3.05260678, 50.64285113], [3.05267735, 50.6428511], [3.05267716, 50.64267162], [3.05274772, 50.64267159], [3.05274763, 50.64258185], [3.0528182, 50.64258182], [3.0528181, 50.64249208], [3.05288867, 50.64249205], [3.05288852, 50.64235743], [3.05295909, 50.6423574], [3.052959, 50.64226766], [3.05302956, 50.64226763], [3.05302947, 50.64217789], [3.0531706, 50.64217783], [3.05317055, 50.64213296], [3.05324111, 50.64213293], [3.05324102, 50.64204319], [3.05331158, 50.64204316], [3.05331149, 50.64195342], [3.05338205, 50.64195338], [3.05338143, 50.64137006], [3.05345199, 50.64137003], [3.05345109, 50.64051749], [3.05352165, 50.64051746], [3.05352146, 50.64033797], [3.0534509, 50.640338], [3.05345066, 50.64011365], [3.05352122, 50.64011362], [3.05352108, 50.63997901], [3.05345051, 50.63997904], [3.05345042, 50.6398893], [3.0533093, 50.63988936], [3.05330925, 50.63984449], [3.053027, 50.63984461], [3.05302705, 50.63988948], [3.05281536, 50.63988957], [3.05281607, 50.64056263], [3.05274551, 50.64056266], [3.05274617, 50.64119085], [3.05281673, 50.64119082], [3.05281683, 50.64128056], [3.05274626, 50.64128059], [3.05274631, 50.64132547], [3.05267575, 50.6413255], [3.05267636, 50.64190882], [3.05260579, 50.64190885], [3.05260594, 50.64204346], [3.0526765, 50.64204343], [3.05267664, 50.64217804], [3.05260608, 50.64217807], [3.05260645, 50.64253704], [3.05253589, 50.64253707], [3.05253631, 50.6429409]]]}, "geometry_name": "geom", "properties": {"class": 1, "cat": "Inaccessible", "dep": "59"}}, {"type": "Feature", "id": "acces_porteur.8411359", "geometry": {"type": "Polygon", "coordinates": [[[3.04004372, 50.63989434], [3.04011428, 50.63989432], [3.04011424, 50.63984945], [3.04004368, 50.63984947], [3.04004372, 50.63989434]]]}, "geometry_name": "geom", "properties": {"class": 4, "cat": "Accessible - Classe de d\u00e9bardage 2 : 250 - 500 m", "dep": "59"}}, {"type": "Feature", "id": "acces_porteur.8411365", "geometry": {"type": "Polygon", "coordinates": [[[3.047241, 50.63989181], [3.04731156, 50.63989179], [3.04731143, 50.63975717], [3.04724087, 50.6397572], [3.047241, 50.63989181]]]}, "geometry_name": "geom", "properties": {"class": 5, "cat": "Accessible - Classe de d\u00e9bardage 3 : 500 - 1000 m", "dep": "59"}}, {"type": "Feature", "id": "acces_porteur.8411390", "geometry": {"type": "Polygon", "coordinates": [[[3.04618249, 50.63980247], [3.04639418, 50.63980239], [3.04639401, 50.63962291], [3.04632345, 50.63962293], [3.04632341, 50.63957806], [3.04625285, 50.63957809], [3.04625281, 50.63953322], [3.04604112, 50.6395333], [3.04604125, 50.63966791], [3.04611181, 50.63966788], [3.04611185, 50.63971275], [3.04618241, 50.63971273], [3.04618249, 50.63980247]]]}, "geometry_name": "geom", "properties": {"class": 2, "cat": "Zone non exploitable (pente trop \u00e9lev\u00e9e)", "dep": "59"}}, {"type": "Feature", "id": "acces_porteur.8411403", "geometry": {"type": "Polygon", "coordinates": [[[3.04766424, 50.63975704], [3.0477348, 50.63975701], [3.04773476, 50.63971214], [3.04780532, 50.63971211], [3.04780502, 50.63939802], [3.04773446, 50.63939804], [3.04773442, 50.63935317], [3.04752274, 50.63935325], [3.0475229, 50.63953274], [3.04759347, 50.63953271], [3.04759359, 50.63966732], [3.04766415, 50.6396673], [3.04766424, 50.63975704]]]}, "geometry_name": "geom", "properties": {"class": 1, "cat": "Inaccessible", "dep": "59"}}, {"type": "Feature", "id": "acces_porteur.8411404", "geometry": {"type": "Polygon", "coordinates": [[[3.04350085, 50.63944447], [3.04371253, 50.6394444], [3.04371241, 50.63930978], [3.04350073, 50.63930986], [3.04350085, 50.63944447]]]}, "geometry_name": "geom", "properties": {"class": 2, "cat": "Zone non exploitable (pente trop \u00e9lev\u00e9e)", "dep": "59"}}, {"type": "Feature", "id": "acces_porteur.8411432", "geometry": {"type": "Polygon", "coordinates": [[[3.04343013, 50.63926501], [3.04364181, 50.63926494], [3.04364169, 50.63913032], [3.04357113, 50.63913035], [3.04357117, 50.63917522], [3.04350061, 50.63917524], [3.04350065, 50.63922012], [3.04343009, 50.63922014], [3.04343013, 50.63926501]]]}, "geometry_name": "geom", "properties": {"class": 2, "cat": "Zone non exploitable (pente trop \u00e9lev\u00e9e)", "dep": "59"}}, {"type": "Feature", "id": "acces_porteur.8411446", "geometry": {"type": "Polygon", "coordinates": [[[3.04632432, 50.64056522], [3.04653601, 50.64056514], [3.04653596, 50.64052027], [3.0464654, 50.6405203], [3.04646528, 50.64038569], [3.04639472, 50.64038571], [3.04639459, 50.6402511], [3.04632403, 50.64025113], [3.04632386, 50.64007164], [3.0462533, 50.64007167], [3.04625318, 50.63993706], [3.04632374, 50.63993703], [3.0463237, 50.63989216], [3.04639426, 50.63989213], [3.04639422, 50.63984726], [3.04653534, 50.63984721], [3.0465353, 50.63980234], [3.04660586, 50.63980231], [3.04660582, 50.63975744], [3.04674694, 50.63975739], [3.0467469, 50.63971252], [3.04681746, 50.63971249], [3.04681692, 50.63912917], [3.04660524, 50.63912925], [3.04660528, 50.63917412], [3.04632304, 50.63917422], [3.04632308, 50.63921909], [3.04604083, 50.6392192], [3.04604088, 50.63926407], [3.04589975, 50.63926412], [3.04589979, 50.63930899], [3.04582923, 50.63930902], [3.04582936, 50.63944363], [3.04561767, 50.63944371], [3.04561755, 50.6393091], [3.04568811, 50.63930907], [3.04568799, 50.63917446], [3.04575855, 50.63917443], [3.04575851, 50.63912956], [3.04561739, 50.63912961], [3.04561743, 50.63917448], [3.04526463, 50.63917461], [3.04526459, 50.63912974], [3.04498234, 50.63912985], [3.0449823, 50.63908497], [3.04434726, 50.6390852], [3.04434722, 50.63904033], [3.04427666, 50.63904036], [3.0442767, 50.63908523], [3.04406502, 50.6390853], [3.04406498, 50.63904043], [3.04378274, 50.63904053], [3.04378282, 50.63913027], [3.04364169, 50.63913032], [3.04364181, 50.63926494], [3.04343013, 50.63926501], [3.04343009, 50.63922014], [3.04335953, 50.63922016], [3.04335957, 50.63926504], [3.04328901, 50.63926506], [3.04328905, 50.63930993], [3.04307736, 50.63931], [3.0430774, 50.63935488], [3.04300684, 50.6393549], [3.04300711, 50.639669], [3.04307767, 50.63966897], [3.04307771, 50.63971384], [3.04314827, 50.63971382], [3.04314831, 50.63975869], [3.04350112, 50.63975857], [3.04350108, 50.6397137], [3.04357164, 50.63971367], [3.0435716, 50.6396688], [3.04364216, 50.63966878], [3.04364236, 50.63989313], [3.04385404, 50.63989306], [3.043854, 50.63984818], [3.04441849, 50.63984798], [3.04441846, 50.63980311], [3.04448902, 50.63980309], [3.04448898, 50.63975822], [3.0446301, 50.63975817], [3.04463006, 50.6397133], [3.04477118, 50.63971324], [3.04477126, 50.63980299], [3.04484182, 50.63980296], [3.04484186, 50.63984783], [3.04561804, 50.63984755], [3.04561808, 50.63989242], [3.04582977, 50.63989234], [3.04582973, 50.63984747], [3.04590029, 50.63984744], [3.04590053, 50.64011667], [3.0459711, 50.64011664], [3.04597122, 50.64025126], [3.04604178, 50.64025123], [3.04604186, 50.64034097], [3.04611242, 50.64034095], [3.04611255, 50.64047556], [3.04632424, 50.64047548], [3.04632432, 50.64056522]], [[3.04618249, 50.63980247], [3.04618241, 50.63971273], [3.04611185, 50.63971275], [3.04611181, 50.63966788], [3.04604125, 50.63966791], [3.04604112, 50.6395333], [3.04625281, 50.63953322], [3.04625285, 50.63957809], [3.04632341, 50.63957806], [3.04632345, 50.63962293], [3.04639401, 50.63962291], [3.04639418, 50.63980239], [3.04618249, 50.63980247]], [[3.04350085, 50.63944447], [3.04350073, 50.63930986], [3.04371241, 50.63930978], [3.04371253, 50.6394444], [3.04350085, 50.63944447]]]}, "geometry_name": "geom", "properties": {"class": 1, "cat": "Inaccessible", "dep": "59"}}, {"type": "Feature", "id": "acces_porteur.8411458", "geometry": {"type": "Polygon", "coordinates": [[[3.04434726, 50.6390852], [3.0449823, 50.63908497], [3.04498226, 50.6390401], [3.04484114, 50.63904015], [3.0448411, 50.63899528], [3.04427662, 50.63899549], [3.04427666, 50.63904036], [3.04434722, 50.63904033], [3.04434726, 50.6390852]]]}, "geometry_name": "geom", "properties": {"class": 5, "cat": "Accessible - Classe de d\u00e9bardage 3 : 500 - 1000 m", "dep": "59"}}, {"type": "Feature", "id": "acces_porteur.8411461", "geometry": {"type": "Polygon", "coordinates": [[[3.0464654, 50.6405203], [3.04667709, 50.64052022], [3.04667696, 50.64038561], [3.0466064, 50.64038563], [3.04660624, 50.64020615], [3.04653567, 50.64020618], [3.04653547, 50.63998182], [3.04660603, 50.63998179], [3.04660599, 50.63993692], [3.04674711, 50.63993687], [3.04674707, 50.639892], [3.04688819, 50.63989195], [3.04688815, 50.63984708], [3.04695871, 50.63984705], [3.04695867, 50.63980218], [3.04702923, 50.63980215], [3.04702852, 50.63903935], [3.04695795, 50.63903937], [3.04695787, 50.63894963], [3.04667563, 50.63894974], [3.04667567, 50.63899461], [3.04653455, 50.63899466], [3.04653459, 50.63903953], [3.04625235, 50.63903964], [3.04625239, 50.63908451], [3.04597015, 50.63908461], [3.04597019, 50.63912948], [3.04575851, 50.63912956], [3.04575855, 50.63917443], [3.04568799, 50.63917446], [3.04568811, 50.63930907], [3.04561755, 50.6393091], [3.04561767, 50.63944371], [3.04582936, 50.63944363], [3.04582923, 50.63930902], [3.04589979, 50.63930899], [3.04589975, 50.63926412], [3.04604088, 50.63926407], [3.04604083, 50.6392192], [3.04632308, 50.63921909], [3.04632304, 50.63917422], [3.04660528, 50.63917412], [3.04660524, 50.63912925], [3.04681692, 50.63912917], [3.04681746, 50.63971249], [3.0467469, 50.63971252], [3.04674694, 50.63975739], [3.04660582, 50.63975744], [3.04660586, 50.63980231], [3.0465353, 50.63980234], [3.04653534, 50.63984721], [3.04639422, 50.63984726], [3.04639426, 50.63989213], [3.0463237, 50.63989216], [3.04632374, 50.63993703], [3.04625318, 50.63993706], [3.0462533, 50.64007167], [3.04632386, 50.64007164], [3.04632403, 50.64025113], [3.04639459, 50.6402511], [3.04639472, 50.64038571], [3.04646528, 50.64038569], [3.0464654, 50.6405203]]]}, "geometry_name": "geom", "properties": {"class": 2, "cat": "Zone non exploitable (pente trop \u00e9lev\u00e9e)", "dep": "59"}}, {"type": "Feature", "id": "acces_porteur.8411471", "geometry": {"type": "Polygon", "coordinates": [[[3.04604063, 50.63899484], [3.04611119, 50.63899482], [3.04611115, 50.63894995], [3.04604059, 50.63894997], [3.04604063, 50.63899484]]]}, "geometry_name": "geom", "properties": {"class": 1, "cat": "Inaccessible", "dep": "59"}}, {"type": "Feature", "id": "acces_porteur.8411472", "geometry": {"type": "Polygon", "coordinates": [[[3.04660511, 50.63899463], [3.04667567, 50.63899461], [3.04667563, 50.63894974], [3.04660507, 50.63894976], [3.04660511, 50.63899463]]]}, "geometry_name": "geom", "properties": {"class": 1, "cat": "Inaccessible", "dep": "59"}}, {"type": "Feature", "id": "acces_porteur.8411477", "geometry": {"type": "Polygon", "coordinates": [[[3.04949817, 50.63908326], [3.04956873, 50.63908323], [3.04956869, 50.63903836], [3.04963925, 50.63903833], [3.04963916, 50.63894859], [3.0495686, 50.63894862], [3.04956856, 50.63890374], [3.04942744, 50.6389038], [3.04942752, 50.63899354], [3.04949808, 50.63899351], [3.04949817, 50.63908326]]]}, "geometry_name": "geom", "properties": {"class": 1, "cat": "Inaccessible", "dep": "59"}}, {"type": "Feature", "id": "acces_porteur.8411478", "geometry": {"type": "Polygon", "coordinates": [[[3.04625227, 50.63894989], [3.04639339, 50.63894984], [3.04639335, 50.63890497], [3.04625223, 50.63890502], [3.04625227, 50.63894989]]]}, "geometry_name": "geom", "properties": {"class": 1, "cat": "Inaccessible", "dep": "59"}}, {"type": "Feature", "id": "acces_porteur.8411483", "geometry": {"type": "Polygon", "coordinates": [[[3.04667709, 50.64052022], [3.04710046, 50.64052006], [3.04710042, 50.64047519], [3.04724155, 50.64047513], [3.04724087, 50.6397572], [3.04717031, 50.63975723], [3.04717014, 50.63957774], [3.0472407, 50.63957772], [3.04724015, 50.63899439], [3.04716959, 50.63899442], [3.04716955, 50.63894955], [3.04702843, 50.6389496], [3.04702839, 50.63890473], [3.04695783, 50.63890476], [3.04695779, 50.63885989], [3.04667555, 50.63885999], [3.04667563, 50.63894974], [3.04695787, 50.63894963], [3.04695795, 50.63903937], [3.04702852, 50.63903935], [3.04702923, 50.63980215], [3.04695867, 50.63980218], [3.04695871, 50.63984705], [3.04688815, 50.63984708], [3.04688819, 50.63989195], [3.04674707, 50.639892], [3.04674711, 50.63993687], [3.04660599, 50.63993692], [3.04660603, 50.63998179], [3.04653547, 50.63998182], [3.04653567, 50.64020618], [3.04660624, 50.64020615], [3.0466064, 50.64038563], [3.04667696, 50.64038561], [3.04667709, 50.64052022]]]}, "geometry_name": "geom", "properties": {"class": 1, "cat": "Inaccessible", "dep": "59"}}, {"type": "Feature", "id": "acces_porteur.8411525", "geometry": {"type": "Polygon", "coordinates": [[[3.04773484, 50.63980188], [3.04787597, 50.63980183], [3.04787592, 50.63975696], [3.04822873, 50.63975682], [3.04822869, 50.63971195], [3.04858149, 50.63971181], [3.04858141, 50.63962207], [3.04851085, 50.6396221], [3.0485108, 50.63957723], [3.04829912, 50.63957731], [3.04829908, 50.63953244], [3.04815795, 50.63953249], [3.04815791, 50.63948762], [3.04794623, 50.6394877], [3.04794619, 50.63944283], [3.04787562, 50.63944286], [3.04787554, 50.63935312], [3.0479461, 50.63935309], [3.04794606, 50.63930822], [3.04808718, 50.63930817], [3.04808714, 50.63926329], [3.0481577, 50.63926327], [3.04815765, 50.6392184], [3.04822821, 50.63921837], [3.04822813, 50.63912863], [3.04815757, 50.63912865], [3.04815748, 50.63903891], [3.04808692, 50.63903894], [3.04808688, 50.63899407], [3.04801632, 50.6389941], [3.04801606, 50.63872487], [3.04808662, 50.63872484], [3.04808653, 50.6386351], [3.04801597, 50.63863513], [3.04801593, 50.63859026], [3.04808649, 50.63859023], [3.04808641, 50.63850049], [3.04794529, 50.63850054], [3.04794533, 50.63854541], [3.04787477, 50.63854544], [3.04787473, 50.63850057], [3.04780417, 50.6385006], [3.04780472, 50.63908392], [3.04773416, 50.63908395], [3.04773429, 50.63921856], [3.04759317, 50.63921861], [3.0475933, 50.63935323], [3.04773442, 50.63935317], [3.04773446, 50.63939804], [3.04780502, 50.63939802], [3.04780532, 50.63971211], [3.04773476, 50.63971214], [3.04773484, 50.63980188]]]}, "geometry_name": "geom", "properties": {"class": 6, "cat": "Accessible - Classe de d\u00e9bardage 4 : 1000 - 1500 m", "dep": "59"}}, {"type": "Feature", "id": "acces_porteur.8411528", "geometry": {"type": "Polygon", "coordinates": [[[3.04589914, 50.63859106], [3.0459697, 50.63859103], [3.04596962, 50.63850129], [3.04589906, 50.63850132], [3.04589914, 50.63859106]]]}, "geometry_name": "geom", "properties": {"class": 1, "cat": "Inaccessible", "dep": "59"}}, {"type": "Feature", "id": "acces_porteur.8411533", "geometry": {"type": "Polygon", "coordinates": [[[3.03940884, 50.6401189], [3.03954996, 50.64011886], [3.03954985, 50.63998424], [3.03947929, 50.63998427], [3.03947922, 50.63989452], [3.03940866, 50.63989455], [3.03940863, 50.63984967], [3.03933806, 50.6398497], [3.03933799, 50.63975996], [3.03926743, 50.63975998], [3.03926736, 50.63967024], [3.0391968, 50.63967026], [3.03919677, 50.63962539], [3.03926733, 50.63962536], [3.03926729, 50.63958049], [3.03947898, 50.63958043], [3.03947894, 50.63953556], [3.03976118, 50.63953547], [3.03976115, 50.63949059], [3.03997283, 50.63949053], [3.0399728, 50.63944566], [3.04011392, 50.63944561], [3.04011388, 50.63940074], [3.04053725, 50.6394006], [3.04053721, 50.63935573], [3.04060777, 50.63935571], [3.04060774, 50.63931084], [3.0406783, 50.63931081], [3.04067815, 50.63913133], [3.04060759, 50.63913135], [3.04060748, 50.63899674], [3.04053692, 50.63899676], [3.04053685, 50.63890702], [3.04060741, 50.638907], [3.04060737, 50.63886213], [3.04088961, 50.63886203], [3.04088932, 50.63850307], [3.04081876, 50.63850309], [3.04081873, 50.63845822], [3.04074817, 50.63845824], [3.0407482, 50.63850311], [3.04004261, 50.63850334], [3.04004264, 50.63854821], [3.03961928, 50.63854835], [3.03961943, 50.63872783], [3.03968999, 50.63872781], [3.03969006, 50.63881755], [3.03976062, 50.63881753], [3.03976069, 50.63890727], [3.03983125, 50.63890725], [3.03983132, 50.63899699], [3.03990188, 50.63899697], [3.03990195, 50.63908671], [3.03997251, 50.63908669], [3.03997258, 50.63917643], [3.04004314, 50.63917641], [3.04004321, 50.63926615], [3.04011378, 50.63926613], [3.04011381, 50.639311], [3.03997269, 50.63931104], [3.03997273, 50.63935591], [3.03969048, 50.639356], [3.03969052, 50.63940088], [3.03940827, 50.63940097], [3.03940831, 50.63944584], [3.0390555, 50.63944595], [3.03905554, 50.63949082], [3.03891442, 50.63949086], [3.03891459, 50.63971522], [3.03898515, 50.6397152], [3.03898519, 50.63976007], [3.03905575, 50.63976004], [3.03905578, 50.63980492], [3.03912634, 50.63980489], [3.03912641, 50.63989464], [3.03919698, 50.63989461], [3.03919701, 50.63993948], [3.03926757, 50.63993946], [3.03926764, 50.6400292], [3.0393382, 50.64002918], [3.03933824, 50.64007405], [3.0394088, 50.64007403], [3.03940884, 50.6401189]]]}, "geometry_name": "geom", "properties": {"class": 1, "cat": "Inaccessible", "dep": "59"}}, {"type": "Feature", "id": "acces_porteur.8411556", "geometry": {"type": "Polygon", "coordinates": [[[3.0464723, 50.64796882], [3.04675459, 50.64796872], [3.04675455, 50.64792385], [3.04696626, 50.64792377], [3.04696622, 50.6478789], [3.04717794, 50.64787882], [3.04717786, 50.64778908], [3.04724843, 50.64778905], [3.04724834, 50.64769931], [3.04731892, 50.64769928], [3.04731883, 50.64760954], [3.04717769, 50.64760959], [3.04717744, 50.64734037], [3.04724801, 50.64734035], [3.04724796, 50.64729547], [3.04745968, 50.64729539], [3.04745943, 50.64702617], [3.04753, 50.64702614], [3.04752987, 50.64689153], [3.04760044, 50.64689151], [3.04760031, 50.64675689], [3.04767089, 50.64675687], [3.0476708, 50.64666713], [3.04774137, 50.6466671], [3.04774129, 50.64657736], [3.04767072, 50.64657739], [3.04767067, 50.64653252], [3.04774124, 50.64653249], [3.04774116, 50.64644275], [3.04767059, 50.64644277], [3.04767054, 50.6463979], [3.04759997, 50.64639793], [3.04759985, 50.64626332], [3.04774099, 50.64626327], [3.04774094, 50.64621839], [3.04781152, 50.64621837], [3.04781126, 50.64594914], [3.04774069, 50.64594917], [3.0477406, 50.64585943], [3.04759946, 50.64585948], [3.04759938, 50.64576974], [3.04752881, 50.64576977], [3.04752877, 50.6457249], [3.04731706, 50.64572498], [3.0473171, 50.64576985], [3.04710539, 50.64576993], [3.04710552, 50.64590454], [3.04703495, 50.64590457], [3.04703503, 50.64599431], [3.04696446, 50.64599434], [3.04696454, 50.64608408], [3.04689397, 50.64608411], [3.04689406, 50.64617385], [3.0470352, 50.64617379], [3.04703524, 50.64621866], [3.04710581, 50.64621864], [3.04710585, 50.64626351], [3.04717642, 50.64626348], [3.04717647, 50.64630835], [3.04745875, 50.64630824], [3.04745879, 50.64635311], [3.04752936, 50.64635309], [3.04752949, 50.6464877], [3.04760006, 50.64648767], [3.04760014, 50.64657741], [3.04752957, 50.64657744], [3.04752966, 50.64666718], [3.04745909, 50.64666721], [3.04745917, 50.64675695], [3.0473886, 50.64675698], [3.04738864, 50.64680185], [3.04731807, 50.64680187], [3.04731811, 50.64684674], [3.04717697, 50.6468468], [3.04717701, 50.64689167], [3.04675358, 50.64689183], [3.04675363, 50.6469367], [3.04611848, 50.64693694], [3.04611852, 50.64698181], [3.04590681, 50.64698188], [3.04590677, 50.64693701], [3.04576563, 50.64693707], [3.0457653, 50.6465781], [3.04583587, 50.64657808], [3.04583571, 50.64639859], [3.04590628, 50.64639857], [3.04590603, 50.64612935], [3.0459766, 50.64612932], [3.04597615, 50.64563574], [3.04604672, 50.64563572], [3.04604659, 50.64550111], [3.04611716, 50.64550108], [3.04611712, 50.64545621], [3.04618769, 50.64545618], [3.04618765, 50.64541131], [3.04625822, 50.64541129], [3.04625818, 50.64536642], [3.04654046, 50.64536631], [3.04654041, 50.64532144], [3.04661098, 50.64532141], [3.0466109, 50.64523167], [3.04646976, 50.64523172], [3.04646972, 50.64518685], [3.04632858, 50.64518691], [3.04632854, 50.64514204], [3.04625797, 50.64514206], [3.04625785, 50.64500745], [3.04611671, 50.6450075], [3.04611667, 50.64496263], [3.0460461, 50.64496266], [3.04604606, 50.64491779], [3.04611663, 50.64491776], [3.04611646, 50.64473828], [3.0460459, 50.64473831], [3.04604585, 50.64469344], [3.04597529, 50.64469346], [3.04597524, 50.64464859], [3.04590468, 50.64464862], [3.04590476, 50.64473836], [3.04583419, 50.64473838], [3.04583423, 50.64478325], [3.04569309, 50.64478331], [3.04569301, 50.64469357], [3.04562244, 50.64469359], [3.0456224, 50.64464872], [3.04548127, 50.64464877], [3.04548123, 50.6446039], [3.04541066, 50.64460393], [3.0454107, 50.6446488], [3.04534013, 50.64464882], [3.04533997, 50.64446934], [3.04519883, 50.64446939], [3.04519887, 50.64451426], [3.0451283, 50.64451429], [3.04512822, 50.64442455], [3.04505766, 50.64442457], [3.04505762, 50.6443797], [3.04498705, 50.64437973], [3.04498701, 50.64433486], [3.04491644, 50.64433488], [3.04491648, 50.64437975], [3.04484591, 50.64437978], [3.04484587, 50.64433491], [3.04470474, 50.64433496], [3.04470478, 50.64437983], [3.04463421, 50.64437986], [3.04463425, 50.64442473], [3.04449311, 50.64442478], [3.04449315, 50.64446965], [3.04442258, 50.64446967], [3.04442262, 50.64451454], [3.04406978, 50.64451467], [3.04406974, 50.6444698], [3.04399918, 50.64446982], [3.04399914, 50.64442495], [3.04392857, 50.64442498], [3.04392853, 50.64438011], [3.04385796, 50.64438013], [3.04385792, 50.64433526], [3.04378735, 50.64433529], [3.04378728, 50.64424555], [3.04371671, 50.64424557], [3.04371667, 50.6442007], [3.0436461, 50.64420072], [3.04364602, 50.64411098], [3.04357546, 50.64411101], [3.04357542, 50.64406614], [3.04350485, 50.64406616], [3.04350481, 50.64402129], [3.04343424, 50.64402132], [3.04343417, 50.64393158], [3.0433636, 50.6439316], [3.04336356, 50.64388673], [3.04329299, 50.64388675], [3.04329291, 50.64379701], [3.04322235, 50.64379704], [3.04322231, 50.64375217], [3.04315174, 50.64375219], [3.0431517, 50.64370732], [3.04308114, 50.64370734], [3.04308106, 50.6436176], [3.04301049, 50.64361763], [3.04301045, 50.64357276], [3.04293989, 50.64357278], [3.04293981, 50.64348304], [3.04286924, 50.64348306], [3.04286921, 50.64343819], [3.04279864, 50.64343822], [3.04279856, 50.64334848], [3.042728, 50.6433485], [3.04272796, 50.64330363], [3.04265739, 50.64330365], [3.04265735, 50.64325878], [3.04258679, 50.64325881], [3.04258675, 50.64321394], [3.04237505, 50.64321401], [3.04237509, 50.64325888], [3.04216339, 50.64325895], [3.04216343, 50.64330382], [3.04195173, 50.6433039], [3.04195177, 50.64334877], [3.0416695, 50.64334886], [3.04166954, 50.64339373], [3.0415284, 50.64339378], [3.04152837, 50.64334891], [3.0414578, 50.64334893], [3.04145724, 50.64267587], [3.04138668, 50.64267589], [3.04138664, 50.64263102], [3.04145721, 50.642631], [3.04145717, 50.64258613], [3.0413866, 50.64258615], [3.04138657, 50.64254128], [3.04117487, 50.64254135], [3.04117491, 50.64258622], [3.04110434, 50.64258625], [3.04110427, 50.64249651], [3.04096314, 50.64249655], [3.0409631, 50.64245168], [3.04075141, 50.64245175], [3.04075137, 50.64240688], [3.04068081, 50.6424069], [3.04068084, 50.64245177], [3.04061028, 50.6424518], [3.04061024, 50.64240693], [3.04053968, 50.64240695], [3.04053964, 50.64236208], [3.04046907, 50.6423621], [3.04046904, 50.64231723], [3.04025734, 50.6423173], [3.04025731, 50.64227243], [3.04011618, 50.64227247], [3.04011614, 50.6422276], [3.03997501, 50.64222765], [3.03997498, 50.64218278], [3.03976328, 50.64218285], [3.03976325, 50.64213798], [3.03955155, 50.64213804], [3.03955152, 50.64209317], [3.03941039, 50.64209322], [3.03941035, 50.64204835], [3.03926922, 50.64204839], [3.03926919, 50.64200352], [3.03919862, 50.64200354], [3.03919859, 50.64195867], [3.03912802, 50.64195869], [3.03912799, 50.64191382], [3.03905742, 50.64191385], [3.03905732, 50.64177923], [3.03898675, 50.64177926], [3.03898668, 50.64168951], [3.03905725, 50.64168949], [3.03905718, 50.64159975], [3.03912774, 50.64159973], [3.03912771, 50.64155486], [3.03919827, 50.64155483], [3.03919824, 50.64150996], [3.0392688, 50.64150994], [3.03926877, 50.64146507], [3.03940989, 50.64146503], [3.03940986, 50.64142016], [3.03955099, 50.64142011], [3.03955092, 50.64133037], [3.03962148, 50.64133035], [3.03962141, 50.6412406], [3.03969197, 50.64124058], [3.0396919, 50.64115084], [3.03976246, 50.64115082], [3.03976243, 50.64110595], [3.03983299, 50.64110592], [3.03983296, 50.64106105], [3.03990352, 50.64106103], [3.03990348, 50.64101616], [3.03997405, 50.64101614], [3.03997401, 50.64097127], [3.04004457, 50.64097124], [3.04004454, 50.64092637], [3.0401151, 50.64092635], [3.04011507, 50.64088148], [3.04018563, 50.64088146], [3.04018556, 50.64079171], [3.04011499, 50.64079174], [3.04011496, 50.64074687], [3.0400444, 50.64074689], [3.04004436, 50.64070202], [3.03976211, 50.64070211], [3.03976214, 50.64074698], [3.03969158, 50.640747], [3.03969162, 50.64079187], [3.03955049, 50.64079192], [3.03955053, 50.64083679], [3.03947996, 50.64083681], [3.03948, 50.64088168], [3.03955056, 50.64088166], [3.0395507, 50.64106114], [3.03948014, 50.64106117], [3.03948018, 50.64110604], [3.03933905, 50.64110608], [3.03933894, 50.64097147], [3.03926838, 50.64097149], [3.03926831, 50.64088175], [3.03919775, 50.64088177], [3.03919771, 50.6408369], [3.03926827, 50.64083688], [3.03926824, 50.64079201], [3.0393388, 50.64079199], [3.03933877, 50.64074712], [3.03940933, 50.64074709], [3.03940929, 50.64070222], [3.03947986, 50.6407022], [3.03947982, 50.64065733], [3.03962095, 50.64065728], [3.03962091, 50.64061241], [3.03969147, 50.64061239], [3.0396914, 50.64052265], [3.03962084, 50.64052267], [3.03962074, 50.64038806], [3.03940905, 50.64038813], [3.03940908, 50.640433], [3.03926796, 50.64043304], [3.03926799, 50.64047791], [3.03905631, 50.64047798], [3.03905634, 50.64052285], [3.03884465, 50.64052292], [3.03884469, 50.64056779], [3.038633, 50.64056785], [3.03863304, 50.64061272], [3.03849191, 50.64061277], [3.03849194, 50.64065764], [3.03820969, 50.64065773], [3.03820973, 50.6407026], [3.03828029, 50.64070258], [3.03828033, 50.64074745], [3.03842145, 50.6407474], [3.03842149, 50.64079227], [3.03849205, 50.64079225], [3.03849208, 50.64083712], [3.03863321, 50.64083708], [3.03863324, 50.64088195], [3.03870381, 50.64088193], [3.03870384, 50.6409268], [3.0387744, 50.64092678], [3.03877444, 50.64097165], [3.03891556, 50.6409716], [3.0389156, 50.64101647], [3.03898616, 50.64101645], [3.0389862, 50.64106132], [3.03905676, 50.6410613], [3.0390568, 50.64110617], [3.03912736, 50.64110615], [3.03912743, 50.64119589], [3.03891574, 50.64119596], [3.0389157, 50.64115109], [3.03884514, 50.64115111], [3.03884511, 50.64110624], [3.03877454, 50.64110626], [3.03877451, 50.64106139], [3.03863338, 50.64106143], [3.03863335, 50.64101656], [3.03856278, 50.64101658], [3.03856275, 50.64097171], [3.03842162, 50.64097176], [3.03842159, 50.64092689], [3.03835103, 50.64092691], [3.03835099, 50.64088204], [3.03820986, 50.64088208], [3.03820983, 50.64083721], [3.03813927, 50.64083723], [3.03813923, 50.64079236], [3.03806867, 50.64079238], [3.03806864, 50.64074751], [3.03799807, 50.64074753], [3.03799804, 50.64070266], [3.03792748, 50.64070268], [3.03792741, 50.64061294], [3.03799797, 50.64061292], [3.03799794, 50.64056805], [3.03820963, 50.64056798], [3.03820959, 50.64052311], [3.03835072, 50.64052307], [3.03835068, 50.6404782], [3.03856237, 50.64047813], [3.03856234, 50.64043326], [3.03877402, 50.6404332], [3.03877399, 50.64038833], [3.03898567, 50.64038826], [3.03898564, 50.64034339], [3.03912676, 50.64034334], [3.03912673, 50.64029847], [3.03933842, 50.64029841], [3.03933838, 50.64025354], [3.03969119, 50.64025342], [3.03969123, 50.64029829], [3.03976179, 50.64029827], [3.03976186, 50.64038801], [3.03983242, 50.64038799], [3.03983249, 50.64047773], [3.03997362, 50.64047769], [3.03997355, 50.64038795], [3.04039692, 50.64038781], [3.04039699, 50.64047755], [3.04053812, 50.6404775], [3.04053805, 50.64038776], [3.04046748, 50.64038779], [3.04046745, 50.64034291], [3.04032632, 50.64034296], [3.04032629, 50.64029809], [3.04025572, 50.64029811], [3.04025562, 50.6401635], [3.04018505, 50.64016352], [3.04018495, 50.64002891], [3.04011438, 50.64002893], [3.04011428, 50.63989432], [3.04004372, 50.63989434], [3.04004368, 50.63984947], [3.04011424, 50.63984945], [3.04011413, 50.63971484], [3.03983189, 50.63971493], [3.03983207, 50.63993928], [3.0397615, 50.6399393], [3.03976158, 50.64002905], [3.03969101, 50.64002907], [3.03969098, 50.6399842], [3.03962042, 50.63998422], [3.03962031, 50.63984961], [3.03940863, 50.63984967], [3.03940866, 50.63989455], [3.03947922, 50.63989452], [3.03947929, 50.63998427], [3.03954985, 50.63998424], [3.03954996, 50.64011886], [3.03940884, 50.6401189], [3.0394088, 50.64007403], [3.03933824, 50.64007405], [3.0393382, 50.64002918], [3.03926764, 50.6400292], [3.03926757, 50.63993946], [3.03919701, 50.63993948], [3.03919698, 50.63989461], [3.03912641, 50.63989464], [3.03912634, 50.63980489], [3.03905578, 50.63980492], [3.03905575, 50.63976004], [3.03898519, 50.63976007], [3.03898515, 50.6397152], [3.03891459, 50.63971522], [3.03891442, 50.63949086], [3.03905554, 50.63949082], [3.0390555, 50.63944595], [3.03940831, 50.63944584], [3.03940827, 50.63940097], [3.03969052, 50.63940088], [3.03969048, 50.639356], [3.03997273, 50.63935591], [3.03997269, 50.63931104], [3.04011381, 50.639311], [3.04011378, 50.63926613], [3.04004321, 50.63926615], [3.04004314, 50.63917641], [3.03997258, 50.63917643], [3.03997251, 50.63908669], [3.03990195, 50.63908671], [3.03990188, 50.63899697], [3.03983132, 50.63899699], [3.03983125, 50.63890725], [3.03976069, 50.63890727], [3.03976062, 50.63881753], [3.03969006, 50.63881755], [3.03968999, 50.63872781], [3.03961943, 50.63872783], [3.03961928, 50.63854835], [3.0397604, 50.6385483], [3.0397603, 50.63841369], [3.03954862, 50.63841376], [3.03954858, 50.63836889], [3.03940746, 50.63836893], [3.03940743, 50.63832406], [3.03926631, 50.63832411], [3.03926634, 50.63836898], [3.03919579, 50.638369], [3.03919582, 50.63841387], [3.03912526, 50.63841389], [3.03912533, 50.63850363], [3.03905477, 50.63850366], [3.03905481, 50.63854853], [3.03898425, 50.63854855], [3.03898432, 50.63863829], [3.03891376, 50.63863831], [3.03891383, 50.63872806], [3.03884327, 50.63872808], [3.03884334, 50.63881782], [3.03877278, 50.63881784], [3.03877281, 50.63886271], [3.03870225, 50.63886274], [3.03870232, 50.63895248], [3.03863176, 50.6389525], [3.03863183, 50.63904224], [3.03856127, 50.63904226], [3.03856134, 50.63913201], [3.03849078, 50.63913203], [3.03849081, 50.6391769], [3.03842025, 50.63917692], [3.03842032, 50.63926666], [3.03834976, 50.63926668], [3.03834979, 50.63931155], [3.03827923, 50.63931158], [3.03827926, 50.63935645], [3.0382087, 50.63935647], [3.03820874, 50.63940134], [3.03799706, 50.63940141], [3.03799709, 50.63944628], [3.03750316, 50.63944643], [3.03750313, 50.63940156], [3.03729145, 50.63940162], [3.03729148, 50.63944649], [3.03736204, 50.63944647], [3.03736221, 50.63967082], [3.03750333, 50.63967078], [3.03750336, 50.63971565], [3.03792673, 50.63971552], [3.0379268, 50.63980527], [3.03799736, 50.63980524], [3.03799739, 50.63985011], [3.03806796, 50.63985009], [3.03806799, 50.63989496], [3.03827968, 50.6398949], [3.03827971, 50.63993977], [3.03842083, 50.63993973], [3.03842087, 50.6399846], [3.03849143, 50.63998458], [3.03849153, 50.64011919], [3.03835041, 50.64011923], [3.03835044, 50.6401641], [3.03827988, 50.64016412], [3.03827991, 50.640209], [3.0379271, 50.6402091], [3.03792717, 50.64029885], [3.03785661, 50.64029887], [3.03785664, 50.64034374], [3.0375744, 50.64034382], [3.0375745, 50.64047844], [3.03750393, 50.64047846], [3.03750403, 50.64061307], [3.0375746, 50.64061305], [3.03757463, 50.64065792], [3.03778632, 50.64065786], [3.03778642, 50.64079247], [3.03771586, 50.64079249], [3.03771589, 50.64083736], [3.0375042, 50.64083742], [3.03750434, 50.64101691], [3.03743377, 50.64101693], [3.03743381, 50.6410618], [3.03736324, 50.64106182], [3.03736338, 50.6412413], [3.03729281, 50.64124133], [3.03729285, 50.6412862], [3.03736341, 50.64128618], [3.03736354, 50.64146566], [3.03757523, 50.6414656], [3.03757527, 50.64151047], [3.03764583, 50.64151044], [3.03764587, 50.64155532], [3.03792812, 50.64155523], [3.03792809, 50.64151036], [3.03806922, 50.64151032], [3.03806925, 50.64155519], [3.03813981, 50.64155516], [3.03813985, 50.64160004], [3.03806928, 50.64160006], [3.03806932, 50.64164493], [3.0377165, 50.64164504], [3.03771656, 50.64173478], [3.03785769, 50.64173473], [3.03785783, 50.64191422], [3.03778726, 50.64191424], [3.03778723, 50.64186937], [3.03771667, 50.64186939], [3.0377168, 50.64204887], [3.03764624, 50.64204889], [3.0376463, 50.64213864], [3.03771687, 50.64213861], [3.0377169, 50.64218348], [3.03778747, 50.64218346], [3.03778753, 50.64227321], [3.0378581, 50.64227318], [3.03785813, 50.64231805], [3.03806983, 50.64231799], [3.03806993, 50.6424526], [3.03814049, 50.64245258], [3.03814053, 50.64249745], [3.03821109, 50.64249743], [3.0382112, 50.64263204], [3.03863459, 50.64263191], [3.03863452, 50.64254217], [3.03877565, 50.64254213], [3.03877569, 50.642587], [3.03884625, 50.64258697], [3.03884629, 50.64263184], [3.03877572, 50.64263187], [3.03877575, 50.64267674], [3.03870519, 50.64267676], [3.03870526, 50.6427665], [3.03891696, 50.64276643], [3.03891699, 50.64281131], [3.03884642, 50.64281133], [3.03884649, 50.64290107], [3.03877593, 50.64290109], [3.038776, 50.64299083], [3.03870543, 50.64299085], [3.03870547, 50.64303573], [3.0386349, 50.64303575], [3.03863493, 50.64308062], [3.03842324, 50.64308068], [3.03842341, 50.64330504], [3.03849397, 50.64330502], [3.03849401, 50.64334989], [3.03856458, 50.64334986], [3.03856461, 50.64339473], [3.03877631, 50.64339467], [3.03877634, 50.64343954], [3.03884691, 50.64343952], [3.03884695, 50.64348439], [3.03891751, 50.64348437], [3.03891755, 50.64352924], [3.03870585, 50.6435293], [3.03870598, 50.64370879], [3.03934109, 50.64370859], [3.03934112, 50.64375346], [3.03941169, 50.64375343], [3.03941173, 50.6437983], [3.03948229, 50.64379828], [3.03948236, 50.64388802], [3.03955293, 50.643888], [3.03955297, 50.64393287], [3.03962353, 50.64393285], [3.03962357, 50.64397772], [3.03969414, 50.6439777], [3.03969435, 50.64424692], [3.03983548, 50.64424688], [3.03983555, 50.64433662], [3.04004726, 50.64433655], [3.04004729, 50.64438142], [3.04011786, 50.6443814], [3.04011793, 50.64447114], [3.04025907, 50.64447109], [3.04025911, 50.64451596], [3.04018854, 50.64451599], [3.04018857, 50.64456086], [3.04011801, 50.64456088], [3.04011808, 50.64465062], [3.04040035, 50.64465053], [3.04040039, 50.6446954], [3.04061209, 50.64469533], [3.04061206, 50.64465046], [3.04075319, 50.64465041], [3.04075316, 50.64460554], [3.04096486, 50.64460547], [3.04096482, 50.6445606], [3.04103539, 50.64456058], [3.04103543, 50.64460545], [3.04117656, 50.6446054], [3.0411766, 50.64465027], [3.04124717, 50.64465025], [3.04124721, 50.64469512], [3.04131777, 50.6446951], [3.04131781, 50.64473997], [3.04138838, 50.64473995], [3.04138842, 50.64478482], [3.04145899, 50.64478479], [3.0414591, 50.6449194], [3.04181194, 50.64491929], [3.04181198, 50.64496416], [3.04174141, 50.64496418], [3.0417416, 50.64518853], [3.04160046, 50.64518858], [3.04160049, 50.64523345], [3.04152993, 50.64523347], [3.04152996, 50.64527835], [3.04145939, 50.64527837], [3.04145943, 50.64532324], [3.04138886, 50.64532326], [3.04138894, 50.645413], [3.04153007, 50.64541296], [3.04153011, 50.64545783], [3.04167125, 50.64545778], [3.04167136, 50.64559239], [3.04160079, 50.64559242], [3.04160083, 50.64563729], [3.0416714, 50.64563726], [3.04167144, 50.64568213], [3.04181258, 50.64568209], [3.04181261, 50.64572696], [3.04195375, 50.64572691], [3.04195379, 50.64577178], [3.04202436, 50.64577176], [3.0420244, 50.64581663], [3.04216554, 50.64581658], [3.04216557, 50.64586145], [3.04237728, 50.64586138], [3.04237725, 50.64581651], [3.04258896, 50.64581643], [3.04258892, 50.64577156], [3.04265949, 50.64577154], [3.04265941, 50.6456818], [3.04258884, 50.64568182], [3.0425888, 50.64563695], [3.04287108, 50.64563685], [3.04287104, 50.64559198], [3.04322389, 50.64559186], [3.04322393, 50.64563673], [3.04357678, 50.64563661], [3.04357674, 50.64559174], [3.04371788, 50.64559169], [3.04371796, 50.64568143], [3.04392967, 50.64568135], [3.04392959, 50.64559161], [3.04407073, 50.64559156], [3.04407069, 50.64554669], [3.04470581, 50.64554647], [3.04470577, 50.6455016], [3.04477634, 50.64550157], [3.0447763, 50.6454567], [3.04484687, 50.64545667], [3.04484679, 50.64536693], [3.04491736, 50.64536691], [3.04491732, 50.64532204], [3.04498789, 50.64532201], [3.04498785, 50.64527714], [3.04491728, 50.64527717], [3.0449172, 50.64518743], [3.04498777, 50.6451874], [3.04498773, 50.64514253], [3.0450583, 50.6451425], [3.04505826, 50.64509763], [3.04512883, 50.64509761], [3.04512879, 50.64505274], [3.04541106, 50.64505263], [3.0454111, 50.6450975], [3.04548167, 50.64509748], [3.04548184, 50.64527696], [3.04541127, 50.64527699], [3.04541131, 50.64532186], [3.04527017, 50.64532191], [3.04527021, 50.64536678], [3.04512907, 50.64536683], [3.04512923, 50.64554631], [3.0451998, 50.64554629], [3.04519988, 50.64563603], [3.04534102, 50.64563598], [3.04534114, 50.64577059], [3.0452, 50.64577064], [3.04520012, 50.64590525], [3.04527069, 50.64590523], [3.04527082, 50.64603984], [3.04520025, 50.64603986], [3.04520041, 50.64621935], [3.04512984, 50.64621937], [3.04512988, 50.64626424], [3.04505931, 50.64626427], [3.04505935, 50.64630914], [3.04498878, 50.64630916], [3.04498882, 50.64635403], [3.04491825, 50.64635406], [3.04491837, 50.64648867], [3.0448478, 50.6464887], [3.04484792, 50.64662331], [3.04477734, 50.64662333], [3.04477742, 50.64671307], [3.04470685, 50.6467131], [3.04470693, 50.64680284], [3.04463636, 50.64680287], [3.04463632, 50.646758], [3.04449518, 50.64675805], [3.04449514, 50.64671318], [3.044354, 50.64671323], [3.04435404, 50.6467581], [3.04428347, 50.64675812], [3.04428351, 50.64680299], [3.04421293, 50.64680302], [3.04421297, 50.64684789], [3.0441424, 50.64684791], [3.04414256, 50.64702739], [3.0442837, 50.64702734], [3.04428374, 50.64707221], [3.04435431, 50.64707219], [3.04435439, 50.64716193], [3.04442497, 50.64716191], [3.04442501, 50.64720678], [3.04449558, 50.64720675], [3.04449562, 50.64725162], [3.04456619, 50.6472516], [3.04456623, 50.64729647], [3.0446368, 50.64729644], [3.04463676, 50.64725157], [3.04470733, 50.64725154], [3.04470741, 50.64734129], [3.04477798, 50.64734126], [3.04477802, 50.64738613], [3.04491917, 50.64738608], [3.04491921, 50.64743095], [3.04498978, 50.64743092], [3.04498982, 50.64747579], [3.04506039, 50.64747577], [3.04506043, 50.64752064], [3.04527215, 50.64752056], [3.04527219, 50.64756543], [3.04534276, 50.64756541], [3.04534289, 50.64770002], [3.04562518, 50.64769992], [3.04562509, 50.64761017], [3.04555452, 50.6476102], [3.04555448, 50.64756533], [3.04569563, 50.64756528], [3.04569567, 50.64761015], [3.04583681, 50.6476101], [3.04583685, 50.64765497], [3.04590743, 50.64765494], [3.04590747, 50.64769981], [3.04597804, 50.64769979], [3.04597808, 50.64774466], [3.04604865, 50.64774463], [3.04604869, 50.6477895], [3.04597812, 50.64778953], [3.04597816, 50.6478344], [3.04590759, 50.64783442], [3.04590755, 50.64778955], [3.0457664, 50.6477896], [3.04576644, 50.64783447], [3.04569587, 50.6478345], [3.04569591, 50.64787937], [3.04583706, 50.64787932], [3.0458371, 50.64792419], [3.04604882, 50.64792411], [3.04604878, 50.64787924], [3.04611935, 50.64787921], [3.04611939, 50.64792408], [3.04626054, 50.64792403], [3.04626049, 50.64787916], [3.04640164, 50.64787911], [3.04640168, 50.64792398], [3.04647225, 50.64792395], [3.0464723, 50.64796882]], [[3.04640143, 50.64765476], [3.04640139, 50.64760989], [3.04633082, 50.64760991], [3.04633078, 50.64756504], [3.04647192, 50.64756499], [3.04647188, 50.64752012], [3.0466836, 50.64752004], [3.04668368, 50.64760978], [3.04647196, 50.64760986], [3.04647201, 50.64765473], [3.04640143, 50.64765476]], [[3.04675404, 50.6473854], [3.04675396, 50.64729566], [3.04696568, 50.64729558], [3.04696572, 50.64734045], [3.04689515, 50.64734048], [3.04689519, 50.64738535], [3.04675404, 50.6473854]], [[3.0439998, 50.64518775], [3.04399977, 50.64514288], [3.0439292, 50.64514291], [3.04392908, 50.6450083], [3.04399965, 50.64500827], [3.04399949, 50.64482879], [3.0442112, 50.64482871], [3.04421104, 50.64464923], [3.04435217, 50.64464918], [3.04435225, 50.64473892], [3.04449339, 50.64473887], [3.04449359, 50.64496322], [3.04456416, 50.6449632], [3.0445642, 50.64500807], [3.04435249, 50.64500815], [3.04435245, 50.64496328], [3.04428188, 50.6449633], [3.04428184, 50.64491843], [3.04421127, 50.64491846], [3.04421131, 50.64496333], [3.04414075, 50.64496335], [3.04414078, 50.64500822], [3.04407022, 50.64500825], [3.04407029, 50.64509799], [3.04414086, 50.64509796], [3.0441409, 50.64514283], [3.04407033, 50.64514286], [3.04407037, 50.64518773], [3.0439998, 50.64518775]], [[3.04294112, 50.64500864], [3.04294104, 50.6449189], [3.04301161, 50.64491888], [3.04301157, 50.64487401], [3.04308214, 50.64487398], [3.04308221, 50.64496372], [3.04301165, 50.64496375], [3.04301168, 50.64500862], [3.04294112, 50.64500864]], [[3.04322339, 50.64500854], [3.04322335, 50.64496367], [3.04329392, 50.64496365], [3.04329396, 50.64500852], [3.04322339, 50.64500854]], [[3.04329392, 50.64496365], [3.04329388, 50.64491878], [3.04322331, 50.6449188], [3.04322327, 50.64487393], [3.04315271, 50.64487396], [3.04315263, 50.64478422], [3.04308206, 50.64478424], [3.04308202, 50.64473937], [3.04301145, 50.64473939], [3.04301142, 50.64469452], [3.04294085, 50.64469455], [3.04294081, 50.64464968], [3.04287024, 50.6446497], [3.0428702, 50.64460483], [3.04308191, 50.64460476], [3.04308195, 50.64464963], [3.04315251, 50.6446496], [3.04315259, 50.64473934], [3.04343486, 50.64473925], [3.04343483, 50.64469438], [3.04357596, 50.64469433], [3.04357592, 50.64464946], [3.04371706, 50.64464941], [3.04371702, 50.64460454], [3.04378759, 50.64460451], [3.04378771, 50.64473912], [3.04399941, 50.64473905], [3.04399949, 50.64482879], [3.04364665, 50.64482891], [3.04364669, 50.64487378], [3.04336441, 50.64487388], [3.04336449, 50.64496362], [3.04329392, 50.64496365]], [[3.0447757, 50.64478364], [3.04477558, 50.64464903], [3.04484615, 50.644649], [3.04484611, 50.64460413], [3.04498725, 50.64460408], [3.04498729, 50.64464895], [3.04505786, 50.64464893], [3.04505794, 50.64473867], [3.04484623, 50.64473874], [3.04484627, 50.64478362], [3.0447757, 50.64478364]], [[3.04498725, 50.64460408], [3.04498721, 50.64455921], [3.04505778, 50.64455919], [3.04505774, 50.64451432], [3.0451283, 50.64451429], [3.04512838, 50.64460403], [3.04498725, 50.64460408]], [[3.04251717, 50.6443806], [3.04251713, 50.64433573], [3.0425877, 50.6443357], [3.04258774, 50.64438057], [3.04251717, 50.6443806]], [[3.0429405, 50.64429071], [3.04294046, 50.64424584], [3.04301103, 50.64424582], [3.04301107, 50.64429069], [3.0429405, 50.64429071]], [[3.04322258, 50.64406626], [3.04322254, 50.64402139], [3.04336368, 50.64402134], [3.04336371, 50.64406621], [3.04322258, 50.64406626]], [[3.04315193, 50.64397654], [3.0431519, 50.64393167], [3.04322246, 50.64393165], [3.0432225, 50.64397652], [3.04315193, 50.64397654]]]}, "geometry_name": "geom", "properties": {"class": 3, "cat": "Accessible - Classe de d\u00e9bardage 1 : 0 - 250 m", "dep": "59"}}, {"type": "Feature", "id": "acces_porteur.8411557", "geometry": {"type": "Polygon", "coordinates": [[[3.04759317, 50.63921861], [3.04773429, 50.63921856], [3.04773416, 50.63908395], [3.04780472, 50.63908392], [3.04780408, 50.63841085], [3.04773352, 50.63841088], [3.04773348, 50.63836601], [3.04731012, 50.63836617], [3.04731008, 50.6383213], [3.04695728, 50.63832144], [3.04695733, 50.63836631], [3.04681621, 50.63836636], [3.04681625, 50.63841123], [3.04674569, 50.63841126], [3.04674573, 50.63845613], [3.04660461, 50.63845618], [3.04660457, 50.63841131], [3.04632233, 50.63841142], [3.04632237, 50.63845629], [3.04625181, 50.63845631], [3.04625185, 50.63850118], [3.04604018, 50.63850126], [3.04604026, 50.63859101], [3.0459697, 50.63859103], [3.04596974, 50.6386359], [3.04589918, 50.63863593], [3.04589922, 50.6386808], [3.04582866, 50.63868083], [3.0458287, 50.6387257], [3.04589926, 50.63872567], [3.0458993, 50.63877054], [3.04596986, 50.63877052], [3.04596982, 50.63872564], [3.04625206, 50.63872554], [3.04625202, 50.63868067], [3.04632258, 50.63868064], [3.04632254, 50.63863577], [3.04653422, 50.63863569], [3.04653426, 50.63868056], [3.04660482, 50.63868054], [3.04660478, 50.63863567], [3.04681646, 50.63863559], [3.04681642, 50.63859072], [3.04716921, 50.63859058], [3.04716917, 50.63854571], [3.04752197, 50.63854558], [3.04752201, 50.63859045], [3.04759257, 50.63859042], [3.04759317, 50.63921861]]]}, "geometry_name": "geom", "properties": {"class": 1, "cat": "Inaccessible", "dep": "59"}}, {"type": "Feature", "id": "acces_porteur.8411559", "geometry": {"type": "Polygon", "coordinates": [[[3.04822752, 50.63850043], [3.04829808, 50.63850041], [3.04829804, 50.63845553], [3.04843916, 50.63845548], [3.04843907, 50.63836574], [3.04850963, 50.63836571], [3.04850959, 50.63832084], [3.04836847, 50.63832089], [3.04836856, 50.63841064], [3.04822744, 50.63841069], [3.04822752, 50.63850043]]]}, "geometry_name": "geom", "properties": {"class": 6, "cat": "Accessible - Classe de d\u00e9bardage 4 : 1000 - 1500 m", "dep": "59"}}, {"type": "Feature", "id": "acces_porteur.8411561", "geometry": {"type": "Polygon", "coordinates": [[[3.04589897, 50.63841157], [3.04596953, 50.63841155], [3.04596949, 50.63836668], [3.04604005, 50.63836665], [3.04604001, 50.63832178], [3.04589889, 50.63832183], [3.04589897, 50.63841157]]]}, "geometry_name": "geom", "properties": {"class": 1, "cat": "Inaccessible", "dep": "59"}}, {"type": "Feature", "id": "acces_porteur.8411572", "geometry": {"type": "Polygon", "coordinates": [[[3.04533442, 50.63832204], [3.04540498, 50.63832201], [3.04540494, 50.63827714], [3.04533438, 50.63827717], [3.04533442, 50.63832204]]]}, "geometry_name": "geom", "properties": {"class": 1, "cat": "Inaccessible", "dep": "59"}}, {"type": "Feature", "id": "acces_porteur.8411573", "geometry": {"type": "Polygon", "coordinates": [[[3.04850959, 50.63832084], [3.04858015, 50.63832081], [3.04858011, 50.63827594], [3.04850955, 50.63827597], [3.04850959, 50.63832084]]]}, "geometry_name": "geom", "properties": {"class": 6, "cat": "Accessible - Classe de d\u00e9bardage 4 : 1000 - 1500 m", "dep": "59"}}, {"type": "Feature", "id": "acces_porteur.8411577", "geometry": {"type": "Polygon", "coordinates": [[[3.04646337, 50.63832162], [3.04653393, 50.6383216], [3.04653384, 50.63823185], [3.04646328, 50.63823188], [3.04646337, 50.63832162]]]}, "geometry_name": "geom", "properties": {"class": 1, "cat": "Inaccessible", "dep": "59"}}, {"type": "Feature", "id": "acces_porteur.8411580", "geometry": {"type": "Polygon", "coordinates": [[[3.0454055, 50.63890534], [3.04547606, 50.63890531], [3.04547598, 50.63881557], [3.04540542, 50.63881559], [3.04540534, 50.63872585], [3.04533478, 50.63872588], [3.0453347, 50.63863614], [3.04526414, 50.63863616], [3.0452641, 50.63859129], [3.04519354, 50.63859132], [3.0451935, 50.63854645], [3.04512294, 50.63854647], [3.04512286, 50.63845673], [3.0450523, 50.63845675], [3.04505226, 50.63841188], [3.0449817, 50.63841191], [3.04498166, 50.63836704], [3.0449111, 50.63836706], [3.04491102, 50.63827732], [3.04484046, 50.63827735], [3.04484042, 50.63823248], [3.04476986, 50.6382325], [3.04476982, 50.63818763], [3.04469926, 50.63818766], [3.0446993, 50.63823253], [3.04462874, 50.63823255], [3.04462878, 50.63827742], [3.04455822, 50.63827745], [3.04455826, 50.63832232], [3.0444877, 50.63832235], [3.04448774, 50.63836722], [3.04441719, 50.63836724], [3.04441726, 50.63845698], [3.0443467, 50.63845701], [3.04434674, 50.63850188], [3.04427618, 50.63850191], [3.04427622, 50.63854678], [3.04420566, 50.6385468], [3.0442057, 50.63859167], [3.04413514, 50.6385917], [3.04413522, 50.63868144], [3.0439941, 50.63868149], [3.04399418, 50.63877123], [3.04392362, 50.63877126], [3.04392366, 50.63881613], [3.0438531, 50.63881615], [3.04385314, 50.63886102], [3.04406482, 50.63886095], [3.04406474, 50.63877121], [3.0441353, 50.63877118], [3.04413526, 50.63872631], [3.04420582, 50.63872629], [3.04420578, 50.63868141], [3.04427634, 50.63868139], [3.0442763, 50.63863652], [3.04434686, 50.63863649], [3.04434682, 50.63859162], [3.04441738, 50.6385916], [3.04441734, 50.63854673], [3.04455846, 50.63854668], [3.04455842, 50.6385018], [3.04462898, 50.63850178], [3.04462894, 50.63845691], [3.04484062, 50.63845683], [3.04484066, 50.6385017], [3.04491122, 50.63850168], [3.04491126, 50.63854655], [3.04498182, 50.63854652], [3.04498186, 50.63859139], [3.04505242, 50.63859137], [3.04505246, 50.63863624], [3.04512302, 50.63863621], [3.04512306, 50.63868108], [3.04519362, 50.63868106], [3.04519366, 50.63872593], [3.04526422, 50.6387259], [3.0452643, 50.63881565], [3.04533486, 50.63881562], [3.0453349, 50.63886049], [3.04540546, 50.63886047], [3.0454055, 50.63890534]]]}, "geometry_name": "geom", "properties": {"class": 1, "cat": "Inaccessible", "dep": "59"}}, {"type": "Feature", "id": "acces_porteur.8411594", "geometry": {"type": "Polygon", "coordinates": [[[3.04074973, 50.64038769], [3.04096142, 50.64038762], [3.04096135, 50.64029788], [3.04103191, 50.64029786], [3.04103169, 50.64002863], [3.0413845, 50.64002852], [3.04138446, 50.63998364], [3.04145502, 50.63998362], [3.04145498, 50.63993875], [3.04166667, 50.63993868], [3.04166663, 50.63989381], [3.04173719, 50.63989378], [3.04173716, 50.63984891], [3.04180772, 50.63984889], [3.04180764, 50.63975915], [3.04194877, 50.6397591], [3.04194835, 50.63926552], [3.04187779, 50.63926554], [3.04187761, 50.63904119], [3.04194817, 50.63904117], [3.04194813, 50.63899629], [3.04201869, 50.63899627], [3.04201843, 50.63868217], [3.04208899, 50.63868215], [3.04208895, 50.63863728], [3.04237119, 50.63863718], [3.04237115, 50.63859231], [3.04251227, 50.63859226], [3.04251235, 50.63868201], [3.04272403, 50.63868193], [3.04272406, 50.6387268], [3.0430063, 50.63872671], [3.04300634, 50.63877158], [3.0430769, 50.63877155], [3.04307694, 50.63881642], [3.04371198, 50.6388162], [3.0437119, 50.63872646], [3.04378246, 50.63872644], [3.04378231, 50.63854695], [3.04357063, 50.63854703], [3.04357059, 50.63850215], [3.04335891, 50.63850223], [3.04335887, 50.63845736], [3.04314719, 50.63845743], [3.04314715, 50.63841256], [3.04293547, 50.63841263], [3.04293544, 50.63836776], [3.04272376, 50.63836784], [3.04272372, 50.63832296], [3.04251204, 50.63832304], [3.042512, 50.63827817], [3.04230033, 50.63827824], [3.04230029, 50.63823337], [3.04208861, 50.63823344], [3.04208857, 50.63818857], [3.04187689, 50.63818864], [3.04187686, 50.63814377], [3.04152406, 50.63814389], [3.0415241, 50.63818876], [3.04145354, 50.63818878], [3.04145358, 50.63823365], [3.0412419, 50.63823372], [3.04124208, 50.63845808], [3.04117152, 50.6384581], [3.04117222, 50.63931065], [3.04110166, 50.63931067], [3.04110185, 50.63953503], [3.04103128, 50.63953505], [3.04103132, 50.63957992], [3.04096076, 50.63957995], [3.0409608, 50.63962482], [3.04081967, 50.63962486], [3.04081971, 50.63966974], [3.04067859, 50.63966978], [3.04067862, 50.63971465], [3.04046694, 50.63971472], [3.0404669, 50.63966985], [3.04032578, 50.6396699], [3.04032582, 50.63971477], [3.04011413, 50.63971484], [3.04011438, 50.64002893], [3.04018495, 50.64002891], [3.04018505, 50.64016352], [3.04025562, 50.6401635], [3.04025554, 50.64007376], [3.04032611, 50.64007373], [3.04032607, 50.64002886], [3.04039663, 50.64002884], [3.04039667, 50.64007371], [3.04046723, 50.64007369], [3.0404673, 50.64016343], [3.04053786, 50.64016341], [3.0405379, 50.64020828], [3.04060846, 50.64020826], [3.04060853, 50.640298], [3.0406791, 50.64029797], [3.04067913, 50.64034285], [3.0407497, 50.64034282], [3.04074973, 50.64038769]], [[3.04032596, 50.63989425], [3.04032593, 50.63984938], [3.04039649, 50.63984936], [3.04039645, 50.63980449], [3.0406787, 50.63980439], [3.04067866, 50.63975952], [3.04081978, 50.63975948], [3.04081975, 50.63971461], [3.04089031, 50.63971458], [3.04089027, 50.63966971], [3.04110196, 50.63966964], [3.04110192, 50.63962477], [3.04117248, 50.63962475], [3.04117233, 50.63944526], [3.04124289, 50.63944524], [3.04124286, 50.63940037], [3.04131342, 50.63940035], [3.04131331, 50.63926573], [3.04138387, 50.63926571], [3.04138416, 50.63962468], [3.04145473, 50.63962465], [3.04145476, 50.63966952], [3.0413842, 50.63966955], [3.04138424, 50.63971442], [3.04124312, 50.63971447], [3.04124315, 50.63975934], [3.04103147, 50.63975941], [3.0410315, 50.63980428], [3.04081982, 50.63980435], [3.04081986, 50.63984922], [3.04053761, 50.63984931], [3.04053765, 50.63989418], [3.04032596, 50.63989425]], [[3.04138376, 50.6391311], [3.04138365, 50.63899648], [3.04131309, 50.63899651], [3.04131305, 50.63895164], [3.04138361, 50.63895161], [3.04138357, 50.63890674], [3.04131301, 50.63890677], [3.04131279, 50.63863754], [3.04124223, 50.63863756], [3.04124219, 50.63859269], [3.04131275, 50.63859267], [3.04131272, 50.6385478], [3.04138328, 50.63854777], [3.04138324, 50.6385029], [3.0414538, 50.63850288], [3.04145369, 50.63836827], [3.04138313, 50.63836829], [3.04138305, 50.63827855], [3.04145361, 50.63827852], [3.04145358, 50.63823365], [3.04152414, 50.63823363], [3.0415244, 50.63854773], [3.04145384, 50.63854775], [3.04145406, 50.63881698], [3.04152462, 50.63881695], [3.04152469, 50.63890669], [3.04145413, 50.63890672], [3.04145432, 50.63913107], [3.04138376, 50.6391311]]]}, "geometry_name": "geom", "properties": {"class": 1, "cat": "Inaccessible", "dep": "59"}}, {"type": "Feature", "id": "acces_porteur.8411596", "geometry": {"type": "Polygon", "coordinates": [[[3.0453343, 50.63818743], [3.04540486, 50.6381874], [3.04540481, 50.63814253], [3.04533426, 50.63814255], [3.0453343, 50.63818743]]]}, "geometry_name": "geom", "properties": {"class": 1, "cat": "Inaccessible", "dep": "59"}}, {"type": "Feature", "id": "acces_porteur.8411601", "geometry": {"type": "Polygon", "coordinates": [[[3.04575786, 50.63841163], [3.04582842, 50.6384116], [3.04582829, 50.63827699], [3.04589885, 50.63827696], [3.04589877, 50.63818722], [3.04582821, 50.63818724], [3.04582817, 50.63814237], [3.04568705, 50.63814243], [3.04568701, 50.63809755], [3.04540477, 50.63809766], [3.04540481, 50.63814253], [3.04561649, 50.63814245], [3.04561653, 50.63818732], [3.04568709, 50.6381873], [3.04568713, 50.63823217], [3.04575769, 50.63823214], [3.04575786, 50.63841163]]]}, "geometry_name": "geom", "properties": {"class": 1, "cat": "Inaccessible", "dep": "59"}}, {"type": "Feature", "id": "acces_porteur.8411608", "geometry": {"type": "Polygon", "coordinates": [[[3.04074787, 50.63809927], [3.04081843, 50.63809925], [3.0408184, 50.63805438], [3.04074784, 50.6380544], [3.04074787, 50.63809927]]]}, "geometry_name": "geom", "properties": {"class": 1, "cat": "Inaccessible", "dep": "59"}}, {"type": "Feature", "id": "acces_porteur.8411618", "geometry": {"type": "Polygon", "coordinates": [[[3.04067728, 50.63805443], [3.04074784, 50.6380544], [3.0407478, 50.63800953], [3.04067724, 50.63800955], [3.04067728, 50.63805443]]]}, "geometry_name": "geom", "properties": {"class": 1, "cat": "Inaccessible", "dep": "59"}}, {"type": "Feature", "id": "acces_porteur.8411627", "geometry": {"type": "Polygon", "coordinates": [[[3.04907389, 50.63814113], [3.04914445, 50.63814111], [3.0491444, 50.63809623], [3.04935608, 50.63809615], [3.04935591, 50.63791667], [3.04893255, 50.63791683], [3.04893264, 50.63800658], [3.04886208, 50.6380066], [3.04886212, 50.63805147], [3.04893268, 50.63805145], [3.04893273, 50.63809632], [3.04907385, 50.63809626], [3.04907389, 50.63814113]]]}, "geometry_name": "geom", "properties": {"class": 1, "cat": "Inaccessible", "dep": "59"}}, {"type": "Feature", "id": "acces_porteur.8411632", "geometry": {"type": "Polygon", "coordinates": [[[3.04533409, 50.63796307], [3.04540465, 50.63796304], [3.04540461, 50.63791817], [3.04547517, 50.63791815], [3.04547513, 50.63787328], [3.04540457, 50.6378733], [3.04540453, 50.63782843], [3.04526341, 50.63782848], [3.04526349, 50.63791823], [3.04533405, 50.6379182], [3.04533409, 50.63796307]]]}, "geometry_name": "geom", "properties": {"class": 1, "cat": "Inaccessible", "dep": "59"}}, {"type": "Feature", "id": "acces_porteur.8411633", "geometry": {"type": "Polygon", "coordinates": [[[3.0497087, 50.63791653], [3.04984982, 50.63791647], [3.04984977, 50.6378716], [3.04977921, 50.63787163], [3.04977917, 50.63782676], [3.04963805, 50.63782681], [3.0496381, 50.63787168], [3.04970866, 50.63787165], [3.0497087, 50.63791653]]]}, "geometry_name": "geom", "properties": {"class": 1, "cat": "Inaccessible", "dep": "59"}}, {"type": "Feature", "id": "acces_porteur.8411634", "geometry": {"type": "Polygon", "coordinates": [[[3.03750316, 50.63944643], [3.03799709, 50.63944628], [3.03799706, 50.63940141], [3.03820874, 50.63940134], [3.0382087, 50.63935647], [3.03827926, 50.63935645], [3.03827923, 50.63931158], [3.03834979, 50.63931155], [3.03834976, 50.63926668], [3.03842032, 50.63926666], [3.03842025, 50.63917692], [3.03849081, 50.6391769], [3.03849078, 50.63913203], [3.03856134, 50.63913201], [3.03856127, 50.63904226], [3.03863183, 50.63904224], [3.03863176, 50.6389525], [3.03870232, 50.63895248], [3.03870225, 50.63886274], [3.03877281, 50.63886271], [3.03877278, 50.63881784], [3.03884334, 50.63881782], [3.03884327, 50.63872808], [3.03891383, 50.63872806], [3.03891376, 50.63863831], [3.03898432, 50.63863829], [3.03898425, 50.63854855], [3.03905481, 50.63854853], [3.03905477, 50.63850366], [3.03912533, 50.63850363], [3.03912526, 50.63841389], [3.03919582, 50.63841387], [3.03919579, 50.638369], [3.03926634, 50.63836898], [3.03926631, 50.63832411], [3.03933687, 50.63832408], [3.03933683, 50.63827921], [3.03940739, 50.63827919], [3.03940736, 50.63823432], [3.03947792, 50.6382343], [3.03947788, 50.63818943], [3.03954844, 50.6381894], [3.03954841, 50.63814453], [3.03961897, 50.63814451], [3.03961893, 50.63809964], [3.03976005, 50.63809959], [3.03976001, 50.63805472], [3.03990113, 50.63805468], [3.03990109, 50.63800981], [3.03997165, 50.63800978], [3.03997162, 50.63796491], [3.04004218, 50.63796489], [3.04004214, 50.63792002], [3.04018326, 50.63791997], [3.04018322, 50.6378751], [3.04025378, 50.63787508], [3.04025375, 50.63783021], [3.04039486, 50.63783016], [3.04039483, 50.63778529], [3.04018315, 50.63778536], [3.04018319, 50.63783023], [3.04004207, 50.63783028], [3.04004211, 50.63787515], [3.03997155, 50.63787517], [3.03997158, 50.63792004], [3.03983046, 50.63792009], [3.0398305, 50.63796496], [3.03968938, 50.637965], [3.03968942, 50.63800987], [3.03961886, 50.6380099], [3.03961889, 50.63805477], [3.03954834, 50.63805479], [3.03954837, 50.63809966], [3.03940725, 50.63809971], [3.03940729, 50.63814458], [3.03933673, 50.6381446], [3.03933676, 50.63818947], [3.0392662, 50.63818949], [3.03926624, 50.63823436], [3.03919568, 50.63823439], [3.03919572, 50.63827926], [3.03912516, 50.63827928], [3.03912519, 50.63832415], [3.03905463, 50.63832417], [3.03905467, 50.63836904], [3.03898411, 50.63836907], [3.03898414, 50.63841394], [3.03891358, 50.63841396], [3.03891365, 50.6385037], [3.03884309, 50.63850372], [3.03884316, 50.63859347], [3.0387726, 50.63859349], [3.03877267, 50.63868323], [3.03870211, 50.63868325], [3.03870215, 50.63872812], [3.03863159, 50.63872814], [3.03863165, 50.63881789], [3.03856109, 50.63881791], [3.0385612, 50.63895252], [3.03849064, 50.63895254], [3.03849067, 50.63899741], [3.03842011, 50.63899744], [3.03842015, 50.63904231], [3.03834959, 50.63904233], [3.03834965, 50.63913207], [3.03827909, 50.63913209], [3.03827916, 50.63922183], [3.0382086, 50.63922186], [3.03820864, 50.63926673], [3.03813808, 50.63926675], [3.03813811, 50.63931162], [3.03806755, 50.63931164], [3.03806758, 50.63935651], [3.0375031, 50.63935668], [3.03750306, 50.63931181], [3.03736194, 50.63931186], [3.03736197, 50.63935673], [3.03729141, 50.63935675], [3.03729145, 50.63940162], [3.03750313, 50.63940156], [3.03750316, 50.63944643]]]}, "geometry_name": "geom", "properties": {"class": 1, "cat": "Inaccessible", "dep": "59"}}, {"type": "Feature", "id": "acces_porteur.8411638", "geometry": {"type": "Polygon", "coordinates": [[[3.04956749, 50.63782684], [3.04963805, 50.63782681], [3.04963801, 50.63778194], [3.04956745, 50.63778197], [3.04956749, 50.63782684]]]}, "geometry_name": "geom", "properties": {"class": 1, "cat": "Inaccessible", "dep": "59"}}, {"type": "Feature", "id": "acces_porteur.8411643", "geometry": {"type": "Polygon", "coordinates": [[[3.04942633, 50.63778202], [3.04956745, 50.63778197], [3.0495674, 50.6377371], [3.04942629, 50.63773715], [3.04942633, 50.63778202]]]}, "geometry_name": "geom", "properties": {"class": 1, "cat": "Inaccessible", "dep": "59"}}, {"type": "Feature", "id": "acces_porteur.8411662", "geometry": {"type": "Polygon", "coordinates": [[[3.04963938, 50.63917294], [3.04970994, 50.63917291], [3.0497099, 50.63912804], [3.04978046, 50.63912801], [3.04978033, 50.6389934], [3.04985089, 50.63899337], [3.04985084, 50.6389485], [3.0499214, 50.63894847], [3.04992136, 50.6389036], [3.05006248, 50.63890355], [3.05006239, 50.6388138], [3.05013295, 50.63881378], [3.05013286, 50.63872403], [3.05020342, 50.63872401], [3.05020337, 50.63867913], [3.05034449, 50.63867908], [3.05034445, 50.63863421], [3.05041501, 50.63863418], [3.05041505, 50.63867905], [3.05048561, 50.63867902], [3.05048557, 50.63863415], [3.05055613, 50.63863412], [3.05055595, 50.63845464], [3.05041483, 50.63845469], [3.05041487, 50.63849956], [3.05020319, 50.63849965], [3.05020315, 50.63845478], [3.05013259, 50.63845481], [3.05013255, 50.63840994], [3.05006199, 50.63840997], [3.05006185, 50.63827535], [3.05020297, 50.6382753], [3.05020293, 50.63823042], [3.05027348, 50.6382304], [3.05027339, 50.63814065], [3.05034395, 50.63814062], [3.05034382, 50.63800601], [3.05013214, 50.6380061], [3.0501321, 50.63796123], [3.05006154, 50.63796125], [3.05006158, 50.63800613], [3.04992047, 50.63800618], [3.04992042, 50.63796131], [3.04984986, 50.63796134], [3.04984982, 50.63791647], [3.0497087, 50.63791653], [3.04970866, 50.63787165], [3.0496381, 50.63787168], [3.04963805, 50.63782681], [3.04956749, 50.63782684], [3.04956745, 50.63778197], [3.04942633, 50.63778202], [3.04942629, 50.63773715], [3.04935573, 50.63773718], [3.04935568, 50.63769231], [3.04921457, 50.63769237], [3.04921452, 50.6376475], [3.04893229, 50.63764761], [3.04893225, 50.63760274], [3.04886169, 50.63760276], [3.04886164, 50.63755789], [3.04864997, 50.63755798], [3.04865006, 50.63764772], [3.04879117, 50.63764766], [3.04879122, 50.63769253], [3.04900289, 50.63769245], [3.04900294, 50.63773732], [3.04914405, 50.63773727], [3.0491441, 50.63778214], [3.04935577, 50.63778205], [3.04935582, 50.63782692], [3.04900302, 50.63782706], [3.04900311, 50.63791681], [3.04935591, 50.63791667], [3.04935608, 50.63809615], [3.0491444, 50.63809623], [3.04914445, 50.63814111], [3.04907389, 50.63814113], [3.04907385, 50.63809626], [3.04893273, 50.63809632], [3.04893268, 50.63805145], [3.04886212, 50.63805147], [3.04886221, 50.63814122], [3.04879165, 50.63814124], [3.0487917, 50.63818612], [3.04872114, 50.63818614], [3.04872118, 50.63823101], [3.04858006, 50.63823107], [3.04858011, 50.63827594], [3.04872122, 50.63827589], [3.04872127, 50.63832076], [3.04886239, 50.6383207], [3.0488623, 50.63823096], [3.04893286, 50.63823093], [3.04893312, 50.63850016], [3.04907424, 50.6385001], [3.04907428, 50.63854497], [3.04914484, 50.63854494], [3.04914493, 50.63863469], [3.04935661, 50.6386346], [3.04935688, 50.63890383], [3.04956856, 50.63890374], [3.0495686, 50.63894862], [3.04963916, 50.63894859], [3.04963925, 50.63903833], [3.04956869, 50.63903836], [3.04956878, 50.6391281], [3.04963934, 50.63912807], [3.04963938, 50.63917294]], [[3.04999129, 50.63827538], [3.04999125, 50.63823051], [3.05006181, 50.63823048], [3.05006185, 50.63827535], [3.04999129, 50.63827538]]]}, "geometry_name": "geom", "properties": {"class": 6, "cat": "Accessible - Classe de d\u00e9bardage 4 : 1000 - 1500 m", "dep": "59"}}, {"type": "Feature", "id": "acces_porteur.8411668", "geometry": {"type": "Polygon", "coordinates": [[[3.04674506, 50.63773819], [3.04688618, 50.63773814], [3.04688605, 50.63760353], [3.0468155, 50.63760355], [3.04681545, 50.63755868], [3.0467449, 50.63755871], [3.04674485, 50.63751384], [3.04653318, 50.63751392], [3.04653314, 50.63746905], [3.04639202, 50.6374691], [3.04639206, 50.63751397], [3.04646262, 50.63751394], [3.04646266, 50.63755881], [3.04653322, 50.63755879], [3.04653326, 50.63760366], [3.04660382, 50.63760363], [3.04660386, 50.6376485], [3.04667442, 50.63764848], [3.04667446, 50.63769335], [3.04674502, 50.63769332], [3.04674506, 50.63773819]]]}, "geometry_name": "geom", "properties": {"class": 1, "cat": "Inaccessible", "dep": "59"}}, {"type": "Feature", "id": "acces_porteur.8411674", "geometry": {"type": "Polygon", "coordinates": [[[3.04540421, 50.63746946], [3.04547476, 50.63746944], [3.04547472, 50.63742457], [3.04540417, 50.63742459], [3.04540421, 50.63746946]]]}, "geometry_name": "geom", "properties": {"class": 5, "cat": "Accessible - Classe de d\u00e9bardage 3 : 500 - 1000 m", "dep": "59"}}, {"type": "Feature", "id": "acces_porteur.8411679", "geometry": {"type": "Polygon", "coordinates": [[[3.04519249, 50.63742467], [3.04526305, 50.63742464], [3.04526301, 50.63737977], [3.04519245, 50.6373798], [3.04519249, 50.63742467]]]}, "geometry_name": "geom", "properties": {"class": 1, "cat": "Inaccessible", "dep": "59"}}, {"type": "Feature", "id": "acces_porteur.8411687", "geometry": {"type": "Polygon", "coordinates": [[[3.04864997, 50.63755798], [3.04886164, 50.63755789], [3.0488616, 50.63751302], [3.04872048, 50.63751308], [3.04872044, 50.63746821], [3.04850877, 50.63746829], [3.04850872, 50.63742342], [3.04822649, 50.63742353], [3.04822645, 50.63737866], [3.04808533, 50.63737871], [3.04808529, 50.63733384], [3.04766194, 50.637334], [3.04766198, 50.63737887], [3.04787366, 50.63737879], [3.0478737, 50.63742366], [3.04815593, 50.63742356], [3.04815598, 50.63746843], [3.04843821, 50.63746832], [3.04843825, 50.63751319], [3.04864993, 50.63751311], [3.04864997, 50.63755798]]]}, "geometry_name": "geom", "properties": {"class": 1, "cat": "Inaccessible", "dep": "59"}}, {"type": "Feature", "id": "acces_porteur.8411689", "geometry": {"type": "Polygon", "coordinates": [[[3.04568681, 50.6378732], [3.04589848, 50.63787312], [3.04589844, 50.63782825], [3.045969, 50.63782822], [3.04596896, 50.63778335], [3.04603952, 50.63778333], [3.04603939, 50.63764871], [3.04589828, 50.63764877], [3.04589832, 50.63769364], [3.04582776, 50.63769366], [3.0458278, 50.63773853], [3.04575724, 50.63773856], [3.0457572, 50.63769369], [3.04568664, 50.63769372], [3.0456866, 50.63764884], [3.04561604, 50.63764887], [3.04561596, 50.63755913], [3.04547485, 50.63755918], [3.04547476, 50.63746944], [3.04540421, 50.63746946], [3.04540417, 50.63742459], [3.04533361, 50.63742462], [3.04533365, 50.63746949], [3.04512197, 50.63746957], [3.04512185, 50.63733495], [3.04491018, 50.63733503], [3.04491014, 50.63729016], [3.04469846, 50.63729023], [3.0446985, 50.63733511], [3.04448683, 50.63733518], [3.04448687, 50.63738005], [3.04434575, 50.6373801], [3.04434579, 50.63742497], [3.04469858, 50.63742485], [3.04469854, 50.63737998], [3.0447691, 50.63737995], [3.04476914, 50.63742482], [3.0448397, 50.6374248], [3.04483974, 50.63746967], [3.04455751, 50.63746977], [3.04455755, 50.63751464], [3.04448699, 50.63751467], [3.04448695, 50.6374698], [3.04434583, 50.63746985], [3.04434587, 50.63751472], [3.04427531, 50.63751474], [3.04427527, 50.63746987], [3.04413416, 50.63746992], [3.0441342, 50.63751479], [3.04406364, 50.63751482], [3.04406368, 50.63755969], [3.04399312, 50.63755971], [3.04399324, 50.63769433], [3.0440638, 50.6376943], [3.04406384, 50.63773917], [3.04441663, 50.63773905], [3.04441655, 50.6376493], [3.04455767, 50.63764925], [3.04455763, 50.63760438], [3.04469874, 50.63760433], [3.04469866, 50.63751459], [3.04483978, 50.63751454], [3.04483982, 50.63755941], [3.04491038, 50.63755939], [3.04491046, 50.63764913], [3.04512213, 50.63764905], [3.04512217, 50.63769392], [3.04519273, 50.6376939], [3.04519277, 50.63773877], [3.04561613, 50.63773861], [3.04561617, 50.63778348], [3.04554561, 50.63778351], [3.04554565, 50.63782838], [3.04568677, 50.63782833], [3.04568681, 50.6378732]], [[3.04505146, 50.63751446], [3.04505141, 50.63746959], [3.04512197, 50.63746957], [3.04512201, 50.63751444], [3.04505146, 50.63751446]]]}, "geometry_name": "geom", "properties": {"class": 1, "cat": "Inaccessible", "dep": "59"}}, {"type": "Feature", "id": "acces_porteur.8411690", "geometry": {"type": "Polygon", "coordinates": [[[3.04589807, 50.63742441], [3.0461803, 50.63742431], [3.04618022, 50.63733456], [3.04603911, 50.63733462], [3.04603907, 50.63728975], [3.04596851, 50.63728977], [3.04596855, 50.63733464], [3.04589799, 50.63733467], [3.04589807, 50.63742441]]]}, "geometry_name": "geom", "properties": {"class": 1, "cat": "Inaccessible", "dep": "59"}}, {"type": "Feature", "id": "acces_porteur.8411705", "geometry": {"type": "Polygon", "coordinates": [[[3.03969101, 50.64002907], [3.03976158, 50.64002905], [3.0397615, 50.6399393], [3.03983207, 50.63993928], [3.03983189, 50.63971493], [3.04032582, 50.63971477], [3.04032578, 50.6396699], [3.0404669, 50.63966985], [3.04046694, 50.63971472], [3.04067862, 50.63971465], [3.04067859, 50.63966978], [3.04081971, 50.63966974], [3.04081967, 50.63962486], [3.0409608, 50.63962482], [3.04096076, 50.63957995], [3.04103132, 50.63957992], [3.04103128, 50.63953505], [3.04110185, 50.63953503], [3.04110166, 50.63931067], [3.04117222, 50.63931065], [3.04117152, 50.6384581], [3.04124208, 50.63845808], [3.0412419, 50.63823372], [3.04145358, 50.63823365], [3.04145354, 50.63818878], [3.0415241, 50.63818876], [3.04152406, 50.63814389], [3.04187686, 50.63814377], [3.04187689, 50.63818864], [3.04208857, 50.63818857], [3.04208861, 50.63823344], [3.04230029, 50.63823337], [3.04230033, 50.63827824], [3.042512, 50.63827817], [3.04251204, 50.63832304], [3.04272372, 50.63832296], [3.04272376, 50.63836784], [3.04279432, 50.63836781], [3.04279428, 50.63832294], [3.04286484, 50.63832292], [3.04286472, 50.6381883], [3.04293528, 50.63818828], [3.04293521, 50.63809854], [3.04286465, 50.63809856], [3.04286461, 50.63805369], [3.04293517, 50.63805367], [3.04293505, 50.63791905], [3.04272338, 50.63791913], [3.04272334, 50.63787425], [3.04265278, 50.63787428], [3.0426527, 50.63778454], [3.04279382, 50.63778449], [3.04279374, 50.63769475], [3.04272319, 50.63769477], [3.04272315, 50.6376499], [3.04265259, 50.63764992], [3.04265247, 50.63751531], [3.04258192, 50.63751533], [3.04258184, 50.63742559], [3.04251128, 50.63742562], [3.04251117, 50.637291], [3.04244061, 50.63729103], [3.04244053, 50.63720128], [3.04258165, 50.63720124], [3.04258161, 50.63715637], [3.04229938, 50.63715646], [3.04229942, 50.63720133], [3.04222886, 50.63720136], [3.04222879, 50.63711161], [3.04215823, 50.63711164], [3.04215827, 50.63715651], [3.04201715, 50.63715656], [3.04201719, 50.63720143], [3.04187607, 50.63720148], [3.04187611, 50.63724635], [3.04180555, 50.63724637], [3.04180559, 50.63729124], [3.04166447, 50.63729129], [3.04166451, 50.63733616], [3.04152339, 50.63733621], [3.04152343, 50.63738108], [3.04138231, 50.63738113], [3.04138235, 50.637426], [3.04124124, 50.63742604], [3.04124127, 50.63747092], [3.04110016, 50.63747096], [3.04110019, 50.63751583], [3.04102963, 50.63751586], [3.04102967, 50.63756073], [3.04088855, 50.63756077], [3.04088859, 50.63760565], [3.04081803, 50.63760567], [3.04081807, 50.63765054], [3.04074751, 50.63765056], [3.04074762, 50.63778518], [3.04102985, 50.63778508], [3.04102989, 50.63782995], [3.04110045, 50.63782993], [3.04110063, 50.63805429], [3.0408184, 50.63805438], [3.04081843, 50.63809925], [3.04074787, 50.63809927], [3.04074784, 50.6380544], [3.04067728, 50.63805443], [3.04067724, 50.63800955], [3.0407478, 50.63800953], [3.04074777, 50.63796466], [3.04060665, 50.63796471], [3.04060668, 50.63800958], [3.04053613, 50.6380096], [3.04053598, 50.63783012], [3.04046542, 50.63783014], [3.04046539, 50.63778527], [3.04039483, 50.63778529], [3.04039486, 50.63783016], [3.04025375, 50.63783021], [3.04025378, 50.63787508], [3.04018322, 50.6378751], [3.04018326, 50.63791997], [3.04004214, 50.63792002], [3.04004218, 50.63796489], [3.03997162, 50.63796491], [3.03997165, 50.63800978], [3.03990109, 50.63800981], [3.03990113, 50.63805468], [3.03976001, 50.63805472], [3.03976005, 50.63809959], [3.03961893, 50.63809964], [3.03961897, 50.63814451], [3.03954841, 50.63814453], [3.03954844, 50.6381894], [3.03947788, 50.63818943], [3.03947792, 50.6382343], [3.03940736, 50.63823432], [3.03940739, 50.63827919], [3.03933683, 50.63827921], [3.03933687, 50.63832408], [3.03940743, 50.63832406], [3.03940746, 50.63836893], [3.03954858, 50.63836889], [3.03954862, 50.63841376], [3.0397603, 50.63841369], [3.0397604, 50.6385483], [3.04004264, 50.63854821], [3.04004261, 50.63850334], [3.0407482, 50.63850311], [3.04074817, 50.63845824], [3.04081873, 50.63845822], [3.04081876, 50.63850309], [3.04088932, 50.63850307], [3.04088961, 50.63886203], [3.04060737, 50.63886213], [3.04060741, 50.638907], [3.04053685, 50.63890702], [3.04053692, 50.63899676], [3.04060748, 50.63899674], [3.04060759, 50.63913135], [3.04067815, 50.63913133], [3.0406783, 50.63931081], [3.04060774, 50.63931084], [3.04060777, 50.63935571], [3.04053721, 50.63935573], [3.04053725, 50.6394006], [3.04011388, 50.63940074], [3.04011392, 50.63944561], [3.0399728, 50.63944566], [3.03997283, 50.63949053], [3.03976115, 50.63949059], [3.03976118, 50.63953547], [3.03947894, 50.63953556], [3.03947898, 50.63958043], [3.03926729, 50.63958049], [3.03926733, 50.63962536], [3.03919677, 50.63962539], [3.0391968, 50.63967026], [3.03926736, 50.63967024], [3.03926743, 50.63975998], [3.03933799, 50.63975996], [3.03933806, 50.6398497], [3.03962031, 50.63984961], [3.03962042, 50.63998422], [3.03969098, 50.6399842], [3.03969101, 50.64002907]]]}, "geometry_name": "geom", "properties": {"class": 4, "cat": "Accessible - Classe de d\u00e9bardage 2 : 250 - 500 m", "dep": "59"}}, {"type": "Feature", "id": "acces_porteur.8411731", "geometry": {"type": "Polygon", "coordinates": [[[3.04752307, 50.63971222], [3.04759364, 50.63971219], [3.04759347, 50.63953271], [3.0475229, 50.63953274], [3.04752274, 50.63935325], [3.0475933, 50.63935323], [3.04759257, 50.63859042], [3.04752201, 50.63859045], [3.04752197, 50.63854558], [3.04716917, 50.63854571], [3.04716921, 50.63859058], [3.04681642, 50.63859072], [3.04681646, 50.63863559], [3.04660478, 50.63863567], [3.04660482, 50.63868054], [3.04653426, 50.63868056], [3.04653422, 50.63863569], [3.04632254, 50.63863577], [3.04632258, 50.63868064], [3.04625202, 50.63868067], [3.04625206, 50.63872554], [3.04596982, 50.63872564], [3.04596986, 50.63877052], [3.0458993, 50.63877054], [3.04589926, 50.63872567], [3.0458287, 50.6387257], [3.04582866, 50.63868083], [3.04589922, 50.6386808], [3.04589918, 50.63863593], [3.04596974, 50.6386359], [3.0459697, 50.63859103], [3.04589914, 50.63859106], [3.04589906, 50.63850132], [3.04596962, 50.63850129], [3.04596953, 50.63841155], [3.04589897, 50.63841157], [3.04589889, 50.63832183], [3.04632225, 50.63832167], [3.04632229, 50.63836655], [3.04646341, 50.63836649], [3.04646328, 50.63823188], [3.04639273, 50.63823191], [3.04639268, 50.63818704], [3.04625157, 50.63818709], [3.04625152, 50.63814222], [3.04618096, 50.63814224], [3.04618084, 50.63800763], [3.04611028, 50.63800766], [3.04611004, 50.63773843], [3.04603948, 50.63773846], [3.04603952, 50.63778333], [3.04596896, 50.63778335], [3.045969, 50.63782822], [3.04589844, 50.63782825], [3.04589848, 50.63787312], [3.04568681, 50.6378732], [3.04568677, 50.63782833], [3.04554565, 50.63782838], [3.04554561, 50.63778351], [3.04561617, 50.63778348], [3.04561613, 50.63773861], [3.04519277, 50.63773877], [3.04519273, 50.6376939], [3.04512217, 50.63769392], [3.04512213, 50.63764905], [3.04491046, 50.63764913], [3.04491038, 50.63755939], [3.04483982, 50.63755941], [3.04483978, 50.63751454], [3.04469866, 50.63751459], [3.04469874, 50.63760433], [3.04455763, 50.63760438], [3.04455767, 50.63764925], [3.04441655, 50.6376493], [3.04441663, 50.63773905], [3.04406384, 50.63773917], [3.0440638, 50.6376943], [3.04399324, 50.63769433], [3.04399312, 50.63755971], [3.04406368, 50.63755969], [3.04406364, 50.63751482], [3.0441342, 50.63751479], [3.04413416, 50.63746992], [3.04420472, 50.6374699], [3.04420468, 50.63742502], [3.04434579, 50.63742497], [3.04434575, 50.6373801], [3.04448687, 50.63738005], [3.04448683, 50.63733518], [3.0446985, 50.63733511], [3.04469846, 50.63729023], [3.04491014, 50.63729016], [3.04491018, 50.63733503], [3.04512185, 50.63733495], [3.04512189, 50.63737982], [3.04526301, 50.63737977], [3.04526305, 50.63742464], [3.04533361, 50.63742462], [3.04533357, 50.63737975], [3.04547468, 50.6373797], [3.0454746, 50.63728995], [3.04561572, 50.6372899], [3.04561576, 50.63733477], [3.04568632, 50.63733475], [3.0456864, 50.63742449], [3.04561584, 50.63742451], [3.04561588, 50.63746939], [3.04547476, 50.63746944], [3.04547485, 50.63755918], [3.04561596, 50.63755913], [3.04561604, 50.63764887], [3.0456866, 50.63764884], [3.04568664, 50.63769372], [3.0457572, 50.63769369], [3.04575724, 50.63773856], [3.0458278, 50.63773853], [3.04582776, 50.63769366], [3.04589832, 50.63769364], [3.04589828, 50.63764877], [3.04596884, 50.63764874], [3.04596879, 50.63760387], [3.04568656, 50.63760397], [3.04568648, 50.63751423], [3.04575704, 50.6375142], [3.045757, 50.63746933], [3.04610979, 50.6374692], [3.04610975, 50.63742433], [3.04589807, 50.63742441], [3.04589799, 50.63733467], [3.04596855, 50.63733464], [3.04596851, 50.63728977], [3.04603907, 50.63728975], [3.04603911, 50.63733462], [3.04618022, 50.63733456], [3.04618039, 50.63751405], [3.04639206, 50.63751397], [3.04639202, 50.6374691], [3.04653314, 50.63746905], [3.04653318, 50.63751392], [3.04674485, 50.63751384], [3.0467449, 50.63755871], [3.04681545, 50.63755868], [3.0468155, 50.63760355], [3.04688605, 50.63760353], [3.04688618, 50.63773814], [3.04716841, 50.63773803], [3.04716837, 50.63769316], [3.04723893, 50.63769313], [3.04723897, 50.63773801], [3.04745065, 50.63773792], [3.04745073, 50.63782767], [3.04752129, 50.63782764], [3.04752133, 50.63787251], [3.04738022, 50.63787256], [3.0473803, 50.63796231], [3.04730974, 50.63796233], [3.04730978, 50.6380072], [3.04723923, 50.63800723], [3.04723935, 50.63814184], [3.04730991, 50.63814182], [3.04730995, 50.63818669], [3.04723939, 50.63818672], [3.04723944, 50.63823159], [3.04745111, 50.63823151], [3.04745116, 50.63827638], [3.0473806, 50.6382764], [3.04738064, 50.63832128], [3.04731008, 50.6383213], [3.04731012, 50.63836617], [3.04773348, 50.63836601], [3.04773352, 50.63841088], [3.04780408, 50.63841085], [3.04780417, 50.6385006], [3.04787473, 50.63850057], [3.04787477, 50.63854544], [3.04794533, 50.63854541], [3.04794529, 50.63850054], [3.04808641, 50.63850049], [3.0480861, 50.63818639], [3.04801555, 50.63818642], [3.04801546, 50.63809668], [3.0479449, 50.6380967], [3.04794486, 50.63805183], [3.04801542, 50.6380518], [3.04801537, 50.63800693], [3.04808593, 50.63800691], [3.04808602, 50.63809665], [3.04815658, 50.63809662], [3.04815671, 50.63823123], [3.04822727, 50.63823121], [3.04822731, 50.63827608], [3.04829787, 50.63827605], [3.04829791, 50.63832092], [3.04822735, 50.63832095], [3.04822744, 50.63841069], [3.04836856, 50.63841064], [3.04836847, 50.63832089], [3.04850959, 50.63832084], [3.04850955, 50.63827597], [3.04858011, 50.63827594], [3.04858006, 50.63823107], [3.04872118, 50.63823101], [3.04872114, 50.63818614], [3.0487917, 50.63818612], [3.04879165, 50.63814124], [3.04886221, 50.63814122], [3.04886208, 50.6380066], [3.04893264, 50.63800658], [3.04893255, 50.63791683], [3.04900311, 50.63791681], [3.04900302, 50.63782706], [3.04935582, 50.63782692], [3.04935577, 50.63778205], [3.0491441, 50.63778214], [3.04914405, 50.63773727], [3.04900294, 50.63773732], [3.04900289, 50.63769245], [3.04879122, 50.63769253], [3.04879117, 50.63764766], [3.04865006, 50.63764772], [3.04864993, 50.63751311], [3.04843825, 50.63751319], [3.04843821, 50.63746832], [3.04815598, 50.63746843], [3.04815593, 50.63742356], [3.0478737, 50.63742366], [3.04787366, 50.63737879], [3.04766198, 50.63737887], [3.04766194, 50.637334], [3.04737971, 50.63733411], [3.04737967, 50.63728924], [3.04716799, 50.63728932], [3.04716795, 50.63724445], [3.04688572, 50.63724456], [3.04688568, 50.63719969], [3.04653289, 50.63719982], [3.04653285, 50.63715495], [3.04632117, 50.63715503], [3.04632113, 50.63711016], [3.0460389, 50.63711026], [3.04603886, 50.63706539], [3.04575663, 50.63706549], [3.04575659, 50.63702062], [3.04554492, 50.6370207], [3.04554487, 50.63697583], [3.0453332, 50.63697591], [3.04533316, 50.63693104], [3.04512149, 50.63693111], [3.04512145, 50.63688624], [3.04483922, 50.63688634], [3.04483918, 50.63684147], [3.04356915, 50.63684193], [3.04356919, 50.6368868], [3.0432164, 50.63688692], [3.04321644, 50.63693179], [3.04300477, 50.63693186], [3.0430048, 50.63697674], [3.04272257, 50.63697683], [3.04272261, 50.6370217], [3.04251094, 50.63702178], [3.04251098, 50.63706665], [3.04229931, 50.63706672], [3.04229934, 50.63711159], [3.04222879, 50.63711161], [3.04222886, 50.63720136], [3.04229942, 50.63720133], [3.04229938, 50.63715646], [3.04258161, 50.63715637], [3.04258165, 50.63720124], [3.04244053, 50.63720128], [3.04244061, 50.63729103], [3.04251117, 50.637291], [3.04251128, 50.63742562], [3.04258184, 50.63742559], [3.04258192, 50.63751533], [3.04265247, 50.63751531], [3.04265259, 50.63764992], [3.04272315, 50.6376499], [3.04272319, 50.63769477], [3.04279374, 50.63769475], [3.04279382, 50.63778449], [3.0426527, 50.63778454], [3.04265278, 50.63787428], [3.04272334, 50.63787425], [3.04272338, 50.63791913], [3.04293505, 50.63791905], [3.04293517, 50.63805367], [3.04286461, 50.63805369], [3.04286465, 50.63809856], [3.04293521, 50.63809854], [3.04293528, 50.63818828], [3.04286472, 50.6381883], [3.04286484, 50.63832292], [3.04279428, 50.63832294], [3.04279432, 50.63836781], [3.04293544, 50.63836776], [3.04293547, 50.63841263], [3.04314715, 50.63841256], [3.04314719, 50.63845743], [3.04335887, 50.63845736], [3.04335891, 50.63850223], [3.04357059, 50.63850215], [3.04357063, 50.63854703], [3.04378231, 50.63854695], [3.04378246, 50.63872644], [3.0437119, 50.63872646], [3.0437121, 50.63895082], [3.04378266, 50.63895079], [3.0437827, 50.63899566], [3.04399438, 50.63899559], [3.04399434, 50.63895072], [3.04420602, 50.63895064], [3.04420598, 50.63890577], [3.0443471, 50.63890572], [3.04434702, 50.63881598], [3.04448814, 50.63881593], [3.04448822, 50.63890567], [3.04491158, 50.63890552], [3.04491166, 50.63899526], [3.04505278, 50.63899521], [3.04505282, 50.63904008], [3.04519394, 50.63904003], [3.04519386, 50.63895028], [3.04533498, 50.63895023], [3.04533503, 50.6389951], [3.04540559, 50.63899508], [3.04540563, 50.63903995], [3.04561731, 50.63903987], [3.04561727, 50.638995], [3.04604063, 50.63899484], [3.04604059, 50.63894997], [3.04625227, 50.63894989], [3.04625223, 50.63890502], [3.04646391, 50.63890494], [3.04646387, 50.63886007], [3.04667555, 50.63885999], [3.0466755, 50.63881512], [3.04674606, 50.6388151], [3.04674602, 50.63877023], [3.04681658, 50.6387702], [3.0468165, 50.63868046], [3.04688706, 50.63868043], [3.0468871, 50.6387253], [3.04709878, 50.63872522], [3.04709882, 50.63877009], [3.04716938, 50.63877007], [3.04716943, 50.63881494], [3.04723999, 50.63881491], [3.04724007, 50.63890465], [3.04731063, 50.63890463], [3.04731071, 50.63899437], [3.04724015, 50.63899439], [3.04724041, 50.63926362], [3.04731097, 50.63926359], [3.04731105, 50.63935333], [3.04738161, 50.63935331], [3.04738174, 50.63948792], [3.04731118, 50.63948795], [3.04731126, 50.63957769], [3.04738183, 50.63957766], [3.04738187, 50.63962253], [3.04745243, 50.63962251], [3.04745247, 50.63966738], [3.04752303, 50.63966735], [3.04752307, 50.63971222]], [[3.0454055, 50.63890534], [3.04540546, 50.63886047], [3.0453349, 50.63886049], [3.04533486, 50.63881562], [3.0452643, 50.63881565], [3.04526422, 50.6387259], [3.04519366, 50.63872593], [3.04519362, 50.63868106], [3.04512306, 50.63868108], [3.04512302, 50.63863621], [3.04505246, 50.63863624], [3.04505242, 50.63859137], [3.04498186, 50.63859139], [3.04498182, 50.63854652], [3.04491126, 50.63854655], [3.04491122, 50.63850168], [3.04484066, 50.6385017], [3.04484062, 50.63845683], [3.04462894, 50.63845691], [3.04462898, 50.63850178], [3.04455842, 50.6385018], [3.04455846, 50.63854668], [3.04441734, 50.63854673], [3.04441738, 50.6385916], [3.04434682, 50.63859162], [3.04434686, 50.63863649], [3.0442763, 50.63863652], [3.04427634, 50.63868139], [3.04420578, 50.63868141], [3.04420582, 50.63872629], [3.04413526, 50.63872631], [3.0441353, 50.63877118], [3.04406474, 50.63877121], [3.04406482, 50.63886095], [3.04385314, 50.63886102], [3.0438531, 50.63881615], [3.04392366, 50.63881613], [3.04392362, 50.63877126], [3.04399418, 50.63877123], [3.0439941, 50.63868149], [3.04413522, 50.63868144], [3.04413514, 50.6385917], [3.0442057, 50.63859167], [3.04420566, 50.6385468], [3.04427622, 50.63854678], [3.04427618, 50.63850191], [3.04434674, 50.63850188], [3.0443467, 50.63845701], [3.04441726, 50.63845698], [3.04441719, 50.63836724], [3.04448774, 50.63836722], [3.0444877, 50.63832235], [3.04455826, 50.63832232], [3.04455822, 50.63827745], [3.04462878, 50.63827742], [3.04462874, 50.63823255], [3.0446993, 50.63823253], [3.04469926, 50.63818766], [3.04476982, 50.63818763], [3.04476986, 50.6382325], [3.04484042, 50.63823248], [3.04484046, 50.63827735], [3.04491102, 50.63827732], [3.0449111, 50.63836706], [3.04498166, 50.63836704], [3.0449817, 50.63841191], [3.04505226, 50.63841188], [3.0450523, 50.63845675], [3.04512286, 50.63845673], [3.04512294, 50.63854647], [3.0451935, 50.63854645], [3.04519354, 50.63859132], [3.0452641, 50.63859129], [3.04526414, 50.63863616], [3.0453347, 50.63863614], [3.04533478, 50.63872588], [3.04540534, 50.63872585], [3.04540542, 50.63881559], [3.04547598, 50.63881557], [3.04547606, 50.63890531], [3.0454055, 50.63890534]], [[3.0454051, 50.63845663], [3.04540498, 50.63832201], [3.04533442, 50.63832204], [3.04533426, 50.63814255], [3.04540481, 50.63814253], [3.04540477, 50.63809766], [3.04568701, 50.63809755], [3.04568705, 50.63814243], [3.04582817, 50.63814237], [3.04582821, 50.63818724], [3.04589877, 50.63818722], [3.04589885, 50.63827696], [3.04582829, 50.63827699], [3.04582842, 50.6384116], [3.04554618, 50.6384117], [3.04554622, 50.63845657], [3.0454051, 50.63845663]], [[3.04533409, 50.63796307], [3.04533405, 50.6379182], [3.04526349, 50.63791823], [3.04526341, 50.63782848], [3.04540453, 50.63782843], [3.04540457, 50.6378733], [3.04547513, 50.63787328], [3.04547517, 50.63791815], [3.04540461, 50.63791817], [3.04540465, 50.63796304], [3.04533409, 50.63796307]]]}, "geometry_name": "geom", "properties": {"class": 5, "cat": "Accessible - Classe de d\u00e9bardage 3 : 500 - 1000 m", "dep": "59"}}, {"type": "Feature", "id": "acces_porteur.8411737", "geometry": {"type": "Polygon", "coordinates": [[[3.04074751, 50.63765056], [3.04081807, 50.63765054], [3.04081803, 50.63760567], [3.04088859, 50.63760565], [3.04088855, 50.63756077], [3.04102967, 50.63756073], [3.04102963, 50.63751586], [3.04110019, 50.63751583], [3.04110016, 50.63747096], [3.04124127, 50.63747092], [3.04124124, 50.63742604], [3.04138235, 50.637426], [3.04138231, 50.63738113], [3.04152343, 50.63738108], [3.04152339, 50.63733621], [3.04166451, 50.63733616], [3.04166447, 50.63729129], [3.04180559, 50.63729124], [3.04180555, 50.63724637], [3.04187611, 50.63724635], [3.04187607, 50.63720148], [3.04201719, 50.63720143], [3.04201715, 50.63715656], [3.04215827, 50.63715651], [3.04215823, 50.63711164], [3.04229934, 50.63711159], [3.04229931, 50.63706672], [3.04251098, 50.63706665], [3.04251094, 50.63702178], [3.04272261, 50.6370217], [3.04272257, 50.63697683], [3.0430048, 50.63697674], [3.04300477, 50.63693186], [3.04321644, 50.63693179], [3.0432164, 50.63688692], [3.04356919, 50.6368868], [3.04356915, 50.63684193], [3.04483918, 50.63684147], [3.04483922, 50.63688634], [3.04512145, 50.63688624], [3.04512149, 50.63693111], [3.04533316, 50.63693104], [3.0453332, 50.63697591], [3.04554487, 50.63697583], [3.04554492, 50.6370207], [3.04575659, 50.63702062], [3.04575663, 50.63706549], [3.04603886, 50.63706539], [3.0460389, 50.63711026], [3.04632113, 50.63711016], [3.04632117, 50.63715503], [3.04653285, 50.63715495], [3.04653289, 50.63719982], [3.04688568, 50.63719969], [3.04688572, 50.63724456], [3.04716795, 50.63724445], [3.04716799, 50.63728932], [3.04737967, 50.63728924], [3.04737971, 50.63733411], [3.04766194, 50.637334], [3.0476619, 50.63728913], [3.04752078, 50.63728919], [3.04752074, 50.63724432], [3.04730907, 50.6372444], [3.04730902, 50.63719953], [3.04702679, 50.63719963], [3.04702675, 50.63715476], [3.04674452, 50.63715487], [3.04674448, 50.63711], [3.04646225, 50.6371101], [3.04646221, 50.63706523], [3.04625053, 50.63706531], [3.04625049, 50.63702044], [3.0458977, 50.63702057], [3.04589766, 50.6369757], [3.0458271, 50.63697573], [3.04582706, 50.63693085], [3.04561539, 50.63693093], [3.04561535, 50.63688606], [3.04533312, 50.63688616], [3.04533308, 50.63684129], [3.04505085, 50.6368414], [3.04505081, 50.63679653], [3.04476858, 50.63679663], [3.04476854, 50.63675176], [3.0443452, 50.63675191], [3.04434524, 50.63679678], [3.04420412, 50.63679683], [3.04420408, 50.63675196], [3.0438513, 50.63675208], [3.04385134, 50.63679695], [3.04307521, 50.63679723], [3.04307525, 50.6368421], [3.04286357, 50.63684217], [3.04286361, 50.63688704], [3.0427225, 50.63688709], [3.04272254, 50.63693196], [3.04244031, 50.63693206], [3.04244034, 50.63697693], [3.04229923, 50.63697698], [3.04229927, 50.63702185], [3.04201704, 50.63702194], [3.04201711, 50.63711169], [3.041876, 50.63711173], [3.04187603, 50.63715661], [3.04180548, 50.63715663], [3.04180544, 50.63711176], [3.04173488, 50.63711178], [3.04173492, 50.63715665], [3.0415938, 50.6371567], [3.04159384, 50.63720157], [3.04145272, 50.63720162], [3.04145276, 50.63724649], [3.0413822, 50.63724651], [3.04138224, 50.63729138], [3.04131168, 50.63729141], [3.04131172, 50.63733628], [3.04124116, 50.6373363], [3.0412412, 50.63738117], [3.04102952, 50.63738124], [3.04102956, 50.63742611], [3.040959, 50.63742614], [3.04095904, 50.63747101], [3.04081792, 50.63747106], [3.04081796, 50.63751593], [3.0407474, 50.63751595], [3.04074751, 50.63765056]]]}, "geometry_name": "geom", "properties": {"class": 1, "cat": "Inaccessible", "dep": "59"}}, {"type": "Feature", "id": "acces_porteur.8411828", "geometry": {"type": "Polygon", "coordinates": [[[3.05055527, 50.63778157], [3.0508375, 50.63778146], [3.05083741, 50.63769171], [3.05076686, 50.63769174], [3.05076681, 50.63764687], [3.05090793, 50.63764681], [3.05090797, 50.63769168], [3.05111965, 50.6376916], [3.05111951, 50.63755698], [3.05119007, 50.63755695], [3.05119002, 50.63751208], [3.05133114, 50.63751203], [3.05133096, 50.63733254], [3.05140151, 50.63733251], [3.05140133, 50.63715303], [3.05133077, 50.63715306], [3.05133064, 50.63701844], [3.05126008, 50.63701847], [3.05125999, 50.63692873], [3.05118943, 50.63692876], [3.05118938, 50.63688389], [3.05111883, 50.63688392], [3.05111873, 50.63679418], [3.05104818, 50.6367942], [3.05104813, 50.63674933], [3.05097757, 50.63674936], [3.05097748, 50.63665962], [3.05090693, 50.63665965], [3.05090688, 50.63661478], [3.05083632, 50.63661481], [3.05083623, 50.63652506], [3.05076568, 50.63652509], [3.05076563, 50.63648022], [3.05069507, 50.63648025], [3.05069498, 50.63639051], [3.05062443, 50.63639054], [3.05062438, 50.63634567], [3.05055382, 50.63634569], [3.05055373, 50.63625595], [3.05048318, 50.63625598], [3.05048313, 50.63621111], [3.05034202, 50.63621117], [3.05034197, 50.6361663], [3.05027142, 50.63616632], [3.05027137, 50.63612145], [3.04984804, 50.63612162], [3.04984799, 50.63607675], [3.04942465, 50.63607692], [3.04942461, 50.63603205], [3.04907183, 50.63603219], [3.04907178, 50.63598732], [3.04864845, 50.63598749], [3.0486484, 50.63594262], [3.04822507, 50.63594278], [3.04822503, 50.63589791], [3.04787225, 50.63589805], [3.0478722, 50.63585317], [3.04751942, 50.63585331], [3.04751938, 50.63580844], [3.04737827, 50.63580849], [3.04737831, 50.63585336], [3.04716664, 50.63585344], [3.04716656, 50.6357637], [3.04681378, 50.63576384], [3.04681374, 50.63571896], [3.04667263, 50.63571902], [3.04667275, 50.63585363], [3.04674331, 50.6358536], [3.04674335, 50.63589848], [3.04688446, 50.63589842], [3.0468845, 50.63594329], [3.04695506, 50.63594327], [3.0469551, 50.63598814], [3.04702566, 50.63598811], [3.0470257, 50.63603298], [3.04695514, 50.63603301], [3.04695519, 50.63607788], [3.04688463, 50.63607791], [3.0468848, 50.63625739], [3.04695535, 50.63625737], [3.0469554, 50.63630224], [3.04709651, 50.63630218], [3.04709655, 50.63634705], [3.04716711, 50.63634703], [3.04716732, 50.63657138], [3.04737899, 50.6365713], [3.0473789, 50.63648156], [3.04744946, 50.63648153], [3.0474495, 50.6365264], [3.04752006, 50.63652638], [3.04752019, 50.63666099], [3.04773186, 50.63666091], [3.04773194, 50.63675065], [3.0478025, 50.63675063], [3.04780254, 50.6367955], [3.04794366, 50.63679544], [3.04794362, 50.63675057], [3.04808473, 50.63675052], [3.04808477, 50.63679539], [3.04815533, 50.63679536], [3.04815542, 50.6368851], [3.04808486, 50.63688513], [3.0480849, 50.63693], [3.04801434, 50.63693003], [3.04801439, 50.6369749], [3.04794383, 50.63697493], [3.04794387, 50.6370198], [3.04780276, 50.63701985], [3.04780289, 50.63715447], [3.04801456, 50.63715438], [3.0480146, 50.63719925], [3.04829683, 50.63719915], [3.04829688, 50.63724402], [3.04857911, 50.63724391], [3.04857915, 50.63728878], [3.04872027, 50.63728872], [3.04872022, 50.63724385], [3.04879078, 50.63724382], [3.04879087, 50.63733357], [3.04900254, 50.63733348], [3.04900259, 50.63737835], [3.04921426, 50.63737827], [3.0492143, 50.63742314], [3.04935542, 50.63742308], [3.04935546, 50.63746796], [3.04949658, 50.6374679], [3.04949663, 50.63751277], [3.04963774, 50.63751271], [3.04963779, 50.63755759], [3.04984946, 50.6375575], [3.04984951, 50.63760237], [3.04999062, 50.63760231], [3.04999067, 50.63764719], [3.05013178, 50.63764713], [3.05013183, 50.637692], [3.0503435, 50.63769191], [3.05034355, 50.63773679], [3.05055522, 50.6377367], [3.05055527, 50.63778157]], [[3.05055482, 50.63733286], [3.05055477, 50.63728799], [3.05048422, 50.63728802], [3.05048417, 50.63724315], [3.05034305, 50.6372432], [3.05034301, 50.63719833], [3.05027245, 50.63719836], [3.05027236, 50.63710862], [3.0502018, 50.63710865], [3.05020171, 50.63701891], [3.04977837, 50.63701908], [3.04977828, 50.63692933], [3.04956661, 50.63692942], [3.04956647, 50.6367948], [3.04963703, 50.63679478], [3.04963699, 50.63674991], [3.04991922, 50.63674979], [3.04991917, 50.63670492], [3.05006029, 50.63670486], [3.05006033, 50.63674974], [3.050272, 50.63674965], [3.05027209, 50.63683939], [3.05020153, 50.63683942], [3.05020167, 50.63697403], [3.05041334, 50.63697395], [3.05041339, 50.63701882], [3.05048394, 50.63701879], [3.05048399, 50.63706366], [3.05055455, 50.63706363], [3.05055464, 50.63715338], [3.0506252, 50.63715335], [3.05062538, 50.63733283], [3.05055482, 50.63733286]]]}, "geometry_name": "geom", "properties": {"class": 1, "cat": "Inaccessible", "dep": "59"}}], "totalFeatures": 112, "numberMatched": 112, "numberReturned": 112, "timeStamp": "2026-09-21T09:53:10.386Z", "crs": {"type": "name", "properties": {"name": "urn:ogc:def:crs:EPSG::4326"}}}